{
  "id": 1355662,
  "name": "Wisconsin & Arkansas Lumber Company v. Ashley",
  "name_abbreviation": "Wisconsin & Arkansas Lumber Co. v. Ashley",
  "decision_date": "1923-04-23",
  "docket_number": "",
  "first_page": "379",
  "last_page": "386",
  "citations": [
    {
      "type": "official",
      "cite": "158 Ark. 379"
    }
  ],
  "court": {
    "name_abbreviation": "Ark.",
    "id": 8808,
    "name": "Arkansas Supreme Court"
  },
  "jurisdiction": {
    "id": 34,
    "name_long": "Arkansas",
    "name": "Ark."
  },
  "cites_to": [
    {
      "cite": "93 Ark. 140",
      "category": "reporters:state",
      "reporter": "Ark.",
      "case_ids": [
        1546845
      ],
      "opinion_index": -1,
      "case_paths": [
        "/ark/93/0140-01"
      ]
    },
    {
      "cite": "103 Ark. 61",
      "category": "reporters:state",
      "reporter": "Ark.",
      "case_ids": [
        1351991
      ],
      "opinion_index": -1,
      "case_paths": [
        "/ark/103/0061-01"
      ]
    },
    {
      "cite": "101 Ark. 197",
      "category": "reporters:state",
      "reporter": "Ark.",
      "case_ids": [
        1310995
      ],
      "opinion_index": -1,
      "case_paths": [
        "/ark/101/0197-01"
      ]
    },
    {
      "cite": "95 Ark. 291",
      "category": "reporters:state",
      "reporter": "Ark.",
      "case_ids": [
        1543475
      ],
      "opinion_index": -1,
      "case_paths": [
        "/ark/95/0291-01"
      ]
    },
    {
      "cite": "105 Ark. 434",
      "category": "reporters:state",
      "reporter": "Ark.",
      "case_ids": [
        1347001
      ],
      "opinion_index": -1,
      "case_paths": [
        "/ark/105/0434-01"
      ]
    },
    {
      "cite": "136 Ark. 473",
      "category": "reporters:state",
      "reporter": "Ark.",
      "case_ids": [
        1570036
      ],
      "opinion_index": -1,
      "case_paths": [
        "/ark/136/0473-01"
      ]
    },
    {
      "cite": "40 L. R. A. (N. S.) 852",
      "category": "reporters:federal",
      "reporter": "L.R.A.N.S.",
      "opinion_index": -1
    },
    {
      "cite": "98 Miss. 750",
      "category": "reporters:state",
      "reporter": "Miss.",
      "case_ids": [
        1508068
      ],
      "opinion_index": -1,
      "case_paths": [
        "/miss/98/0750-01"
      ]
    },
    {
      "cite": "144 Ark. 377",
      "category": "reporters:state",
      "reporter": "Ark.",
      "opinion_index": -1
    },
    {
      "cite": "90 Ark. 555",
      "category": "reporters:state",
      "reporter": "Ark.",
      "case_ids": [
        1513893
      ],
      "opinion_index": -1,
      "case_paths": [
        "/ark/90/0555-01"
      ]
    },
    {
      "cite": "147 Ark. 77",
      "category": "reporters:state",
      "reporter": "Ark.",
      "opinion_index": -1
    },
    {
      "cite": "107 Ark. 512",
      "category": "reporters:state",
      "reporter": "Ark.",
      "case_ids": [
        1344035
      ],
      "weight": 3,
      "opinion_index": -1,
      "case_paths": [
        "/ark/107/0512-01"
      ]
    },
    {
      "cite": "93 Ark. 29",
      "category": "reporters:state",
      "reporter": "Ark.",
      "case_ids": [
        1546902
      ],
      "opinion_index": -1,
      "case_paths": [
        "/ark/93/0029-01"
      ]
    },
    {
      "cite": "134 Ark. 575",
      "category": "reporters:state",
      "reporter": "Ark.",
      "case_ids": [
        1573311
      ],
      "opinion_index": -1,
      "case_paths": [
        "/ark/134/0575-01"
      ]
    },
    {
      "cite": "102 Ark. 627",
      "category": "reporters:state",
      "reporter": "Ark.",
      "case_ids": [
        1354066
      ],
      "opinion_index": -1,
      "case_paths": [
        "/ark/102/0627-01"
      ]
    },
    {
      "cite": "96 Ark. 184",
      "category": "reporters:state",
      "reporter": "Ark.",
      "case_ids": [
        1542035
      ],
      "opinion_index": -1,
      "case_paths": [
        "/ark/96/0184-01"
      ]
    },
    {
      "cite": "94 Ark. 282",
      "category": "reporters:state",
      "reporter": "Ark.",
      "case_ids": [
        1545330
      ],
      "opinion_index": -1,
      "case_paths": [
        "/ark/94/0282-01"
      ]
    },
    {
      "cite": "95 Ark. 708",
      "category": "reporters:state",
      "reporter": "Ark.",
      "opinion_index": -1
    },
    {
      "cite": "93 Ark. 564",
      "category": "reporters:state",
      "reporter": "Ark.",
      "case_ids": [
        1546871
      ],
      "opinion_index": -1,
      "case_paths": [
        "/ark/93/0564-01"
      ]
    },
    {
      "cite": "102 Pac. 763",
      "category": "reporters:state_regional",
      "reporter": "P.",
      "opinion_index": -1
    },
    {
      "cite": "53 Wash. 687",
      "category": "reporters:state",
      "reporter": "Wash.",
      "case_ids": [
        542348
      ],
      "opinion_index": -1,
      "case_paths": [
        "/wash/53/0687-01"
      ]
    },
    {
      "cite": "67 S. W. 788",
      "category": "reporters:state_regional",
      "reporter": "S.W.",
      "opinion_index": -1
    },
    {
      "cite": "92 S. W. 411",
      "category": "reporters:state_regional",
      "reporter": "S.W.",
      "opinion_index": -1
    },
    {
      "cite": "41 Tex. Civ. App. 119",
      "category": "reporters:state",
      "reporter": "Tex. Civ. App.",
      "case_ids": [
        4385234
      ],
      "opinion_index": -1,
      "case_paths": [
        "/tex-civ-app/41/0119-01"
      ]
    },
    {
      "cite": "97 Am. St. Rep. 937",
      "category": "reporters:state",
      "reporter": "Am. St. Rep.",
      "opinion_index": -1
    },
    {
      "cite": "74 S. W. 897",
      "category": "reporters:state_regional",
      "reporter": "S.W.",
      "opinion_index": -1
    },
    {
      "cite": "96 Tex. 605",
      "category": "reporters:state",
      "reporter": "Tex.",
      "case_ids": [
        2229314
      ],
      "opinion_index": -1,
      "case_paths": [
        "/tex/96/0605-01"
      ]
    },
    {
      "cite": "125 S. W. 1067",
      "category": "reporters:state_regional",
      "reporter": "S.W.",
      "opinion_index": -1
    },
    {
      "cite": "137 Ky. 414",
      "category": "reporters:state",
      "reporter": "Ky.",
      "case_ids": [
        4394961
      ],
      "opinion_index": -1,
      "case_paths": [
        "/ky/137/0414-01"
      ]
    },
    {
      "cite": "78 S. W. 448",
      "category": "reporters:state_regional",
      "reporter": "S.W.",
      "opinion_index": -1
    },
    {
      "cite": "117 Ky. 556",
      "category": "reporters:state",
      "reporter": "Ky.",
      "case_ids": [
        4443802
      ],
      "opinion_index": -1,
      "case_paths": [
        "/ky/117/0556-01"
      ]
    },
    {
      "cite": "55 S. W. 362",
      "category": "reporters:state_regional",
      "reporter": "S.W.",
      "opinion_index": -1
    },
    {
      "cite": "22 Tex. Civ. App. 596",
      "category": "reporters:state",
      "reporter": "Tex. Civ. App.",
      "case_ids": [
        280520
      ],
      "opinion_index": -1,
      "case_paths": [
        "/tex-civ-app/22/0596-01"
      ]
    },
    {
      "cite": "56 Fed. 973",
      "category": "reporters:federal",
      "reporter": "F.",
      "case_ids": [
        6723286
      ],
      "opinion_index": -1,
      "case_paths": [
        "/f/56/0973-01"
      ]
    },
    {
      "cite": "6 C. C. A. 190",
      "category": "reporters:federal",
      "reporter": "C.C.A.",
      "opinion_index": -1
    },
    {
      "cite": "3 S. W. 146",
      "category": "reporters:state_regional",
      "reporter": "S.W.",
      "opinion_index": -1
    },
    {
      "cite": "108 Ark. 377",
      "category": "reporters:state",
      "reporter": "Ark.",
      "case_ids": [
        1342322
      ],
      "weight": 2,
      "opinion_index": -1,
      "case_paths": [
        "/ark/108/0377-01"
      ]
    },
    {
      "cite": "105 Pac. 794",
      "category": "reporters:state_regional",
      "reporter": "P.",
      "case_ids": [
        8585719
      ],
      "opinion_index": -1,
      "case_paths": [
        "/idaho/17/0352-01"
      ]
    },
    {
      "cite": "97 N. Y. S. 801",
      "category": "reporters:state",
      "reporter": "N.Y.S.",
      "case_ids": [
        5522324
      ],
      "opinion_index": -1,
      "case_paths": [
        "/nys/97/0801-01"
      ]
    },
    {
      "cite": "182 Pa. 109",
      "category": "reporters:state",
      "reporter": "Pa.",
      "case_ids": [
        893309
      ],
      "opinion_index": -1,
      "case_paths": [
        "/pa/182/0109-01"
      ]
    },
    {
      "cite": "82 S. W. 1026",
      "category": "reporters:state_regional",
      "reporter": "S.W.",
      "opinion_index": -1
    },
    {
      "cite": "106 N. W. 841",
      "category": "reporters:state_regional",
      "reporter": "N.W.",
      "opinion_index": -1
    },
    {
      "cite": "55 Ark. 483",
      "category": "reporters:state",
      "reporter": "Ark.",
      "case_ids": [
        1322260
      ],
      "opinion_index": -1,
      "case_paths": [
        "/ark/55/0483-01"
      ]
    },
    {
      "cite": "91 N. W. 152",
      "category": "reporters:state_regional",
      "reporter": "N.W.",
      "opinion_index": -1
    },
    {
      "cite": "46 Hun 497",
      "category": "reporters:state",
      "reporter": "Hun",
      "opinion_index": -1
    },
    {
      "cite": "57 Ark. 503",
      "category": "reporters:state",
      "reporter": "Ark.",
      "case_ids": [
        1324573
      ],
      "opinion_index": -1,
      "case_paths": [
        "/ark/57/0503-01"
      ]
    },
    {
      "cite": "67 Atl. 28",
      "category": "reporters:state_regional",
      "reporter": "A.",
      "opinion_index": -1
    },
    {
      "cite": "98 Fed. 192",
      "category": "reporters:federal",
      "reporter": "F.",
      "case_ids": [
        6720433
      ],
      "opinion_index": -1,
      "case_paths": [
        "/f/98/0192-01"
      ]
    },
    {
      "cite": "82 S. W. 319",
      "category": "reporters:state_regional",
      "reporter": "S.W.",
      "opinion_index": -1
    },
    {
      "cite": "62 S. W. 1077",
      "category": "reporters:state_regional",
      "reporter": "S.W.",
      "opinion_index": -1
    },
    {
      "cite": "28 So. 643",
      "category": "reporters:state_regional",
      "reporter": "So.",
      "opinion_index": -1
    },
    {
      "cite": "17 S. W. 580",
      "category": "reporters:state_regional",
      "reporter": "S.W.",
      "opinion_index": -1
    },
    {
      "cite": "81 Ark. 343",
      "category": "reporters:state",
      "reporter": "Ark.",
      "case_ids": [
        1530694
      ],
      "opinion_index": -1,
      "case_paths": [
        "/ark/81/0343-01"
      ]
    },
    {
      "cite": "148 Ark. 78",
      "category": "reporters:state",
      "reporter": "Ark.",
      "opinion_index": -1
    },
    {
      "cite": "88 Ark. 34",
      "category": "reporters:state",
      "reporter": "Ark.",
      "opinion_index": -1
    },
    {
      "cite": "88 Ark. 28",
      "category": "reporters:state",
      "reporter": "Ark.",
      "case_ids": [
        1517078
      ],
      "opinion_index": -1,
      "case_paths": [
        "/ark/88/0028-01"
      ]
    },
    {
      "cite": "130 Ark. 486",
      "category": "reporters:state",
      "reporter": "Ark.",
      "case_ids": [
        8721890
      ],
      "weight": 3,
      "opinion_index": -1,
      "case_paths": [
        "/ark/130/0486-01"
      ]
    },
    {
      "cite": "122 Ark. 522",
      "category": "reporters:state",
      "reporter": "Ark.",
      "case_ids": [
        1558177
      ],
      "opinion_index": -1,
      "case_paths": [
        "/ark/122/0522-01"
      ]
    },
    {
      "cite": "149 Ark. 77",
      "category": "reporters:state",
      "reporter": "Ark.",
      "case_ids": [
        8717846
      ],
      "weight": 2,
      "opinion_index": -1,
      "case_paths": [
        "/ark/149/0077-01"
      ]
    },
    {
      "cite": "148 Ark. 66",
      "category": "reporters:state",
      "reporter": "Ark.",
      "case_ids": [
        8717829
      ],
      "opinion_index": -1,
      "case_paths": [
        "/ark/148/0066-01"
      ]
    },
    {
      "cite": "97 Ark. 438",
      "category": "reporters:state",
      "reporter": "Ark.",
      "case_ids": [
        1318854
      ],
      "opinion_index": -1,
      "case_paths": [
        "/ark/97/0438-01"
      ]
    },
    {
      "cite": "132 Ga. 221",
      "category": "reporters:state",
      "reporter": "Ga.",
      "case_ids": [
        526141
      ],
      "opinion_index": 0,
      "case_paths": [
        "/ga/132/0221-01"
      ]
    },
    {
      "cite": "136 Ark. 467",
      "category": "reporters:state",
      "reporter": "Ark.",
      "case_ids": [
        1570045
      ],
      "opinion_index": 0,
      "case_paths": [
        "/ark/136/0467-01"
      ]
    },
    {
      "cite": "40 L. R. A. (N. S.) 852",
      "category": "reporters:federal",
      "reporter": "L.R.A.N.S.",
      "opinion_index": 0
    },
    {
      "cite": "98 Miss. 750",
      "category": "reporters:state",
      "reporter": "Miss.",
      "case_ids": [
        1508068
      ],
      "opinion_index": 0,
      "case_paths": [
        "/miss/98/0750-01"
      ]
    },
    {
      "cite": "107 Ark. 512",
      "category": "reporters:state",
      "reporter": "Ark.",
      "case_ids": [
        1344035
      ],
      "opinion_index": 0,
      "case_paths": [
        "/ark/107/0512-01"
      ]
    },
    {
      "cite": "108 Ark. 377",
      "category": "reporters:state",
      "reporter": "Ark.",
      "case_ids": [
        1342322
      ],
      "opinion_index": 0,
      "case_paths": [
        "/ark/108/0377-01"
      ]
    },
    {
      "cite": "130 Ark. 486",
      "category": "reporters:state",
      "reporter": "Ark.",
      "case_ids": [
        8721890
      ],
      "opinion_index": 0,
      "case_paths": [
        "/ark/130/0486-01"
      ]
    },
    {
      "cite": "143 Ark. 376",
      "category": "reporters:state",
      "reporter": "Ark.",
      "case_ids": [
        1589408
      ],
      "opinion_index": 1,
      "case_paths": [
        "/ark/143/0376-01"
      ]
    },
    {
      "cite": "132 Ark. 449",
      "category": "reporters:state",
      "reporter": "Ark.",
      "case_ids": [
        1576809
      ],
      "opinion_index": 1,
      "case_paths": [
        "/ark/132/0449-01"
      ]
    }
  ],
  "analysis": {
    "cardinality": 767,
    "char_count": 14829,
    "ocr_confidence": 0.493,
    "pagerank": {
      "raw": 2.0341338402021983e-07,
      "percentile": 0.7469784917962399
    },
    "sha256": "41be0dd707b8b007441ece04b37645acf6de92f51a982a084552e6854368003c",
    "simhash": "1:33ec897198c5206c",
    "word_count": 2685
  },
  "last_updated": "2024-02-27T17:41:16.235499+00:00",
  "provenance": {
    "date_added": "2019-08-29",
    "source": "Harvard",
    "batch": "2018"
  },
  "casebody": {
    "judges": [],
    "parties": [
      "Wisconsin & Arkansas Lumber Company v. Ashley."
    ],
    "opinions": [
      {
        "text": "McCulloch, C. J,\nAppellant is a corporation, organized under the laws of the State of Wisconsin, and is operating a sawmill and lumber business in Hot Spring and Grant counties, in this State.\nAppellee was employed by appellant as a log hauler in the woods, and while working in the line of his duty he received personal injuries.\nThis is an action instituted by appellee to recover damages on the allegations that his injuries were caused by negligence of appellant in furnishing a defective appliance with which appellee was required to work.\nThe appliance alleged to be defective, and with which appellee was working at the time he received his injuries, is a canthook, which is described as a tool with a wooden handle with a metal hook fastened to an iron cuff a short distance from the bottom, and used in lifting logs in unloading, the hook being attached to the cuff on the handle so as to give play to the hook. There is a metal band on the lower end of the handle with a nick in it, so that, while it rests on the upper side of a log, it will not slip, and the hook, being sharp on the end, is fastened in the lower side of the log, and in this way the log may be lifted with the hook.\nAppellee was hauling logs on a wagon from the woods to the mill, and was injured while he was unloading logs from the wagon. Three logs were on the wagon, according to custom, and were held in place by bumper-blocks, which were fastened to the wagon with pins. In unloading it was necessary to release the blocks by drawing out the pins, and then the logs were rolled off. The customary method was to draw the pin in the block on one end of the wagon, and, as this threw the whole weight of the logs against the blocks at the other' end, it was necessary to lift the log resting against the blocks before the pin could be removed, and this lifting was done with a.canthook.\nIt is alleged that the canthook was defective 'because a piece of the handle around which, the cuff fits was broken off and allowed the cuff to slip, and that when appellee attempted to raise the log preparatory to drawing the pin from the block, the hook slipped and came free from the log, and the momentum pitched appellee forward, and,the log rolled from the wagon and fell on him, crushing him. Appellee testified that he was injured in this way, and his own testimony, as well as that of other witnesses, tends to show that there was a defect in the canthook, and that it was this defect which caused his injury. He also testified as follows with ref-' erence to the use of this particular canthook: ' That the afternoon before his injury his wagon broke down, and in some way the canthook he was then using was run over and the handle broken; that he called upon his foreman, Mr. Siders, for another, and Siders handed him another hook and told him to use that one. He testified further that the next morning he discovered the defect in the canthook, and went to Siders and said, \u201cCap, I have got to have my canthook fixed, it won\u2019t hardly hold,\u201d and that Siders looked at it and replied, \u201cThat\u2019s all right, go ahead and use it today, and I will have it fixed tonight.\u201d Appellee testified that it was possible to use the hook and make it hold by grasping the cuff with one hand and holding it in place.\nThere was evidence introduced by appellant tending to show former statements made by appellee to the effect that the canthook slipped by reason of th\u00e9 f\u00e1et that the bark on the log had been burned off and that the log was slippery, and the canthook Would not pierce it so as to hold fast. Appellee denied that he made this statement, and this made a question for the jury as to the cause of the injury.\nAppellee relied for recovery upon proof of the defect in the tool furnished him with which to work, and the promise of the foreman to repair it.\nIt is earnestly contended by counsel for appellant that the undisputed evidence'brings the facts of the case within the operation of what is called the \u2018\u2018 simple tool\u201d doctrine, and that, on account of the simplicity of the tool furnished, no charge of negligence can be predicated upon the defect, and that the promise of the foreman to repair it did not relieve appellee from his assumption of the risk of danger which resulted. Counsel rely upon decisions of this court in which some recognition has been given to the doctrine mentioned. C. R. I. & P. Ry. Co. v. Smith, 107 Ark. 512; Fordyce Lumber Co. v. Lynn, 108 Ark. 377; Arnold v. Doniphan Lumber Co., 130 Ark. 486. They also cite a great many decisions of other courts on this subject. It cannot be -said that this court has given full recognition to this doctrine as announced by some of the other courts; in fact,' our recognition has been very guarded and limited. In the Smith case, supra, we said:\n\u201cThere is no hard and fast rule that may be laid down as governing the liability of an employer for a defect in common tools. In view of this condition, we do not undertake to say what state of facts the rule of liability should embrace and what state of facts it should not. \u2019 \u2019\nThat was a case where negligence was based on a charge against the master for furnishing a hammer with a worn and defective striking face.\nIn Arkansas Central R. Co. v. Goad, 136 Ark. 467, we held that a lining bar used in raising'railroad ties for -the purpose of spiking the rails to the ties was' not .a simple tool, within the meaning of the doctrine bearing that designation. It seems to us now that a eanthook is not less simple in its construction and operation than a lining bar as described, in the Goad case, supra. In fact, there are more complications about the construction and use of a canthook than there are about a lining bar. Learned counsel for appellant cite, a great many cases giving effect to this doctrine, but none of the cases refer to the particular tool involved in the present inquiry. On the contrary, there are cases which expressly hold that a canthook is not a tool so simple in its nature the furnishing of which may not form a basis of a charge of negligence. Parker v. Lumber Co., 98 Miss., 750, 40 L. R. A. (N. S.) 852; Williams v. Garbutt Lumber Co., 132 Ga. 221.\nThe evidence shows that appellee did not make his own selection of the particular tool to be used, but that it was furnished to him by the foreman, with express instructions to use it until it could be repaired, and there was a promise that it would be repaired by a certain time. This furnishes additional reason why the doctrine invoked by counsel.has no application, for, where the servant has no opportunity to make a selection of the tool, he does not assume the risk unless the defect in it. and the danger from using it are so obvious that a man of ordinary prudence would not use it. Nor does it constitute contributory negligence on the part of the servant to use such an implement unless the defect and consequent danger are so obvious that a person of ordinary prudence would not use it under the circumstances. We cannot say here that the undisputed evidence shows contributory negligence on the part of appellee.\nThe evidence was sufficient to warrant the jury in finding '\"that there was an express promise to repair, which relieved appellee from all assumption of risk.\nThe next ground urged for reversal of the verdict is the giving of an instruction as follows: \u2022\n\u201cNo. 3y2. You are instructed that it was the duty of the defendant company to exercise reasonable care to furnish the plaintiff a reasonably safe canthook for use by him in work being performed for defendant, and it was the further duty of the defendant to exercise the same degree of care in maintaining said canthook in a reasonably safe condition for his use.\u201d\nIt is urged that this instruction was erroneous for the reason that appellee had the opportunity, and it was his duty, to select his own working tools, and that it was therefore his duty to see that the same was safe for use. We think that counsel place the wrong interpretation on the state of the testimony in the case, for, as we understand it, there is no dispute about the fact that the foreman selected the canthook and gave it to appellee, with express instructions to use it until it could be repaired. There was, indeed, testimony introduced to the effect that appellant maintained a blacksmith shop near the working place, and that workmen were authorized to take the tools to the blacksmith shop and have them repaired, in the absence of the foreman. This, of course, did not apply to a case where the tool furnished to the servant was selected and given to him by the foreman with directions to use that particular tool. We are therefore of the opinion that there was no evidence to the effect that it was the duty of appellee himself to select the particular tool and to have it repaired, and that there was no error in giving the instruction concerning the duty of the employer to exercise ordinary care to furnish reasonably safe tools. This statement covers-the objection that was also made to instruction No. 4;\nThese are the only grounds urged for reversal of the judgment, and our conclusion is that neither of the grounds is tenable, and that the record is free from error, and the verdict is supported by sufficient evidence.\nAffirmed.",
        "type": "majority",
        "author": "McCulloch, C. J,"
      },
      {
        "text": "OPINION ON REHEARING.\nMcCulloch, C. J.\nCounsel again insist that -there is proof in the record to -the -effect that it was -the duty of appellee to -select the implement to work with, -and that instruction -No. 3y2 ignored that proof, and was therefore erroneous. We have reexamined the record, \u25a0\u2022and \u25a0still fail to- find substantial testimony to the effect claimed by counsel. It seems undisputed that the cant-hook wias furnished to appellee by the foreman, though there is a conflict as to the promise to repair. But, even if there had been such proof, the alleged error in instruction No. 3% was waived by reason of appellant having requested and obtained similar instructions on the same subject. Morris v. Raymond, 132 Ark. 449; Patterson v. Risher, 143 Ark. 376. In three separate instructions (those numbered 3, 4 land 6), given at the request of appellant, the court submitted to the jury, as a test of \u25a0appellant\u2019s liability, the question of the degree of care exercised in .furnishing tools to work with.\nRehearing denied.",
        "type": "rehearing",
        "author": "McCulloch, C. J."
      }
    ],
    "attorneys": [
      "Mehaffy, Donham & Mehaffy, for appellant.",
      "Powell <& Smeacl and D. D'. Glover, for appellee.",
      "Meha-ffy, Donham \u25a0& Mehaffy, in reply."
    ],
    "corrections": "",
    "head_matter": "Wisconsin & Arkansas Lumber Company v. Ashley.\nOpinion delivered April 23, 1923.\n1. Master and servant \u2014 simple tool \u2014 canthook.\u2014A canthook is not a tool so simple in its nature the furnishing of which may not form the basis of a charge of negligence.\n2. Master and servant \u2014 assumed risk \u2014 contributory negligence. \u2014 Where a servant has no opportunity to make a selection of a tool he does not assume the risk, nor is he guilty of contributory negligence, unless ithe defect in it and the danger from using it are so obvious that a man of ordinary prudence would not use it.\n3. Master and servant \u2014 assumed risk. \u2014 Where defendant's foreman, having selected a defective canthook for plainti\u2019s use in unloading logs, promised to repair it, the promise relieved plaintiff from any assumption of risk in using it on that day.\n4. . Master and servant \u2014 instruction as to furnishing s\u00e1fe tools. \u2014 An instruction that it was the master\u2019s duty to furnish defendant a reasonably safe canthook for use was not improper where the undisputed evidence was to the effect that plaintiff\u2019s foreman furnished the particular canthook to him and directed him to use it.\n5. Appeal error \u2014 waiver of error. \u2014 An error in giving an instrucwas waived where similar instructions on the same subject were asked by appellant.\nAppeal from Union Circuit Court; G. W. Smith, Judge;\naffirmed.\nMehaffy, Donham & Mehaffy, for appellant.\nThe court erred in refusing to instruct <a verdict for the defendant. Ill Ark. 309; 97 Ark. 438; 148 Ark. 66; 149 Ark. 77. Appellee had the right to select his own tools to work with, and assumed the risk of any defect therein. 122 Ark. 522; 130 Ark. 486. His knowledge of the defective tool was equal to or greater than appellant\u2019s. 2 Bailey, Personal Injuries, 1292; 18 R. C. L. 547, 549; 64 S. E. (Gra.) 65, 18; R. C. L. Master & Servant, 652; 88 Ark. 28. Defect was obvious, and appellee assumed the risk, even though there was a promise to repair. 88 Ark. 34; 148 Ark. 78; 81 Ark. 343. Canthook was a simple tool, and a promise to repair could not relieve the servant from, assumption of risk of injury by its use. 2 Bailey, Personal Injuries, 1292; 26 Cyc. 1209; 18 R. C. L. 652. Following implements have been held to be \u201csimple tools:\u201d \u201c Prize pole,\u201d 17 S. W. 580; \u201ccrowbar,\u201d 28 So. 643; \u201cclaw-bar,\u201d 47 I'll. App. 465, 62 S. W. 1077; \u201cgooseneck wrench,\u201d 82 S. W. 319; \u201cwrench,\u201d 98 Fed. 192; \u201cchisel,\u201d 67 Atl. 28; 57 Ark. 503; \u201cdull long-handled hook,\u201d 46 Hun 497; \u201clifting jack,\u201d 117 111. App. 9; \u201chammer,\u201d 91 N. W. 152; \u201cladder,\u201d 55 Ark. 483; \u201cmonkey-wrench,\u201d 106 N. W. 841; \u201cdefective lantern globe,\u201d 82 S. W. 1026; \u201ctongs,\u201d 182 Pa. 109; a \u201cwatergauge,\u201d 97 N. Y. S. 801; \u201cwheelbarrow,\u201d 105 Pac. 794; \u201cstick,\u201d used for unchoking machine, 108 Ark. 377; \u201chatchet,\u201d 130 Ark. 486. Promise to repair cant-hook had no reference to safety of appellee. 4 Labatt on Master and Servant, 3864; 3 Texas Civil App. 487; 2-3 S. W. 146; 58 111. App. 609; 91 111. App. 269; 6 C. C. A. 190; 12 U. S. App. 574; 56 Fed. 973; 22 Tex. Civ. App. 596, 55 S. W. 362; 109 111. App. 403; 117 Ky. 556, 78 S. W. 448; 137 Ky. 414, 125 S. W. 1067; 96 Tex. 605, 74 S. W. 897; 97 Am. St. Rep. 937; 41 Tex. Civ. App. 119, 92 S. W. 411; 67 S. W. 788; 53 Wash. 687; 102 Pac. 763; 155 111. App. 364. No negligence of appellant shown. Court erred in giving appellee\u2019s requested instruction No. 3%. 93 Ark. 564; 95 Ark. 708; 94 Ark. 282; 96 Ark. 184; 102 Ark. 627; 134 Ark. 575. Instruction No. 4 also erroneous. 93 Ark. 29; 14 R. C. L. 738.\nPowell <& Smeacl and D. D'. Glover, for appellee.\nNo error in giving appellee\u2019s instructions. 130 Ark. 486; 107 Ark. 512. Appellee was not negligent. Facts of this case altogether different from 147 Ark. 77, wihich is not in point. Risk not assumed by appellee. 2 Bailey on Personal Injuries, 1279; 90 Ark. 555; 144 Ark. 377. Canthook not a simple tool. 107 Ark. 512; Words and Phrases, 594; 98 Miss. 750, 40 L. R. A. (N. S.) 852; 132 Gra.' 211,- n 40 L. R: A. (N. S.) 85; 136 Ark. 473. Promise to appellee was with reference only to his safety. The evidence supports the verdict.\nMeha-ffy, Donham \u25a0& Mehaffy, in reply.\nAppellee was an experienced servant, appreciated the danger, and assumed the risk. 105 Ark. 434; 95 Ark. 291; 101 Ark. 197; 103 Ark. 61. Evidence uncont-radieted had right to choose his own canthook. 93 Ark. 140; 108 Ark. 377; 107 Ark. 512; 4 Thompson on Negligence, \u00a74003. Appellant\\s theory of the case ignored by appellee\u2019s instruction 3%. Case of 149 Ark. 77 controlling here."
  },
  "file_name": "0379-01",
  "first_page_order": 403,
  "last_page_order": 410
}
