{
  "id": 1530685,
  "name": "State v. Sams",
  "name_abbreviation": "State v. Sams",
  "decision_date": "1906-12-03",
  "docket_number": "",
  "first_page": "39",
  "last_page": "41",
  "citations": [
    {
      "type": "official",
      "cite": "81 Ark. 39"
    }
  ],
  "court": {
    "name_abbreviation": "Ark.",
    "id": 8808,
    "name": "Arkansas Supreme Court"
  },
  "jurisdiction": {
    "id": 34,
    "name_long": "Arkansas",
    "name": "Ark."
  },
  "cites_to": [
    {
      "cite": "75 Ark. 443",
      "category": "reporters:state",
      "reporter": "Ark.",
      "opinion_index": -1
    },
    {
      "cite": "48 Ark. 82",
      "category": "reporters:state",
      "reporter": "Ark.",
      "case_ids": [
        1887782
      ],
      "opinion_index": -1,
      "case_paths": [
        "/ark/48/0082-01"
      ]
    },
    {
      "cite": "44 Ark. 221",
      "category": "reporters:state",
      "reporter": "Ark.",
      "case_ids": [
        1893372
      ],
      "opinion_index": -1,
      "case_paths": [
        "/ark/44/0221-01"
      ]
    },
    {
      "cite": "39 Ark. 126",
      "category": "reporters:state",
      "reporter": "Ark.",
      "case_ids": [
        1898684
      ],
      "opinion_index": -1,
      "case_paths": [
        "/ark/39/0126-01"
      ]
    },
    {
      "cite": "39 Ark. 82",
      "category": "reporters:state",
      "reporter": "Ark.",
      "case_ids": [
        1898713
      ],
      "opinion_index": -1,
      "case_paths": [
        "/ark/39/0082-01"
      ]
    },
    {
      "cite": "37 Ark. 318",
      "category": "reporters:state",
      "reporter": "Ark.",
      "case_ids": [
        1870960
      ],
      "opinion_index": -1,
      "case_paths": [
        "/ark/37/0318-01"
      ]
    },
    {
      "cite": "50 Ark. 266",
      "category": "reporters:state",
      "reporter": "Ark.",
      "case_ids": [
        8721860
      ],
      "opinion_index": -1,
      "case_paths": [
        "/ark/50/0266-01"
      ]
    },
    {
      "cite": "44 Ga. 501",
      "category": "reporters:state",
      "reporter": "Ga.",
      "case_ids": [
        855313
      ],
      "opinion_index": -1,
      "case_paths": [
        "/ga/44/0501-01"
      ]
    },
    {
      "cite": "44 Ala. 696",
      "category": "reporters:state",
      "reporter": "Ala.",
      "case_ids": [
        5467282
      ],
      "opinion_index": -1,
      "case_paths": [
        "/ala/44/0696-01"
      ]
    },
    {
      "cite": "43 Ala. 568",
      "category": "reporters:state",
      "reporter": "Ala.",
      "case_ids": [
        3067639
      ],
      "opinion_index": -1,
      "case_paths": [
        "/ala/43/0568-01"
      ]
    },
    {
      "cite": "39 N. J. L. 14",
      "category": "reporters:state",
      "reporter": "N.J.L.",
      "case_ids": [
        351437
      ],
      "opinion_index": -1,
      "case_paths": [
        "/njl/39/0014-01"
      ]
    },
    {
      "cite": "17 Cal. 11",
      "category": "reporters:state",
      "reporter": "Cal.",
      "case_ids": [
        2299302
      ],
      "opinion_index": -1,
      "case_paths": [
        "/cal/17/0011-01"
      ]
    },
    {
      "cite": "66 Ark. 201",
      "category": "reporters:state",
      "reporter": "Ark.",
      "case_ids": [
        1909807
      ],
      "opinion_index": 0,
      "case_paths": [
        "/ark/66/0201-01"
      ]
    },
    {
      "cite": "68 Ark. 555",
      "category": "reporters:state",
      "reporter": "Ark.",
      "case_ids": [
        1333955
      ],
      "opinion_index": 0,
      "case_paths": [
        "/ark/68/0555-01"
      ]
    },
    {
      "cite": "75 Ark. 443",
      "category": "reporters:state",
      "reporter": "Ark.",
      "opinion_index": 0
    },
    {
      "cite": "44 Ark. 221",
      "category": "reporters:state",
      "reporter": "Ark.",
      "case_ids": [
        1893372
      ],
      "opinion_index": 0,
      "case_paths": [
        "/ark/44/0221-01"
      ]
    }
  ],
  "analysis": {
    "cardinality": 302,
    "char_count": 3963,
    "ocr_confidence": 0.684,
    "pagerank": {
      "raw": 2.077217745960875e-07,
      "percentile": 0.7585670052578355
    },
    "sha256": "fd45c0eb5e5cc888cd3c6ec362be6f19eab377c55d1fb6a266d6329ea6de3361",
    "simhash": "1:8bb3e8f1a3c24e13",
    "word_count": 699
  },
  "last_updated": "2024-02-27T22:43:34.961395+00:00",
  "provenance": {
    "date_added": "2019-08-29",
    "source": "Harvard",
    "batch": "2018"
  },
  "casebody": {
    "judges": [],
    "parties": [
      "State v. Sams."
    ],
    "opinions": [
      {
        "text": "Riddick, J.\nOne Charles D. Fossett was in September, 1906, elected road overseer of a road district in Greene County of this State. He failed to qualify as such on or before the 1st day of October following, and the county court which convened in regular session on that day declared the office vacant, and appointed P. H. Sams to fill the same. Sams thereupon qualified, and assumed to discharge the duties of the office. Afterwards the State, on relation to the Attorney General, filed a petition in this court, alleging that Sams.was usurping the office of road overseer without right, and to which De Fossett is entitled, and asked that a writ of quo warranto issue against Sams, and that he be compelled to show under what authority he holds such office,\nIn response to such petition Sams, among other defenses, denied that this court has authority to issue such writ in a case of this kind. We are of the opinion that the objection is well taken. Under the Constitution this court has no original juris-; diction to issue writs of' quo warranto to prevent usurpation of the office of road overseer. Const. 1874, art. 7, \u00a7 \u00a7 4 and 5; Louisiana & N. W. Rd. Co. v. State, 75 Ark. 443; Ex parte Snoddy, 44 Ark. 221.\nAs the law does, not expressly vest jurisdiction to hear anil determine such an action in any other court, it falls within the general jurisdiction of the circuit court. The remedy for usurpation of office of road overseer is by an action in that court brought either by the State or the person entitled to the office. Whittaker v. Watson, 68 Ark. 555; Payne v. Rittman, 66 Ark. 201; Const. 1874, art. 7, \u00a7 11; Kirby\u2019s Digest, \u00a7 \u00a7 7981-7989.\nWrit denied and petition dismissed.",
        "type": "majority",
        "author": "Riddick, J."
      }
    ],
    "attorneys": [
      ". Robert L. Rogers, Attorney General, and Johnson & Huddleston, for plaintiff.",
      "/. D. Block, and Murphy, Coleman &. Lewis, for defendant."
    ],
    "corrections": "",
    "head_matter": "State v. Sams.\nOpinion delivered December 3, 1906.\n1. Supreme court \u2014 jurisdiction in quo warranto. \u2014 The Supreme Court has no original jurisdiction to issue a writ of quo warranto to prevent usurpation of the office of road overseer. (Page 40.)\n2. Circuit court \u2014 residuary jurisdiction. \u2014 The remedy for usurpation of the office of road \"overseer, not having been vested elsewhere, is by an action in the circuit court, brought either by the State or the person entitled to the office. (Page 40.)\nPetition for quo warranto;\nwrit denied.\n. Robert L. Rogers, Attorney General, and Johnson & Huddleston, for plaintiff.\n1. Did the county court have the power to declare a vacancy in the office when none in fact existed, and proceed to fill the vacancy by appointment? Compare Acts 1895, 463; Kirby\u2019s Digest, \u00a7 7230; Mansf. Dig., \u00a7 5893; Acts 1889, 156; Kirby\u2019s Digest, \u00a7 7342; Acts 1899, 353 \u00a7 ,13; Kirby\u2019s Digest, \u00a7 7228.\nThe statute prescribes no time within which a road overseer shall qualify after he is elected. Where a statute concerning a public office does not fix its beginning\u201d for any day certain, a-reasonable time will be given. 17 Cal. 11; 39 N. J. L. 14. Mere failure of an officer to file his bond within the time prescribed by law does not, ipso facto, vacate his office. 43 Ala. 568; 44 Ala. 696; 44 Mr. 230. See also 44 Ga. 501. Under the provisions of Kirby\u2019s Digest, \u00a7 7228, no vacancy would occur until the January term, 1907, of the county court.\n2. Exclusive original jurisdiction is mot conferred upon the county court in suits of this kind. 50 Ark. 266.\n/. D. Block, and Murphy, Coleman &. Lewis, for defendant.\n1. This case can not be maintained. It is not within the original jurisdiction of this court. Art. 7, \u00a7 \u00a7 4 and 5, Const.; 37 Ark. 318; Id. 81; 39 Ark. 82; 39 Ark. 126; 44 Ark. 221; 48 Ark. 82. The writ and information as original proceedings are abolished by-the Code. 75 Ark. 443.\n2. If the. case were properly here on appeal, then it would be insisted that the Const., art.' 7, \u00a7 28, in conferring.upon the county court exclusive original jurisdiction of all matters relating to the county roads, precludes the Legislature from making each political township in the county a road district, and from making overseers elective."
  },
  "file_name": "0039-01",
  "first_page_order": 59,
  "last_page_order": 61
}
