{
  "id": 1530700,
  "name": "McCarty v. Wilson",
  "name_abbreviation": "McCarty v. Wilson",
  "decision_date": "1906-12-10",
  "docket_number": "",
  "first_page": "115",
  "last_page": "117",
  "citations": [
    {
      "type": "official",
      "cite": "81 Ark. 115"
    }
  ],
  "court": {
    "name_abbreviation": "Ark.",
    "id": 8808,
    "name": "Arkansas Supreme Court"
  },
  "jurisdiction": {
    "id": 34,
    "name_long": "Arkansas",
    "name": "Ark."
  },
  "cites_to": [
    {
      "cite": "67 Ark. 414",
      "category": "reporters:state",
      "reporter": "Ark.",
      "opinion_index": -1
    },
    {
      "cite": "75 Ark. 288",
      "category": "reporters:state",
      "reporter": "Ark.",
      "case_ids": [
        1502532
      ],
      "opinion_index": -1,
      "case_paths": [
        "/ark/75/0288-01"
      ]
    },
    {
      "cite": "76 Ark. 245",
      "category": "reporters:state",
      "reporter": "Ark.",
      "case_ids": [
        1501101
      ],
      "opinion_index": -1,
      "case_paths": [
        "/ark/76/0245-01"
      ]
    },
    {
      "cite": "53 Ark. 69",
      "category": "reporters:state",
      "reporter": "Ark.",
      "case_ids": [
        1911717
      ],
      "opinion_index": -1,
      "case_paths": [
        "/ark/53/0069-01"
      ]
    },
    {
      "cite": "52 Ark. 157",
      "category": "reporters:state",
      "reporter": "Ark.",
      "opinion_index": -1
    },
    {
      "cite": "150 Ind. 85",
      "category": "reporters:state",
      "reporter": "Ind.",
      "case_ids": [
        1547797
      ],
      "opinion_index": -1,
      "case_paths": [
        "/ind/150/0085-01"
      ]
    },
    {
      "cite": "122 Ga. 330",
      "category": "reporters:state",
      "reporter": "Ga.",
      "opinion_index": -1
    },
    {
      "cite": "106 Ga. 353",
      "category": "reporters:state",
      "reporter": "Ga.",
      "opinion_index": -1
    },
    {
      "cite": "54 N. H. 109",
      "category": "reporters:state",
      "reporter": "N.H.",
      "case_ids": [
        475460
      ],
      "opinion_index": -1,
      "case_paths": [
        "/nh/54/0109-01"
      ]
    },
    {
      "cite": "164 Pa. St. 234",
      "category": "reporters:state",
      "reporter": "Pa.",
      "case_ids": [
        860225
      ],
      "opinion_index": -1,
      "case_paths": [
        "/pa/164/0234-01"
      ]
    },
    {
      "cite": "6 Atl. 48",
      "category": "reporters:state_regional",
      "reporter": "A.",
      "opinion_index": -1
    },
    {
      "cite": "19 Am. Dec. 330",
      "category": "reporters:federal",
      "reporter": "Am. Dec.",
      "opinion_index": -1
    },
    {
      "cite": "26 Mich. 523",
      "category": "reporters:state",
      "reporter": "Mich.",
      "case_ids": [
        1309703
      ],
      "opinion_index": -1,
      "case_paths": [
        "/mich/26/0523-01"
      ]
    },
    {
      "cite": "37 Wis. 360",
      "category": "reporters:state",
      "reporter": "Wis.",
      "case_ids": [
        8707737
      ],
      "opinion_index": -1,
      "case_paths": [
        "/wis/37/0360-01"
      ]
    },
    {
      "cite": "57 Wis. 118",
      "category": "reporters:state",
      "reporter": "Wis.",
      "case_ids": [
        8703266
      ],
      "opinion_index": -1,
      "case_paths": [
        "/wis/57/0118-01"
      ]
    },
    {
      "cite": "69 Ark. 442",
      "category": "reporters:state",
      "reporter": "Ark.",
      "case_ids": [
        8724173
      ],
      "opinion_index": -1,
      "case_paths": [
        "/ark/69/0442-01"
      ]
    },
    {
      "cite": "63 Ark. 10",
      "category": "reporters:state",
      "reporter": "Ark.",
      "case_ids": [
        8720285
      ],
      "opinion_index": -1,
      "case_paths": [
        "/ark/63/0010-01"
      ]
    },
    {
      "cite": "60 Mich. 622",
      "category": "reporters:state",
      "reporter": "Mich.",
      "case_ids": [
        1421413
      ],
      "opinion_index": -1,
      "case_paths": [
        "/mich/60/0622-01"
      ]
    },
    {
      "cite": "34 Barb. 566",
      "category": "reporters:state",
      "reporter": "Barb.",
      "case_ids": [
        5071702
      ],
      "opinion_index": -1,
      "case_paths": [
        "/barb/34/0566-01"
      ]
    },
    {
      "cite": "130 N. Y. 465",
      "category": "reporters:state",
      "reporter": "N.Y.",
      "case_ids": [
        2245219
      ],
      "opinion_index": -1,
      "case_paths": [
        "/ny/130/0465-01"
      ]
    },
    {
      "cite": "75 Ark. 286",
      "category": "reporters:state",
      "reporter": "Ark.",
      "case_ids": [
        1502455
      ],
      "opinion_index": 0,
      "case_paths": [
        "/ark/75/0286-01"
      ]
    },
    {
      "cite": "67 Ark. 413",
      "category": "reporters:state",
      "reporter": "Ark.",
      "case_ids": [
        1152524
      ],
      "opinion_index": 0,
      "case_paths": [
        "/ark/67/0413-01"
      ]
    }
  ],
  "analysis": {
    "cardinality": 331,
    "char_count": 4372,
    "ocr_confidence": 0.714,
    "pagerank": {
      "raw": 9.898492632084841e-08,
      "percentile": 0.5354397109638438
    },
    "sha256": "07b41bf3f2754dddab53ab8f1b68666a1df709b0400e0039e86e5b7506e71b1f",
    "simhash": "1:a2ed72683090db78",
    "word_count": 761
  },
  "last_updated": "2024-02-27T22:43:34.961395+00:00",
  "provenance": {
    "date_added": "2019-08-29",
    "source": "Harvard",
    "batch": "2018"
  },
  "casebody": {
    "judges": [],
    "parties": [
      "McCarty v. Wilson."
    ],
    "opinions": [
      {
        "text": "Battle, J.\n\u201cOn the last day of November, 1901, Wilson & Beall, a firm composed of R. E. Lee Wilson and S. A. Beall, sold and by warranty deed of that date conveyed to appellant the southwest quarter of section 13 and the southeast quarter of the northwest quarter of section 13, township 12 north, and range 9 east in Mississippi County, Arkansas, which deed contained the following clause: \u201cWilson & Beall reserve all merchantable timber on said land same to be removed within two years from date.\u201d On the 27th day of November, 1903, appellant instituted this suit in the chancery court of Mississippi County, alleging that appellee Wilson and his employees, John Merrill and J. H. Page, made codefendants, had entered upon the land and were cutting and removing timber therefrom, to the irreparable damage and injury of appellant, praying an injunction to restrain appellee and codefendants from cutting and removing the timber from the land.\u201d\nThe defendants, appellees, answered and admitted the execution of the deed to appellant, and Wilson claimed the merchantable timber on the land conveyed under the reservation therein.\nThe depositions of witnesses were taken, and the cause was submitted at the October, 1905, term of court. The court found that the title to the merchantable timber on the land was never conveyed and did not pass to plaintiff, the appellant, and that the defendant-appellee, Wilson, is the owner of it, and rendered decree in favor of the defendants, dismissing the complaint for want of equity.\nNeither the complaint nor the evidence in this case show that the plaintiff was entitled to relief by injunction. What is said in Myers v. Hawkins, 67 Ark. 413, is applicable and appropriate in this case; .and nothing more, in addition, need be said in this suit. See also Western Tie & Timber Co. v. Newport Land Co., 75 Ark. 286.\nThe decree of the chancery court is modified so as to dismiss the complaint for want of equity, without prejudice to plaintiff\u2019s right to bring an action at law for damages, or for the recovery of timber or both.",
        "type": "majority",
        "author": "Battle, J."
      }
    ],
    "attorneys": [
      "Driver & Harrison, for appellant.",
      "J. T. Coston and Murphy, Coleman & Lewis, for appellant."
    ],
    "corrections": "",
    "head_matter": "McCarty v. Wilson.\nOpinion delivered December 10, 1906.\n1. Injunction \u2014 trespass\u2014cutting timber. \u2014 Injunction will not lie to prevent a trespasser from cutting timber where there was no proof of irreparable injury to the freehold nor of defendant's insolvency. (Page 117.)\n2. \u2022 Action \u2014 -wrong forum \u2014 dismissal.\u2014Where an action to enjoin the cutting of timber, was improperly brought in equity, the cause should be dismissed without prejudice to plaintiff\u2019s right to bring an action at law. (Page 117.)\nAppeal from Mississippi Chancery Court; Bdzvard D. Robertson, Chancellor;\nmodified -and affirmed.\nDriver & Harrison, for appellant.\nThe two_ years time fixed in the reservation in the deed was the limit of title. It did not give the appellee an absolute interest in the trees, nor a perpetual right to enter and remove the standing timber on the land, but his estate in the trees was determined if they were not removed from the land within two years. 130 N. Y. 465; 34 Barb. 566; 60 Mich. 622; 63 Ark. 10; 69 Ark. 442; 57 Wis. 118; 37 Wis. 360; 26 Mich. 523; 19 Am. Dec. 330; 6 Atl. 48; 164 Pa. St. 234; 54 N. H. 109.\nJ. T. Coston and Murphy, Coleman & Lewis, for appellant.\n1. The title to the timber did not pass to the vendee at the expiration of two years. The intention of the parties is the controlling principle, and the language of the deed, construed in the light of the situation of -the parties and of the circumstances, points to the conclusion that the stipulation to remove the timber within two years was intended by the parties to be a covenant, and not a limitation upon the title of the grantor or a condition of forfeiture, m Ga. 65; 106 Ga. 353.\n2. Having been prevented by an unusual amount of water on the land from removing the timber within the two 'years, it would be inequitable to deny appellee the right to remove it after the expiration of that time. 122 Ga. 330; 150 Ind. 85. Where a complainant comes into a court of equity seeking its aid, such aid will not be granted except upon equitable terms. 52 Ark. 157; 53 Ark. 69; 76 Ark. 245; 16 Cyc. 140. *\n3. There is no equity alleged in the complaint, and none is disclosed by the proof. There was no allegation or proof of insolvency of 'defendants, nor of irreparable damage to plaintiff. 75 Ark. 288 ; 67 Ark. 414."
  },
  "file_name": "0115-01",
  "first_page_order": 135,
  "last_page_order": 137
}
