{
  "id": 1517165,
  "name": "Turpin v. Beach",
  "name_abbreviation": "Turpin v. Beach",
  "decision_date": "1909-01-11",
  "docket_number": "",
  "first_page": "604",
  "last_page": "610",
  "citations": [
    {
      "type": "official",
      "cite": "88 Ark. 604"
    }
  ],
  "court": {
    "name_abbreviation": "Ark.",
    "id": 8808,
    "name": "Arkansas Supreme Court"
  },
  "jurisdiction": {
    "id": 34,
    "name_long": "Arkansas",
    "name": "Ark."
  },
  "cites_to": [
    {
      "cite": "45 Ark. 240",
      "category": "reporters:state",
      "reporter": "Ark.",
      "case_ids": [
        1892056
      ],
      "opinion_index": -1,
      "case_paths": [
        "/ark/45/0240-01"
      ]
    },
    {
      "cite": "80 Ark. 79",
      "category": "reporters:state",
      "reporter": "Ark.",
      "weight": 2,
      "pin_cites": [
        {
          "page": "195"
        }
      ],
      "opinion_index": -1
    },
    {
      "cite": "68 Ark. 314",
      "category": "reporters:state",
      "reporter": "Ark.",
      "case_ids": [
        1334036
      ],
      "opinion_index": -1,
      "case_paths": [
        "/ark/68/0314-01"
      ]
    },
    {
      "cite": "87 Ark. 393",
      "category": "reporters:state",
      "reporter": "Ark.",
      "case_ids": [
        1519101
      ],
      "opinion_index": -1,
      "case_paths": [
        "/ark/87/0393-01"
      ]
    },
    {
      "cite": "74 Hun, 256",
      "category": "reporters:state",
      "reporter": "Hun,",
      "opinion_index": -1
    },
    {
      "cite": "49 Mich. 56",
      "category": "reporters:state",
      "reporter": "Mich.",
      "case_ids": [
        1395661
      ],
      "opinion_index": -1,
      "case_paths": [
        "/mich/49/0056-01"
      ]
    },
    {
      "cite": "59 Ark. 405",
      "category": "reporters:state",
      "reporter": "Ark.",
      "case_ids": [
        1327714
      ],
      "opinion_index": -1,
      "case_paths": [
        "/ark/59/0405-01"
      ]
    },
    {
      "cite": "89 Ala. 405",
      "category": "reporters:state",
      "reporter": "Ala.",
      "opinion_index": -1
    },
    {
      "cite": "97 Mich. 412",
      "category": "reporters:state",
      "reporter": "Mich.",
      "opinion_index": -1
    },
    {
      "cite": "21 Ill. 236",
      "category": "reporters:state",
      "reporter": "Ill.",
      "opinion_index": -1
    },
    {
      "cite": "47 Ill. 243",
      "category": "reporters:state",
      "reporter": "Ill.",
      "opinion_index": -1
    },
    {
      "cite": "21 Ill. 619",
      "category": "reporters:state",
      "reporter": "Ill.",
      "opinion_index": -1
    },
    {
      "cite": "65 Ill. 42",
      "category": "reporters:state",
      "reporter": "Ill.",
      "opinion_index": -1
    },
    {
      "cite": "27 Miss. 498",
      "category": "reporters:state",
      "reporter": "Miss.",
      "case_ids": [
        1659020
      ],
      "opinion_index": -1,
      "case_paths": [
        "/miss/27/0498-01"
      ]
    },
    {
      "cite": "38 Tex. 139",
      "category": "reporters:state",
      "reporter": "Tex.",
      "case_ids": [
        1171411
      ],
      "opinion_index": -1,
      "case_paths": [
        "/tex/38/0139-01"
      ]
    },
    {
      "cite": "12 L. R. A. 243",
      "category": "reporters:federal",
      "reporter": "L.R.A.",
      "opinion_index": -1
    },
    {
      "cite": "75 Ark. 414",
      "category": "reporters:state",
      "reporter": "Ark.",
      "opinion_index": -1
    },
    {
      "cite": "59 Ark. 408",
      "category": "reporters:state",
      "reporter": "Ark.",
      "opinion_index": -1
    },
    {
      "cite": "4 Ark. 276",
      "category": "reporters:state",
      "reporter": "Ark.",
      "opinion_index": 0
    },
    {
      "cite": "21 Ark. 174",
      "category": "reporters:state",
      "reporter": "Ark.",
      "opinion_index": 0
    },
    {
      "cite": "81 Ark. 208",
      "category": "reporters:state",
      "reporter": "Ark.",
      "case_ids": [
        1530603
      ],
      "opinion_index": 0,
      "case_paths": [
        "/ark/81/0208-01"
      ]
    },
    {
      "cite": "63 Ark. 513",
      "category": "reporters:state",
      "reporter": "Ark.",
      "case_ids": [
        8724221
      ],
      "opinion_index": 0,
      "case_paths": [
        "/ark/63/0513-01"
      ]
    },
    {
      "cite": "84 Ark. 429",
      "category": "reporters:state",
      "reporter": "Ark.",
      "case_ids": [
        1524369
      ],
      "opinion_index": 0,
      "case_paths": [
        "/ark/84/0429-01"
      ]
    },
    {
      "cite": "77 Ark. 199",
      "category": "reporters:state",
      "reporter": "Ark.",
      "opinion_index": 0
    },
    {
      "cite": "80 Ark. 79",
      "category": "reporters:state",
      "reporter": "Ark.",
      "opinion_index": 0
    },
    {
      "cite": "87 Ark. 393",
      "category": "reporters:state",
      "reporter": "Ark.",
      "case_ids": [
        1519101
      ],
      "opinion_index": 0,
      "case_paths": [
        "/ark/87/0393-01"
      ]
    },
    {
      "cite": "47 Ill. 243",
      "category": "reporters:state",
      "reporter": "Ill.",
      "opinion_index": 0
    }
  ],
  "analysis": {
    "cardinality": 696,
    "char_count": 13324,
    "ocr_confidence": 0.646,
    "pagerank": {
      "raw": 2.7048538232216095e-07,
      "percentile": 0.8287963892875608
    },
    "sha256": "89213b9a9f80c1019248be1d2e842ab13efab916c1eec16560b4750d5530f5fc",
    "simhash": "1:e2d034ed022a20d1",
    "word_count": 2367
  },
  "last_updated": "2024-02-27T21:26:24.209188+00:00",
  "provenance": {
    "date_added": "2019-08-29",
    "source": "Harvard",
    "batch": "2018"
  },
  "casebody": {
    "judges": [],
    "parties": [
      "Turpin v. Beach."
    ],
    "opinions": [
      {
        "text": "Hart, J.,\n(after stating the facts.) We think the decree of the chancellor was' erroneous, and that it would be inequitable to declare a forfeiture under the facts disclosed in the record. Braddock v. England, 87 Ark. 393, and cases cited. Besides, the unpaid notes were negotiable, and some of them net yet due, and the contract contemplates a surrender of the notes if a forfeiture is declared. In his letter to Guinn, Beach only offers to cancel and deliver the notes to him on Guinn\u2019s surrendering his copy of the contract properly assigned. The notes were never cancelled or surrendered to Guinn. See Staley v. Murphy, 47 Ill. 243.\nCounsel for appellees claim that the record shows that it does not contain all the evidence, and in support of their contention cite the case of Hardie v. Bissell, 80 Ark. 79. In that case,. Riddicic, J., speaking for the court, said:\n\u201cWe have to look to the record alone; and as the record recites that tax receipts and also the record of tax receipts were read in evidence, and as these are not found in the transcript here, we must presume that the chancery court had before it evidence which the transcript does not contain.\u201d To the same effect, see Matlock v. Stone, 77 Ark. 199 and East v. Key, 84 Ark. 429.\nSo, too, in the case of White v. Smith, 63 Ark. 513, which was an appeal from the Pope Circuit Court in chancery, Riddick, J. said: \u201cWe are of the opinion that the decree of the circuit court should be affirmed. The record shows that the case was heard partly on evidence taken orally at the bar of the court, and this oral evidence was not reduced to writing or preserved by bill of exceptions, and is not contained in the transcript upon which the case was submitted for decision here.\u201d\nThe above decisions are based upon the fact that the record did not show the evidence upon which the decree was based, and for that reason this court could not tell whether or not the cause was correctly decided in the chancery court. In such cases the presumption is that the omitted evidence was sufficient to sustain the decree of the chancellor.\nIn the case of Lenon v. Brodie, 81 Ark. 208, the decree, after reciting in part upon what the cause was heard, continuing, said: \u201cThe depositions of witnesses [were] taken ore tenus at the bar of the court, and agreed to be filed and used as depositions in the case.\u201d The certificate of the clerk to the transcript was in the same language as the certificate in the present case. The court held that it was sufficient to show the evidence upon which the case was heard. The rule is that the transcript must show all the evidence upon which the cause is 'heard, and, if there is any conflict between the certificate of the clerk to the transcript and the recitals of the decree in that respect, the latter governs.\nThe decree in the present case recites that the cause was submitted \u201cupon the complaint and amended complaint of plaintiffs, the answer of the defendant, and the depositions of A. D. Beach, J. E. Turpin and T. G. Malloy, and other evidence.\u201d The clerk of the chancery court certifies that \u201cthe annexed and foregoing 52 pages of within typewritten matter contains a true, correct and compared transcript of all the pleadings, papers, files and entries of proceedings in the action styled in the caption, as hath appeared by comparing the same with the originals thereof now on file'and of record in my office.\u201d The original contract, the notes marked paid and the letter of date of December 8, 1906, from A. D. Beach to. Willis Guinn are included in the transcript, and are referred to and made exhibits to the depositions. These instruments of writing are independent evidence. The object of the witness referring to the exhibits is to prove them to be what they purport to be, and the provision of the statute requiring exhibits to be attached to the deposition, etc., was only intended for greater certainty and security in proving them. Atkins v. Guice, 21 Ark. 174; Nick\u2019s Heirs v. Rector, 4 Ark. 276. We must indulge the presumption that the \u201cother evidence\u201d mentioned in the recitals of the decree is these instruments of writing referred to in the depositions as exhibits. They are contained in the transcript and certified by the clerk as having been introduced in evidence, and this is not contradicted by the recitals of the decree. Hence we conclude that it is sufficiently shown that the transcript contains all the evidence upon which the cause was heard.\nTherefore, the decree of the chancellor is reversed, and the cause remanded with directions to enter a decree for specific performance upon the payment of the balance of the purchase money in accordance with the prayer of the complaint.",
        "type": "majority",
        "author": "Hart, J.,"
      }
    ],
    "attorneys": [
      "I. S. Humbert and Malloy & Danaher, for appellants.",
      "Frank H. Dodge and I. H. Carmichael, for appellee."
    ],
    "corrections": "",
    "head_matter": "Turpin v. Beach.\nOpinion delivered January 11, 1909.\n1. Sale op land \u2014 forfeiture\u2014waiver.\u2014Where land was sold partly for cash and partly on credit, and several notes were taken for the unpaid money, payable at intervals, and stipulating that upon the first or any subsequent default made in the payments all of the notes remaining unpaid shall at once become due and payable, and that the vendor may surrender them at any time after 30 days, and the obligation resting on him shall become null and void, a forfeiture by reason of nonpayment of the notes at maturity was waived by the vendor accepting payment of certain of the notes after maturity and waiting until third persons have purchased the land from the vendee before seeking to enforce the forfeiture. (Page 608.)\n2. Same \u2014 mode op declaring forfeiture. \u2014 Where a contract of sale of land stipulated that, upon default in payment of any of the negotiable notes given for the purchase money, the vendor may declare forfeiture and surrender the unpaid notes whereupon his obligation should become null and void, an attempt by the vendor to declare a forfeiture by offering to surrender the unpaid notes, some of which were not yet due, upon the vendee\u2019s surrender of the contract was \u25a0insufficient. (Page 608.)\n3. Appeal and error \u2014 bringing op evidence \u2014 presumption.\u2014The decree appealed 'from recites that the cause was submitted upon the pleadings, the depositions of three witnesses, and other evidence. The clerk certifies that the transcript contains all the pleadings, papers, files, etc., in the action. Certain exhibits were attached to the depositions. Held, that it will be presumed that these exhibits constituted the \u201cother evidence\u201d mentioned in the recitals of the decree. (Page 608.)\nAppeal from Pulaski Chancery Court; John B. Martineau, Chancellor;\nreversed.\nSTATEMENT BY THE COURT.\nOn the 1st day of February, 1904, L,. B. Beach entered into a written contract with Willis Guinn, a negro, to convey to him the real estate involved in this controversy. The consideration named in the contract was $550. The contract re-cities that $25 of it were paid in cash, and that notes bearing the same date as the instrument were executed for the deferred payments. They were negotiable and payable to the order of L. B. Beach as follows: $30 due March 28, 1904, and thirty dollars' every three months thereafter until $510 are paid and one other note for $15 due June 28, 1908. The agreement stipulates that, upon the payment of the purchase money, a deed will be executed to the purchaser, and that upon the first or any subsequent default made in said payments all of said notes remaining unpaid shall at once become due and payable, and that Beach may surrender them at any time after 30 days, and the obligation resting on him shall become null and void, and that the money theretofore paid by Guinn on account of said purchase shall be considered as so much rent paid by Guinn for the use of the property from the date of the contract. Guinn went into possession of the property, but did not meet all his payments as they fell due. L. B. Beach was the daughter of A. D. Beach, and he acted as her agent in the whole transaction. He says that Guinn never made any of the payments when the notes fell due except the first one. Thereafter the payments were made at irregular intervals'. Five of the notes of $30 each have been paid, and an indorsement of $14 paid on the sixth note. Guinn kept making excuses for his delay in making payments which Beach accepted and received each payment as it was made. Guinn went to see Beach about his deferred payments in November, 1906. Beach said that he owed him more than he thought he ought to, and told him that had forfeited his rights. He agreed with Guinn that if he would pay the balance of the purchase money by the 1st day of December he would execute him a deed to the land. Fie gave Guinn a memorandum showing the total amount to be due as $465. On the 8th day of December, 1906, Beach wrote to Guinn the following letter:\n\u201cMr. Willis Guinn,\n\u201c31st and Cumberland Sts.,\n\u201cTittle Rock.\n\u201cDear Sir: I hereby give you notice that the contract between T. B. Beach and yourself, dated February 1, 1904, is hereby declared cancelled and void, in accordance with the terms and provisions therein, and I hereby demand immediate possession of the real estate therein described. All of your unpaid notes will be cancelled and delivered to you on surrender of your copy of said contract, properly assigned to me. \u00bb\n\u201cVery truly yours,\n(Signed) \u201cT. B. Beach,\n\u201cBy A. D. Beach, Agent.\u201d\nOn the contract appears the following assignment: \u201cI hereby assign all my right, title and interest in and to the written contract to Yates & Turpin,.agents, for and in consideration of one hundred dollars cash in hand paid by said Yates & Turpin, which I hereby acknowledge. December 11, 1906.\u201d\n(Signed \u201cWillis Guinn.\u201d\nThus far 'there is1 no controversy about the facts.\nTurpin testified that the agreement for the assignment was made several days before this writing was executed. That he paid Guinn $15 at the time. That he then went to see Beach, and demanded a deed. That Beach refused to execute the deed, although the purchase money was tendered to him. That $85 was paid to Guinn when the written assignment was executed.\nBeach testified that he refused to make the deed as requested by Turpin. That he told him Guinn had no rights in the contract, and he had better not put any money into it. That Turpin said as he was going out, \u201cWell, I have not put any money in it yet.\u201d Turpin denies this.\nBeach further testified:\n\u201cQ. (By the court) : Was that before or after you had written this letter (referring to the letter of December 8, 1906) ? A. My impression is that it was the same day I had written the letter.\u201d\nAgain the following appears in his testimony:\n\u201cQ. You told him (Guinn) that he had forfeited his right, and you would have to eject him, and wrote him this letter all \u25a0before you knew about the interest Yates & Turpin claimed in it, or knew he was dealing with them?\n\u201cA. I am not sure about that. I don\u2019t know whether my conversation with Turpin was before or after this, but my recollection is that it was the same day. Of course, I knew that they had been talking with him, but I thought they would not make any deal with him after I had talked with them, and was surprised when I heard they had.\u201d\nThe chancellor denied appellants the right of specific performance and rendered a decree dismissing the complaint for want of equity; and the case is here on appeal.\nI. S. Humbert and Malloy & Danaher, for appellants.\nCourts of equity abhor forfeitures; and, when the contract will admit of a construction that will prevent it, refuse to declare a forfeiture. 59 Ark. 408; 77 Id. 168; Id. 307. Beach waived a forfeiture. 75 Ark. 414; 59 Id. 405; 83 Id. 553. Failure to pay the purchase money according to the agreement will not authorize the vendor to institute suit to rescind 'the contract. 12 L. R. A. 243; 38 Tex. 139; 27 Miss. 498; 65 Ill. 42; 2 Warvell on Vendors & Pur. 849-880; 21 Ill. 619. The unpaid negotiable note must always be returned or cancelled before a forfeiture can be declared. 47 Ill. 243. Before the vendor can rescind, he must place himself where he cannot enforce the contract against the vendee. 21 Ill. 236. Time is not of the essence of the contract, and notice to quit not a sufficient declaration of an intention to declare a forfeiture. 97 Mich. 412; 89 Ala. 405. It would be unconscionable to permit the vendor to keep both the money and the property. 91 N. Y. App. 400. And if there had been a forfeiture, equity will relieve against it. 59 Ark. 405. A forfeiture is waived by extending time for payment. 49 Mich. 56; 74 Hun, 256.\nFrank H. Dodge and I. H. Carmichael, for appellee.\nThe case should be affirmed on the authority of Braddock v. England, 87 Ark. 393. Granting specific performance is always discretionary with the court. Eaton on Equity, 529; Pomeroy\u2019s Equity, (Student\u2019s' Ed.) sec. 1404; Pomeroy\u2019s Eq. Vol. 6. sec. 762. A chancellor\u2019s fiinding of fact will not be set aside unless against the clear preponderance of the evidence. 68 Ark. 314; 71 Id. 605; 68 Id. 134; 73 Id. 489; 67 Id. 200; 75 Id. 52; 85 Id. 83. Where the record shows that it does not contain all the evidence, it will be presumed that the evidence was sufficient to sustain the finding and decree of the chancellor. 80 Ark. 79; 77 Id. 195; 63 Id. 513; 45 Id. 240; Id. 304; 58 Id. 134. It is too late after expiration of the term to cure the defect by order nunc pro tunc. 45 Ark. 240."
  },
  "file_name": "0604-01",
  "first_page_order": 624,
  "last_page_order": 630
}
