{
  "id": 1369512,
  "name": "Kansas City Southern Railway Company v. Cecil",
  "name_abbreviation": "Kansas City Southern Railway Co. v. Cecil",
  "decision_date": "1926-04-26",
  "docket_number": "",
  "first_page": "34",
  "last_page": "40",
  "citations": [
    {
      "type": "official",
      "cite": "171 Ark. 34"
    }
  ],
  "court": {
    "name_abbreviation": "Ark.",
    "id": 8808,
    "name": "Arkansas Supreme Court"
  },
  "jurisdiction": {
    "id": 34,
    "name_long": "Arkansas",
    "name": "Ark."
  },
  "cites_to": [
    {
      "cite": "159 Ark. 484",
      "category": "reporters:state",
      "reporter": "Ark.",
      "case_ids": [
        8723021
      ],
      "opinion_index": 0,
      "case_paths": [
        "/ark/159/0484-01"
      ]
    },
    {
      "cite": "24 Pac. 1088",
      "category": "reporters:state_regional",
      "reporter": "P.",
      "opinion_index": 0
    },
    {
      "cite": "119 Ark. 143",
      "category": "reporters:state",
      "reporter": "Ark.",
      "case_ids": [
        8718212
      ],
      "opinion_index": 0,
      "case_paths": [
        "/ark/119/0143-01"
      ]
    },
    {
      "cite": "132 Ark. 257",
      "category": "reporters:state",
      "reporter": "Ark.",
      "case_ids": [
        1576683
      ],
      "opinion_index": 0,
      "case_paths": [
        "/ark/132/0257-01"
      ]
    }
  ],
  "analysis": {
    "cardinality": 518,
    "char_count": 12325,
    "ocr_confidence": 0.492,
    "pagerank": {
      "raw": 3.27406745891543e-07,
      "percentile": 0.8702511227488552
    },
    "sha256": "bd947cf8042acba76f6561abffbf305e49e9205b2c5c742b952cddf624c0b304",
    "simhash": "1:78bc1780bceef422",
    "word_count": 2102
  },
  "last_updated": "2024-02-28T00:06:45.048720+00:00",
  "provenance": {
    "date_added": "2019-08-29",
    "source": "Harvard",
    "batch": "2018"
  },
  "casebody": {
    "judges": [],
    "parties": [
      "Kansas City Southern Railway Company v. Cecil."
    ],
    "opinions": [
      {
        "text": "Smith, J.\nAppellee sued the appellant railway company, and for his cause of action alleged \u201cthat the defendant, the Kansas City Southern Railway Company, on the 3d day of October, 1922, through the negligence of its employees,- who were engaged in the operation and work of said railway company along its right-of-way, caused and permitted fire to escap\u00e9 from the defendant\u2019s right-of-way and spread- over on plaintiff\u2019s land, on which his orchard was located, and to burn over same; the result of said negligence being- the burning and destroying of 406 peach trees and one-fourth of a mile of rail fence, to the plaintiff\u2019s damage in the sum of $1,100.\u2019-\u2019\nThe answer of the appellant railway company denied specifically all the allegations, of the complaint;\nThe jury returned a verdict for appellee in the sum of $380, and, after this had been done, appellee filed a motion for the allowance of an attorney\u2019s fee, and upon hearing this motion the court fixed a fee for appellee\u2019s attorneys of $75, and judgment was rendered for -the damages assessed by the jury and the attorney\u2019s' fee assessed by the court. \u2018\u2018\nFor the reversal of this judgment, it is insisted that the complaint stated a cause of action under which it' was necessary for appellee to proVe that the fire which-destroyed- appellee\u2019s orchard was caused by the negligence of some one of appellant\u2019s employees, and that no negligence was shown, and that the judgment should be reversed for this reason;'and it is also insisted that, in no event, should an attorney\u2019s fee have been allowed.\n\u25a0Appellee insists that his caus\u00e9 of action was predicated upon \u00a7 8569, C. & M. Digest, which reads as follows: \u201cAll corporations, companies or persons, engaged in operating any railroad wholly or partly in this State, shall be liable fot the destruction of; or injury to, any property, real or personal, which'may be caused by fire, or result from any locomotive, engine, machinery, train; car or other thing used upon said railroad, or in the-operation thereof; or which may result from, or be caused by, any employee, agent or servant of such corporation, company or person upon or in the operation of such'railroad, and the owner of any such property, real or personal, which may be destroyed or injured, may recover all such dam\u00e1ge to said property by suit in any court', in the county where the damage occurred, having jurisdiction of the amount of such damage, and upon the trial of any such action or suit for such damage it shall not. be lawful for the defendant in such suit or action to plead or prove as a defense thereto that the fire which caused such injury was not' the result of negligence or carelessness upon the part of such defendant, its employees, agents or servants; but in all such actions it shall only be necessary for the owner of such property so injured to prove that the fire which caused or resulted in the injury originated or was caused by the operation of such railroad, or resulted from the acts of the employees, agents or servants of such defendant, and, if the plaintiff recover in such suit or action, he shall also recover a reasonable attorney\u2019s fee, to be ascertained from the evidence in the case by the court or jury trying the same. Provided, that the penalty prescribed by this section shall apply only when such employee, agent or servant is in the discharge of his duty as such.\u201d\nThis statute has several times been construed by this court, and it will be necessary only to call attention to the construction placed upon the statute in these prior decisions.\nIn the case of Clark v. St. L. I. M. & S. R. Co., 132 Ark. 257, which cited the case of Kansas City Sou. Ry. Co. v. Wilson, 119 Ark. 143, the statute was considered and construed.\nWe there said that, while\" this statute was somewhat involved and ambiguous, it was the intention of the Legislature, in enacting it, to make railroads liable, not only for injury to or destruction of property caused by such extraordinary hazard as the operation of a locomotive engine, etc., but also for the damage by fire caused \u201cby the positive affirmative act of the servants or employees of railway companies in the operation of the railroad,\u201d and it was there also said that \u201cthe language (of the statute). is sufficiently broad to include such acts as the burning off and clearing up of the right-of-way or roadbed, or such acts as the building\u2019 of fires on the right-of-way, or in proximity thereto, while engaged in the work of repairing the railroad track or roadbed for the operation of trains.\u201d We there quoted with approval from the case of Missouri Pacific R. Co. v. Cady, 24 Pac. 1088, the following language from the Supreme Court of Kansas: \u2018 \u2018 The burning of dry grass, weeds and other combustible material which annually accumulates on the right-of-way is caring for the roadway and track.\u201d See also Valley Lbr. Co. v. Westmoreland Bros., 159 Ark. 484.\nAppellant insists that appellee did not allege, and did not prove, a cause of action under this statute, even as construed in the Clark case, supra, for the reason that it was not alleged that the Railway company had set out the fire; nor was that fact proved. We think, however, that the allegations of the complaint, copied above., should be construed as containing this allegation. The complaint does allege that the railway company \u201ccaused and permitted fire to escape from the defendant\u2019s right-of-way. \u2019 \u2019 This allegation is not very definite or specific, but there was no motion to make it more definite and specific.\nConcerning this allegation appellant says: \u201cThe complaint herein does not charge that the employees of the railroad company caused, or started, the said fire, which resulted in the damage complained of. It charges the employees caused and permitted fire to escape from the defendant\u2019s right-of-way to the plaintiff\u2019s land. It necessarily follows that a cause of action has not been stated under the statute referred to. The said statute applies only to a case where the employee has caused the fire. \u2018Cause\u2019 here is used as a verb, and is synonymous with the words \u2018produce,\u2019 \u2018to bring about.\u2019 \u2018Cause\u2019 means \u2018to produce or bring in existence,\u2019 says the Century Dictionary and Webster\u2019s International Dictionary. The above meanings are also given the word in the following cases:\u201d (which are cited).\nWe think the allegation that appellant \u2018\u2018caused\u201d the fire charged that appellant \u201cproduced it\u201d or \u201cbrought it about,\u201d that is, by some positive affirmative act the railway company caused the fire. The complaint does not state what this act was, hut, as we have said, there was no motion that this should be required.\nIt is true the complaint alleged that the railway company had \u201cnegligently caused and permitted fire to escape from the railroad\u2019s right-of-way,\u201d and the instructions given by the court submitting appellee\u2019s theory of the ease required a finding of negligence, but this was an unnecessary allegation, and appellant was not prejudiced because this additional burden of proof was placed upon appellee.\nThe court gave, at the request of appellant, instructions which required the .jury to find, before returning a verdict for appellee, that the employees of the railway company, while engaged in the operation and work of the'railroad, caused and permitted fire to escape from the railroad right-of-way on to appellee\u2019s land. The jury was also told that \u201cif the fire did not originate from any act of negligence of the employees of the d\u00e9fendant in setting out a fire for the purpose of clearing up the roadbed or right-of-way, and, if there was no negligence on the part of the defendant, a verdict must be rendered for the defendant.\u201d\nIn view of this instruction and the verdict returned by the jury in appellee\u2019s favor, the jury must have found that the fire which destroyed appellee\u2019s orchard was set out by the employees of the railway company while clearing up the right-of-way, and also made the unnecessary finding that this was negligently done.\nAppellant insists that there is not only no testimony showing negligence, but that there is no testimony to support the finding that its employees set out the fire which destroyed the orchard. Passing upon this question we must, of course, give to the evidence which tends to support the verdict its highest probative value, and, when thus viewed, it may be stated as follows:\nJess Bass, who was twenty-one years old at the time of the trial, testified that he was a schoolboy when the fire occurred in, 1922, and that, as he was returning from school, he saw a fire southeast of the orchard, burning along the right-of-way, and that the fire was only about one hundred yards from the orchard, and that, when he passed again the next day, he saw that the fire had continued through the woods, to the orchard, and had burned the fruit trees.\nHal Barnes testified that he noticed where a pile of cross-ties had been burned on the right-of-way of the railroad, and that he saw some embers there freshly burned. These embers were about sixty or seventy-five feet from the point where the orchard cornered with the right-of-way fence, and the grass was burned from the point where the orchard cornered with the railroad right-of-way fence to the place where the pile of embers was on the right-of-way, and it looked as if it were recently burned.\nThe section foreman admitted that he had burned off the right-of-way, but he testified that the portion near appellee\u2019s orchard had been burned off on September 30, which was three days before the burning of the orchard, which occurred on October 3, and that the pile of ties had been burned in August.\nThe questions of fact in the case have been passed upon by the jury, and there has been a finding adverse to appellant\u2019s contention as to the origin, of the fire, and in our opinion the testimony is legally sufficient to support the verdict.\nAs to the attorney\u2019s fee allowed by the court, it may be said that no complaint is made that the fee is excessive if the railway company is liable therefor, and on the question of liability it may be said that, inasmuch as we have held that the statute applies to damages resulting from a fire which the employees of a railroad set out on the right-of-way, and which is, allowed to escape therefrom, the court was not in, error in allowing the fee. In other words, if the statute applies, and the railroad is liable thereunder (and we have concluded that this liability was alleged, and the jury has found that it was proved), the party damaged has the right, as an incident to a recovery under the statute, to recover also a reasonable attorney\u2019s fee, and it was therefore proper to render judgment for the attorney\u2019s fee as well as for the damage itself.\nNo error appearing, the judgment is affirmed.",
        "type": "majority",
        "author": "Smith, J."
      }
    ],
    "attorneys": [
      "Jmnes B. McDonough! and Joseph R. Brown, for appellant.",
      "Lake, Lake <& Carlton, for appellee."
    ],
    "corrections": "",
    "head_matter": "Kansas City Southern Railway Company v. Cecil.\nOpinion delivered April 26, 1926.\n1. Railroads \u2014 liability for damage by fire. \u2014 Under Crawford & Moses\u2019 Dig., \u00a7 8569, a railway company is liable, not .only' for injury to or destruction of property by such extraordinary hazards as the operation of a locomotive engine, but also by the acts of its servants or employees, such as burning off the right-of-way or building fires thereon or in proximity thereto.\n2. Railroads \u2014 damage by fire \u2014 sufficiency of complaint. \u2014 Under Crawford & Moses\u2019 Dig., \u00a7 8569, a complaint alleging that defendant railway company \u201ccaused and permitted fire to escape\u201d from its right-of-way, is sufficient, in the absence of a motion to make the complaint more specific.\n3. Railroads \u2014 liability for damage by fire \u2014 negligence.\u2014In an action under Crawford & Moses\u2019 Dig., \u00a7 8569, against a railway company for damage to property by fire caused by the acts of its employees in permitting fire to escape from its right-of-way it was unnecessary to allege or prove negligence on the part of defendant or its employees.\n4. Railroads \u2014 liability for damage by fire \u2014 attorney\u2019s fee.\u2014 In an action against a railway company for damage to property by fire under Crawford & Moses\u2019 Dig., \u00a7 8569, it was proper to render j'udgment for a reasonable attorney\u2019s fee as incident to a j'udgment for damages.\nAppeal from Polk Circuit Court; B. E. Isbell, Judge;\naffirmed.\nJmnes B. McDonough! and Joseph R. Brown, for appellant.\nLake, Lake <& Carlton, for appellee."
  },
  "file_name": "0034-01",
  "first_page_order": 50,
  "last_page_order": 56
}
