{
  "id": 1369397,
  "name": "Pine Bluff v. Arkansas Traveler Bus Company",
  "name_abbreviation": "Pine Bluff v. Arkansas Traveler Bus Co.",
  "decision_date": "1926-07-12",
  "docket_number": "",
  "first_page": "727",
  "last_page": "730",
  "citations": [
    {
      "type": "official",
      "cite": "171 Ark. 727"
    }
  ],
  "court": {
    "name_abbreviation": "Ark.",
    "id": 8808,
    "name": "Arkansas Supreme Court"
  },
  "jurisdiction": {
    "id": 34,
    "name_long": "Arkansas",
    "name": "Ark."
  },
  "cites_to": [
    {
      "cite": "186 Pac. 864",
      "category": "reporters:state_regional",
      "reporter": "P.",
      "opinion_index": 0
    },
    {
      "cite": "163 Pac. 18",
      "category": "reporters:state_regional",
      "reporter": "P.",
      "opinion_index": 0
    },
    {
      "cite": "179 S. W. 631",
      "category": "reporters:state_regional",
      "reporter": "S.W.",
      "opinion_index": 0
    },
    {
      "cite": "195 S. W. 989",
      "category": "reporters:state_regional",
      "reporter": "S.W.",
      "case_ids": [
        8260638
      ],
      "opinion_index": 0,
      "case_paths": [
        "/sw/195/0989-01"
      ]
    },
    {
      "cite": "155 Pac. 171",
      "category": "reporters:state_regional",
      "reporter": "P.",
      "case_ids": [
        4560062
      ],
      "opinion_index": 0,
      "case_paths": [
        "/or/79/0276-01"
      ]
    },
    {
      "cite": "85 N. E. 848",
      "category": "reporters:state_regional",
      "reporter": "N.E.",
      "opinion_index": 0
    },
    {
      "cite": "168 Pac. 516",
      "category": "reporters:state_regional",
      "reporter": "P.",
      "opinion_index": 0
    },
    {
      "cite": "85 S. E. 781",
      "category": "reporters:state_regional",
      "reporter": "S.E.",
      "opinion_index": 0
    },
    {
      "cite": "182 S. W. 275",
      "category": "reporters:state_regional",
      "reporter": "S.W.",
      "opinion_index": 0
    },
    {
      "cite": "121 Ark. 606",
      "category": "reporters:state",
      "reporter": "Ark.",
      "case_ids": [
        1559375
      ],
      "opinion_index": 0,
      "case_paths": [
        "/ark/121/0606-01"
      ]
    }
  ],
  "analysis": {
    "cardinality": 339,
    "char_count": 5628,
    "ocr_confidence": 0.512,
    "pagerank": {
      "raw": 7.40576461183852e-08,
      "percentile": 0.44295439618294347
    },
    "sha256": "e0b2cf148eb94c8dcdf256a945a6f18e365809116971794f558f7a7aade08d90",
    "simhash": "1:31a3ad93a3e5f3b2",
    "word_count": 939
  },
  "last_updated": "2024-02-28T00:06:45.048720+00:00",
  "provenance": {
    "date_added": "2019-08-29",
    "source": "Harvard",
    "batch": "2018"
  },
  "casebody": {
    "judges": [],
    "parties": [
      "Pine Bluff v. Arkansas Traveler Bus Company."
    ],
    "opinions": [
      {
        "text": "Hart, J.,\n(after stating the facts). In Willis v. City of Fort Smith, 121 Ark. 606, 182 S. W. 275, it was held-that, under our statutes, municipal corporations have expressly been given control and supervisi\u00f3n of the streets and highways within their limits. It was further. held that the State has a right to regulate and control- the use of motor vehicles except as it has granted such right to other governmental agencies, and that, under the -provisions of our motor vehicle law, the State has recognized the exclusive right of municipal corporations to make and enforce rules and regulations for motor vehicles t\u00f3 be used for public hire.\nIt is a rule of universal application in this country that, when private property is devoted to a public use, it is subject to regulation under the police power. It is well settled that, in the absence of constitutional limitations, the Legislature has the right to regulate and prescribe the rules according to which the business of common-carriers may be conducted, and this power may be delegated to municipal corporations to be exercised for the promotion of the public convenience. Hence it is well settled that the right of a citizen to travel upon the streets and transport his property thereon in the ordinary course of things is wholly different from that of a common earr rier who makes the streets his place of business and uses them for private gain in the running of motor busses. The former is the common right of every one, and the latter\nis a special or exceptional use of the streets not common to all the citizens of the State. See Dickey v. Davis (W. Va.), 85 S. E. 781, L. R. A. 1915F, 840; Hadfield v. Lundin (Wash.), 168 Pac. 516, L. R. A 1918B, 909; Commonwealth v. Kingsbury (Mass.), 85 N. E. 848, L. R. A. 1915E, 264; Cummins v. Jones (Ore.), 155 Pac. 171; Peters v. San Antonio, 195 S. W. 989; Memphis v. State, (Tenn.), 179 S. W. 631, L. R. A. 1916B, 1151; Allen v. Bellingham (Wash.), 163 Pac. 18; and State v. Spokane (Wash), 186 Pac. 864.\nThe Arkansas Railroad Commission was established, among other things, for the purpose of regulating motor busses, but there is no inconsistency between its powers arid the power given cities to control their streets. Indeed, one of the rules of the Arkansas Railroad Commission provides for the loading and unloading of passengers of public busses operating as common carriers at only privately owned depots in the cities and towns requiring it by valid ordinances.\nThe result of our views is that the circuit court erred in holding the ordinance in question to be invalid, and for that error the judgment will be reversed, and the cause remanded for a new trial.",
        "type": "majority",
        "author": "Hart, J.,"
      }
    ],
    "attorneys": [
      "L. Dewoody Lyle, for appellant."
    ],
    "corrections": "",
    "head_matter": "Pine Bluff v. Arkansas Traveler Bus Company.\nOpinion delivered July 12, 1926.\n1. Municipal corporations \u2014 control op streets. \u2014 Municipal corporations have control and supervision of the streets within their limits.\n2. Automobiles \u2014 regulation.\u2014The State can regulate and control the use of motor vehicles, except in so far as it has granted such right to other governmental agencies.\n3. Municipal corporations \u2014 regulation op motor vehicles.\u2014 Under the provisions of the motor vehicle law (Acts 1911, p. 94), the State has recognized the exclusive right of municipal corporations to make and enforce rules and regulations for motor vehicles to be used for public hire.\n4. Constitutional law \u2014 police power. \u2014 Private property devoted to public use is subject to regulation under the police power.\n5. Carriers \u2014 regulation\u2014delegation op power. \u2014 In the absence of constitutional limitations, the Legislature can regulate the business of common carriers, and may delegate such power to municipal corporations.\n6. Municipal corporations \u2014 regulation op bus lines. \u2014 An ordinance requiring \u00a1bus lines, with permits from the Railroad Commission, to establish stations at designated places, and prohibiting busses from stopping on streets to take on or discharge passengers, except at stations, held valid.\nAppeal from Jefferson Circuit Court; T. G. Parham, Judge;\nreversed.\nSTATEMENT oe eaots.\nThe city of Pine Bluff' prosecutes this appeal to reverse the judgment of the circuit court holding invalid an ordinance regulating the operation of motor busses in the city of Pine Bluff. The record shows that the city of Pine Bluff passed an ordinanc\u00e9 that public busses operating in\u2019and out of the city should be required to establish stations at their own expense, at designated places within thb city, for the purpose of taking on and discharging passengers.\nSection 2 of the ordinance provides that such public busses be further prohibited from stopping on the streets of the city for the purpose of taking on or discharging passengers, except at the stations to be provided by them tinder the ordinance..\nSection 3 provides that any firm or corporation violating any provisions of the ordinance shall, upon conviction, be fined as prescribed by the ordinance..\nThe Arkansas Traveler Bus Company is an intercity bus line operating between the cities of Pine Bluff and Little Rock, and has been granted a permit to engage in such business by the Railroad Commission of the State of Arkansas. It violated the provisions of such ordinance, and was adjudged to pay a fine of $25 in a prosecution in the municipal court of Pine Bluff.\nThe Arkansas Traveler Bus Company duly prosecuted an appeal to the circuit court, and that court,under the facts stated, held the ordinance to be invalid, and the defendant was ordered discharged.'\nFrom the judgment rendered the city of Pine Bluff has duly prosecuted an appeal to this court.\nL. Dewoody Lyle, for appellant."
  },
  "file_name": "0727-01",
  "first_page_order": 743,
  "last_page_order": 746
}
