{
  "id": 1369565,
  "name": "Cruce v. Missouri Pacific Railroad Company",
  "name_abbreviation": "Cruce v. Missouri Pacific Railroad",
  "decision_date": "1926-10-25",
  "docket_number": "",
  "first_page": "1074",
  "last_page": "1078",
  "citations": [
    {
      "type": "official",
      "cite": "171 Ark. 1074"
    }
  ],
  "court": {
    "name_abbreviation": "Ark.",
    "id": 8808,
    "name": "Arkansas Supreme Court"
  },
  "jurisdiction": {
    "id": 34,
    "name_long": "Arkansas",
    "name": "Ark."
  },
  "cites_to": [
    {
      "cite": "266 S. W. 981",
      "category": "reporters:state_regional",
      "reporter": "S.W.",
      "opinion_index": 0
    }
  ],
  "analysis": {
    "cardinality": 472,
    "char_count": 8897,
    "ocr_confidence": 0.496,
    "sha256": "e9e3b0430f777d2ebce23698f730e28b52cda965f813ea27fdecf1315272887e",
    "simhash": "1:dae324cf5c14259d",
    "word_count": 1480
  },
  "last_updated": "2024-02-28T00:06:45.048720+00:00",
  "provenance": {
    "date_added": "2019-08-29",
    "source": "Harvard",
    "batch": "2018"
  },
  "casebody": {
    "judges": [
      "Smith, J., dissents."
    ],
    "parties": [
      "Cruce v. Missouri Pacific Railroad Company."
    ],
    "opinions": [
      {
        "text": "Humphreys, J.\nAppellant brought this suit against appellee in the circuit court of Jackson Coupty, on September 13, 1923, to recover damages for an injury received on the \u00cd2th day of June, 1922, through the alleged negligence of appellant in allowing a tool-hox full of tools to fall out of the rack of the engine in which he was working, and striking him with such force that it caused an abrasion of the skin at the base of his neck and the small of his back, which paralyzed his right leg, and permanently crippled him. .\nAppellee filed an'answer, denying the material allegations of the complaint, and, by way of additional-defense, pleaded an assumption of the risk and contributory negligence by appellant.\nUpon the first trial of the cause, the court instructed a verdict for appellee, and dismissed appellant\u2019s complaint, from which an appeal was duly prosecuted to this court. The judgment was reversed, and the cause was remanded for new trial. That case is reported under the' style of Cruce v. Missouri Pacific Railroad Company, 167 Ark. page 88, 266 S. W. 981. In rendering the opinion, a full and compl\u00e9te statement of the facts was made relative to the issues of negligence, contributory negligence, and assumption of the risk.\nIn obedience to the mandate of this court, the cause was submitted to the jury upon the pleadings, and testimony introduced by the parties, which resulted in a verdict and judgment in favor of appellee, from which is this appeal.\nThe question involved on this appeal renders it unnecessary to again set out the testimony in the case. Suffice it to say that appellant served as a private in France during the World War. He was honorably discharged from the service on July 3,1919, and soon thereafter was employed by appellee as a fireman oh locomotives, in which capacity he served until he was injured on the 12th day of June, 1922. During this term of service he was able, physically, to perform his duties- as fireman. At the time of his injury he was earning about $200 per month, was twenty-six years old, and in line for promotion with an increase in pay.\nAppellant\u2019s first contention for a reversal of the judgment is that the court erred in permitting Dr. W. H. DeClerk to disclose information obtained in making an examination of appellant in August, 1921, and in testifying to communications which he received, during the examination, from appellant, relative to injuries he sustained during army service in France.\nThe testimony of Dr. DeClerk was objected to upon the ground that the communication And information were privileged, because obtained by a physician in the examination of a patient. Dr. DeClerk was the medical examiner for the Government under the Veterans\u2019 Compensation Act, at the time he examined appellant in August, 1921. Appellant had presented a claim to the Government for disability compensation. Under that act, veterans of the World War are entitled to medical and hospital services free of charge. Dr. DeClerk tes-, tified that he made the examination of appellant with the view of sending him to a hospital, and that, after making the examination, he sent him to the Army and Navy Hospital at Hot Springs. Section 30 of that act makes the record confidential, \u00a1and provides that no disclosure shall be made unless within one of the exceptions provided for.\nWe think it must be said that, in view of the fact that the Government furnishes its veterans free medical and hospital services, and the further fact that Dr. DeClerk examined appellant with a view to sending him to a hospital, and did send him to the Army and Navy Hospital at Hot Spring\u2019s, the confidential relationship between physician and patient attached when appellant presented himself to the doctor for examination.\nDr. DeClerk\u2019s testimony relative to the physical condition of appellant when he examined him, and touching communications he received from appellant in the course of the examination, was incompetent.\nAppellant\u2019s next contention for a reversal of the judgment is that the court erred in permitting appellee to introduce testimony relative to five separate and distinct injuries, covering a period of about two years, in settlement of which it had paid sums ranging from fifty to one hundred dollars. As we read the record, these injuries had no connection with the injury which is the basis of this suit. Appellee had settled with appellant for each one and had retained appellant in its employment for a period of twelve months after the last one of the injuries occurred. We think proof of these injuries was incompetent, and that the trial court committed reversible error in admitting the evidence.\nAppellant\u2019s next contention for a reversal of the judgment is that the court erred in not excluding the testimony of Cleveland Cabler. Cleveland Cabler had charge of the files of the United States Veterans\u2019 Bureau, which contained a claim of appellant which he filed with it for disability under the Veterans\u2019 Act. The trial of the cause had been postponed for one day for this witness to be present, to prove that he had a claim, signed by appellant, to the effect that he had received an injury to his back while in France, which had permanently injured him. When he appeared as a witness, no objection was made to the introduction of his testimony because it was thought that the claim would contain such a statement. As soon as it was discovered that it did not contain such a statement, the appellant moved to exclude the testimony and objected and excepted to the court\u2019s refusal to do so. Temporary injuries, from which appellant had recovered, and which had no connection with the injury made the basis of this suit, were incompetent and prejudicial. The testimony of Cleveland Cabler was of this character, and should have been excluded, and the court committed reversible- error in not doing so.\nAppellant\u2019s last contention for a reversal of the judgment relates to the refusal of the court to give certain written instructions requested by him, and in giving, on its' own 'motion, instruction No. 9.\nWe have examined all of the instructions given by. the court, and think every phase of the case \"was fully covered, and that no prejudice resulted to appellant on account of refusing additional instructions requested by him.\nInstruction No. 9, given by the court, to which our especial attention is called, is as follows:\n\u201cYou are instructed that, although you may believe that the prong or prongs of the rack of the tool-box were bent out, and that it was neglect on the part of defendant to have said prong or prongs in such condition, yet if the plaintiff was so situated that he knew of such condition, and appreciated the dangers therefrom, he assumed the risk of the injury occasioned by the condition of said prong or prongs.\u201d\nThe objection made to this instruction is that it imposed upon appellant knowledge of the position of the tool-rack and also the dangers therefrom, by reason of the situation he occupied.\nOf course it would be error to place such an imposition upon appellant. We do not think the court intended to do so by giving this instruction. Perhaps it is ambiguous and misleading. If the ambiguity had been pointed out to the trial court by specific objection, he would likely have changed the language so as to eliminate the cloud in this, as well as the other two instructions mentioned in appellant\u2019s brief.\nOn account of the errors indicated the .judgment is reversed, and the cause is remanded for a new trial.\nSmith, J., dissents.",
        "type": "majority",
        "author": "Humphreys, J."
      }
    ],
    "attorneys": [
      "Brundidge & Neelly, for appellant.",
      "Thos. B. Pryor, Vincent M. Miles and H. L. Ponder, for appellee."
    ],
    "corrections": "",
    "head_matter": "Cruce v. Missouri Pacific Railroad Company.\nOpinion delivered October 25, 1926.\n1. Witnesses \u2014 privileged communication. \u2014 In an action for personal injuries testimony of a government medical examiner disclosing information obtained in examining plaintiff on his application for disability compensation held inadmissible against plaintiff, being privileged under the Veterans\u2019 Compensation Act, \u00a7 30.\n2. Compromise and settlement \u2014 evidence of prior settlements.\u2014 Evidence relative to injuries previously settled for and having no connection with the injury which is the basis of this suit was erroneously admitted in an employee\u2019s suit against a railroad for personal injuries.\n3. Damages \u2014 evidence of previous injuries. \u2014 In a suit by an employee against a railroad for personal injuries, testimony of persons in charge of the files of the United States Veterans\u2019 Bureau, relative to a claim filed by such employee for previous temporary injuries while in the government\u2019s service, held improperly admitted.\n4. Master and servant \u2014 instruction on assumed risk. \u2014 An instruction on assumed risk held not to impose on employee knowledge of danger by reason of the situation he occupied.\nAppeal from Jackson Circuit Court; Dene H. Coleman, Judge;\nreversed.\nBrundidge & Neelly, for appellant.\nThos. B. Pryor, Vincent M. Miles and H. L. Ponder, for appellee."
  },
  "file_name": "1074-01",
  "first_page_order": 1090,
  "last_page_order": 1094
}
