{
  "id": 1371555,
  "name": "Williams v. New England Securities Company",
  "name_abbreviation": "Williams v. New England Securities Co.",
  "decision_date": "1926-01-18",
  "docket_number": "",
  "first_page": "139",
  "last_page": "142",
  "citations": [
    {
      "type": "official",
      "cite": "170 Ark. 139"
    }
  ],
  "court": {
    "name_abbreviation": "Ark.",
    "id": 8808,
    "name": "Arkansas Supreme Court"
  },
  "jurisdiction": {
    "id": 34,
    "name_long": "Arkansas",
    "name": "Ark."
  },
  "cites_to": [
    {
      "cite": "128 Ark. 471",
      "category": "reporters:state",
      "reporter": "Ark.",
      "case_ids": [
        1581971
      ],
      "opinion_index": 0,
      "case_paths": [
        "/ark/128/0471-01"
      ]
    }
  ],
  "analysis": {
    "cardinality": 354,
    "char_count": 7133,
    "ocr_confidence": 0.521,
    "pagerank": {
      "raw": 7.200636822534974e-08,
      "percentile": 0.4305465299328262
    },
    "sha256": "724b4fe14eeeded6cbfa42d5fab4234c070b23abab32c7d5dee2b5dd6098090e",
    "simhash": "1:b2cbc9c22b7fec6c",
    "word_count": 1265
  },
  "last_updated": "2024-02-28T00:06:47.415983+00:00",
  "provenance": {
    "date_added": "2019-08-29",
    "source": "Harvard",
    "batch": "2018"
  },
  "casebody": {
    "judges": [],
    "parties": [
      "Williams v. New England Securities Company."
    ],
    "opinions": [
      {
        "text": "Hart, J.,\n(after stating the facts). The decision of the chancellor was right. We d\u00f3 not regard the cases cited by counsel for appellant as having any controlling effect under our present attorney\u2019s lien statute. When the Legislature enlarges a common-law lien or changes a statutory lien, its definition of*a lien in the later statute supersedes the definition of the former one and the construction of the court upon it; and thereafter the exercise of the powers of the court with respect to the lien must be consistent with the language used in the later statute.\nThe Legislature of 1909 passed an act to provide for an attorney\u2019s lien and its enforcement, and the first two sections of the act constitute \u00a7\u00a7 628 and 629 of Crawford & Moses\u2019 Digest.\nSection 628 reads as follows: \u201cThe compensation of an attorney or counsellor at law for his services is governed by agreement, express or implied, which is not restrained by law. From the commencement of an action or special proceeding, or the service of an answer containing a counterclaim, the attorney who appears for a party has a lien upon his client\u2019s cause of action, claim, or counterclaim which attaches to a verdict, report, decu sion, judgment or final order in his client\u2019s favor and the proceeds thereof in whosesoever hands they may come; and the lien cannot be affected by any settlement between the parties before or after judgment or final order.\u201d\nSection 629 is as follows: \u2018 \u2018 The court before which said action was instituted, or in which said action 'may be pending at the time of settlement, compromise, or verdict, upon the petition of the client or attorney,0shall determine and enforce the lien created by this act.\u201d\n' Under a statute like ours, it has been held that the lien of an attorney rests on the theory that he is regarded as an assignee of the judgment to the extent of his fee from the date he has complied with the statute in establishing it. This court has held that the act creates a lien upon the cause of action in favor of the attorney and requires the defendant and other persons claiming under him to take notice of the lien in the same court in which the original action was instituted, or in which said action may be pending at the time of the settlement, compromise, or verdict. St. L. I. M. & S. R. Co. v. Hays & Ward, 128 Ark. 471.\n. It does not appear from the record that the intervener complied with the statute at all. The fee for which the intervener has a lien as attorney was earned in a suit filed by Paul Y. Gibson against ,T. H. Tucker to foreclose a vendor\u2019s lien on the land in question in this suit.' A decree of foreclosure was obtained in the chancery court on the 26th day of January, 1922, and under the sale pursuant to the decree, Paul Y. Gibson became the purchaser of the land. The intervener made no attempt whatever to assert his lien in that suit, and, not having attempted to enforce it in the manner provided by the statute, he cannot assert it against a third party who subsequently acquired an interest in the land. Gibson subsequently mortgaged the land, as he had a right to do, to the New England Securities Company to.secure an indebtedness which he owed it, and that company was not required to make inquiries to see if Gibson owed the intervener anything for foreclosing his vendor\u2019s lien upon the land against T. H. Tucker in the chancery court. It was only required to examine the record in that case to see if the intervener had attempted .to enforce his lien as required by the statute. The record in that case did not show that the intervener had filed an attorney\u2019s lien or in any way attempted to enforce such lien.\nTherefore, the appellee had a right to take a mortgage on the land from Gibson free of any attorney\u2019s lien of the intervener, and, by the execution of. the mortgage to it from. Gibson, appellee secured rights superior to those of the intervener in. the matter of enforcing his attorney\u2019s lien.\nIt follows that the decree will be affirmed.",
        "type": "majority",
        "author": "Hart, J.,"
      }
    ],
    "attorneys": [
      "C. W. Norton, for appellant.",
      "Roy D. Campbell, for appellee."
    ],
    "corrections": "",
    "head_matter": "Williams v. New England Securities Company.\nOpinion delivered January 18, 1926.\n1. Liens\u2014effect of statute.\u2014When the Legislature enlarges a. common-law lien or changes a statutory lien, its definition of a lien in the later statute supersedes the definition in the former statute and the construction of the court upon it, and thereafter the exercise of the powers of the court with respect to the lien must be consistent with the language used in the later statute.\n2. Attorney and client\u2014enforcement of attorney\u2019s lien.\u2014Under Crawford & Moses\u2019 Dig., \u00a7\u00a7 628, 629, an attorney who took no steps to enforce his lien in a suit in which he recovered judgment for his client is in no condition to enforce it as against one who subsequently acquired an interest in the property recovered in the former suit.\nAppeal from St. Francis Chancery Court; A. L. Hutchins, Chancellor;\naffirmed.\nSTATEMENT BY THE COURT.\nThis is an intervening petition for the establishment of a lien for attorney\u2019s fees filed by leave of the court by B. J.. Williams in the case of New England Securities Company against Paul Y. Gibson and Nina H. Gibson in the chancery court of St.. Francis County, Arkansas.\nThe original suit in which the petition was filed is a suit in equity against Paul Y. Gibson to foreclose a mortgage on a certain tract of land in St. Francis County, Ark. The petition is based upon the\" fact that on the 21st day of December, 1921, the defendant, Paul Y. Gibson, employed the intervener as an attorney to foreclose a lien on the real estate in question in this suit to secure the payment of an indebtedness owed him by T. H. Tucker for the purchase price of said land. It was agreed between said Gibson and - Williams that the intervener should be paid the sum of $437.50 for his services as an attorney in foreclosing said vendor\u2019s lien. The intervener procured a decree ordering said land to- be sold in payment of the purchase money found to be due said Gibson, and the latter became the purchaser at the sale under said decree. Paul Y. Gibson paid the intervener $200 on account of his attorney\u2019s fees, and there is now due and unpaid the sum of $237.50 as a balance of said attorney\u2019s fees, for which the intervener claims that he is entitled to a lien upon said land.\nSubsequently Paul Y. Gibson became indebted to the New England Securities Company, and executed a mortgage in its favor on said land to secure the payment of said indebtedness. The New England Securities Company brought suit in the St. Francis Chancery Court against Paul Y. Gibson on the 7th day of June, 1924, to foreclose the mortgage. The intervening petition was filed by R. J. Williams on the 24th day of July, 1924, and it does not appear from the record that said R. J. Williams took any steps to establish his attorney\u2019s lien in the case in which it was claimed the fee was earned.\nThe chancellor sustained a demurrer to the intervening petition, and the intervening petition of said R. J. Williams was dismissed for want of equity.\nTo reverse this decree, this appeal has been duly prosecuted.\nC. W. Norton, for appellant.\nRoy D. Campbell, for appellee."
  },
  "file_name": "0139-01",
  "first_page_order": 155,
  "last_page_order": 158
}
