{
  "id": 1371547,
  "name": "Holloman v. Missouri Pacific Railroad Company",
  "name_abbreviation": "Holloman v. Missouri Pacific Railroad",
  "decision_date": "1926-02-22",
  "docket_number": "",
  "first_page": "573",
  "last_page": "576",
  "citations": [
    {
      "type": "official",
      "cite": "170 Ark. 573"
    }
  ],
  "court": {
    "name_abbreviation": "Ark.",
    "id": 8808,
    "name": "Arkansas Supreme Court"
  },
  "jurisdiction": {
    "id": 34,
    "name_long": "Arkansas",
    "name": "Ark."
  },
  "cites_to": [
    {
      "cite": "93 Ark. 29",
      "category": "reporters:state",
      "reporter": "Ark.",
      "case_ids": [
        1546902
      ],
      "opinion_index": 0,
      "case_paths": [
        "/ark/93/0029-01"
      ]
    },
    {
      "cite": "166 Ark. 273",
      "category": "reporters:state",
      "reporter": "Ark.",
      "case_ids": [
        1378582
      ],
      "opinion_index": 0,
      "case_paths": [
        "/ark/166/0273-01"
      ]
    }
  ],
  "analysis": {
    "cardinality": 371,
    "char_count": 7131,
    "ocr_confidence": 0.494,
    "pagerank": {
      "raw": 1.2240919645422112e-07,
      "percentile": 0.6004919591837208
    },
    "sha256": "e09395c74d36498753678dc3f80d3b5664b4b87104547c3e2a5e0c6e7c67af0a",
    "simhash": "1:caa98f39f0379c69",
    "word_count": 1284
  },
  "last_updated": "2024-02-28T00:06:47.415983+00:00",
  "provenance": {
    "date_added": "2019-08-29",
    "source": "Harvard",
    "batch": "2018"
  },
  "casebody": {
    "judges": [],
    "parties": [
      "Holloman v. Missouri Pacific Railroad Company."
    ],
    "opinions": [
      {
        "text": "Smith, J.\nAppellant, the plaintiff below, brought suit in the Phillips Circuit Court on April 7, 1923, to recover the value of a dog killed by one of the defendant railroad company\u2019s trains. On May 2, 1923, the defendant filed a motion to make the complaint more specific. This motion was confessed, and the complaint was amended, and the defendant was given twenty days in which to file an answer. The answer was not filed within the time limited nor until the first day of the ensuing term of court, at which time the plaintiff moved to strike the answer from the files. This motion was granted, and the answer was stricken from the files, but later that order was set aside and the answer was filed, and a trial was had before a jury, which resulted in a verdict for the plaintiff for the sum of $75. The defendant filed a motion for a new trial, which was granted, and at a subsequent term of the court there was a second trial before a jury, which resulted in a verdict and judgment for the defendant, from which is this appeal.\nFor the reversal of the judgment it is insisted that the court erred in. setting aside the first verdict, and in giving and in refusing to give certain instructions, and in the admission of certain testimony.\nConsidering these assignments of error in the order stated, it may be first said that no appeal was taken from the judgment of the court granting a new trial upon the first trial. It may be further said that the motion of the defendant, upon which the order granting a new trial was made, assigned, among other errors, that the verdict of the jury was contrary to the evidence in the case. This evidence is not \u00a1before us, and so far as the present record shows the court may have properly concluded that the verdict was, in fact, contrary to the evidence.\nIn the case of Washington v. Hamer, 166 Ark. 273, we said that \u201cthis court will not reverse the ruling of the lower court, in setting aside a verdict, where there is substantial conflict in the evidence upon which the verdict was rendered, but will leave the triaj. court to determine the question of preponderance.\u201d\nIt follows therefore that we could not reverse the present judgment, on account of the action of the court in granting a new trial, even though the evidence was before us, if there was a substantial conflict in the testimony, and that presumption must be indulged, especially so as no appeal was taken from the order granting a new trial.\nNotwithstanding the fact that the motion had been sustained to make the complaint more definite and certain, the only acts of negligence alleged were (a) failure to give warning of the approach of the train by opening the cylinder cocks in order to frighten the dog from the track; (b) failing to blow the whistle or ring the bell; (c) failure to stop the train after the presence of the dog on the track was discovered.\nThe engineer in charge of the train which killed the dog was not present at the trial, but it was stipulated that if he were present he would testify that at the time the dog was killed the fireman was putting in a fire and was not keeping a lookout, but the witness, the engineer, was keeping a lookout, and the dog came on the track from the fireman\u2019s side about forty or fifty yards in front of the train, which was running about thirty miles per hour; that as soon as witness saw the dog he knew the train could not be stopped, so he blew two or three short blasts of the whistle in an endeavor to scare the dog off the track, but the dog ran a short distance with the train and was struck and killed, and there was nothing else which could have been done to prevent striking the dog. Witnesses for the plaintiff testified that the whistle was not blown.\nPlaintiff requested an instruction to the effect that it was the duty of the defendant company to keep a constant lookout for persons and animals upon its tracks. This is, of course, the law, as it is the duty of a railroad company to keep this lookout for dogs as well as for other property. St. L. I. M. & S. R. Co. v. Rhoden, 93 Ark. 29. But there was no allegation in the complaint that the defendant railroad company had failed to keep a lookout, nor was any testimony offered that a lookout was not kept, and it was not error, therefore, to refuse to submit an issue not raised by the pleadings.\nPlaintiff asked an instruction which told the jury that it was the duty of the servants and agent's of the railroad company in charge of the train to use ordinary care to avoid killing the plaintiff\u2019s dog, by blowing the whistle, etc. The count modified this instruction by adding the words, \u201cafter discovering the peril of the dog\u201d, and error is assigned in thus modifying the instruction.\nUnder the allegations of the complaint this modification was not error, for the reason, as has been stated, that it was not alleged that there was any failure to keep a lookout, and if a proper lookout were kept\u2014-and there is no allegation to the contrary\u2014there could have been no negligence until the presence of the dog was discovered, and the instruction given required the defendant to exercise care from that moment.\nWhen the agreed statement as to what the testimony of the absent engineer would be was offered in evidence, plaintiff objected to its introduction, for the reason that the answer did nof allege that the train was running at a speed of thirty miles per hour or that any effort was made to scare the dog off the track. The answer did deny, however, that the defendant railroad company was guilty of any negligence, and we think the testimony of the engineer was competent as tending to support that allegation and to rebut the statutory pre\u00a1sumution of negligence arising from the fact that the dog was killed in the operation of a train.\nWe find no error in the record as made, and the judgment is therefore affirmed.",
        "type": "majority",
        "author": "Smith, J."
      }
    ],
    "attorneys": [
      "A. D. Whitehead, for appellant.",
      "Thomas B. Pryor and Daggett & Daggett, for appellee."
    ],
    "corrections": "",
    "head_matter": "Holloman v. Missouri Pacific Railroad Company.\nOpinion delivered February 22, 1926.\n1. Appeal and error\u2014presumption in favor of judgment.\u2014Where no appeal was taken from an order setting- aside a verdict in favor of the plaintiff, on a subsequent appeal by plaintiff from an adverse judgment the Supreme Court, in the absence of the evidence, will presume that the prior verdict was contrary to the preponderance of the evidence.\n2. Railroads\u2014instruction\u2014duty to keep lookout.\u2014In an action against a railroad company for negligently running over a dog, it was not error to refuse to instruct as to the duty of the railroad company to keep a lookout for persons and animals on its track where there was neither allegation nor proof of a failure to keep a lookout.\n3. Railroads\u2014duty to keep lookout.\u2014In an action against a railroad company for negligently killing a dog, where there was no allegation of a failure of defendant\u2019s trainmen to keep a lookout, it was not error to amend an instruction as to defendant\u2019s duty to blow its whistle, etc., by adding the words, \u201cafter discovering the peril of the dog.\u201d\nAppeal from Phillips Circuit Court; E. D. Robertson, Judge;\naffirmed.\nA. D. Whitehead, for appellant.\nThomas B. Pryor and Daggett & Daggett, for appellee."
  },
  "file_name": "0573-01",
  "first_page_order": 589,
  "last_page_order": 592
}
