{
  "id": 1371750,
  "name": "McConnell v. McCord",
  "name_abbreviation": "McConnell v. McCord",
  "decision_date": "1926-03-29",
  "docket_number": "",
  "first_page": "839",
  "last_page": "841",
  "citations": [
    {
      "type": "official",
      "cite": "170 Ark. 839"
    }
  ],
  "court": {
    "name_abbreviation": "Ark.",
    "id": 8808,
    "name": "Arkansas Supreme Court"
  },
  "jurisdiction": {
    "id": 34,
    "name_long": "Arkansas",
    "name": "Ark."
  },
  "cites_to": [
    {
      "cite": "154 Ark. 365",
      "category": "reporters:state",
      "reporter": "Ark.",
      "case_ids": [
        1361197
      ],
      "opinion_index": 0,
      "case_paths": [
        "/ark/154/0365-01"
      ]
    },
    {
      "cite": "100 Ark. 552",
      "category": "reporters:state",
      "reporter": "Ark.",
      "case_ids": [
        1312256
      ],
      "opinion_index": 0,
      "case_paths": [
        "/ark/100/0552-01"
      ]
    },
    {
      "cite": "71 Ark. 577",
      "category": "reporters:state",
      "reporter": "Ark.",
      "case_ids": [
        1507771
      ],
      "opinion_index": 0,
      "case_paths": [
        "/ark/71/0577-01"
      ]
    },
    {
      "cite": "119 Ark. 152",
      "category": "reporters:state",
      "reporter": "Ark.",
      "case_ids": [
        8718273
      ],
      "opinion_index": 0,
      "case_paths": [
        "/ark/119/0152-01"
      ]
    },
    {
      "cite": "56 Ark. 594",
      "category": "reporters:state",
      "reporter": "Ark.",
      "case_ids": [
        1326165
      ],
      "opinion_index": 0,
      "case_paths": [
        "/ark/56/0594-01"
      ]
    },
    {
      "cite": "145 Ark. 604",
      "category": "reporters:state",
      "reporter": "Ark.",
      "case_ids": [
        1586189
      ],
      "opinion_index": 0,
      "case_paths": [
        "/ark/145/0604-01"
      ]
    },
    {
      "cite": "152 Ark. 452",
      "category": "reporters:state",
      "reporter": "Ark.",
      "case_ids": [
        1364081
      ],
      "opinion_index": 0,
      "case_paths": [
        "/ark/152/0452-01"
      ]
    },
    {
      "cite": "144 Ark. 436",
      "category": "reporters:state",
      "reporter": "Ark.",
      "case_ids": [
        1587959
      ],
      "opinion_index": 1,
      "case_paths": [
        "/ark/144/0436-01"
      ]
    }
  ],
  "analysis": {
    "cardinality": 321,
    "char_count": 6406,
    "ocr_confidence": 0.531,
    "pagerank": {
      "raw": 1.8297073424860144e-07,
      "percentile": 0.720563631315957
    },
    "sha256": "a7d4bee270f39240d9172423a34f04911c29216a19923b9fffac8c6207cfc7a1",
    "simhash": "1:b3028951fdb21f34",
    "word_count": 1149
  },
  "last_updated": "2024-02-28T00:06:47.415983+00:00",
  "provenance": {
    "date_added": "2019-08-29",
    "source": "Harvard",
    "batch": "2018"
  },
  "casebody": {
    "judges": [],
    "parties": [
      "McConnell v. McCord."
    ],
    "opinions": [
      {
        "text": "McCulloch, C. J.,\n(on motion to strike out bill of exceptions and to dismiss the appeal). This is an action instituted by appellant against appellees in the chancery court of Sebastian County (Greenwood District), and it was tried before the chancellor in vacation by consent of parties on May 11, 1925, pursuant to statute which authorizes vacation decrees. C. & M. Dig. \u00a7 2190. The decree was signed by the chancellor on October 20, 1925, and filed with the clerk of the chancery court on November 14, 1925. The direction in the decree was that it be entered as of May 11, 1925, the day of the hearing. The decree also contained a recital of an order allowing appellants \u201c120 days from May 11, 1925, within which to prepare and file a bill of exceptions.\u201d Tbe case was tried on oral testimony taken -at tbe bar of tbe court, but there was no order of the court conferring- authority to a stenographer to take the testimony and file a transcript thereof as a part of the record. Berry v. McGraw, 152 Ark. 452.\nA purported bill of exceptions signed by two individuals was filed with the clerk of the chancery court on November 9, 1925, and the same has been embraced in the transcript as a part of the record. The appeal to this court was granted and perfected on November 23, 1925.\nThe decree did not become effective until it was filed with the clerk for entry on the record, and the time for appeal did not begin to run until that date. C. & M. Dig., \u00a7 2190; Red Bud Realty Co. v. South, 145 Ark. 604. The time allowed in the decree for filing a bill of exceptions had expired when the bill of exceptions was filed on November 9, 1925, but the filing on that day was sufficient, for the reason already stated, that the decree did not become final until filed, and that the bill of exceptions was on file as a part of the record when the decree was filed. If the bill of exceptions otherwise complied with the statute, it would be rightly a part of the record.\nBut the bill of exceptions certified by alleged bystanders is not valid, because there is no showing in the record that the chancellor refused to certify it. Fordyce v. Jackson, 56 Ark. 594; Pearson v. State, 119 Ark. 152. Moreover, the individuals who certified the bill of exceptions were not bystanders within the meaning of the statute. C. & M. Dig., \u00a7 1322. They were witnesses in the case, and were therefore not unconcerned bystanders, such as is contemplated in the statute. Compare Boone v. Goodlett, 71 Ark. 577; Gay Oil Co. v. Akins, 100 Ark. 552; Tarkington v. State, 154 Ark. 365. A witness in a case, one who has no other connection with it, is not directly interested, but his testimony becomes a part of the record to be reviewed on the appeal, therefore is not a mere bystander. He is a participant in the proceedings. The statute contemplates that the bill of exceptions must be certified, if not by tbe trial judge, by two persons wholly out of the proceedings\u2014'persons present but unconnected. For these reasons the majority of this court conclude that the bill of exceptions must be stricken out.\nIt has been suggested however that, inasmuch as the bill of exceptions was on file when the chancellor filed his decree with the clerk, the presumption should be indulged that he approved the bill of exceptions as a part of the record. This is not so, for the bill of exceptions does not comply with the statute, and no presumption can be indulged that it was presented to the chancellor, or that he took cognizance of it as a part of the record. There was nothing to give authenticity to the bill of exceptions thus filed\u2014it was not before the chancellor when he heard the cause tried, and we think there is no ground for a presumption that the chancellor saw the bill when he filed his decree and approved it.\nThe motion to strike out the bill of exceptions is sustained, but, inasmuch as the appeal was perfected in apt time, and the record may or may not disclose error in the proceedings, the motion to dismiss the appeal is overruled.",
        "type": "majority",
        "author": "McCulloch, C. J.,"
      },
      {
        "text": "Hart, J.,\n(dissenting). I dissert on the ground that, under our practice, oral evidence in chancery cases may be a part of the record by having it taken down in writing-in open court, and by leave filed with the papers in the case. Fletcher v. Simpson, 144 Ark. 436. In the case at bar the oral evidence taken before the chancellor was filed on November 9,1925, but the decree was not entered of record until November 14, 1925. Under the circumstances, I think the filing of the oral evidence taken before the chancellor before the entry of the decree was a substantial compliance with the rule above announced. It was filed when the decree was entered, and the chancellor should have stricken it from the files if he did not intend to allow it to be filed as depositions in the case. In short, by allowing it to be taken down in writing, and filed before the decree was rendered, the chancellor made it a part of the record. \u25a0 \u25a0 \u25a0",
        "type": "dissent",
        "author": "Hart, J.,"
      }
    ],
    "attorneys": [
      "B. A. Rotve, for appellant.",
      "Evans & Evans and George W. Johnson, for appellee."
    ],
    "corrections": "",
    "head_matter": "McConnell v. McCord.\nOpinion delivered March 29, 1926.\n1. Judgment\u2014when effective.\u2014Where a chancery cause was heard before the chancellor on May 11, 1925, but the decree was not filed with the clerk until November 14, 1925, the decree did not become effective until the latter date, at which also the time for appeal began to run.\n2. Exceptions, bill of \u2014 certificate of bystanders.\u2014A bill of exceptions certified by bystanders is not valid, in the absence of a showing in the record that the chancellor refused to certify it.\n3. Exceptions, bill of\u2014who are bystanders.\u2014Witnesses in a case are not \u201cbystanders,\u201d within the meaning of the statute authorizing bystanders to sign a bill of exceptions.\n4. Exceptions, bill of\u2014bystanders\u2019 bill.\u2014Where a bystanders\u2019 bill of exceptions was filed with the clerk before the decree was filed, but it does not appear that it was ever presented to the chancellor or that he took cognizance of it as a part of the record, it will not ibe considered on appeal.\n5. Appeal and error\u2014dismissal of appeal.\u2014Though a motion to strike out the bill of exceptions in a case is sustained, if the appeal was perfected in time, a motion to dismiss the appeal will be denied, as the judgment itself may disclose error.\nAppeal from Sebastian Cbancery Court, Greenwood District; J. V. Bourland, Chancellor;\nmotion to strike bill of exceptions granted.\nB. A. Rotve, for appellant.\nEvans & Evans and George W. Johnson, for appellee."
  },
  "file_name": "0839-01",
  "first_page_order": 855,
  "last_page_order": 857
}
