{
  "id": 1371641,
  "name": "Campbell v. State",
  "name_abbreviation": "Campbell v. State",
  "decision_date": "1926-04-05",
  "docket_number": "",
  "first_page": "936",
  "last_page": "939",
  "citations": [
    {
      "type": "official",
      "cite": "170 Ark. 936"
    }
  ],
  "court": {
    "name_abbreviation": "Ark.",
    "id": 8808,
    "name": "Arkansas Supreme Court"
  },
  "jurisdiction": {
    "id": 34,
    "name_long": "Arkansas",
    "name": "Ark."
  },
  "cites_to": [
    {
      "cite": "160 Ark. 181",
      "category": "reporters:state",
      "reporter": "Ark.",
      "case_ids": [
        8720178
      ],
      "opinion_index": 0,
      "case_paths": [
        "/ark/160/0181-01"
      ]
    },
    {
      "cite": "58 Ark. 1",
      "category": "reporters:state",
      "reporter": "Ark.",
      "case_ids": [
        1329194
      ],
      "opinion_index": 0,
      "case_paths": [
        "/ark/58/0001-01"
      ]
    }
  ],
  "analysis": {
    "cardinality": 335,
    "char_count": 5719,
    "ocr_confidence": 0.485,
    "pagerank": {
      "raw": 2.813255132237563e-07,
      "percentile": 0.8377637074593924
    },
    "sha256": "cca2bb1e1b6972d3789c7e3bef2507827ba0a8593c69f81a297050ddb24db0b0",
    "simhash": "1:928310f48a110dec",
    "word_count": 1015
  },
  "last_updated": "2024-02-28T00:06:47.415983+00:00",
  "provenance": {
    "date_added": "2019-08-29",
    "source": "Harvard",
    "batch": "2018"
  },
  "casebody": {
    "judges": [],
    "parties": [
      "Campbell v. State."
    ],
    "opinions": [
      {
        "text": "Hart, J.\nOtto Campbell prosecutes this appeal to reverse a judgment of conviction against him for violating the provisions of \u00a7 6169 of Crawford & Moses\u2019 Digest. The section in effect provides that it shall be unlawful for any person to store, keep, possess, or have in possession, or permit another to store, keep, possess or have in possession, any alcoholic, vinous, spirituous, or fermented liquors in or at any fruit stand, restaurant, store, etc.\nIt is earnestly insisted by counsel for the defendant that the evidence was not legally sufficient to warrant the verdict.\nCharles Trammell, a deputy constable, was a witness for the State. According to his testimony, within the last year he raided the place where Otto Campbell was working, for whiskey. He was working at a filling station in Hot Springs, Garland County, Ark. There was a balcony extending around the room in which there was a harness shop. The witness and another person went upstairs into the balcony during the raid. The witness saw the defendant sitting up there reading. When the defendant looked up and saw the officers coming up the steps, he threw down his (book, and, grabbing a fruit jar, started to run with it. The witness said, \u201cNow don\u2019t do that.\u201d The defendant ran to a tub with creosote water in it and threw the jar into the tub. The witness got the jar out. It was a half gallon fruit jar and was about half full of whiskey. The witness further testified that in the municipal court the defendant made a statement that the whiskey did not belong to John Ellis. The effect of his testimony in the lower court caused Ellis to be acquitted.\nJohn Young, constable of the township, was also a witness for the State. According to his testimony, after the defendant was arrested, he told him that it was no use to arrest John Ellis, that the whiskey belonged to him, and that John Ellis did not know that it was there.\nCharles Dodson was a witness for the \u2022 defendant. According to his testimony, he was the owner of the building which was raided by the officers. He had rented the balcony to John Ellis, who used about half of it for a repair shop for harness. - He also had quite \u00e1 lot of harness of different kinds in the other half. He does not know whether the harness was for sale or hot.\nThe defendant was a witness for himself, and testified that the whiskey in question belonged to John Ellis. He admitted throwing a jar of whiskey in a creosote tub, and said that he supposed that he did so through natural fear of the officers. He said that he just went upstairs and took a drink of the whiskey. He admitted stating to the constable that Ellis had nothing to do with the whiskey, but denied having testified to that e^ect in the muuicipal court. He stated that he made the admission to the officers for the purpose of screening Ellis, who had been up before the court on liquor charges twice before.\n\" Under our rules of practice the jury were the judges of the credibility of the witnesses and the weight to be given to the evidence. Hence in testing the legal sufficiency of the evidence, to warrant the jury in returning a verdict of guilty, it must be viewed in the light most favorable to the State.\nIt is insisted that the evidence is insufficient because the building where the defendant was found with the whiskey was not a store within the meaning of the statute.\nIn Petty v. State, 58 Ark. 1, it was held that a butcher shop, where meats and vegetables were sold, was a store within the meaning of our statute prohibiting the keeping-open on Sunday of any store or place where goods, wares, and merchandise are retailed. It was there held that the word \u201cstore\u201d had with us a popular meaning as a house where goods are bought, sold, or stored, and we are of the opinion that such is .its signification in the statute under consideration.\nAccording to the testimony of a witness for the defendant, he rented the balcony to John Ellis and he conducted a harness shop in about half of it, and had quite a lot of harness of different Mnds in. the other half, which he supposed was for sale. The .jury might have legally found that he was conducting- a harness shop for repairing- and selling harness, and this would be a store within the meaning of the definition above given. It is true that the undisputed evidence shows that John Ellis was operating the store in question, but the provisions of the statute are not confined to the person occupying the store as a place of business. The purpose of the statute seems to have been to prohibit any one from keeping or possessing liquors in a store.\nThe officers found the defendant in the balcony reading, with a jar of whiskey close by him. The jury might have inferred from the circumstances attending the transaction that the defendant had not merely gone up there for the purpose of taking a drink, but that he was keeping whiskey there contrary to the provisions of the statute. Coley State, 160 Ark. 181.\nWe are of the opinion that the evid\u00e9nce was legally sufficient to support the verdict, and in this connection it may be stated that the instructions given by the court were in accordance with the principles of law herein decided.\nIt follows that the judgment will be affirmed.",
        "type": "majority",
        "author": "Hart, J."
      }
    ],
    "attorneys": [
      "Appellant, pro se.",
      "II. W. Applegate, Attorney General, and Darden Moose, Assistant, for appellee."
    ],
    "corrections": "",
    "head_matter": "Campbell v. State.\nOpinion delivered April 5, 1926.\nIntoxicating liquors\u2014keeping liquor in store.\u2014Evidence that defendant was keeping whiskey in a building used for the repair and sale of harness held to show a violation of Crawford & Moses\u2019 Dig., \u00a7 6169, prohibiting the keeping of alcoholic and other liquors in a store.\nAppeal from Garland Circuit Court; Earl Witt, Judge;\naffirmed.\nAppellant, pro se.\nII. W. Applegate, Attorney General, and Darden Moose, Assistant, for appellee."
  },
  "file_name": "0936-01",
  "first_page_order": 952,
  "last_page_order": 955
}
