{
  "id": 8724158,
  "name": "Brown v. Halliday",
  "name_abbreviation": "Brown v. Halliday",
  "decision_date": "1923-10-29",
  "docket_number": "",
  "first_page": "560",
  "last_page": "563",
  "citations": [
    {
      "type": "official",
      "cite": "160 Ark. 560"
    }
  ],
  "court": {
    "name_abbreviation": "Ark.",
    "id": 8808,
    "name": "Arkansas Supreme Court"
  },
  "jurisdiction": {
    "id": 34,
    "name_long": "Arkansas",
    "name": "Ark."
  },
  "cites_to": [
    {
      "cite": "105 Ark. 526",
      "category": "reporters:state",
      "reporter": "Ark.",
      "case_ids": [
        1347060
      ],
      "opinion_index": -1,
      "case_paths": [
        "/ark/105/0526-01"
      ]
    },
    {
      "cite": "91 Ark. 141",
      "category": "reporters:state",
      "reporter": "Ark.",
      "case_ids": [
        1511785
      ],
      "opinion_index": -1,
      "case_paths": [
        "/ark/91/0141-01"
      ]
    },
    {
      "cite": "112 Ark. 1",
      "category": "reporters:state",
      "reporter": "Ark.",
      "case_ids": [
        1538814
      ],
      "opinion_index": -1,
      "case_paths": [
        "/ark/112/0001-01"
      ]
    },
    {
      "cite": "104 Ark. 466",
      "category": "reporters:state",
      "reporter": "Ark.",
      "case_ids": [
        1350602
      ],
      "opinion_index": -1,
      "case_paths": [
        "/ark/104/0466-01"
      ]
    },
    {
      "cite": "95 Ark. 421",
      "category": "reporters:state",
      "reporter": "Ark.",
      "case_ids": [
        1543617
      ],
      "opinion_index": -1,
      "case_paths": [
        "/ark/95/0421-01"
      ]
    },
    {
      "cite": "103 Ark. 401",
      "category": "reporters:state",
      "reporter": "Ark.",
      "case_ids": [
        1351964
      ],
      "opinion_index": 0,
      "case_paths": [
        "/ark/103/0401-01"
      ]
    }
  ],
  "analysis": {
    "cardinality": 372,
    "char_count": 6283,
    "ocr_confidence": 0.502,
    "pagerank": {
      "raw": 9.505882454708161e-08,
      "percentile": 0.5202038806123446
    },
    "sha256": "fc5c863e057181153544fe164bf8bb01a794f0ff1b6b36cb9afb316d08f39df9",
    "simhash": "1:37ab4ef28850d48c",
    "word_count": 1060
  },
  "last_updated": "2024-02-27T17:41:07.582861+00:00",
  "provenance": {
    "date_added": "2019-08-29",
    "source": "Harvard",
    "batch": "2018"
  },
  "casebody": {
    "judges": [],
    "parties": [
      "Brown v. Halliday."
    ],
    "opinions": [
      {
        "text": "Humphreys, J.\nThis suit was instituted by appellant against appellees in the Chicot Circuit Court to recover $206 upon a draft drawn by W. H. Carpenter on his co-appellees, who lived at Cairo, Illinois, in favor of appellant.\nAppellees interposed the defense that the consideration for the draft failed before it was presented for payment to Carpenter\u2019s co-appellees.\nThe cause was submitted upon the pleadings and proof, which resulted in an instructed verdict in favor of appellees, over the objection and exception of appellant. A judg'ment was rendered pursuant to the verdict, from which is this appeal.\nThe record reflects that Laura Jones, negro tenant, who resided on appellant\u2019s plantation in Louisiana in 1921, concluded to move with her family and personal property to Yellow Bayou Plantation, in Chicot County, Arkansas, which was managed by W. H. Carpenter for his co-appellees, for the purpose of making a crop in 1922. She was indebted to appellant in the sum of $206, which amount she was unable to pay. She obtained a written statement of her account from appellant, and took it to W. EE. Carpenter to see whether he would advance her the money to pay it. He ascertained that she owned certain work stock which was being detained by appellant until Laura should pay her account. As a result of the interview, it was agreed that Laura should remove to. the Yellow Bayou Plantation, bringing her stock and other effects, and raise a crop during the year 1922. In order to accomplish this purpose Laura executed a note to Carpenter for $206, and a mortgage was prepared for her to execute when she came back with the \"work stock, whereupon Carpenter drew a sight draft upon his co-appellees for said sum, payable to appellant. It recited on its face that it was in payment for Laura Jones\u2019 account to date. It was made payable to appellant\u2019s order, because Carpenter was afraid Laura might use the money for some other purpose. Carpenter and appellant never talked to each other about the matter. The draft was drawn through the Chicot Bank & Trust Company of Lake Village, Arkansas, and was negotiable. Laura delivered the draft to appellant, obtained a receipt in full from him for her account, and moved her property to Milliken, Louisiana. Appellant cashed the draft a short time after receiving same. The property was after- . wards attached by another creditor, and, when the draft was presented to Carpenter\u2019s co-appellees, payment was refused on the ground that the consideration therefor had failed.\nThe only question arising on this appeal for determination is whether the court erred in instructing a verdict in favor of appellees and adjudging the costs of the suit against appellant. It is error to instruct a verdict for a defendant where there is any substantial evidence warranting a verdict for the plaintiff. Wilson v. St. L. & S. F. R. Co., 103 Ark. 401, and cases cited to the point on page 404. Under the undisputed evidence in the case appellant should have recovered upon the draft. In order to procure Laura and her household as tenants, Carpenter issued a sight draft, payable to appellant\u2019s order, for the purpose of liquidating the indebtedness of Laura Jones, enabling her to remove her property from appellant\u2019s plantation to the one he was managing. Appellant accepted the draft, issued Laura a receipt for her account, and permitted her to remove the property off his plantation. The property was then attached by another creditor on the ground that she was about to move it out of the State. Appellant was not informed that the consideration for the draft was an agreement for the execution of a mortgage on the stock when moved to Arkansas. That agreement was between Carpenter and Laura, and, being a secret agreement, could in nowise bind appellant. Negotiable paper cannot be burdened with secret agreements between the maker and parties to whom he intrusts it. When negotiated, such paper is binding on the maker.\nOn account of the error indicated the judgment is reversed, and a judgment is directed to be entered here for appellant upon the draft, together with interest thereon at the lawful rate.",
        "type": "majority",
        "author": "Humphreys, J."
      }
    ],
    "attorneys": [
      "W. W. Grubbs, for appellant.",
      "B. F. Merritt, for appellee."
    ],
    "corrections": "",
    "head_matter": "Brown v. Halliday.\nOpinion delivered October 29, 1923.\n1. Trial \u2014 direction of verdict. \u2014 It is error to direct a verdict for defendant where there is substantial evidence warranting a verdict for the plaintiff.\n2. Bills and notes \u2014 secret agreements. \u2014 Where a tenant on plaintiff\u2019s plantation in another State was indebted to plaintiff, and, desiring to move to this State to work on defendants\u2019 plantation, induced defendants to execute a draft payable to plaintiff for the amount of such indebtedness, in consideration of which plaintiff permitted the tenant to remove her property from his plantation, the fact that the tenant\u2019s property was attached in the other State 'by other creditors, and that she was thereby prevented from executing a mortgage thereon to defendants as agreed, constituted no defense to the draft, as negotiable paper cannot be burdened with secret agreements between the maker and the party to whom he intrusts it.\nAppeal from Chicot Circuit Court; Turner Butter, Judge;\nreversed.\nW. W. Grubbs, for appellant.\nThe contract was complete when appellant accepted the draft with the notation on it that it was \u201cfor Laura Jones\u2019 account to date,\u201d and issues his receipt for the account. 13 C. J. 265. It is not necessary that an offer or acceptance be in any particular form. 95 Ark. 421. What the parties to a contract do is evidence of what they understood the contract to mean. 104 Ark. 466. When there is an expressed 'contract of sale, the terms of the contract g\u2019overn, and nothing is. implied. 82 S. W. (Ark.) 1128. The draft with its notation became the basis of the contract, and, being written by appellee, should be construed most strongly against him. 112 Ark. 1; 171 S. W. (Ark.) 136. It contained no mention of any additional condition, subject to which the payment was made, and appellee is estopped to deny liabil- - ity. 91 Ark. 141. As between two innocent parties, the loss must fall upon that one whose act contributed most to produce it. 227 S. W. (Ark.) 423. It was error to instruct a verdict. The matter should have been left to the jury. 105 Ark. 526.\nB. F. Merritt, for appellee."
  },
  "file_name": "0560-01",
  "first_page_order": 584,
  "last_page_order": 587
}
