{
  "id": 8727616,
  "name": "Gooch vs. The State",
  "name_abbreviation": "Gooch v. State",
  "decision_date": "1848-01",
  "docket_number": "",
  "first_page": "448",
  "last_page": "449",
  "citations": [
    {
      "type": "official",
      "cite": "8 Ark. 448"
    }
  ],
  "court": {
    "name_abbreviation": "Ark.",
    "id": 8808,
    "name": "Arkansas Supreme Court"
  },
  "jurisdiction": {
    "id": 34,
    "name_long": "Arkansas",
    "name": "Ark."
  },
  "cites_to": [],
  "analysis": {
    "cardinality": 164,
    "char_count": 2367,
    "ocr_confidence": 0.534,
    "sha256": "3b307618b2db999ec860fcba06f055e4ea42debdfe447d2e360bb40ed84cda07",
    "simhash": "1:4bdd46a08b59c8bf",
    "word_count": 400
  },
  "last_updated": "2023-07-14T16:04:23.841352+00:00",
  "provenance": {
    "date_added": "2019-08-29",
    "source": "Harvard",
    "batch": "2018"
  },
  "casebody": {
    "judges": [],
    "parties": [
      "Gooch vs. The State."
    ],
    "opinions": [
      {
        "text": "Oldham, J.\nThis case does not present the question whether the act of the Legislature of December 16th, 1846, enlarging the crifninaPjurisdiction of justices of the peace, is constitutional. The indictment was found, and the offence is charged to have been committed, before the passage of that act. The proceedings had in the case, are in conformity to the laws in force at the time of their adoption. The act of 1846, has no reference to cases pending in the Circuit Courts at the time of its passage, but declares that the offences therein specified shall not thereafter be indictable, and transfers the jurisdiction of those offences from the Circuit Courts to justices of the peace. There was no attempt to deprive the Circuit Courts of their jurisdiction over those cases of which they were possessed at the time of the passage of the act, but those courts were left free to proceed to final judgment. We see no error in the judgment of the Circuit Court, and the same is accordingly affirmed.",
        "type": "majority",
        "author": "Oldham, J."
      }
    ],
    "attorneys": [
      "W. Walker, for' appellant,",
      "Watkins, Attorney General,"
    ],
    "corrections": "",
    "head_matter": "Gooch vs. The State.\nThe act of 16th Dec., 1846, conferring jurisdiction upon justices of the peace of assaults and batteries, &c., did not deprive the Circuit Courts of jurisdiction of indictments pending at its passage.\nIt only declares that such offences shall not thereafter be indictable, and transfers jurisdiction thereof to justices of the peace,\nAppeal from the Circuit Court of Scott county.\nAt the October term, 1846, of the Scott Circuit Court, the grand jury found an indictment against Tilmon D. Gooch, charging that, on the 3d day of August, 1846, he committed an assault and battery upon one Armstead Blevins, in said county. The indictment was returned 7th October, 1S46.\nAt the April term, 1847, defendant appeared and pleaded not guilty, was tried, convicted and fined ten dollars; and appealed to this court.\nIt was assigned for error that the Circuit Court had no jurisdiction to hear and determine the indictment.\nW. Walker, for' appellant,\nargued that the act of December, 1846, conferring jurisdiction of assaults and batteries, &c., upon justices of the peace, repealed the law under which Gooch was indicted, convicted and fined, and that the Circuit Court was thereby ousted of its jurisdiction of the offence.\nWatkins, Attorney General,\nmade his brief in the case of The State v. Cox, ante, apply to this case.\nSee The State v. Cox, ante."
  },
  "file_name": "0448-01",
  "first_page_order": 448,
  "last_page_order": 449
}
