{
  "id": 1360562,
  "name": "Bailey v. Perkins Oil Company",
  "name_abbreviation": "Bailey v. Perkins Oil Co.",
  "decision_date": "1922-10-23",
  "docket_number": "",
  "first_page": "378",
  "last_page": "380",
  "citations": [
    {
      "type": "official",
      "cite": "155 Ark. 378"
    }
  ],
  "court": {
    "name_abbreviation": "Ark.",
    "id": 8808,
    "name": "Arkansas Supreme Court"
  },
  "jurisdiction": {
    "id": 34,
    "name_long": "Arkansas",
    "name": "Ark."
  },
  "cites_to": [
    {
      "cite": "87 Ark. 434",
      "category": "reporters:state",
      "reporter": "Ark.",
      "case_ids": [
        1519134
      ],
      "opinion_index": -1,
      "case_paths": [
        "/ark/87/0434-01"
      ]
    },
    {
      "cite": "50 Ark. 433",
      "category": "reporters:state",
      "reporter": "Ark.",
      "case_ids": [
        8723501
      ],
      "opinion_index": -1,
      "case_paths": [
        "/ark/50/0433-01"
      ]
    },
    {
      "cite": "45 Ark. 367",
      "category": "reporters:state",
      "reporter": "Ark.",
      "opinion_index": -1
    },
    {
      "cite": "87 Ark. 374",
      "category": "reporters:state",
      "reporter": "Ark.",
      "case_ids": [
        1519128
      ],
      "opinion_index": -1,
      "case_paths": [
        "/ark/87/0374-01"
      ]
    },
    {
      "cite": "38 Ark. 17",
      "category": "reporters:state",
      "reporter": "Ark.",
      "case_ids": [
        1900513
      ],
      "opinion_index": -1,
      "case_paths": [
        "/ark/38/0017-01"
      ]
    },
    {
      "cite": "124 Ark. 90",
      "category": "reporters:state",
      "reporter": "Ark.",
      "case_ids": [
        1555037
      ],
      "weight": 2,
      "opinion_index": -1,
      "case_paths": [
        "/ark/124/0090-01"
      ]
    },
    {
      "cite": "107 Ark. 125",
      "category": "reporters:state",
      "reporter": "Ark.",
      "opinion_index": -1
    },
    {
      "cite": "107 Ark. 424",
      "category": "reporters:state",
      "reporter": "Ark.",
      "case_ids": [
        1344061
      ],
      "opinion_index": -1,
      "case_paths": [
        "/ark/107/0424-01"
      ]
    },
    {
      "cite": "5 S. W. 787",
      "category": "reporters:state_regional",
      "reporter": "S.W.",
      "opinion_index": -1
    }
  ],
  "analysis": {
    "cardinality": 371,
    "char_count": 5937,
    "ocr_confidence": 0.482,
    "pagerank": {
      "raw": 4.03580807328026e-08,
      "percentile": 0.05125684933754825
    },
    "sha256": "ade3d113e4bfc8ae742055408ae5c4da163c45486ec6e401341fc02d0f28da23",
    "simhash": "1:080e4f2714f4e007",
    "word_count": 1020
  },
  "last_updated": "2024-02-27T20:04:56.897085+00:00",
  "provenance": {
    "date_added": "2019-08-29",
    "source": "Harvard",
    "batch": "2018"
  },
  "casebody": {
    "judges": [],
    "parties": [
      "Bailey v. Perkins Oil Company."
    ],
    "opinions": [
      {
        "text": "Humphreys, J.\nThis is an appeal by appellant from a decree of the Cross County Chancery Court holding him personally liable for an indebtedness to appellee incurred by J. W. Mullinix f or the St. Francis River Gin Company, a corporation. The indebtedness represents borrowed money advanced to J.' W. Mullinix to buy cotton seed in the conduct of the gin business which was, in fact, owned by said St. Francis River Gin Company, although ostensibly owned by Mullinix and managed by him. Millinix owned 97 per cent, of the stock and his wife and son the other three per cent. Appellee charged the money advanced to the private account of J. W. Mullinix, not knowing that the ginning business was incorporated. The corporate property, including customers\u2019 cotton in storage with it, was insured for $28,000. R. W. Bailey, Sr., and J. W. Mullinix were associated together in the farming and mercantile business 'and had an agreement to become partners in the ginning business as soon as the charter of the St. Francis River Gin Company could be 'dissolved. Mullinix was indebted to Bailey in a large sum for money advanced to him to pay commercial debts at the time they became partners in the mercantile business. Before the charter was surrendered the gin burned, and Mullinix collected the insurance money of $28,000. At least $12,000 of this money was turned over to Bailey, and perhaps more. It is sought to hold Bailey personally responsible x for the amount of $4,488.37 advanced by appellee to buy seed for the corporation on the ground, among others, that he received the insurance money aforesaid under an agreement with Mullinix to pay appellee said amount out of it. The St. Francis River Gin Company was not made a party when the original bill was filed, because appellee did not know of its existence, but when it was discovered that the corporation was the principal debtor, and that a part of the insurance money had been turned over to Bailey, it was made a party and served with summons. Its appearance was thereupon entered, and the cause proceeded to trial.\n\u25a0 The testimony sharply- conflicted upon the issue of whether Bailey received the insurance money under an agreement to pay appellee\u2019s claim. J. W. Mullinix, who absconded just after turning the money over to Bailey, returned before the. trial, and testified that it was the intention of Bailey and himself to become partners in the ginning business, and that Bailey insisted upon the debt to appellee being paid; that he then turned the money over to Bailey, and Bailey received it under an agreement to pay appellee out of it; that it was agreed between them that he (Mullinix) should draw a draft upon the deposit in favor of appellee for the amount; that he immediately left the country and failed to do so. We think this testimony, properly interpreted, means that Bailey made an unconditional promise to pay the debt out of the insurance money, and that the drawing of the draft related merely to the method of payment. If his testimony was true, the agreement by \u2019Bailey to pay appellee\u2019s debt was an original undertaking on his part and not an oral promise to pay the debt of another. The agreement, therefore, was not within the statute of frauds, as contended by appellant.\nR. W. Bailey, Sr., testified that he had no knowledge of the indebtedness, and that he did not agree to pay any part of the money received by him upon appellee\u2019s claim; that he agreed to pay certain claims of customers, whose cotton was burned; out of the amount, \u00a1and that it was agreed and understood that the balance should be applied upon Mullinix\u2019s debt to him, which was done.\nThe trial court determined the issue in favor of appellee, and we are unable to say that the finding of the chancellor was contrary to a clear preponderance of the evidence. The decree is affirmed.",
        "type": "majority",
        "author": "Humphreys, J."
      }
    ],
    "attorneys": [
      "Jas. R. McDowell, for appellant.",
      "8. W. Ogan, for appellee."
    ],
    "corrections": "",
    "head_matter": "Bailey v. Perkins Oil Company.\nOpinion delivered October 23, 1922.\n1. Contracts \u2014 evidence.\u2014The chancellor\u2019s finding that defendant received money from a third person under agreement to pay plaintiffs held not contrary to a clear preponderance of the evidence.\n2. Frauds, statute of \u2014 agreement to pay another\u2019s debt. \u2014 Where defendant received money from a third person under agreement to pay plaintiff\u2019s claim against such third person, the agreement is an original undertaking, and not within the statute of frauds.\nAppeal from Cross Chancery Court; A. L. Hutchins, Chancellor;\naffirmed.\nJas. R. McDowell, for appellant.\nIf Bailey promised to pay the debt owing by the St. Francis Q-in Company it was within the statute of frauds and void. C. & M. Dig., sec. 4862; Shannon\u2019s Code of Tenn., sec. 3142.\nPersons holding themselves out as partners are liable only to those who have \u00a1been misled by such representations. . 20 R. C. L. 1068.\nA partnership is the relation existing between two or more persons who have agreed to carry on a business and share the profits as joint owners. 22 A. & E. Ency. Law, (2nd ed.) 2.\nAn incoming partner of an existing business does not assume liability for previous debts, unless he does so by express agreement. 5 S. W. 787.\nConveyances which are made in good faith to bona fide purchasers are not subject to attack by creditors. 8 Fletcher\u2019s Cyclopedia of Corporations, sec. 5047.\n8. W. Ogan, for appellee.\nCorporate funds are trust funds for the discharge of the corporate indebtedness. Taylor on Private Corporations, sec. 656, p. 657.\nThe assets of an incorporated company are trust funds for the payment of its debts. 107 Ark. 424; 107 Ark. 125; 124 Ark. 90; 38 Ark. 17.\nThe debts of a corporation existing at the time of dissolution may be collected' out of the assets of the defunet corporation in the hands of shareholders, except innocent purchasers. 124 Ark. 90.\n\"Where one deals with an agent without knowledge of the agency, after discovering the agency he may hold it responsible. 87 Ark. 374; 119' Ark. 558; 45 Ark. 367; 50 Ark. 433; 87 Ark. 434."
  },
  "file_name": "0378-01",
  "first_page_order": 402,
  "last_page_order": 404
}
