{
  "id": 4242045,
  "name": "In the Matter of the Marriage of Neha Vyas Chandola, Respondent, and Manjul Varn Chandola, Petitioner",
  "name_abbreviation": "In re the Marriage of Chandola",
  "decision_date": "2014-06-19",
  "docket_number": "No. 89093-5",
  "first_page": "632",
  "last_page": "663",
  "citations": [
    {
      "type": "official",
      "cite": "180 Wash. 2d 632"
    }
  ],
  "court": {
    "name_abbreviation": "Wash.",
    "id": 9029,
    "name": "Washington Supreme Court"
  },
  "jurisdiction": {
    "id": 38,
    "name_long": "Washington",
    "name": "Wash."
  },
  "cites_to": [
    {
      "cite": "152 P.3d 1005",
      "category": "reporters:state_regional",
      "reporter": "P.3d",
      "year": 2007,
      "opinion_index": 0
    },
    {
      "cite": "159 Wn.2d 623",
      "category": "reporters:state",
      "reporter": "Wash. 2d",
      "case_ids": [
        3593103
      ],
      "year": 2007,
      "pin_cites": [
        {
          "page": "637-38"
        }
      ],
      "opinion_index": 0,
      "case_paths": [
        "/wash-2d/159/0623-01"
      ]
    },
    {
      "cite": "266 P.2d 782",
      "category": "reporters:state_regional",
      "reporter": "P.2d",
      "year": 1954,
      "pin_cites": [
        {
          "parenthetical": "trial judge better positioned than appellate court to weigh evidence and credibility in custody proceeding"
        }
      ],
      "opinion_index": 0
    },
    {
      "cite": "44 Wn.2d 233",
      "category": "reporters:state",
      "reporter": "Wash. 2d",
      "case_ids": [
        2422654
      ],
      "year": 1954,
      "pin_cites": [
        {
          "page": "240",
          "parenthetical": "trial judge better positioned than appellate court to weigh evidence and credibility in custody proceeding"
        }
      ],
      "opinion_index": 0,
      "case_paths": [
        "/wash-2d/44/0233-01"
      ]
    },
    {
      "cite": "262 P.3d 128",
      "category": "reporters:state_regional",
      "reporter": "P.3d",
      "year": 2011,
      "opinion_index": 0
    },
    {
      "cite": "164 Wn. App. 42",
      "category": "reporters:state",
      "reporter": "Wash. App.",
      "case_ids": [
        4019713
      ],
      "year": 2011,
      "pin_cites": [
        {
          "page": "67-68"
        }
      ],
      "opinion_index": 0,
      "case_paths": [
        "/wash-app/164/0042-01"
      ]
    },
    {
      "cite": "77 P.3d 1174",
      "category": "reporters:state_regional",
      "reporter": "P.3d",
      "year": 2003,
      "opinion_index": 0
    },
    {
      "cite": "150 Wn.2d 337",
      "category": "reporters:state",
      "reporter": "Wash. 2d",
      "case_ids": [
        9194553
      ],
      "year": 2003,
      "pin_cites": [
        {
          "page": "357"
        }
      ],
      "opinion_index": 0,
      "case_paths": [
        "/wash-2d/150/0337-01"
      ]
    },
    {
      "cite": "829 P.2d 1120",
      "category": "reporters:state_regional",
      "reporter": "P.2d",
      "year": 1992,
      "opinion_index": 0
    },
    {
      "cite": "65 Wn. App. 703",
      "category": "reporters:state",
      "reporter": "Wash. App.",
      "case_ids": [
        1736099
      ],
      "weight": 2,
      "year": 1992,
      "pin_cites": [
        {
          "page": "708-09"
        },
        {
          "page": "708"
        }
      ],
      "opinion_index": 0,
      "case_paths": [
        "/wash-app/65/0703-01"
      ]
    },
    {
      "cite": "718 P.2d 7",
      "category": "reporters:state_regional",
      "reporter": "P.2d",
      "year": 1986,
      "opinion_index": 0
    },
    {
      "cite": "43 Wn. App. 518",
      "category": "reporters:state",
      "reporter": "Wash. App.",
      "case_ids": [
        1806228
      ],
      "year": 1986,
      "pin_cites": [
        {
          "page": "519"
        }
      ],
      "opinion_index": 0,
      "case_paths": [
        "/wash-app/43/0518-01"
      ]
    },
    {
      "cite": "37 P.3d 1265",
      "category": "reporters:state_regional",
      "reporter": "P.3d",
      "weight": 2,
      "year": 2002,
      "opinion_index": 0
    },
    {
      "cite": "110 Wn. App. 16",
      "category": "reporters:state",
      "reporter": "Wash. App.",
      "case_ids": [
        1123596
      ],
      "year": 2002,
      "pin_cites": [
        {
          "page": "20"
        }
      ],
      "opinion_index": 0,
      "case_paths": [
        "/wash-app/110/0016-01"
      ]
    },
    {
      "cite": "65 P.3d 664",
      "category": "reporters:state_regional",
      "reporter": "P.3d",
      "year": 2003,
      "opinion_index": 0
    },
    {
      "cite": "149 Wn.2d 123",
      "category": "reporters:state",
      "reporter": "Wash. 2d",
      "case_ids": [
        1292573
      ],
      "year": 2003,
      "pin_cites": [
        {
          "page": "127"
        }
      ],
      "opinion_index": 0,
      "case_paths": [
        "/wash-2d/149/0123-01"
      ]
    },
    {
      "cite": "210 P.3d 1007",
      "category": "reporters:state_regional",
      "reporter": "P.3d",
      "weight": 2,
      "year": 2009,
      "opinion_index": 0
    },
    {
      "cite": "166 Wn.2d 572",
      "category": "reporters:state",
      "reporter": "Wash. 2d",
      "case_ids": [
        4001373
      ],
      "year": 2009,
      "pin_cites": [
        {
          "page": "578"
        }
      ],
      "opinion_index": 0,
      "case_paths": [
        "/wash-2d/166/0572-01"
      ]
    },
    {
      "cite": "243 P.3d 1283",
      "category": "reporters:state_regional",
      "reporter": "P.3d",
      "year": 2010,
      "pin_cites": [
        {
          "parenthetical": "quoting State v. Engel, 166 Wn.2d 572, 578, 210 P.3d 1007 (2009)"
        }
      ],
      "opinion_index": 0
    },
    {
      "cite": "169 Wn.2d 516",
      "category": "reporters:state",
      "reporter": "Wash. 2d",
      "case_ids": [
        4010031
      ],
      "year": 2010,
      "pin_cites": [
        {
          "page": "526",
          "parenthetical": "quoting State v. Engel, 166 Wn.2d 572, 578, 210 P.3d 1007 (2009)"
        }
      ],
      "opinion_index": 0,
      "case_paths": [
        "/wash-2d/169/0516-01"
      ]
    },
    {
      "cite": "558 P.2d 1342",
      "category": "reporters:state_regional",
      "reporter": "P.2d",
      "year": 1976,
      "opinion_index": 0
    },
    {
      "cite": "87 Wn.2d 878",
      "category": "reporters:state",
      "reporter": "Wash. 2d",
      "case_ids": [
        1113823
      ],
      "year": 1976,
      "pin_cites": [
        {
          "page": "883-84"
        }
      ],
      "opinion_index": 0,
      "case_paths": [
        "/wash-2d/87/0878-01"
      ]
    },
    {
      "cite": "3 P.3d 741",
      "category": "reporters:state_regional",
      "reporter": "P.3d",
      "year": 2000,
      "pin_cites": [
        {
          "parenthetical": "quoting John H. Sellen Constr. Co. v. Dep't of Revenue, 87 Wn.2d 878, 883-84, 558 P.2d 1342 (1976)"
        }
      ],
      "opinion_index": 0
    },
    {
      "cite": "141 Wn.2d 139",
      "category": "reporters:state",
      "reporter": "Wash. 2d",
      "case_ids": [
        1183457
      ],
      "year": 2000,
      "pin_cites": [
        {
          "page": "151",
          "parenthetical": "quoting John H. Sellen Constr. Co. v. Dep't of Revenue, 87 Wn.2d 878, 883-84, 558 P.2d 1342 (1976)"
        }
      ],
      "opinion_index": 0,
      "case_paths": [
        "/wash-2d/141/0139-01"
      ]
    },
    {
      "cite": "122 P.3d 161",
      "category": "reporters:state_regional",
      "reporter": "P.3d",
      "year": 2005,
      "opinion_index": 0
    },
    {
      "cite": "155 Wn.2d 679",
      "category": "reporters:state",
      "reporter": "Wash. 2d",
      "case_ids": [
        3766153
      ],
      "year": 2005,
      "pin_cites": [
        {
          "page": "710"
        }
      ],
      "opinion_index": 0,
      "case_paths": [
        "/wash-2d/155/0679-01"
      ]
    },
    {
      "cite": "455 U.S. 745",
      "category": "reporters:federal",
      "reporter": "U.S.",
      "case_ids": [
        11307633
      ],
      "weight": 4,
      "year": 1982,
      "pin_cites": [
        {
          "page": "753"
        },
        {
          "page": "762-63",
          "parenthetical": "noting that in the family law context minority groups are particularly \"vulnerable to judgments based on cultural or class bias[es]\""
        }
      ],
      "opinion_index": 0,
      "case_paths": [
        "/us/455/0745-01"
      ]
    },
    {
      "cite": "969 P.2d 21",
      "category": "reporters:state_regional",
      "reporter": "P.2d",
      "year": 1998,
      "pin_cites": [
        {
          "parenthetical": "quoting Santosky v. Kramer, 455 U.S. 745, 753, 102 S. Ct. 1388, 71 L. Ed. 2d 599 (1982)"
        }
      ],
      "opinion_index": 0
    },
    {
      "cite": "137 Wn.2d 1",
      "category": "reporters:state",
      "reporter": "Wash. 2d",
      "case_ids": [
        179334
      ],
      "year": 1998,
      "pin_cites": [
        {
          "page": "14-15",
          "parenthetical": "quoting Santosky v. Kramer, 455 U.S. 745, 753, 102 S. Ct. 1388, 71 L. Ed. 2d 599 (1982)"
        }
      ],
      "opinion_index": 0,
      "case_paths": [
        "/wash-2d/137/0001-01"
      ]
    },
    {
      "cite": "136 P.3d 117",
      "category": "reporters:state_regional",
      "reporter": "P.3d",
      "year": 2006,
      "opinion_index": 0
    },
    {
      "cite": "157 Wn.2d 126",
      "category": "reporters:state",
      "reporter": "Wash. 2d",
      "case_ids": [
        3004189
      ],
      "year": 2006,
      "pin_cites": [
        {
          "page": "143"
        }
      ],
      "opinion_index": 0,
      "case_paths": [
        "/wash-2d/157/0126-01"
      ]
    },
    {
      "cite": "315 P.3d 470",
      "category": "reporters:state_regional",
      "reporter": "P.3d",
      "year": 2013,
      "pin_cites": [
        {
          "parenthetical": "construing chapter 26.10 RCW, which governs nonparental actions for child custody (quoting In re Custody of Shields, 157 Wn.2d 126, 143, 136 P.3d 117 (2006))"
        }
      ],
      "opinion_index": 0
    },
    {
      "cite": "179 Wn.2d 224",
      "category": "reporters:state",
      "reporter": "Wash. 2d",
      "case_ids": [
        4033811
      ],
      "year": 2013,
      "pin_cites": [
        {
          "page": "235-36",
          "parenthetical": "construing chapter 26.10 RCW, which governs nonparental actions for child custody (quoting In re Custody of Shields, 157 Wn.2d 126, 143, 136 P.3d 117 (2006))"
        }
      ],
      "opinion_index": 0,
      "case_paths": [
        "/wash-2d/179/0224-01"
      ]
    },
    {
      "cite": "56 P.3d 993",
      "category": "reporters:state_regional",
      "reporter": "P.3d",
      "year": 2002,
      "opinion_index": 0
    },
    {
      "cite": "113 Wn. App. 863",
      "category": "reporters:state",
      "reporter": "Wash. App.",
      "case_ids": [
        764578
      ],
      "year": 2002,
      "pin_cites": [
        {
          "page": "872"
        }
      ],
      "opinion_index": 0,
      "case_paths": [
        "/wash-app/113/0863-01"
      ]
    },
    {
      "cite": "932 P.2d 652",
      "category": "reporters:state_regional",
      "reporter": "P.2d",
      "year": 1996,
      "opinion_index": 0
    },
    {
      "cite": "84 Wn. App. 763",
      "category": "reporters:state",
      "reporter": "Wash. App.",
      "case_ids": [
        121576
      ],
      "weight": 2,
      "year": 1996,
      "pin_cites": [
        {
          "page": "770-72"
        },
        {
          "page": "770-71"
        }
      ],
      "opinion_index": 0,
      "case_paths": [
        "/wash-app/84/0763-01"
      ]
    },
    {
      "cite": "383 P.2d 900",
      "category": "reporters:state_regional",
      "reporter": "P.2d",
      "weight": 2,
      "year": 1963,
      "opinion_index": 0
    },
    {
      "cite": "62 Wn.2d 561",
      "category": "reporters:state",
      "reporter": "Wash. 2d",
      "case_ids": [
        1036845
      ],
      "year": 1963,
      "pin_cites": [
        {
          "page": "568"
        }
      ],
      "opinion_index": 0,
      "case_paths": [
        "/wash-2d/62/0561-01"
      ]
    },
    {
      "cite": "940 P.2d 1362",
      "category": "reporters:state_regional",
      "reporter": "P.2d",
      "weight": 2,
      "year": 1997,
      "opinion_index": 0
    },
    {
      "cite": "133 Wn.2d 39",
      "category": "reporters:state",
      "reporter": "Wash. 2d",
      "case_ids": [
        331076
      ],
      "year": 1997,
      "pin_cites": [
        {
          "page": "46-47"
        }
      ],
      "opinion_index": 0,
      "case_paths": [
        "/wash-2d/133/0039-01"
      ]
    },
    {
      "cite": "283 P.3d 546",
      "category": "reporters:state_regional",
      "reporter": "P.3d",
      "year": 2012,
      "pin_cites": [
        {
          "parenthetical": "citing In re Marriage of Littlefield, 133 Wn.2d 39, 46-47, 940 P.2d 1362 (1997)"
        }
      ],
      "opinion_index": 0
    },
    {
      "cite": "175 Wn.2d 23",
      "category": "reporters:state",
      "reporter": "Wash. 2d",
      "case_ids": [
        4024616
      ],
      "year": 2012,
      "pin_cites": [
        {
          "page": "35",
          "parenthetical": "citing In re Marriage of Littlefield, 133 Wn.2d 39, 46-47, 940 P.2d 1362 (1997)"
        }
      ],
      "opinion_index": 0,
      "case_paths": [
        "/wash-2d/175/0023-01"
      ]
    },
    {
      "cite": "315 P.3d 531",
      "category": "reporters:state_regional",
      "reporter": "P.3d",
      "year": 2013,
      "opinion_index": 0
    },
    {
      "cite": "179 Wn.2d 1008",
      "category": "reporters:state",
      "reporter": "Wash. 2d",
      "year": 2013,
      "opinion_index": 0
    },
    {
      "cite": "174 Wn. App. 1073",
      "category": "reporters:state",
      "reporter": "Wash. App.",
      "case_ids": [
        4055827,
        4053173,
        4052094,
        4051847
      ],
      "year": 2013,
      "opinion_index": 0,
      "case_paths": [
        "/wash-app/174/1073-04",
        "/wash-app/174/1073-01",
        "/wash-app/174/1073-02",
        "/wash-app/174/1073-03"
      ]
    },
    {
      "cite": "699 P.2d 214",
      "category": "reporters:state_regional",
      "reporter": "P.2d",
      "weight": 3,
      "year": 1985,
      "pin_cites": [
        {
          "parenthetical": "emphasis added"
        }
      ],
      "opinion_index": 1
    },
    {
      "cite": "103 Wn.2d 807",
      "category": "reporters:state",
      "reporter": "Wash. 2d",
      "case_ids": [
        1134114
      ],
      "year": 1985,
      "pin_cites": [
        {
          "page": "809"
        }
      ],
      "opinion_index": 1,
      "case_paths": [
        "/wash-2d/103/0807-01"
      ]
    },
    {
      "cite": "940 P.2d 1362",
      "category": "reporters:state_regional",
      "reporter": "P.2d",
      "year": 1997,
      "opinion_index": 1
    },
    {
      "cite": "133 Wn.2d 39",
      "category": "reporters:state",
      "reporter": "Wash. 2d",
      "case_ids": [
        331076
      ],
      "year": 1997,
      "pin_cites": [
        {
          "page": "46"
        }
      ],
      "opinion_index": 1,
      "case_paths": [
        "/wash-2d/133/0039-01"
      ]
    }
  ],
  "analysis": {
    "cardinality": 1867,
    "char_count": 55174,
    "ocr_confidence": 0.703,
    "pagerank": {
      "raw": 9.671938284144364e-08,
      "percentile": 0.5289238870683194
    },
    "sha256": "b3ec2d4e186a6fba70a6391c5b58e382f18bb6533f7a7eba8e855b88e1627bd9",
    "simhash": "1:91a426b377accea0",
    "word_count": 8737
  },
  "last_updated": "2024-02-27T18:26:29.759680+00:00",
  "provenance": {
    "date_added": "2019-08-29",
    "source": "Harvard",
    "batch": "2018"
  },
  "casebody": {
    "judges": [
      "Fairhurst, Wiggins, and Gonz\u00e1lez, JJ., and Kulik, J. Pro Tem., concur.",
      "Madsen, C.J., and C. Johnson and Stephens, JJ., concur with Owens, J."
    ],
    "parties": [
      "In the Matter of the Marriage of Neha Vyas Chandola, Respondent, and Manjul Varn Chandola, Petitioner."
    ],
    "opinions": [
      {
        "text": "Gordon McCloud, J.\n\u00b61 This case concerns three provisions of a parenting plan that limits contact between the petitioner, Manjul Varn Chandola, and his young daughter. The trial court imposed those restrictions under RCW 26.09.191(3)(g), which authorizes a court to \u201cpreclude or limit any provisions of the parenting plan\u201d if necessary to protect against \u201cadverse effect to the child\u2019s best interests.\u201d This case presents the question of what type of \u201cadverse effect to the child\u2019s best interests\u201d a trial court must find before imposing parenting plan restrictions under the catchall provision, RCW 26.09.191(3)(g). We hold that restrictions imposed under that statute must be reasonably calculated to prevent relatively severe physical, mental, or emotional harm to a child. Applying that standard, we affirm the trial court\u2019s decision to impose two of the challenged restrictions but reverse its decision to impose the third.\nFACTS\n\u00b62 Manjul Varn Chandola (Chandola) and Neha Vyas Chandola (Vyas) were married in 1998; Vyas gave birth to the couple\u2019s daughter, P.R.C., in 2008. Both Chandola and Vyas are attorneys, but Chandola was consistently unemployed or underemployed during their marriage. Accordingly, he was home with P.R.C. more often than Vyas was during the first two years of P.R.C.\u2019s life. At different intervals, both Vyas\u2019s mother and Chandola\u2019s parents also lived in the home. The grandparents provided a great deal of child care, and while Vyas and Chandola were married, P.R.C. always slept in the same room as either her parents or one of her grandmothers.\n\u00b63 Chandola\u2019s and Vyas\u2019s most serious conflicts arose after P.R.C. was born. Vyas accused Chandola of engaging in abusive behavior toward her \u2014 yelling at her, calling her names, and telling her that she was a bad mother. She felt that Chandola and his parents were trying to marginalize her, encouraging P.R.C. to bond with Chandola and minimizing Vyas\u2019s role. Vyas also objected to Chandola\u2019s parenting style. Particular sources of conflict were Chandola\u2019s inability to maintain a consistent meal and sleep schedule for P.R.C. and his obsessive concern that something bad would happen to her. According to Vyas, this concern manifested in Chandola\u2019s holding P.R.C. excessively, discouraging her from playing with other children, and insisting that she be supervised by a family member at all times \u2014 even while she slept.\n\u00b64 In February 2011, Vyas filed for dissolution. She told Chandola that she was concerned about the possibility of sexual abuse because P.R.C. had complained of vaginal pain. When the couple separated in late February 2011, Chandola agreed to supervised visitation with P.R.C. at the advice of his attorney at the time. The supervised visitation was lifted in December 2011.\n\u00b65 The court-appointed parenting expert, Dr. Jennifer Wheeler, concluded that P.R.C.\u2019s statements were not evidence of sexual abuse. In its findings of fact, the trial court also dismissed the allegations, concluding instead that \u201c(Vyas] may have needed to precipitate a crisis in order to escape the marriage and extended family dynamic.\u201d Clerk\u2019s Papers (CP) at 94. In short, the sexual abuse allegations were unsubstantiated.\n\u00b66 In the divorce proceedings, Chandola sought a 50-50 residential split. Vyas requested that Chandola\u2019s residential time with P.R.C. be limited under RCW 26.09.191(3)(b) and (e), which allow a trial court to \u201cpreclude or limit any provisions of the parenting plan\u201d upon certain findings. Subsection (3)(b) allows restrictions on the basis of a parent\u2019s \u201clong-term emotional. . . impairment which interferes with ... parenting functions.\u201d Subsection (3)(e) allows restrictions on the basis of a parent\u2019s \u201cabusive use of conflict . . . which creates the danger of serious damage to the child\u2019s psychological development.\u201d\n\u00b67 Dr. Wheeler\u2019s written pretrial parenting evaluation stated that there was no basis on which to impose RCW 26.09.191 restrictions. It acknowledged that Chandola appeared to have some problematic personality traits but concluded that they did not manifest frequently enough to \u201cmeet criteria for a major mental health or personality disorder that would support restrictions to the residential schedule consistent with RCW 26.09.19l(3)(b).\u201d 2 Verbatim Report of Proceedings (VRP) (Jan. 31, 2012) at 297.\n\u00b68 Nevertheless, Dr. Wheeler recommended a residential schedule that limited Chandola to roughly the same total amount of contact he had had with P.R.C. during the period of supervised visitation (before the judge rejected the abuse allegations). The schedule she recommended amounted to about 20 hours per week (two seven-hour visits per week and one overnight stay every other Saturday). She also recommended a residential schedule in \u201cphase [s],\u201d whereby Chandola would progress to greater residential time with P.R.C. every few years if he successfully complied with certain recommendations. Id. at 235-45. These recommendations were fairly limited: Dr. Wheeler recommended that Chandola continue to see his therapist and participate in individual parent training but did not recommend any restrictions on Chandola\u2019s conduct or his parents\u2019 contact with P.R.C.\n\u00b69 At trial, Dr. Wheeler agreed that her recommendations gave Chandola time with P.R.C. that was \u201csignificantly more limited than what would generally be the norm.\u201d Id. at 305. When pressed to explain these recommendations on the witness stand, Dr. Wheeler disavowed her written evaluation to some extent:\nI also don\u2019t think I gave due consideration in my formulation of the [RCW 26.09], 191 restrictions to what my concerns were and how they might play out in terms of abusive use of conflict. I was very focused as I read it here on domestic violence, sexual abuse allegations and the emotional impairment.\nMy authority for my opinion is that the personality traits that I\u2019ve been describing all morning in my opinion, the risk to [P.R.C.] of those traits is ongoing conflict that is essentially emotionally abusive to her. And I do think that until those traits are better regulated and [Chandola is] able to interact with [P.R.C.] in a way that does not perpetuate this conflict and parent in a way that does not continue to inflame this conflict, I do think that [the] father is vulnerable to engaging in abusive use of conflict. That supports generally why I am limiting his residential schedule relative to what you just referred to as the normal, typical kind of recommendation.\nId. at 305-06.\n\u00b610 After six days of testimony, the trial court found that \u201cthe father\u2019s parenting history has had an adverse effect on the child\u2019s best interests pursuant to RCW 26.09.191(3)(g).\u201d CP at 80. Unlike RCW 26.09.191(3)(b) and (e) \u2014 the provisions that Vyas invoked in her brief to the trial court, which specifically address a parent\u2019s emotional impairment and abusive use of conflict \u2014 RCW 26.09.191(3)(g) is a catchall provision. It allows courts to \u201cpreclude or limit any provisions of the parenting plan\u201d in light of \u201c[s]uch other factors or conduct as the court expressly finds adverse to the best interests of the child.\u201d RCW 26.09.191(3)(g). In accordance with its finding of adverse effect, the trial court placed several restrictions and conditions on Chandola\u2019s contact with P.R.C.\n\u00b611 Thus, the court\u2019s parenting plan provided for a residential schedule in three stages. The first stage, which was to last approximately two and a half years, allows Chandola to have P.R.C. for one seven-hour visit every Tuesday evening, one overnight stay every other Thursday, and one overnight stay every other weekend. The second stage, which is to last from August 1, 2014 until P.R.C. entered the third grade, increases Chandola\u2019s residential time with P.R.C. to one overnight stay per week and a full Friday afternoon through Sunday evening stay every other weekend. The third and final stage allows Chandola to have P.R.C. stay every Thursday night and every other weekend from Friday after school until Monday morning.\n\u00b612 Under the terms of this plan, each new stage commences only if Chandola has complied with several conditions designed to improve his parenting skills:\nThe parties shall only progress to the next stage if the father has routinely abided by the mother\u2019s bedtime routine and time (unless otherwise recommended by the case manager); the child sleeps in her own room at the father\u2019s house (unless otherwise recommended by the case manager); the father has remained compliant with counseling requirements; the father has successfully completed parent training; the father has abstained from discussing the case or any disputed facts/claims in the case with the child; the father has complied with the restrictions regarding paternal grandparent contact in Section 3.10; and the father has complied with any and all recommendations by the child\u2019s therapist, the parent trainer, and the case manager. If the parties disagree about the father\u2019s compliance with these conditions to progress to the next phase of residential time, the father may (within two months of the dates for potential progress to the next phase) bring a motion on the family law motions calendar with at least 14 days notice to the mother to resolve the disagreement.\nCP at 81. The \u201crestrictions regarding paternal grandparent contact,\u201d id,., are as follows:\nFor Stage 1 and 2 the father shall not facilitate or allow either paternal grandparent to be present during the father\u2019s residential time except as follows: either or both paternal grandparents may be present up to 20% total of the father\u2019s time in any given calendar year. However the grandparents should not be present for any parenting observations, training or coaching sessions. During the 20% time the father may leave the child with the grandparents i.e. he need not be present. This provision shall not be construed to create a right or entitlement for grandparent visitation but is intended to maintain the child\u2019s connection with her paternal grandparents while promoting direct parenting by the father without the presence of the grandparents. The father shall notify the mother and case manager in advance of any time his parents visit.\nCP at 84.\n\u00b613 Chandola appealed, arguing that his parenting behaviors did not have the kind of \u201cadverse effect\u201d on P.R.C. that the legislature required in RCW 26.09.191(3). He also sought attorney fees. The Court of Appeals affirmed, and Chandola petitioned this court for review. In re Marriage of Chandola, noted at 174 Wn. App. 1073, review granted, 179 Wn.2d 1008, 315 P.3d 531 (2013). Vyas cross petitioned this court for attorney fees on appeal.\nANALYSIS\nStandard of Review\n\u00b614 A trial court\u2019s parenting plan is reviewed for an abuse of discretion, which \u201coccurs when a decision is manifestly unreasonable or based on untenable grounds or untenable reasons.\u201dIn re Marriage of Katare, 175 Wn.2d 23, 35, 283 P.3d 546 (2012) (citing In re Marriage of Littlefield, 133 Wn.2d 39, 46-47, 940 P.2d 1362 (1997)). The trial court\u2019s findings of fact are treated as verities on appeal, so long as they are supported by substantial evidence. Id. (citing Ferree v. Doric Co., 62 Wn.2d 561, 568, 383 P.2d 900 (1963)). \u201cSubstantial evidence\u201d is evidence sufficient to persuade a fair-minded person of the truth of the matter asserted. Id.\n\u00b615 While a parenting plan is reviewed for abuse of discretion, the trial court\u2019s discretion is cabined by several provisions in chapter 26.09 RCW, including the catchall provision at issue in this case: RCW 26.09.191(3)(g). Id. at 35-36. As noted above, RCW 26.09.191(3) bars the trial court from \u201cprecluding] or limiting] any provisions of the parenting plan\u201d (i.e., restricting parental conduct) unless the evidence shows that \u201c[a] parent\u2019s ... conduct may have an adverse effect on the child\u2019s best interests.\u201d\n\u00b616 Chandola makes two general arguments regarding the trial court\u2019s ruling and the Court of Appeals decision. First, he argues that the trial court improperly relied on conditions that existed during the year before trial only because of Vyas\u2019s unfounded allegations of abuse. Second, he argues that the trial court applied an incorrect standard when it found an \u201cadverse effect\u201d justifying restrictions on parent-child contact. RCW 26.09.191(3).\n\u00b617 For the reasons given below, we disagree with Chandola\u2019s first argument \u2014 we find that the trial court did not rely at all on the discredited abuse allegations or on conditions resulting from those allegations. With regard to Chandola\u2019s second argument, we take this opportunity to clarify the level of \u201cadverse effect\u201d necessary to sustain parenting plan restrictions under RCW 26.09.191(3)(g)\u2019s catchall provision: that adverse effect must be similar in severity to the adversity illustrated by that subsection\u2019s neighboring provisions, RCW 26.09.191(3)(a)-(f).\n\u00b618 Applying that standard, we affirm the Court of Appeals decision to uphold the restrictions on residential time and cosleeping. With respect to the third restriction (the limit on grandparental contact), however, we find that the trial court abused its discretion. We therefore reverse the Court of Appeals decision to uphold that restriction.\nI. The Trial Court Did Not Improperly Rely on Conditions That Resulted from the Unfounded Abuse Allegations\n\u00b619 Chandola first argues that the trial court improperly relied on the unfounded abuse allegations in two ways: (1) by crediting the court-appointed expert\u2019s relatively negative assessment, based on an in-home observation, of what Chandola contends was the \u201cartificial environment\u201d created by supervised visitation (imposed in the wake of the later-rejected sexual abuse allegations) and (2) by attributing RR.C.\u2019s improved social skills to her reduced contact with Chandola (and denying Chandola the opportunity to prove that his parenting skills had improved). Pet. for Review at 16-18. We are not persuaded.\n\u00b620 The record shows that the trial court based its decision on conditions that existed before the allegations, before the separation, and before the supervised visitation \u2014 not on conditions that existed during the parenting expert\u2019s home visits. See CP at 92 (\u201cPrior to separation the father consistently engaged in a pattern of interaction with [P.R.C.] which . . . lacked, in concerning degree, objectivity with respect to her healthy development.\u201d). The court did note that P.R.C.\u2019s socialization had improved after her father\u2019s influence was reduced, but that is not unfair reliance on the conditions resulting from the unfounded abuse allegations. Rather, it is a reasonable assessment of the facts that existed at trial, which is well within the court\u2019s discretion.\n\u00b621 As for Dr. Wheeler\u2019s in-home observation, it is true that she noted the \u201chigh energy\u201d tenor of the observation. RP (Jan. 31, 2012) at 215-17. But this was due to Chandola\u2019s own behavior, rather than any fact that resulted from supervised visitation itself. Id. at 215 (\u201cthere was a lot more activity, a lot more energy ... in part because of the number of people but also in part because father\u2019s style is very high energy\u201d). Moreover, this observation does not appear to have played any significant role in the trial court\u2019s decision, which omitted any reference to Chandola\u2019s postseparation interactions with P.R.C.\nII. Restrictions Imposed under RCW 26.09.191(3)(g) Must Be Reasonably Calculated To Prevent Physical, Mental, or Emotional Harm to the Child\n\u00b622 There is some overlap between the trial court\u2019s authority under RCW 26.09.187, to establish the terms of the parenting plan, and its authority under RCW 26.09-.191(3), to \u201cpreclude or limit any provisions of the parenting plan.\u201d Practically speaking, a court can substantially restrict a parent\u2019s contact with his or her child simply by establishing a residential schedule pursuant to its discretion under RCW 26.09.187.\n\u00b623 But that is not what the court did with the challenged restrictions here; instead, it proceeded under RCW 26.09.191(3). The \u201climitations\u201d in that statute are fundamentally different from the provisions necessary to every parenting plan under RCW 26.09.187. Restrictions on a parent\u2019s geographic location, for example, are not authorized as typical parenting plan provisions under RCW 26.09.187. See Littlefield, 133 Wn.2d at 54-55; Laws of 2000, ch. 21. They are instead imposed under RCW 26.09.191(3). Similarly, restrictions on a parent\u2019s travel or conduct can be imposed only under RCW 26.09.191 \u2014 not as features of the parenting plan under RCW 26.09.187. Katare, 175 Wn.2d at 35-37; In re Marriage of Wicklund, 84 Wn. App. 763, 770-72, 932 P.2d 652 (1996).\n\u00b624 Before imposing RCW 26.09.191(3)(g) restrictions, a trial court must find \u201c \u2018more than the normal . . . hardships which predictably result from a dissolution of marriage.\u2019 \u201d Katare, 175 Wn.2d at 36 (alteration in original) (quoting Littlefield, 133 Wn.2d at 55). While the court \u201cneed not wait for actual harm to accrue before imposing restrictions,\u201d it may impose restrictions only where substantial evidence shows \u201c \u2018that a danger of. . . damage exists.\u2019 \u201d Id. at 35-36 (emphasis added) (alteration in original) (quoting and citing In re Marriage of Burrill, 113 Wn. App. 863, 872, 56 P.3d 993 (2002)).\n\u00b625 With respect to the level of harm required for restrictions under RCW 26.09.191(3)(g), Chandola makes two arguments. First, he urges this court to interpret RCW 26.09.191(3)(g) to impose a standard analogous to that applied in nonparental custody proceedings. Under that approach, a trial court could not impose restrictions under RCW 26.09.191(3)(g) unless it found that a parent was incapable of \u201cmeet[ing] a child\u2019s basic needs\u201d or that the restrictions were necessary to avoid \u201c \u2018actual detriment to [a] child\u2019s growth and development.\u2019 \u201d In re Custody of B.M.H., 179 Wn.2d 224, 235-36, 315 P.3d 470 (2013) (construing chapter 26.10 RCW, which governs nonparental actions for child custody (quoting In re Custody of Shields, 157 Wn.2d 126, 143, 136 P.3d 117 (2006))). Second, Chandola contends that where the parents\u2019 \u201cdiffering views can both be accommodated\u201d without the imposition of RCW 26.09.191(3) restrictions, any such restriction should be subject to strict scrutiny. Suppl. Br. of Pet\u2019r at 2. Chandola contends that both of his arguments are compelled by the due process clause of the Fourteenth Amendment to the United States Constitution, which protects a parent\u2019s fundamental right to \u201cautonomy in parenting.\u201d Id. at 5.\n\u00b626 We decline to analogize parenting plan restrictions to nonparental petitions for custody. The nonparental custody statutes are designed to address situations wholly different from a divorce. A restriction imposed under RCW 26.09.191(3) might be relatively minor \u2014 for instance, as here, a parent might be required to attend parenting classes \u2014 but the result sought in a nonparental custody petition is the termination of parental custody. Thus, the legislature would likely disagree with Chandola\u2019s analogy.\n\u00b627 We also decline to subject Chandola\u2019s parenting plan to strict scrutiny. To be sure, the right to parental autonomy is a \u201c \u2018fundamental liberty interest protected by the Fourteenth Amendment,\u2019 \u201d and the State may not intrude on it absent a compelling interest and narrow tailoring. In re Custody of Smith, 137 Wn.2d 1, 14-15, 969 P.2d 21 (1998) (quoting Santosky v. Kramer, 455 U.S. 745, 753, 102 S. Ct. 1388, 71 L. Ed. 2d 599 (1982)). Strict scrutiny therefore applies to the state\u2019s infringement on parental autonomy in favor of a nonparent\u2019s interest. But it does not apply in a proceeding characterized by the \u201cequivalent parental positions of the parties.\u201d In re Parentage of L.B., 155 Wn.2d 679, 710, 122 P.3d 161 (2005).\n\u00b628 But RCW 26.09.191(3)(g) does require a particularized finding of a specific level of harm before restrictions may be imposed. Two principles of statutory interpretation compel this conclusion.\n\u00b629 First, the disputed catchall provision, RCW 26.09-.191(3)(g), follows a list of specific \u201cfactors\u201d that \u201cmay have an adverse effect on the child\u2019s best interests,\u201d justifying restrictions on parent-child contact. RCW 26.09.191(3)(a)-(f). When a statute employs such a general catchall term in conjunction with specific terms, the general term is \u201cdeemed only to incorporate those things similar in nature or \u2018comparable to\u2019 the specific terms.\u201d Simpson Inv. Co. v. Dep\u2019t of Revenue, 141 Wn.2d 139, 151, 3 P.3d 741 (2000) (quoting John H. Sellen Constr. Co. v. Dep\u2019t of Revenue, 87 Wn.2d 878, 883-84, 558 P.2d 1342 (1976)). In RCW 26.09-.191(3), all of the factors specifically listed concern either the lack of any meaningful parent-child relationship whatsoever or conduct by the parent that seriously endangers the child\u2019s physical or emotional well-being:\nA parent\u2019s involvement or conduct may have an adverse effect on the child\u2019s best interests, and the court may preclude or limit any provisions of the parenting plan, if any of the following factors exist:\n(a) A parent\u2019s neglect or substantial nonperformance of parenting functions;\n(b) A long-term emotional or physical impairment which interferes with the parent\u2019s performance of parenting functions as defined in RCW 26.09.004;\n(c) A long-term impairment resulting from drug, alcohol, or other substance abuse that interferes with the performance of parenting functions;\n(d) The absence or substantial impairment of emotional ties between the parent and the child;\n(e) The abusive use of conflict by the parent which creates the danger of serious damage to the child\u2019s psychological development;\n(f) A parent has withheld from the other parent access to the child for a protracted period without good cause.\nConsistent with the nature of these specific terms, trial courts typically invoke the catchall provision in RCW 26.09.191(3)(g) only after identifying a specific, and fairly severe, harm to the child.\n\u00b630 Second, statutory language is to be interpreted in context, considering \u201c \u2018related provisions, and the statutory scheme as a whole.\u2019 \u201d Lake v. Woodcreek Homeowners Ass\u2019n, 169 Wn.2d 516, 526, 243 P.3d 1283 (2010) (quoting State v. Engel, 166 Wn.2d 572, 578, 210 P.3d 1007 (2009)). Thus, RCW 26.09.191(3)(g) must be read in light of chapter 26.09 RCW\u2019s statement of policy, codified at RCW 26.09.002. It provides that \u201cthe best interest of the child is ordinarily served when the existing pattern of interaction between a parent and child is altered only to the extent necessitated by the changed relationship of the parents or as required to protect the child from physical, mental, or emotional harm\u201d RCW 26.09.002 (emphasis added).\n\u00b631 In light of this policy, as well as the nature of the specific grounds for parenting plan restrictions listed RCW 26.09.191(3)(a)-(f), we conclude that the legislature intended RCW 26.09.191(3) restrictions to apply only where necessary to \u201cprotect the child from physical, mental, or emotional harm,\u201d RCW 26.09.002, similar in severity to the harms posed by the \u201cfactors\u201d specifically listed in RCW 26.09.191(3)(a)-(f). A trial court abuses its discretion if it imposes a restriction that is not reasonably calculated to prevent such a harm.\nIII. The Trial Court Did Not Abuse Its Discretion by Limiting Chandola\u2019s Residential Time with P.R.C. or by Prohibiting Cosleeping; the Trial Court Did Abuse Its Discretion by Restricting P.R.C.\u2019s Contact with Her Paternal Grandparents\n\u00b632 Chandola challenges three restrictions imposed by the trial court: (1) the limitation of his residential time with P.R.C. to one overnight stay and one evening visit per week, (2) the prohibition on cosleeping, and (3) the restriction on P.R.C.\u2019s contact with her paternal grandparents. The trial court did not abuse its discretion by imposing the first two restrictions: the record shows that they were reasonably calculated to prevent physical, mental, or emotional harm to P.R.C. The trial court did abuse its discretion, however, by restricting P.R.C.\u2019s contact with her paternal grandparents.\nA. The trial court did not abuse its discretion by limiting Chandola\u2019s residential time with P.R.C.\n\u00b633 Vyas asserts that \u201cthe trial focused [primarily] on [Chandola]\u2019s parenting deficits and troubling personality traits\u201d and that both the court-appointed expert, Dr. Susan Wheeler, and the father\u2019s expert witness, Dr. Marsha Hedrick, agreed that these deficits and traits were grounds to limit Chandola\u2019s parenting time. Resp\u2019t\u2019s Suppl. Br. at 2-3. There is ample support for this assertion in the record.\n\u00b634 The \u201cdeficits\u201d and \u201ctraits\u201d to which Vyas refers all involved Chandola\u2019s inability to provide P.R.C. with a proper diet, sleep schedule, or socialization. Id. Vyas testified that when she was working full time, she would often arrive home in the evening to find that Chandola had not yet fed P.R.C. lunch or that he had fed her only a cookie or donut. She also stated that Chandola persistently and \u201crandomly\u201d woke P.R.C. up during the night to hold her, and that he would often be unable to eat or wash himself while Vyas was at work because he could not bring himself to put P.R.C. down. 3 VRP (Feb. 1, 2012) at 410-12.\n\u00b635 Several family friends testified to similar concerns, particularly relating to Chandola\u2019s constant holding of P.R.C., which prevented her from exploring and socializing, and to his refusal to establish a sleep or meal schedule for her. Indeed, even one of Chandola\u2019s lay witnesses testified about Chandola\u2019s tendency to hold P.R.C. too much and to perceive himself as persecuted by friends and family who suggested that he alter his parenting practices. The common theme that emerged from the various witness\u2019 testimony was that prior to the separation (before Chandola\u2019s contact with P.R.C. was restricted) P.R.C. had been a fearful and sleep-deprived child.\n\u00b636 Dr. Wheeler testified that she believed Chandola\u2019s \u201cobsessive compulsive,\u201d overly protective parenting style appeared to be a means of \u201cregulating his own anxiety versus recognizing what\u2019s really best for [P.R.C.].\u201d 2 VRP (Jan. 31, 2012) at 189. She made similar comments about Chandola\u2019s habit of feeding P.R.C. milk at night, which was contrary to both Vyas\u2019s wishes and P.R.C.\u2019s pediatrician\u2019s advice. Dr. Wheeler indicated that this was unhealthy for P.R.C. but was done because it \u201cfelt good\u201d to Chandola. Id. at 191.\n\u00b637 Ultimately, Dr. Wheeler recommended that P.R.C. have very limited residential time with Chandola because:\n... I feel like the personality traits that I observed, while they didn\u2019t rise to the level to be consistent with [RCW 26.09]. 191 restrictions from the emotional impairment standpoint, I do have concerns that right now his skills are not sufficient to be able to overcome some of those personality problems and exhibit skills where he\u2019s kind of mastered some of these deficits that he has right now that would bring him up to the level of being a good enough parent that would warrant having equivalent access.\n... So that\u2019s why I\u2019m recommending these kind of lengthy times that they can spend together and have very enriched, rewarding time together where they can accomplish a lot of parent-child tasks to help foster and maintain the relationship that they already have, but without unduly exposing her to some of these more problematic traits until these can kind of be better regulated.\nId. at 235-37. Significantly, Dr. Hedrick testified that she shared Dr. Wheeler\u2019s concerns about the nighttime bottle feeding, overly protective parenting, lack of structure, and lack of empathy. She agreed that Chandola\u2019s \u201cdifficulties understanding normal child development\u201d \u2014 particularly his need to hold P.R.C. instead of letting her explore \u2014 were cause for concern. 3 VRP (Feb. 1, 2012) at 492-93.\n\u00b638 Dr. Hedrick testified at length about the legitimacy of Dr. Wheeler\u2019s report and recommendations. She stated that she considered Dr. Wheeler\u2019s written report to be fundamentally sound but also thought that Dr. Wheeler should have recommended more visitation time for Chandola and P.R.C. Dr. Hedrick testified that in order to protect P.R.C.\u2019s relationship with Chandola, the court would need to allow at least one overnight stay per week. The residential schedule ultimately imposed by the trial court met this criterion. (Dr. Wheeler\u2019s recommended schedule afforded Chandola only one overnight stay every other week.)\n\u00b639 In light of this record, we conclude that the trial court did not abuse its discretion by imposing restrictions on Chandola\u2019s residential time with P.R.C. Contrary to Chandola\u2019s assertions, the trial court\u2019s concerns were not simply a matter of parenting \u201cstyle.\u201d Suppl. Br. of Pet\u2019r at 14. Rather, they involved fundamental human needs: sleep, nutrition, and socialization. The trial court\u2019s written findings make clear that it believed P.R.C. had made substantial emotional and social progress since her parents\u2019 separation (which reduced her time with Chandola): \u201cIt is telling that subsequent to separation the child\u2019s behavior repertoire increased dramatically. As more than one lay witness observed since separation \u2018[P.R.C.] is a changed child, more outgoing, interactive.\u2019 \u201d CP at 92-93 (citations omitted).\n\u00b640 In imposing the residential restrictions, the trial court clearly intended to ensure that this progress continue unhindered. There is substantial evidence in the record to support the conclusion that these restrictions were reasonably calculated to accomplish that end. We therefore affirm the Court of Appeals decision upholding the parenting plan\u2019s residential schedule.\nB. The trial court did not abuse its discretion when it prohibited Chandola from cosleeping with P.R.C.\n\u00b641 Vyas contends, and we agree, that the cosleeping restriction was imposed so that P.R.C. could maintain a consistent sleep schedule \u2014 and not because of any innate distrust of cosleeping.\n\u00b642 Vyas testified that Chandola\u2019s method of putting P.R.C. to bed was to show her YouTube videos, sometimes until one or two in the morning, and that P.R.C. was chronically sleep deprived as a result. She also testified that Chandola could not resist picking P.R.C. up in the middle of the night and that Vyas therefore believed that cosleeping was unhealthy for both Chandola and P.R.C. The trial court apparently found this testimony credible.\n\u00b643 Chandola concedes that sleep deprivation is a harm justifying RCW 26.09.191(3)(g) restrictions. He argues that the cosleeping prohibition was improper only because it was not narrowly tailored to prevent that harm. He contends that the court should simply have prohibited him from picking P.R.C. up while she slept, instead of prohibiting cosleeping altogether. He asserts that the blanket prohibition \u201cforced [him] and P.R.C. to violate the standards of their culture.\u201d Suppl. Br. of Pet\u2019r at 20.\n\u00b644 As explained above, parenting plan provisions are not subject to strict scrutiny and thus need not be narrowly tailored. Instead, restrictions imposed under RCW 26.09.191(3) need only be reasonably calculated to prevent the kind of harm described above. Thus, Chandola\u2019s narrow tailoring argument fails.\n\u00b645 Without doubt, a trial court must consider cultural factors when imposing a parenting plan. In re Parentage of Jannot, 149 Wn.2d 123, 127, 65 P.3d 664 (2003) (\u201cparenting plans are individualized decisions that depend upon a wide variety of factors, including \u2018culture, family history, the emotional stability of the parents and children, finances, and any of the other factors that bear upon the interests of the children\u2019 \u201d (quoting In re Parentage of Jannot, 110 Wn. App. 16, 20, 37 P.3d 1265 (2002))). In this case, the court heard testimony from both parents regarding their positive assessment of cosleeping before it prohibited Chandola from continuing that practice. But the court also considered testimony that P.R.C. was sleep deprived and only then determined that the cosleeping prohibition was necessary. It also preserved flexibility, ordering that the prohibition be enforced \u201cunless otherwise recommended by the case manager.\u201d CP at 81.\n\u00b646 The cosleeping restriction was therefore reasonably calculated to prevent mental and physical harm to P.R.C. We therefore affirm the Court of Appeals decision to the extent that it upholds this restriction.\nC. The trial court abused its discretion when it ordered that Chandola\u2019s parents be present for no more than 20 percent of Chandola\u2019s residential time with PR. C.\n\u00b647 Unlike the other two restrictions challenged in this case, the restriction on grandparental contact does not meet the RCW 26.09.191(3) standard. Vyas asserts that the trial court imposed this restriction because \u201cthe presence of [Chandola]\u2019s parents prevented [Chandola] from developing the necessary parenting skills and contributed to conflict by demeaning and devaluing [Vyas].\u201d Resp\u2019t\u2019s Suppl. Br. at 14.\n\u00b648 There is ample support in the record for the conclusion that prior to the separation, Chandola and his parents had diminished Vyas\u2019s role in the family and coached RR.C. to choose her father over her mother. There is also ample support for the conclusion that Chandola relied on his parents to care for RR.C. But neither conclusion warrants the imposition of the trial court\u2019s third restriction.\n\u00b649 Assuming that Chandola\u2019s parents did undermine Vyas\u2019s bond with P.R.C., the severe restrictions on Chandola\u2019s parenting time are more than sufficient to remedy this harm. Nothing in the record suggests that Chandola and his parents could continue to diminish Vyas\u2019s role after she became the primary custodial parent.\n\u00b650 With respect to Chandola\u2019s reliance on his parents, we are unable to discern what harm the trial court believed this was causing P.R.C. The trial court did not identify any particular harm in its ruling; it opined only that Chandola \u2014 the father, not the child \u2014 was insufficiently independent:\n[Chandola] \u2019s opportunities to parent and to learn from the opportunities must in large part be without the presence of his parents. The court recognizes that there are several cultural aspects to the history of the marriage and these may or may not include the paternal grandparents [sic] approach and influence. Or it may be due to [Chandola] being an only child, or likely a combination of both. Whatever the antecedents of the extended family dynamic the so called \u201cteam\u201d approach at this time needs to stop. Therefore [Chandola]\u2019s residential time must exclude his parents with occasional exceptions. . . .\nCP at 93-94.\n\u00b651 This ruling is a statement of opinion. It is an opinion that a father \u2014 an \u201conly child\u201d of Indian \u201ccultural... history\u201d \u2014 relies too much on \u201cextended family\u201d to help him raise his child. Id. That opinion is not sufficient to support RCW 26.09.191(3)(g) restrictions. It is not a finding that P.R.C. was at risk of a physical, mental, or emotional harm comparable to the harms inherent in the factors listed in RCW 26.09.191(3)(a)-(f).\n\u00b652 Indeed, the facts here compel the opposite conclusion. The record contains no evidence that Chandola\u2019s reliance on his parents was causing RR.C. to go unfed, unwashed, or otherwise uncared for. Instead, it shows that Chandola\u2019s mother was a doting grandmother who carefully attended to P.R.C.\u2019s needs. The restriction on grandparent contact thus appears calculated to increase Chandola\u2019s independence rather than to prevent mental, physical, or emotional harm to P.R.C. This is not permitted under RCW 26.09.191(3)(g).\n\u00b653 Any other conclusion leaves families vulnerable to a trial court\u2019s biases. By requiring trial courts to identify specific harms to the child before ordering parenting plan restrictions, RCW 26.09.191(3) prevents arbitrary imposition of the court\u2019s preferences. Wicklund, 84 Wn. App. at 770-71 (distinguishing trial court\u2019s disapproval of homosexuality from a finding of harm sufficient to justify parenting plan restrictions (citing In re Marriage of Cabalquinto, 43 Wn. App. 518, 519, 718 P.2d 7 (1986))). This is particularly important in the family law context, where the trial court is empowered to regulate intimate aspects of the parties\u2019 lives. See Santosky, 455 U.S. at 762-63 (noting that in the family law context minority groups are particularly \u201cvulnerable to judgments based on cultural or class bias[es]\u201d).\n\u00b654 We do not mean to imply that the trial court here was motivated by bias or cultural insensitivity; we conclude only that it did not justify the restriction on grandparent contact with the finding of relatively severe harm required by RCW 26.09.191(3)(g). We therefore reverse the portion of the Court of Appeals decision that upholds the restriction on grandparent contact.\nIV. Neither Party Is Entitled to Attorney Fees or Costs\n\u00b655 Both parties request attorney fees under RCW 26.09.140, which permits an appellate court to award costs and/or fees after \u201cconsidering the financial resources of both parties.\u201d Vyas also requests fees on the basis of Chandola\u2019s alleged intransigence. A party\u2019s \u201cintransigence\u201d is an equitable as opposed to statutory basis for awarding attorney fees. In re Marriage of Greenlee, 65 Wn. App. 703, 708-09, 829 P.2d 1120 (1992). We affirm the Court of Appeals decision denying Chandola\u2019s request and deny both parties\u2019 requests for attorney fees in this court.\nA. Neither party is entitled to attorney fees under RCW 26.09.140\n\u00b656 RCW 26.09.140 provides that \u201c[u]pon any appeal, the appellate court may, in its discretion, order a party to pay for the cost to the other party of maintaining the appeal and attorneys\u2019 fees in addition to statutory costs.\u201d This statute applies only to dissolution proceedings and \u201cinvest[s] appellate courts with discretion to order a party to pay fees and costs to the opposing party [after] consider [ation] of financial circumstances.\u201d In re Marriage of Rideout, 150 Wn.2d 337, 357, 77 P.3d 1174 (2003).\n\u00b657 The record in this case does not establish a disparity in the parties\u2019 income that would justify an award of fees to either party. Vyas, who is employed full time, receives roughly $1,000 per month in child support payments and preschool tuition from Chandola, who is currently seeking full time work.\n\u00b658 The parties appear to have roughly equivalent savings. Both cite financial hardship. Vyas states that she is in debt for dental bills and that her mortgage exceeds the value of her home. Chandola points out that he has had to bear 90 percent of the costs of the supervised visitation, has paid for counseling as a result of the unfounded sexual abuse allegations, and is underemployed. Both parties assert that the other receives substantial support from his or her parents. The financial affidavits submitted indicate that both have relied fairly heavily on support from family to fund this litigation.\n\u00b659 Based on this record, we deny both parties\u2019 requests for discretionary attorney fees under RCW 26.09.140.\nB. Chandola\u2019s alleged \u201cintransigence\u201d does not justify an award of fees to Vyas\n\u00b660 \u201c \u2018Awards of attorney fees based upon the intransigence of one party have been granted when the party engaged in \u201cfoot-dragging\u201d and \u201cobstruction\u201d ... or simply when one party made the trial unduly difficult and increased legal costs by his or her actions.\u2019 \u201d Katare, 175 Wn.2d at 42 (alteration in original) (quoting Greenlee, 65 Wn. App. at 708). This court denied the mother\u2019s request for attorney fees in Katare, even though the petitioner in that case \u201crepeatedly reasserted arguments that had been rejected\u201d over the course of three separate appeals. Id. at 43 (Chambers, J., concurring). Despite Vyas\u2019s contrary views, Chandola has not engaged in behavior like that of the petitioner in Katare. His arguments to this court are less extreme and fewer in number than those he advanced in the Court of Appeals. Moreover, he prevailed on one of them. We therefore deny Vyas\u2019s request for attorney fees on the basis of intransigence.\nCONCLUSION\n\u00b661 Trial courts have broad discretion to create parenting plans tailored to the needs of the individuals involved in a particular dissolution. This discretion promotes finality, preventing \u201cextended litigation [that] can be harmful to children.\u201d Jannot, 149 Wn.2d at 127. It also vests appropriate authority in the trial court, which is best situated to \u201cassign the proper weight to each of the varied factors\u201d relevant to a particular case. Id. (emphasis omitted).\n\u00b662 But while trial courts have broad discretion in the context of a parenting plan, that discretion must be exercised within the bounds of the applicable statutes. Here, the applicable statute is RCW 26.09.191(3)(g). It permits parenting plan restrictions only when they are reasonably calculated to prevent relatively severe physical, mental, or emotional harm to the child.\n\u00b663 Two of the three challenged restrictions in this case satisfy that standard \u2014 the residential provisions and cosleeping prohibition. We therefore affirm the Court of Appeals decision upholding these restrictions. The third challenged restriction \u2014 limiting the child\u2019s contact with her paternal grandparents \u2014 does not. We therefore reverse the Court of Appeals decision upholding that restriction.\nFairhurst, Wiggins, and Gonz\u00e1lez, JJ., and Kulik, J. Pro Tem., concur.\nRCW 26.09.191(3) reads in full as follows:\nA parent\u2019s involvement or conduct may have an adverse effect on the child\u2019s best interests, and the court may preclude or limit any provisions of the parenting plan, if any of the following factors exist:\n(a) A parent\u2019s neglect or substantial nonperformance of parenting functions;\n(b) A long-term emotional or physical impairment which interferes with the parent\u2019s performance of parenting functions as defined in RCW 26.09.004;\n(c) A long-term impairment resulting from drug, alcohol, or other substance abuse that interferes with the performance of parenting functions;\n(d) The absence or substantial impairment of emotional ties between the parent and child;\n(e) The abusive use of conflict by the parent which creates the danger of serious damage to the child\u2019s psychological development;\n(f) A parent has withheld from the other parent access to the child for a protracted period without good cause; or\n(g) Such other factors or conduct as the court expressly finds adverse to the best interests of the child.\nThis court has reached the same conclusion in numerous prior cases. See, e.g., Katare, 175 Wn.2d at 42 (strict scrutiny has no application to parenting plan, because adverse parties have equivalent interests); Parentage of L.B., 155 Wn.2d at 710 (same).\nE.g., Katare, 175 Wn.2d at 38 (permitting travel restrictions on the basis of evidence that father posed a risk of abduction). Courts have also relied on RCW 26.09.191(3)(g) to impose visitation restrictions designed to prevent young children from spending large amounts of time in transit. E.g., In re Marriage of Fahey, 164 Wn. App. 42, 67-68, 262 P.3d 128 (2011).\nThe trial court imposed the restrictions on Chandola\u2019s residential time with P.R.C. under RCW 26.09.191(3)(g). See CP at 93 (\u201cIt is ... necessary to impose such restrictions as may best be anticipated [to] assure the mother\u2019s parenting is not diluted by the father. Certainly a \u2018fifty/fifty\u2019 parenting plan would not accomplish this.\u201d (emphasis added)).\nOne of Chandola\u2019s lay witnesses contradicted this testimony, but credibility determinations are for the trial court. Chatwood v. Chatwood, 44 Wn.2d 233, 240, 266 P.2d 782 (1954) (trial judge better positioned than appellate court to weigh evidence and credibility in custody proceeding).\nWith respect to the cosleeping issue, Dr. Wheeler made no recommendation other than to \u201ccomply! ] with the parent trainer recommendations versus abiding by what the mother wants.\u201d 2 VRP (Jan. 31, 2012) at 241.\nIf Chandola\u2019s basic parenting skills remained deficient after the separation, P.R.C. might be harmed if her grandmother were absent and Chandola could not independently provide for her basic needs. But the court-ordered \u201cin-home\u201d parent training is presumably sufficient to address that hypothetical harm. CP at 90. If it were not, then P.R.C. would certainly be harmed, rather than protected, by the restriction on grandparent contact.\nUnder Rules of Appellate Procedure (RAP) 18.1, a party has a right to recover reasonable attorney fees or expenses on review in the Supreme Court if authorized by law, and if the party has put the request in his or her opening brief. State ex rel. M.M.G. v. Graham, 159 Wn.2d 623, 637-38, 152 P.3d 1005 (2007). Chandola did not request attorney fees in his briefs to this court, but under RAP 18.1(b) \u201c[r]equests made at the Court of Appeals will be considered as continuing requests at the Supreme Court...\u201d",
        "type": "majority",
        "author": "Gordon McCloud, J."
      },
      {
        "text": "Owens, J.\n\u00b664 (dissenting) \u2014 One of the most important\nand difficult responsibilities of our judicial system is adjudicating family law cases. This burden falls heaviest on our trial court judges, who personally oversee these deeply emotional proceedings. The decisions they face \u201care difficult at best,\u201d which is why this court has repeatedly instructed that those decisions should \u201cseldom be changed upon appeal.\u201d In re Marriage of Landry, 103 Wn.2d 807, 809, 699 P.2d 214 (1985). The emotional and financial interests of the families \u201care best served by finality.\u201d Id. Therefore, when reviewing trial court decisions in family law cases, \u201c[ajppellate courts should not encourage appeals by tinkering with them.\u201d Id. (emphasis added). In this case, the majority oversteps its role as a reviewing court and improperly substitutes its judgment for that of the trial court. I respectfully dissent.\nANALYSIS\n\u00b665 A trial court has wide discretion to set the terms of a parenting plan, and we will not reverse its decision unless we find that it abused its discretion. In re Marriage of Littlefield, 133 Wn.2d 39, 46, 940 P.2d 1362 (1997). An abuse of discretion occurs when a trial court\u2019s \u201cdecision is manifestly unreasonable or based on untenable grounds or untenable reasons.\u201d Id. at 46-47. \u201cA court\u2019s decision is manifestly unreasonable if it is outside the range of acceptable choices, given the facts and the applicable legal standard.\u201d Id. at 47. A court\u2019s decision \u201cis based on untenable grounds if the factual findings are unsupported by the record.\u201d Id. A court\u2019s decision \u201cis based on untenable reasons if it is based on an incorrect standard or the facts do not meet the requirements of the correct standard.\u201d Id.\n\u00b666 In this case, the trial judge presided over a trial that lasted more than a week and heard testimony from many witnesses, including family members, friends, and multiple parenting experts. Ultimately, the evidence showed that the father, Manjul Varn Chandola, lacked necessary parenting skills and suffered from problematic personality traits. The trial judge expressly found that the father\u2019s conduct was \u201cadverse to the best interests of the child.\u201d Clerk\u2019s Papers (CP) at 92. The trial judge found that Chandola \u201cwas unwilling or unable to establish boundaries, routines, schedules, and structure\u201d and that he \u201cdiscouraged exploration and independence.\u201d Id. The trial judge also found that Chandola was unable to recognize many of the issues with his parenting. This was consistent with the parenting expert\u2019s finding that Chandola had difficulty \u201cintegrating data inconsistent with his view of reality.\u201d Id. at 93.\n\u00b667 To address the issues with Chandola\u2019s lack of parenting skills, the trial judge imposed \u201csuch restrictions as may best be anticipated [to] assure the mother\u2019s parenting is not diluted by the father.\u201d Id. The court imposed restrictions \u201cdesigned to address increased awareness\u201d for the father but also give him the opportunity to parent regularly. Id. The court expected that this would allow evaluation of \u201chis judgment and reasoning with regard to parenting decisions.\u201d Id. The majority does not object to most of the restrictions imposed by the trial court, including requiring the father to:\n- Abide by the mother\u2019s bedtime routine and time;\n- Have his daughter sleep in her own room when at his house;\n- Comply with counseling requirements;\n- Complete parent training;\n- Abstain from discussing this court case with his daughter; and\n- Comply with any recommendations made by the child\u2019s therapist, the parent trainer, and the case manager.\nI agree with the majority that the trial court is allowed to impose these restrictions, which were designed to prevent immediate harm to Chandola\u2019s daughter and also improve his parenting skills so that he would be able to increase his time with her in the future without bringing any harm to his daughter. It was and is Chandola\u2019s lack of parenting skills that harms his daughter, not any malicious intent. However, the majority singles out one restriction for reversal: the requirement that when Chandola spends time with his daughter, he must ensure that most of that time is spent without the presence of his parents so that he may gain necessary parenting skills. I see no basis for overturning that term of the parenting plan, which is reasonably calculated to prevent future harm to Chandola\u2019s daughter.\n\u00b668 The majority claims that \u201c[t]he trial court did not identify any particular harm in its ruling\u201d that would justify the restriction, majority at 654, but that is untrue. The trial judge clearly found that Chandola\u2019s daughter was being harmed by his parenting deficiencies, and created a parenting plan designed to give Chandola the opportunity and resources to develop needed parenting skills so that he would be able to spend time parenting his daughter in the future without harming her. The trial judge made a specific finding that Chandola needed to spend parenting time without his parents for the purpose of developing his parenting skills. CP at 84. Many of the other restrictions had the same goal, including the requirement that Chandola complete parent training.\n\u00b669 The restrictions \u2014 ^including the requirement that Chandola spend parenting time without his parents \u2014 were designed to prevent immediate harm to Chandola\u2019s daughter resulting from his lack of parenting skills as well as harm over the long term. It is clear that the restrictions were specifically designed to improve Chandola\u2019s parenting skills to avoid harm to his daughter because the restrictions were set to be implemented in stages, with Chandola scheduled to have increased time with his daughter after demonstrating compliance with the restrictions and presumably improving his parenting skills.\n\u00b670 The majority acknowledges that parenting plan provisions need not be \u201cnarrowly tailored\u201d to prevent harm, only \u201creasonably calculated\u201d to prevent harm. Majority at 653. Here, each of the restrictions in the parenting plan was reasonably calculated to either prevent immediate harm or help Chandola develop the parenting skills he needs to prevent harm in the long term. The judge carefully explained that the requirement that Chandola spend time with his daughter practicing those parenting skills without his parents present was for that same purpose. Notably, this restriction is lifted after the first two stages of the parenting plan, presumably because those stages are designed to ensure that Chandola will gain those needed parenting skills. Thus, this restriction was temporary and tailored to fit the specific needs of the situation.\n\u00b671 The majority would overturn the judge\u2019s conclusion based solely on its reading of the record. I disagree. The judge heard from the family members and the parenting experts and concluded that this temporary requirement, in combination with the other provisions of the parenting plan, would help Chandola develop those parenting skills he needs to be able to spend time with his daughter without harming her. The trial court\u2019s assessment of Chandola\u2019s problematic lack of parenting skills is supported in the record and confirmed by the dramatic improvement in his daughter\u2019s behavior after the parents separated and the daughter began living with the mother. Since the separation, witnesses testified that the daughter \u201c \u2018is a changed child, more outgoing, interactive.\u2019 \u201d CP at 93. The majority acknowledges that the child \u201cmade substantial emotional and social progress\u201d after she began living primarily with her mother and that \u201cthe trial court clearly intended to ensure that [the daughter\u2019s] progress continue unhindered.\u201d Majority at 651-52. To ensure that progress continued, the trial court crafted a parenting plan reasonably calculated to improve Chandola\u2019s parenting skills, the ultimate issue causing harm to the daughter. It did not abuse its discretion in setting the terms of that parenting plan, so I would affirm.\nCONCLUSION\n\u00b672 Every family law case is unique. Each family faces different challenges, and trial court judges are responsible for crafting orders and plans that take those challenges into account. Trial judges have wide discretion in those decisions, and we seldom upset them on appeal. This case is no different: the trial court judge oversaw an extensive trial, identified Chandola\u2019s parenting deficits as the primary cause for concern, and carefully designed a parenting plan to give Chandola the opportunity and resources to address those deficits while maintaining a relationship with his daughter. While some members of this court might have designed a different plan to achieve those goals, that is not our decision to make. We must be cautious of substituting our judgment for that of the trial court judge. I agree with the Court of Appeals\u2019 holding that the parenting plan in this case was within the discretion of the trial court.\n\u00b673 I respectfully dissent.\nMadsen, C.J., and C. Johnson and Stephens, JJ., concur with Owens, J.\nAfter modification, further reconsideration denied September 10, 2014.",
        "type": "dissent",
        "author": "Owens, J."
      }
    ],
    "attorneys": [
      "David B. Zuckerman (of Law Offices of David B. Zuckerman) and Maya T. Binge (of Lasher Holzapfel Sperry & Ebberson PLLC), for petitioner.",
      "Patricia S. Novotny, and Janet M. Helson (of Skellenger Bender PS), for respondent.",
      "James D. Pirtle on behalf of Brandy DeOrnellas, Grandparents Resource Center, Advocates for Grandparent Grandchild Connection, and Alienated Grandparents Anonymous, amici curiae.",
      "Gregory M. Miller on behalf of National Parents Organization, amicus curiae.",
      "Joseph A. Shaub on behalf of James J. McKenna, W. Warren H. Binford, and Jon P. Dorschner, amici curiae.",
      "Henry E. Lippek on behalf of Stop Abusive and Violent Environments (SAVE), amicus curiae.",
      "David J. Ward on behalf of Legal Voice, Washington State Coalition Against Domestic Violence, King County Coalition Against Domestic Violence, Battered Women\u2019s Justice Project, and Ginny Nicarthy, amici curiae.",
      "Gwen C. Mathewson on behalf of South Asian Domestic Violence Organizations and Leaders, Sujata Warrier, Cynthia Keply Mahmood, Api Chaya, Pramila Jayapal, API Institute/Aphahf, Sakhi, Raksha, and Aaliyah Gupta, amici curiae.",
      "Michelle Que Chau Pham on behalf of Ved P. Nanda, amicus curiae."
    ],
    "corrections": "",
    "head_matter": "[No. 89093-5.\nEn Banc.]\nArgued March 18, 2014.\nDecided June 19, 2014.\nIn the Matter of the Marriage of Neha Vyas Chandola, Respondent, and Manjul Varn Chandola, Petitioner.\nDavid B. Zuckerman (of Law Offices of David B. Zuckerman) and Maya T. Binge (of Lasher Holzapfel Sperry & Ebberson PLLC), for petitioner.\nPatricia S. Novotny, and Janet M. Helson (of Skellenger Bender PS), for respondent.\nJames D. Pirtle on behalf of Brandy DeOrnellas, Grandparents Resource Center, Advocates for Grandparent Grandchild Connection, and Alienated Grandparents Anonymous, amici curiae.\nGregory M. Miller on behalf of National Parents Organization, amicus curiae.\nJoseph A. Shaub on behalf of James J. McKenna, W. Warren H. Binford, and Jon P. Dorschner, amici curiae.\nHenry E. Lippek on behalf of Stop Abusive and Violent Environments (SAVE), amicus curiae.\nDavid J. Ward on behalf of Legal Voice, Washington State Coalition Against Domestic Violence, King County Coalition Against Domestic Violence, Battered Women\u2019s Justice Project, and Ginny Nicarthy, amici curiae.\nGwen C. Mathewson on behalf of South Asian Domestic Violence Organizations and Leaders, Sujata Warrier, Cynthia Keply Mahmood, Api Chaya, Pramila Jayapal, API Institute/Aphahf, Sakhi, Raksha, and Aaliyah Gupta, amici curiae.\nMichelle Que Chau Pham on behalf of Ved P. Nanda, amicus curiae."
  },
  "file_name": "0632-01",
  "first_page_order": 696,
  "last_page_order": 727
}
