{
  "id": 1509523,
  "name": "Williams v. State",
  "name_abbreviation": "Williams v. State",
  "decision_date": "1902-05-03",
  "docket_number": "",
  "first_page": "393",
  "last_page": "395",
  "citations": [
    {
      "type": "official",
      "cite": "70 Ark. 393"
    }
  ],
  "court": {
    "name_abbreviation": "Ark.",
    "id": 8808,
    "name": "Arkansas Supreme Court"
  },
  "jurisdiction": {
    "id": 34,
    "name_long": "Arkansas",
    "name": "Ark."
  },
  "cites_to": [
    {
      "cite": "37 Wis. 196",
      "category": "reporters:state",
      "reporter": "Wis.",
      "case_ids": [
        8706023
      ],
      "opinion_index": -1,
      "case_paths": [
        "/wis/37/0196-01"
      ]
    },
    {
      "cite": "49 Ark. 449",
      "category": "reporters:state",
      "reporter": "Ark.",
      "case_ids": [
        1310206
      ],
      "opinion_index": -1,
      "case_paths": [
        "/ark/49/0449-01"
      ]
    },
    {
      "cite": "12 S. W. Rep. 146",
      "category": "reporters:state_regional",
      "reporter": "S.W.",
      "opinion_index": -1
    },
    {
      "cite": "5 So. Rep. 536",
      "category": "reporters:state_regional",
      "reporter": "So.",
      "opinion_index": -1
    },
    {
      "cite": "13 Tex. App. 103",
      "category": "reporters:state",
      "reporter": "White & W.",
      "opinion_index": -1
    },
    {
      "cite": "41 Ark. 359",
      "category": "reporters:state",
      "reporter": "Ark.",
      "case_ids": [
        1896170
      ],
      "opinion_index": -1,
      "case_paths": [
        "/ark/41/0359-01"
      ]
    }
  ],
  "analysis": {
    "cardinality": 315,
    "char_count": 5076,
    "ocr_confidence": 0.5,
    "pagerank": {
      "raw": 1.5155893493419874e-07,
      "percentile": 0.6683399302430373
    },
    "sha256": "42d6c3eb6cbdbe270bb277af4c3d08456390b37d93c94b9d7ea9157f11b7a014",
    "simhash": "1:97b33bf36ad5e57b",
    "word_count": 897
  },
  "last_updated": "2024-02-27T19:34:41.534983+00:00",
  "provenance": {
    "date_added": "2019-08-29",
    "source": "Harvard",
    "batch": "2018"
  },
  "casebody": {
    "judges": [],
    "parties": [
      "Williams v. State."
    ],
    "opinions": [
      {
        "text": "Battle, J.\nJohn Williams was indicted for unlawfully, willfully, knowingW, and feloniously, resisting E. L. Taylor, an acting and duly commissioned constable, in the execution of criminal process, by threatening and actually drawing a gun upon him while he, in his official capacity, was attempting to serve a warrant for his (Williams\u2019) arrest. He was tried by a jury and convicted.\nThe evidence adduced by the state tended to prove the following facts: E. L. Taylor was constable of Griggs township, in St. Francis- county, in this state. A justice of the peace of the same township issued and delivered to him a warrant for the arrest of the defendant'for disturbing the peace. He immediately proceeded to execute the warrant. When h\u00e9 was near the defendant, he called him, and told him to stop, and that he had a warrant for his arrest. The defendant, knowing that he was a constable, turned his face \u2022toward him, threw a gun, which he was carrying on his shoulder, down in-front of him, and said: \u201cIt will not do you.one d-bit of good to follow me.\u201d This caused the constable to stop pursuit, to retrace his steps, and make no arrest.\nThe court, after telling' the jury what the allegations in the indictment were, instructed them as follows: \u201cIf you find the defendant guilty of the offense charged in the indictment, you will fix his punishment at confinement in the penitentiary for not less than one year nor more than five years. If you find the defendant not guilty, you will say so.\u201d\nThe defendant moved for a new trial upon the following grounds: \u201c(1) The verdict was contrary to the law; (2) the verdict was contrary to the evidence; (3) the court misinstructed the jury as to the law by failing to tell them that it was competent for them, if they saw proper, to find the defendant guilty only of a misdemeanor.\u201d\nThe statute under which the defendant was indicted is as follows: \u201cEvery person who shall resist the execution of 'any civil or criminal process by threatening or by actually drawing a pistol or gun or other deadly weapon upon the sheriff or other officer authorized to execute such -process shall, upon conviction thereof, be imprisoned in the penitentiary for a term not less than one nor more than five years.\u201d\nWe think that the evidence-was sufficient to convict. When the constable called the defendant, and told him to stop, and that he had a warrant for his arrest, the defendant threw his gun from his shoulder, and brought it in front of him, and said: \u201cIt will not do you one d-bit of good to follow me.\u201d This was clearly a threat to use his gun in resistance of the officer if he followed for the purpose of arresting him. The officer so understood it, and made no arrest.\nThe instruction given to the jury was- more favorable to the defendant than he insists it should have been. Instead of saying to the jury that \u201cit was competent for them, if they saw proper, to find the defendant guilty only of a misdemeanor,\u201d the court instructed them, if they found that he was not guilty of the offense charged, to say so. The court virtually told the jury, if the defendant was not guilty in manner and form charged in the indictment, to acquit him. There was no error in it prejudicial to the defendant.\nJudgment affirmed.",
        "type": "majority",
        "author": "Battle, J."
      }
    ],
    "attorneys": [
      "S. H. Mann, for appellant.",
      "George IT. Murphy, Attorney General, for appellee."
    ],
    "corrections": "",
    "head_matter": "Williams v. State.\nOpinion delivered May 3, 1902.\n1. Resisting Officer. \u2014 Threat.\u2014A prosecution for feloniously resisting an officer by threatening and drawing a gun on bim is sustained by proof that a constable called to defendant and told him to stop, that he had a warrant for his arrest, whereupon defendant, taking his gun from his shoulder and placing it in front of him, replied: \u201cIt will not do you one d- bit of good to follow me,\u201d which caused the constable to desist from attempting to make the arrest. (Page 395.)\n2 Same. \u2014 Failure to Instruct as to Lower Degree. \u2014 One accused of feloniously resisting an officer cannot complain that the court instructed the jury that if they found defendant guilty of the offense charged they should fix his punishment at imprisonment in the penitentiary, without instructions that they might find him guilty of a lower degree of the same offense. (Page 395.)\nAppeal from St. Francis Circuit Court.\nHance N. Hutton, Judge.\nAffirmed.\nS. H. Mann, for appellant.\nThe higher offense includes the lower, and the grade is a question for the jury. 41 Ark. 359. Eesisting process is a misdemeanor. Sand & H. Dig., \u00a7 1826. Eesisting by threatening to draw, or by actually drawing, a gun upon an officer is a felony. Sand. & H. Dig., \u00a7 1828. The charge may be a felony, the offense only a misdemeanor. Sand. & II. Dig., \u00a7 2261. The process and warrant should have been produced. 17 Am. & Eng: End Law, 24; 2 Park. Cr. (N Y.), 13 ; 13 Tex. App. 103. An offense authorizing an arrest must first have been committed. 5 So. Rep. 536. A failure to inform the person to be'arrested of the offense charged will justify resistance. 12 S. W. Rep. 146; 49 Ark. 449; Sand. & II. Dig., \u00a7 1973. Refusal to obey is not resistance. 37 Wis. 196.\nGeorge IT. Murphy, Attorney General, for appellee."
  },
  "file_name": "0393-01",
  "first_page_order": 409,
  "last_page_order": 411
}
