{
  "id": 1378595,
  "name": "Doyle v. State",
  "name_abbreviation": "Doyle v. State",
  "decision_date": "1924-12-15",
  "docket_number": "",
  "first_page": "505",
  "last_page": "508",
  "citations": [
    {
      "type": "official",
      "cite": "166 Ark. 505"
    }
  ],
  "court": {
    "name_abbreviation": "Ark.",
    "id": 8808,
    "name": "Arkansas Supreme Court"
  },
  "jurisdiction": {
    "id": 34,
    "name_long": "Arkansas",
    "name": "Ark."
  },
  "cites_to": [
    {
      "cite": "145 Ark. 241",
      "category": "reporters:state",
      "reporter": "Ark.",
      "case_ids": [
        1586107
      ],
      "opinion_index": 0,
      "case_paths": [
        "/ark/145/0241-01"
      ]
    },
    {
      "cite": "129 Ark. 180",
      "category": "reporters:state",
      "reporter": "Ark.",
      "case_ids": [
        1580427
      ],
      "opinion_index": 0,
      "case_paths": [
        "/ark/129/0180-01"
      ]
    },
    {
      "cite": "68 Ark. 464",
      "category": "reporters:state",
      "reporter": "Ark.",
      "case_ids": [
        1334091
      ],
      "opinion_index": 0,
      "case_paths": [
        "/ark/68/0464-01"
      ]
    },
    {
      "cite": "156 Ark. 428",
      "category": "reporters:state",
      "reporter": "Ark.",
      "case_ids": [
        1358404
      ],
      "opinion_index": 0,
      "case_paths": [
        "/ark/156/0428-01"
      ]
    }
  ],
  "analysis": {
    "cardinality": 427,
    "char_count": 7723,
    "ocr_confidence": 0.493,
    "pagerank": {
      "raw": 1.3817352415333729e-07,
      "percentile": 0.6406686258542487
    },
    "sha256": "fc1ba5dcb0efadbadad6fa76f47f7f77ff45a691c1f438bbb8b3b232dfc1330b",
    "simhash": "1:2a6b73736e31fcf7",
    "word_count": 1368
  },
  "last_updated": "2024-02-27T17:45:12.000463+00:00",
  "provenance": {
    "date_added": "2019-08-29",
    "source": "Harvard",
    "batch": "2018"
  },
  "casebody": {
    "judges": [],
    "parties": [
      "Doyle v. State."
    ],
    "opinions": [
      {
        "text": "Smith, J.\nAppellant was indicted for having burned the barn of W. J. Wright on the night of July 18, 1922. At his trial he was found guilty, and sentenced to a term of two years in the penitentiary, and, to reverse that judgment, has prosecuted this appeal.\nHe first insists that the testimony was not legally sufficient to sustain the conviction. The testimony tending to support the verdict was to the following effect: After a proper foundation had been laid for the introduction of the testimony of W. J. Wright, who had died since a former trial, which had resulted in a mistrial, his former testimony was read. Wright discovered his barn was afire a few minutes after eleven o\u2019clock on the night of July 18, 1922. The fire originated in a loft where a lot of shucks were stored. He suspected that the firo was of incendiary origin, and excluded all persons from the lot inclosing- the barn. A bloodhound was brought to the scene of the fire about 3:30 on the afternoon following the fire. Tracks were found made by a person who had been to the barn, and who had jumped over the fence as he left the lot. These tracks were measured, and the dog was put on that trail. The ground was sufficiently wet for the tracks to be plainly visible, and were made by a man wearing a No. 7 or 8 shoe. The party making these tracks traveled by a very circuitous route, which led in an unusual way, and were followed by the dog to appellant\u2019s house. These tracks were measured about every two hundred yards, and were found to coincide with the track measured at the barn. There were places where the tracks indicated that the man who made them had lengthened his stride. The last measurement of the track was about 40 feet from appellant\u2019s house, and was found to coincide with all the others. The distance from appellant\u2019s house to the barn was only a quarter of. a mile, yet the trail followed by the dog covered a, much longer distance. The occupants of appellant\u2019s house saw the party coming as they approached it, and were observed to be watching the sheriff and his party, who were following* the d'og. The members of the sheriff\u2019s party thought appellant was about to leave the house by the back way, but appellant came to the officer when he was called. Appellant was barefooted at the time. The conversation between appellant and the officers made it apparent that appellant knew he was being\u2019 arrested for burning* the barn. Shoes. No. 7 or 8 in size, were found, but they were not measured because the party who found them did not have the measure at that time. One member of the sheriff\u2019s party testified that appellant remarked, \u201cI knew, when they \u00b0'\">t the'dog*, they would get me.\u201d Another witness testified that he saw appellant near the place where the barn burned, after the fire, and' that he was barefooted at the time, and that he had never seen appellant barefooted before or since.\nThe dog which followed the trail was shown to have been properly trained and handled. Fox v. State, 156 Ark. 428.\nFloyd Ward testified that lie saw appellant at the church the night of the fire, and that appellant ashed him, while thejr were both at church, to assist him in burning the barn. Appellant stated at the time that Wright was talking too much. This remark related to comments Wright was making about a certain burglary which had been recently committed in the neighborhood. This conversation occurred about an hour before the fire, and the church was about a mile and a half from the. barn.\nThere were certain other circumstances tending, in some degree, to corroborate the testimony recited.\nIt was the theory of the defense that Floyd Ward had himself burned the barn. But, without setting our-the testimony on that phase of the case, it suffices to say that the truth of this testimony was a question for the jury, and that the testimony recited is legally sufficient to sustain the conviction.\nIt is asserted that a juror who served at the trial was ineligible to serve for the reason that he had not paid his poll tax. It does not appear, however, that the juror imposed himself on the court and defendant by representing that he had done so, and this question cannot be raised after trial, when the defendant did not avail himself of the opportunity, on the examination of the jurors on their voir dire, to ascertain if they possessed this qualification. James v. State, 68 Ark. 464; Teel v. State, 129 Ark. 180.\n. The court gave a very comprehensive charge to the jury, to which no exception appears to have been taken, except to instruction numbered 6, which reads as follows : \u201cThe defendant\u2019s plea of not guilty to the charge contained in this indictment carries with it every legal defense which he may seek to. interpose; and the evidence has been introduced on behalf of the defendant for the purpose of establishing an alibi; that is, at the time of the burning of the barn, as alleged in the indictment, he was at some other place, by reason of which it would have been impossible for him to have committed the crime. While the burden of proof is upon the State to establish the guilt of the defendant by the evidence in the case beyond a reasonable doubt, it is incumbent upon the defendant to sustain his alibi by evidence which raises in your mind a reasonable doubt that he was present at the time and place of the alleged commission of the offense.\u201d\nThe objection to the instruction is that it cast upon the defendant the burden of showing, beyond a reasonable doubt, that he was not present at the time and, place of the commissioh of the crime, before he could be acquitted on his alibi defense.\nThe instruction told the jury that the burden was on the State to establish the guilt of the accused beyond a reasonable doubt. Th'e instruction also told the jury that the.burden of proving'an alibi was on the defendant, but, while this burden is incumbent on the defendant, it is discharged if such evidence raises a reasonable doubt that the defendant was present at the time and place of the alleged commission of the offense. In other words, the proof of an alibi is an affirmative defense, but it is established and is sufficient to require an acquittal if the evidence tending to establish it raises in the minds of the jury a reasonable doubt that the defendant was present at the time and place of the alleged commission of the offense. The instruction given conformed to the law as announced in the case of Morris v. State, 145 Ark. 241.\nNo error appears, so the judgment is affirmed.",
        "type": "majority",
        "author": "Smith, J."
      }
    ],
    "attorneys": [
      "L. B. Poindexter and II. L. Ponder, for appellant.",
      "J. 8. TJtley, Attorney General, John, L. Carter and Darden Moose, Assistants, for appellee."
    ],
    "corrections": "",
    "head_matter": "Doyle v. State.\nOpinion delivered December 15, 1924.\n1. Arson \u2014 sufficiency of evidence. \u2014 Evidence in a prosecution for arson held sufficient to sustain a finding of guilt.\n2. Jury \u2014 ineligibility of juror. \u2014 A juror\u2019s ineligibility to serve by reason of not having paid his poll tax could not ibe raised after the trial, where defendant did not attempt to ascertain the fact on voir dire examination, and it did not appear that the juror imposed himself on the court and defendant by representing that he had paid the tax.\n3. Criminal law \u2014 instruction as to alibi. \u2014 An instruction defining the defense of an alibi, and telling the jury that, \u201cwhile the burden of proof is upon the State to establish the guilt of the defendant- beyond a reasonable doubt, it is incumbent upon the defendant to sustain his alibi by evidence which raises in your mind a reasonable doubt that he was present at the time and place of the alleged commission of the offense,\u201d held correct.\nAppeal from Lawrence Circuit Court, Western District ; Dene H. Coleman, Judge;\naffirmed.\nL. B. Poindexter and II. L. Ponder, for appellant.\nJ. 8. TJtley, Attorney General, John, L. Carter and Darden Moose, Assistants, for appellee."
  },
  "file_name": "0505-01",
  "first_page_order": 531,
  "last_page_order": 534
}
