{
  "id": 1378530,
  "name": "Arkansas Light & Power Company v. Jackson",
  "name_abbreviation": "Arkansas Light & Power Co. v. Jackson",
  "decision_date": "1924-12-08",
  "docket_number": "",
  "first_page": "633",
  "last_page": "641",
  "citations": [
    {
      "type": "official",
      "cite": "166 Ark. 633"
    }
  ],
  "court": {
    "name_abbreviation": "Ark.",
    "id": 8808,
    "name": "Arkansas Supreme Court"
  },
  "jurisdiction": {
    "id": 34,
    "name_long": "Arkansas",
    "name": "Ark."
  },
  "cites_to": [
    {
      "cite": "87 Ark. 396",
      "category": "reporters:state",
      "reporter": "Ark.",
      "case_ids": [
        1519066
      ],
      "opinion_index": -1,
      "case_paths": [
        "/ark/87/0396-01"
      ]
    },
    {
      "cite": "95 Ark. 291",
      "category": "reporters:state",
      "reporter": "Ark.",
      "case_ids": [
        1543475
      ],
      "opinion_index": -1,
      "case_paths": [
        "/ark/95/0291-01"
      ]
    },
    {
      "cite": "98 Ark. 227",
      "category": "reporters:state",
      "reporter": "Ark.",
      "case_ids": [
        1316097
      ],
      "opinion_index": -1,
      "case_paths": [
        "/ark/98/0227-01"
      ]
    },
    {
      "cite": "82 Md. 293",
      "category": "reporters:state",
      "reporter": "Md.",
      "case_ids": [
        2164596
      ],
      "opinion_index": -1,
      "case_paths": [
        "/md/82/0293-01"
      ]
    },
    {
      "cite": "31 L. R. A. 556",
      "category": "reporters:federal",
      "reporter": "L.R.A.",
      "opinion_index": -1
    },
    {
      "cite": "78 Ark. 426",
      "category": "reporters:state",
      "reporter": "Ark.",
      "case_ids": [
        1497317
      ],
      "opinion_index": -1,
      "case_paths": [
        "/ark/78/0426-01"
      ]
    },
    {
      "cite": "61 Ark. 381",
      "category": "reporters:state",
      "reporter": "Ark.",
      "case_ids": [
        1902376
      ],
      "opinion_index": -1,
      "case_paths": [
        "/ark/61/0381-01"
      ]
    },
    {
      "cite": "57 Ark. 429",
      "category": "reporters:state",
      "reporter": "Ark.",
      "case_ids": [
        1324674
      ],
      "opinion_index": -1,
      "case_paths": [
        "/ark/57/0429-01"
      ]
    },
    {
      "cite": "57 Ark. 418",
      "category": "reporters:state",
      "reporter": "Ark.",
      "case_ids": [
        1324609
      ],
      "opinion_index": -1,
      "case_paths": [
        "/ark/57/0418-01"
      ]
    },
    {
      "cite": "54 Ark. 209",
      "category": "reporters:state",
      "reporter": "Ark.",
      "case_ids": [
        1320412
      ],
      "opinion_index": -1,
      "case_paths": [
        "/ark/54/0209-01"
      ]
    },
    {
      "cite": "89 Ark. 588",
      "category": "reporters:state",
      "reporter": "Ark.",
      "opinion_index": -1
    },
    {
      "cite": "140 Ark. 148",
      "category": "reporters:state",
      "reporter": "Ark.",
      "opinion_index": -1
    },
    {
      "cite": "121 Ark. 351",
      "category": "reporters:state",
      "reporter": "Ark.",
      "case_ids": [
        1559430
      ],
      "opinion_index": -1,
      "case_paths": [
        "/ark/121/0351-01"
      ]
    },
    {
      "cite": "77 Ark. 491",
      "category": "reporters:state",
      "reporter": "Ark.",
      "opinion_index": -1
    },
    {
      "cite": "118 Ark. 218",
      "category": "reporters:state",
      "reporter": "Ark.",
      "opinion_index": -1
    },
    {
      "cite": "139 Ark. 495",
      "category": "reporters:state",
      "reporter": "Ark.",
      "opinion_index": -1
    },
    {
      "cite": "94 Ark. 282",
      "category": "reporters:state",
      "reporter": "Ark.",
      "case_ids": [
        1545330
      ],
      "opinion_index": -1,
      "case_paths": [
        "/ark/94/0282-01"
      ]
    },
    {
      "cite": "83 Ark. 210",
      "category": "reporters:state",
      "reporter": "Ark.",
      "case_ids": [
        1527123
      ],
      "opinion_index": -1,
      "case_paths": [
        "/ark/83/0210-01"
      ]
    },
    {
      "cite": "65 Ark. 65",
      "category": "reporters:state",
      "reporter": "Ark.",
      "opinion_index": -1
    },
    {
      "cite": "76 Ark. 224",
      "category": "reporters:state",
      "reporter": "Ark.",
      "case_ids": [
        1501133
      ],
      "opinion_index": -1,
      "case_paths": [
        "/ark/76/0224-01"
      ]
    },
    {
      "cite": "74 Ark. 437",
      "category": "reporters:state",
      "reporter": "Ark.",
      "case_ids": [
        8722202
      ],
      "opinion_index": -1,
      "case_paths": [
        "/ark/74/0437-01"
      ]
    },
    {
      "cite": "90 Ark. 331",
      "category": "reporters:state",
      "reporter": "Ark.",
      "opinion_index": -1
    },
    {
      "cite": "98 Ark. 222",
      "category": "reporters:state",
      "reporter": "Ark.",
      "case_ids": [
        1316085
      ],
      "opinion_index": -1,
      "case_paths": [
        "/ark/98/0222-01"
      ]
    },
    {
      "cite": "93 Ark. 153",
      "category": "reporters:state",
      "reporter": "Ark.",
      "case_ids": [
        1546838
      ],
      "opinion_index": -1,
      "case_paths": [
        "/ark/93/0153-01"
      ]
    },
    {
      "cite": "100 Ark. 467",
      "category": "reporters:state",
      "reporter": "Ark.",
      "case_ids": [
        1312222
      ],
      "opinion_index": -1,
      "case_paths": [
        "/ark/100/0467-01"
      ]
    },
    {
      "cite": "67 Ark. 437",
      "category": "reporters:state",
      "reporter": "Ark.",
      "opinion_index": -1
    },
    {
      "cite": "82 Ark. 372",
      "category": "reporters:state",
      "reporter": "Ark.",
      "case_ids": [
        1529066
      ],
      "opinion_index": -1,
      "case_paths": [
        "/ark/82/0372-01"
      ]
    },
    {
      "cite": "56 Ark. 206",
      "category": "reporters:state",
      "reporter": "Ark.",
      "case_ids": [
        1326080
      ],
      "opinion_index": -1,
      "case_paths": [
        "/ark/56/0206-01"
      ]
    },
    {
      "cite": "67 Ark. 209",
      "category": "reporters:state",
      "reporter": "Ark.",
      "case_ids": [
        1152586
      ],
      "opinion_index": -1,
      "case_paths": [
        "/ark/67/0209-01"
      ]
    },
    {
      "cite": "79 Ark. 20",
      "category": "reporters:state",
      "reporter": "Ark.",
      "case_ids": [
        1495605
      ],
      "opinion_index": -1,
      "case_paths": [
        "/ark/79/0020-01"
      ]
    },
    {
      "cite": "82 Ark. 11",
      "category": "reporters:state",
      "reporter": "Ark.",
      "case_ids": [
        1529085
      ],
      "opinion_index": -1,
      "case_paths": [
        "/ark/82/0011-01"
      ]
    },
    {
      "cite": "90 Ark. 407",
      "category": "reporters:state",
      "reporter": "Ark.",
      "case_ids": [
        1513853
      ],
      "opinion_index": -1,
      "case_paths": [
        "/ark/90/0407-01"
      ]
    },
    {
      "cite": "95 Ark. 563",
      "category": "reporters:state",
      "reporter": "Ark.",
      "opinion_index": -1
    },
    {
      "cite": "76 Ark. 436",
      "category": "reporters:state",
      "reporter": "Ark.",
      "case_ids": [
        1501008
      ],
      "opinion_index": -1,
      "case_paths": [
        "/ark/76/0436-01"
      ]
    },
    {
      "cite": "109 Ark. 206",
      "category": "reporters:state",
      "reporter": "Ark.",
      "case_ids": [
        1341196
      ],
      "opinion_index": -1,
      "case_paths": [
        "/ark/109/0206-01"
      ]
    },
    {
      "cite": "222 Mo. 488",
      "category": "reporters:state",
      "reporter": "Mo.",
      "case_ids": [
        875507
      ],
      "opinion_index": -1,
      "case_paths": [
        "/mo/222/0488-01"
      ]
    },
    {
      "cite": "179 U. S. 658",
      "category": "reporters:federal",
      "reporter": "U.S.",
      "case_ids": [
        5708146
      ],
      "opinion_index": -1,
      "case_paths": [
        "/us/179/0658-01"
      ]
    },
    {
      "cite": "133 Ark. 336",
      "category": "reporters:state",
      "reporter": "Ark.",
      "case_ids": [
        1575112
      ],
      "opinion_index": -1,
      "case_paths": [
        "/ark/133/0336-01"
      ]
    },
    {
      "cite": "44 Ark. 524",
      "category": "reporters:state",
      "reporter": "Ark.",
      "case_ids": [
        1893447
      ],
      "opinion_index": -1,
      "case_paths": [
        "/ark/44/0524-01"
      ]
    },
    {
      "cite": "74 Ark. 19",
      "category": "reporters:state",
      "reporter": "Ark.",
      "case_ids": [
        8717733
      ],
      "opinion_index": -1,
      "case_paths": [
        "/ark/74/0019-01"
      ]
    },
    {
      "cite": "51 Ark. 46",
      "category": "reporters:state",
      "reporter": "Ark.",
      "case_ids": [
        8719881
      ],
      "opinion_index": -1,
      "case_paths": [
        "/ark/51/0046-01"
      ]
    },
    {
      "cite": "105 Ark. 161",
      "category": "reporters:state",
      "reporter": "Ark.",
      "case_ids": [
        1347069
      ],
      "weight": 4,
      "opinion_index": -1,
      "case_paths": [
        "/ark/105/0161-01"
      ]
    },
    {
      "cite": "79 Ark. 437",
      "category": "reporters:state",
      "reporter": "Ark.",
      "case_ids": [
        1495683
      ],
      "weight": 3,
      "opinion_index": -1,
      "case_paths": [
        "/ark/79/0437-01"
      ]
    },
    {
      "cite": "46 Ark 555",
      "category": "reporters:state",
      "reporter": "Ark.",
      "case_ids": [
        1890450
      ],
      "opinion_index": -1,
      "case_paths": [
        "/ark/46/0555-01"
      ]
    },
    {
      "cite": "51 Ark. 468",
      "category": "reporters:state",
      "reporter": "Ark.",
      "opinion_index": -1
    },
    {
      "cite": "89 Ark. 581",
      "category": "reporters:state",
      "reporter": "Ark.",
      "case_ids": [
        1515272
      ],
      "opinion_index": 0,
      "case_paths": [
        "/ark/89/0581-01"
      ]
    },
    {
      "cite": "77 Ark. 1",
      "category": "reporters:state",
      "reporter": "Ark.",
      "case_ids": [
        1499093
      ],
      "opinion_index": 0,
      "case_paths": [
        "/ark/77/0001-01"
      ]
    },
    {
      "cite": "139 Ark. 489",
      "category": "reporters:state",
      "reporter": "Ark.",
      "case_ids": [
        1596402
      ],
      "opinion_index": 0,
      "case_paths": [
        "/ark/139/0489-01"
      ]
    }
  ],
  "analysis": {
    "cardinality": 714,
    "char_count": 15543,
    "ocr_confidence": 0.501,
    "pagerank": {
      "raw": 3.0345976471088954e-07,
      "percentile": 0.8548511901659132
    },
    "sha256": "1b66878ff8fe1ef2831e026bc9ec83d52dbb79f0058b4951bcab246c7012325a",
    "simhash": "1:001ab768999f29b3",
    "word_count": 2723
  },
  "last_updated": "2024-02-27T17:45:12.000463+00:00",
  "provenance": {
    "date_added": "2019-08-29",
    "source": "Harvard",
    "batch": "2018"
  },
  "casebody": {
    "judges": [],
    "parties": [
      "Arkansas Light & Power Company v. Jackson."
    ],
    "opinions": [
      {
        "text": "Smith, J.\nAppellee, in his own right and as administrator of the estate of Rudolph Jackson, his son, instituted this suit to recover damages on account of the death of his son, who met his death while in the employ of appellant on the 31st day of January, 1923.\nDeceased, at the time of his death, was eighteen and a-half years old, and had been employed by the defendant light and power company as an electrician for about two years. The testimony shows that deceased was a promising young man, who had had a course\" in an electrical school, and who, because of his training and experience, was considered a very valuable employee. At the time of his death he, with other employees, was engaged in completing- the installation of a transformer substation for the appellant company at Malvern, Arkansas. Deceased had been engaged in the construction and installation of this job for about a month prior to his death. The transformer'substation at Malvern, it was shown, is constructed by use of cedar poles or creosoted pine, which are approximately thirty-five feet in height and placed in the ground to the depth of six feet. These poles are arranged in rows of three each. The transformers are between said poles, resting upon concrete pedestals up above the ground some distance. The whole equipment consists of the poles, transformers and air-brakes. The air-brake switch is located on top of the poles twenty-five feet above the ground. There is a galvanized rod extending from near the switch at the top of the poles down to near the ground. This rod, in some way, articulates with the switch on top of the poles. To this rod is attached, at or near the bottom, an iron socket, into which socket a wooden handle is placed to open or shut the switch at the top. To open the switch you pull down on the switch handle. To close the same you pull up on the switch handle. The instant the switch is open, the current is shut off. The switches are covered with heavy porcelain insulators, and are of standard make.\nOn the day the fatal accident occurred, the employees, including the deceased himself, were making some adjustments of a minor nature, preparatory to the completion of the installation job at Malvern. Jackson was directed to throw one of the switches in order to cut off the current. He had done this before, and was familiar with the operation of the instrument used' for that purpose. In opening the switch he stood upon earth, which was damp, and which some of the witnesses referred to as muddy. The order to open the switch was given by the foreman, and was executed in the latter\u2019s presence, and, when Jackson took hold of the wooden handle placed in the socket attached to the galvanized rod and pressed down the handle, thereby opening the switch to cut off the current, he fell instantly in his tracks to the ground. Medical attention was had at once, and the attending physician made strenuous efforts to revive Jackson, and, although his heart continued to beat for about an hour, he was never revived, and never regained consciousness. It is the theory of the defendant that, as Jackson fell, he struck his head against a timber lying on the ground; but the question iii the case is, what caused him to fall?\nThe testimony on the part of the defendant is to the effect that Jackson was not electrocuted. According\u2019 to this testimony, the mechanism was in perfect order. There was only one way to operate the lever in opening or closing the switch, and it was operated in that manner by Jackson, and this manner was safe and free from danger. In other words, according to the testimony on behalf of defendant. Jackson was not electrocuted, and could not have been.\nBut he was killed; he dropped in his tracks, and would, no doubt, have died in a few moments but for the efforts to resuscitate him. The doctor who attended Jackson testified that he was familiar with electrical burns, and expressed the opinion that Jackson had been electrocuted. He testified that he found a discoloration on the back part of Jackson\u2019s neck, beginning on the right side and extending down the spine. He also testified that he found a bump on the back of Jackson\u2019s head, but he did not attribute death to that cause, as there had been no hemorrhage such as would have followed from a blow of sufficient force to have produced the condition in which he found Jackson. There was also testimony to the effect that the glove which Jackson wore when he opened the switch was burned.\nThe case made for the jury may be summed up as follows: There was no testimony that Jackson had manipulated the lever in an improper way, and the defendant\u2019s testimony was to the effect that the mechanism which he operated was perfectly safe, and that he could not have been electrocuted by merely opening the switch, yet the testimony on the part of the plaintiff abundantly supports the theory that Jackson was electrocuted.\nThe court gave, over the objection of the defendant, an instruction numbered 7, which reads as follows: \u201cYou are instructed that, where injury or death is caused by a thing or instrumentality that is under the control or management of the defendant, and the injury or death is such that, in the ordinary course of things, would not occur if those who have such control or management use proper care, the happening of the injury is prima facie evidence of negligence, and shifts to the defendant the burden of proving that it was not caused through lack of care on defendant\u2019s part.\u201d\nThe applicability of this instruction presents the ' real question in the case.\nIn the cas\u00e9 of Chiles v. Fort Smith Commission Company, 139 Ark. 489, we quoted cases holding that, while the doctrine of res ipsa loquitur had ordinarily been applied in suits against carriers, there was no sound reason for limiting it to such cases, and that the presumption expressed by that maxim originates from the nature of the act causing the injury, and not from the nature of the relation between the parties, and that the presumption arises from the inherent nature and character of the act causing the injury. We there quoted with approval from \u00a7 156 of the chapter on Negligence in 20 R. C. L., the following statement of the law: \u201cMore precisely the doctrine res- ipsa loquitur asserts that, whenever a thing which produced an injury is shown to have been under the control and management of the defendant, and the occurrence is such as, in the ordinary course of events, does not happen if due care has been exercised, the fact of injury itself will be deemed to afford sufficient' evidence to support a recovery, in the absence of any explanation by the defendant tending to show that the injury was not due to his want of care. # * The presumption of negligence herein considered is, of course, a rebuttable presumption. It imports merely that the plaintiff has made out a prima facie case which entitles him to a favorable finding, unless the defendant introduces evidence to meet and offset its effect. And, of course, where all the facts attending the injury are disclosed by the evidence, and nothing is left to inference, no presumption can be indulged \u2014 the doctrine res ipsa loquitur has no application.\u201d\nSee also Choctaw, O. & G. R. Co. v. Doughty, 77 Ark. 1, which was a suit by the servant against the master.\nThe case of Southwestern Tel. & Tel. Co. v. Bruce, 89 Ark. 581, was a suit by a carpenter who was engaged in repairing a barn, but was not employed by the telephone company. One of the company\u2019s wires broke and burned the plaintiff, and he sued for damages. There was no satisfactory explanation of the cause of the injury. It was there said:\n\u201cAnd, where the defendant owes a duty to plaintiff to use care, and an accident happened causing injury, and the accident is caused 'by the thing or instrumentality that is under the control or management of the defendant, and the accident is such that, in the ordinary course of things, it would not occur if those who have control and management use proper care, then, in the absence of evidence to the contrary, this would be evidence that the accident occurred from the lack of that proper care. In such case the happening of the accident from which the injury results is prima facie evidence of negligence, and shifts to the defendant the burden of proving that it was not caused through any lack of care on its part (Cases cited). -\n\u201cNow, this rule applies, to electric companies in the control and management of their lines and apparatus, for the further reason that they have almost exclusive knowledge of the facts relative thereto. The plaintiff ordinarily has\u2019not the power or opportunity to test these lines and apparatus; and it is reasonable that the party having the power and opportunity should be required to give an explanation of the accident, and to prove that it did not occur through a lack of care on its part\u201d (Cases cited).\n. We think the doctrine of that case is applicable here. If there had been testimony that Jackson was injured by the negligent or improper manipulation of the lever, the doctrine would be inapplicable, but it is not contended that he was. If Jackson was electrocuted, and the other instructions required that the jury should so find before returning a verdict for the plaintiff, there was a cause for it other than the manner in which Jackson operated the lever. His act in so doing would not have caused his death if there had not been something wrong somewhere. The plaintiff had no opportunity and was not required to test the line and the apparatus conveying the deadly current. These were under the control and management of the company, and the conditions were therefore present which make the doctrine applicable.\nThis instruction does not tell the jury there was a presumption of negligence from the mere occurrence of the injury, nor did it relieve the plaintiff from the burden of proving negligence. The burden of proof to establisli negligence was on the plaintiff, and the instruction did not shift this burden. Under the undisputed evidence the deceased was guilty of no negligence, and no attempt was made to show that he was guilty of any negligence.\nThe instruction required the jury to find that the instrumentality which caused deceased\u2019s death was under the control or management of the defendant; and, further, that no injury would have occurred if the defendant, having the control and management of the appliance, had used proper care; and declared the law to be that,\u2019this having been proved, the plaintiff had prima facie discharged the burden of proving negligence; and, having thus shown prima facie that the injury would not have occurred but for the defendant\u2019s negligence, the burden then shifted to defendant to account for the cause of the injury' by showing that its negligence was not responsible for it.\n. The doctrine of res ipsa loquitur does not relieve the plaintiff of the burden of proving negligence; it merely declares the conditions under which a. prima facie showing of negligence has been made, and, where this has been done, the defendant having the custody and control of the agency causing the injury and the opportunity to make the examination to discover the cause, must furnish the explanation which this opportunity affords to overcome the prima facie showing made by the plaintiff. Such is the purport of the instruction, as we understand it, and no error was committed in giving it under the facts of this case.\nIt is urged that a verdict should have been directed for the defendant on the ground that the cause of Jackson\u2019s death was a mere matter of speculation and \u25a0conjecture. But we think it sufficiently appears from the facts herein recited that the jury might have found that Jackson was electrocuted, and that this was done by some agency or instrumentality under the control and management of the defendant, and a case was therefore made for the jury.\nSome other questions are presented that involve the application of the law in regard to master and servant which we do not think require discussion.\nFinding no error, the judgment is affirmed.",
        "type": "majority",
        "author": "Smith, J."
      }
    ],
    "attorneys": [
      "T. D. Wynne, for appellant.",
      "J. L. Bittle and D. D. Glover, for appellee."
    ],
    "corrections": "",
    "head_matter": "Arkansas Light & Power Company v. Jackson.\nOpinion delivered December 8, 1924.\n1, Master and servant \u2014 res ipsa loquitur doctrine. \u2014 In an action for the death of an employee who was electrocuted while opening a switch to cut off the current of electricity, the line and apparatus being under the control and management of the employer, the doctrine of res ipsa loquitur was applicable, in the absence of any proof'that he was negligent in the manipulation of the switch handle.\n2. Master and servant \u2014 res ipsa loquitur doctrine. \u2014 The doctrine of res ipsa loquitur does not relieve plaintiff of the burden of proving negligence, but merely defines the conditions under which a prima facie showing of negligence has been made, and requires defendant, having custody and control of the agency causing the injury and an opportunity to make examination to discover the cause, to furnish an explanation, in order to overcome the plaintiff\u2019s prima facie showing of negligence.\n3. Master and servant \u2014 cause op death jury, question. \u2014 In an action for the death of an employee, the question whether .the employee was electrocuted by instrumentality' under the control and management of the employer, so as to render applicable the doctrine of res ipsa loquitur, held for the jury as against the contention that the cause of death was matter of speculation.\nAppeal from Hot Spring Circuit Court; Thomas E, Toler, Judge;\naffirmed.\nT. D. Wynne, for appellant.\nThe court erred in not directing* a verdict in favor of defendant. 51 Ark. 468; 46 Ark 555; 79 Ark. 437; 105 Ark. 161. Negligence cannot be inferred merely from the occurrence of an injury. 51 Ark. 46.7; 74 Ark. 19; 105 Ark. 161.' The burden of proof was upon the injured servant to show negligence on the part of the master. 105 Ark. 161; 44 Ark. 524; 79 Ark. 437; 133 Ark. 336; 179 U. S. 658; 222 Mo. 488. Juries are not permitted to rest a verdict purely upon speculation, but there must be testimony which warrants a finding of the essential facts or which would warrant a reasonable .inference of the existence of those facts. 109 Ark. 206; 76 Ark. 436; 105 Ark. 161. An employee assumes all obvious risks of the work in which he is employed. ' 95 Ark. 563; 90 Ark. 407; 82 Ark. 11; 79 Ark. 20; 67 Ark. 209; 56 Ark. 206. Negligence of the company could not be inferred merely from the occurrence of the accident. That must be proved, and the burden of establishing it is on the party who alleges it. 82 Ark. 372; 67 Ark. 437; 100 Ark. 467; 93 Ark. 153; 98 Ark. 222 ; 79 Ark. 437; 90 Ark. 331; 87. Ark. 196; 74 Ark. '22. Conflict in instructions is always error, and 'must be adjudged prejudicial. 74 Ark. 437; 76 Ark. 224; 65 Ark. 65; ,83 Ark. 210; 94 Ark. 282.\nJ. L. Bittle and D. D. Glover, for appellee.\nWhen the injury and circumstances attending it are so \u00abunusual and of such a nature that it could not have happened without the company being- negligent, the burden is on the company to show that its negligence did not cause the injury. 139 Ark. 495; 118 Ark. 218; 77 Ark. 491; 121 Ark. 351; 140 Ark. 148; 89 Ark. 588; 54 Ark. 209; 57 Ark. 418; 57 Ark. 429; 61 Ark. 381; 78 Ark. 426; Keasey on Electric Wires, \u00a7 271; 57 L. it. A. 624; 31 L. R. A. 556; 82 Md. 293. While a servant assumes all the ordinary risks incident to- the service in which he is employed, he does not assume any risk caused by the master\u2019s negligence. 98 Ark. 227; 95 Ark. 291; 87 Ark. 396."
  },
  "file_name": "0633-01",
  "first_page_order": 659,
  "last_page_order": 667
}
