{
  "id": 1911649,
  "name": "Wells v. State",
  "name_abbreviation": "Wells v. State",
  "decision_date": "1890-05-03",
  "docket_number": "",
  "first_page": "211",
  "last_page": "214",
  "citations": [
    {
      "type": "official",
      "cite": "53 Ark. 211"
    }
  ],
  "court": {
    "name_abbreviation": "Ark.",
    "id": 8808,
    "name": "Arkansas Supreme Court"
  },
  "jurisdiction": {
    "id": 34,
    "name_long": "Arkansas",
    "name": "Ark."
  },
  "cites_to": [
    {
      "cite": "35 Ark., 389",
      "category": "reporters:state",
      "reporter": "Ark.",
      "opinion_index": -1
    },
    {
      "cite": "35 Ark., 386",
      "category": "reporters:state",
      "reporter": "Ark.",
      "case_ids": [
        1873883
      ],
      "opinion_index": -1,
      "case_paths": [
        "/ark/35/0386-01"
      ]
    },
    {
      "cite": "35 Ark., 386",
      "category": "reporters:state",
      "reporter": "Ark.",
      "case_ids": [
        1873883
      ],
      "opinion_index": 0,
      "case_paths": [
        "/ark/35/0386-01"
      ]
    }
  ],
  "analysis": {
    "cardinality": 338,
    "char_count": 7488,
    "ocr_confidence": 0.707,
    "pagerank": {
      "raw": 9.674192435675173e-08,
      "percentile": 0.5290348974013543
    },
    "sha256": "c7ddbef542a0ce5da27aeb49a9d94dcfca0d6d4dbaf3cff0c2bf6bdd4f57afb1",
    "simhash": "1:e230aaebf9ef7df4",
    "word_count": 1319
  },
  "last_updated": "2024-02-27T17:38:25.538536+00:00",
  "provenance": {
    "date_added": "2019-08-29",
    "source": "Harvard",
    "batch": "2018"
  },
  "casebody": {
    "judges": [],
    "parties": [
      "Wells v. State."
    ],
    "opinions": [
      {
        "text": "HUGHES, J.\nThe appellant was indicted for murder in the first degree by the grand jury in the Dardanelle district of Yell county, Arkansas, was arraigned and pleaded not guilty, and then filed a motion for a change of venue on the ground that the minds of the inhabitants of Yell county, where the cause was pending, were so prejudiced against him, that he could not obtain a fair and impartial trial therein, and concluded the motion by saying, \u201c'this applies also to Pope county.\u201d The motion was sworn to by defendant and three other persons. The court decided to overrule the-motion unless so amended as to apply to the Dardanelle district of Yell county alone, and that, if so amended, a change of venue would be ordered. The defendant and his counsel refused to amend said motion, and the court overruled it, to which the defendant at the time excepted.\nHe was tried and convicted of murder in the first degree.\nHe filed a motion' for a new trial, which was overruled, to which an exception was saved. He then filed a motion in arrest of judgment on the ground that the court, after the motion for change of venue had been filed, had no jurisdiction to try the cause, and should have made the order for the removal of it to some other county of that judicial district for trial. The motion in arrest was overruled, and the defendant excepted, tendered his bill of exceptions and appealed.\nThe first ground of the motion for a new trial was, that the court erred in not granting the change of venue. There were other grounds which we do not deem it necessary to notice, further than to say that the instructions appear to have been fair to the defendant.\nSection io, Art. 2, of the constitution provides that: \u201cIn all criminal prosecutions the accused shall enjoy the right to a speedy and public trial by an impartial jury of the county in which the crime shall have been committed; provided that the venue may be changed to any other county of the judicial district in which the indictment is found, upon the application of the accused, in such manner as now is, or may be, prescribed by law.\u201d\nSection 2195 of Mansfield\u2019s Digest provides that \u201cany criminal cause pending in-any circuit court may be removed by the order of such court, or by the judge thereof in vacation, to the circuit court of another county, whenever it shall appear in the manner hereinafter provided, that the minds of the inhabitants of the county in which the cause is pending are so prejudiced against the defendant that a fair and impartial trial cannot be had therein.\u2019\u2019\nThe sixth section of the act of December 15, 1875, entitled, \u201cAn act to establish separate courts in the county of Yell,\u2019\u2019 provides, \u201cthat the circuit courts hereby established in the respective districts of Yell county shall be as distinct from each other, and shall have the same relation to each other, as if they were circuit courts of different counties, and may change the venue of cases from one district to the other, \u2022or to any other county in the judicial circuit, in like manner as changes of venue are granted in this State.\u201d\nIn Walker v. State, 35 Ark., 386, it was held that this act was constitutional, and that \u201cthe provision limiting the selection of grand and petit juries in the Dardanelle district to the territory comprised within that district is not in conflict with the tenth section of the declaration of rights.\nWhile it is competent for the circuit court, under this act to change the venue in a criminal case from one of these districts to the other, where the application for a change of venue states only that the minds of the inhabitants of the-district from which the change is sought are so prejudiced against the defendant that a fair and impartial trial could not be had therein, we do not think it competent for the court to-refuse to grant the change of venue to another county in the same judicial district when the cause or ground of the application is made to extend to the whole county, as in this case, and the application is otherwise in accordance with the-statute.\nThe words in the motion, \u201cthis applies also to Pope county,\u201d were mere surplusage.\nAnother county than the -one in which a criminal caus\u00e9is pending cannot properly be included in a motion for change of venue, but in a civil cause the statute permits it.\nWhen a motion for a change of venue in a criminal cause supported by proper affidavits is made in due time in accordance with the statute upon the ground that the minds of the inhabitants of the county where the cause is pending are so prejudiced againt the defendant that he cannot obtain a fair and impartial trial therein, it becomes the imperative duty of the court to order the removal of the cause, and the defendant cannot be restricted to another \u2019 district for holding court in the same county, but is entitled to have the cause removed for trial to another county in the same judicial district, in accordance with the constitution and statutes.\nThere was error in the judgment of the circuit court in refusing to order a change of venue in the cause upon the application of the defendant, unless he would so amend his motion as to make it apply alone to the Dardanelle district of Yell county, for which the cause is reversed and remanded.",
        "type": "majority",
        "author": "HUGHES, J."
      }
    ],
    "attorneys": [
      "Sam W. Williams and J. P. Byers for appellant.",
      "W. E. Atkinson, Attorney General, and T. D. Crawford for appellee."
    ],
    "corrections": "",
    "head_matter": "Wells v. State.\nDecided May 3, 1890.\nCriminal laso \u2014 Change of venue \u2014 Counties having two judicial districts.\nWhere, in the court of a district of a county having two districts for holding court, a defendant in a criminal case makes proper application for change of venue upon the ground of prejudice in the minds of the inhabitants of the county, he is entitled to a removal to another county in the same judicial circuit, and cannot be restricted to another district in the same county.\nAPPEAL from Yell Circuit Court, Dardanelle District.\nJ. E. Cravens, Special Judge.\nSam W. Williams and J. P. Byers for appellant.\n1. The court should have arrested the judgment, for, after the filing of a proper petition properly sustained for change of venue, the Yell circuit court had no further jurisdiction, for the duty of the court was plain and admitted of no discretion.\nThe grounds upon which the court placed its refusal are wholly untenable; to require a man to be tried in a county whose inhabitants were so prejudiced against him was a violation of the statute and appellant\u2019s constitutional right. Mansf. Dig., sec. 2195; Art. 2, sec. 10, Const.\nThe case of Walker v. State, 35 Ark., 386, should be overruled. But it does not decide the question involved here. The statute and the constitution prescribe that the trial shall be removed from the county; and the making of two districts does not make a county. A trial by an impartial and unprejudiced jury is a constitutional right. Cooley, Const. Lim., p. 390 et seq., ch. 10.\n2, Section 6, act December 15, 1875, has no application to this case. \u201cMay change the venue from one district to another,\u2019\u2019 can apply only to civil cases; if intended to apply to criminal cases, it violates the constitution.\nW. E. Atkinson, Attorney General, and T. D. Crawford for appellee.\nBy act of December 15, 1875, the districts.of Yell county were to be considered as separate and distinct counties. The act was held constitutional in Walker v. State, 35 Ark., 389. It was appellant\u2019s duty to have made his application in accordance with law. Const. 1874, art. 2, sec, 10. The application was defective; there was no abuse of judicial discretion, and the action is not reviewable."
  },
  "file_name": "0211-01",
  "first_page_order": 235,
  "last_page_order": 238
}
