{
  "id": 1911691,
  "name": "Casey v. State",
  "name_abbreviation": "Casey v. State",
  "decision_date": "1890-05-31",
  "docket_number": "",
  "first_page": "334",
  "last_page": "336",
  "citations": [
    {
      "type": "official",
      "cite": "53 Ark. 334"
    }
  ],
  "court": {
    "name_abbreviation": "Ark.",
    "id": 8808,
    "name": "Arkansas Supreme Court"
  },
  "jurisdiction": {
    "id": 34,
    "name_long": "Arkansas",
    "name": "Ark."
  },
  "cites_to": [
    {
      "cite": "31 Ark., 119",
      "category": "reporters:state",
      "reporter": "Ark.",
      "case_ids": [
        1879331
      ],
      "opinion_index": -1,
      "case_paths": [
        "/ark/31/0119-01"
      ]
    },
    {
      "cite": "38 Ark., 205",
      "category": "reporters:state",
      "reporter": "Ark.",
      "case_ids": [
        1900489
      ],
      "opinion_index": -1,
      "case_paths": [
        "/ark/38/0205-01"
      ]
    },
    {
      "cite": "31 Ark., 39",
      "category": "reporters:state",
      "reporter": "Ark.",
      "case_ids": [
        1879326
      ],
      "opinion_index": -1,
      "case_paths": [
        "/ark/31/0039-01"
      ]
    },
    {
      "cite": "38 Ark., 150",
      "category": "reporters:state",
      "reporter": "Ark.",
      "case_ids": [
        1900542
      ],
      "opinion_index": -1,
      "case_paths": [
        "/ark/38/0150-01"
      ]
    },
    {
      "cite": "36 Ark., 268",
      "category": "reporters:state",
      "reporter": "Ark.",
      "case_ids": [
        1872520
      ],
      "opinion_index": -1,
      "case_paths": [
        "/ark/36/0268-01"
      ]
    },
    {
      "cite": "31 Ark., 39",
      "category": "reporters:state",
      "reporter": "Ark.",
      "case_ids": [
        1879326
      ],
      "opinion_index": 0,
      "case_paths": [
        "/ark/31/0039-01"
      ]
    }
  ],
  "analysis": {
    "cardinality": 307,
    "char_count": 5160,
    "ocr_confidence": 0.73,
    "pagerank": {
      "raw": 4.783196727464326e-07,
      "percentile": 0.9308579380496701
    },
    "sha256": "0693508f46638a84a493fdcb0feb0402cdf2c16c8bdd4f2100b911c50999389c",
    "simhash": "1:36438e704f66de12",
    "word_count": 893
  },
  "last_updated": "2024-02-27T17:38:25.538536+00:00",
  "provenance": {
    "date_added": "2019-08-29",
    "source": "Harvard",
    "batch": "2018"
  },
  "casebody": {
    "judges": [],
    "parties": [
      "Casey v. State."
    ],
    "opinions": [
      {
        "text": "Cockrill, C. J.\nThe appellant, a county judge, was convicted of non-feasance in office for allowing against the county a claim to which no affidavit was attached. The statute requires an affidavit, and a section of the same act provides that: \u201cAny judge of the county court, or clerk of said court, who shall willfully violate any of the provisions of this act, or neglect or refuse to perform any duty herein imposed, shall be deemed guilty of a misdemeanor, and upon conviction thereof in a court of competent jurisdiction, shall be subject to a fine of not less than ten nor more than one thousand dollars, and shall be removed from office.\" Mansf. Dig., sec. 1746.\n; The indictment charges only that the act was negligently ' done. It does \u25a0 not even follow the language of the statute and charge that the act was done willfully. But the act done by the judge is a violation of a positive provision of the law, and, by the terms of the section quoted, it must have been willfully done to constitute a criminal offense. It was misfeasance and not non-feasance in office. It was not a total neglect to perform a prescribed duty, but a lawful act done in an improper manner, that is, upon insufficient evidence.\nBut conceding that the charge' was made under the second provision of the act directed against a neglect to perform a duty, the same objection lies to the indictment. Nothing less than a charge in the language of the statute, that is, that the neglect was willful, can answer. It is not probable that the legislature intended to make a violation of a positive provision of the law criminal, only when the act is willful, but to punish a casual and unintentional omission to do the act in a proper manner. See State v. Prescott, 31 Ark., 39. Neither the reason of the thing nor the grammatical construction of the language employed requires that \u2018\u2018willfully\" as used in the statute should qualify \"violate\" only. No case should be brought within a penal statute unless completely within its words, and every reasonable doubt about the meaning of the language should be resolved in favor of the accused.\nReverse the judgment, and remand the cause for further proceedings.",
        "type": "majority",
        "author": "Cockrill, C. J."
      }
    ],
    "attorneys": [
      "J. H. Evans for appellant.",
      "W. E. Atkinson, Attorney General, and T. D. Crawford for appellee."
    ],
    "corrections": "",
    "head_matter": "Casey v. State.\nDecided May 31, 1890.\nNon-feasance \u2014 County judge \u2014 Sufficiency of indictment.\nWhere an indictment simply charged a neglect by a county judge to perform a duty enjoined by a statute which provided that any county judge \u201cwho shall willfully violate any of the provisions of this act, or neglect or refuse to perform any duty herein imposed, shall be guilty of a misdemeanor\u201d (Mansf. Dig., sec. 1746), the indictment is defective for failure to allege that the neglect was willful.\nAPPEAL from Logan Circuit Court.\nH. F. Thomason, Judge.\nJ. H. Evans for appellant.\nThe indictment should have been quashed; it does not charge appellant with corruptly or willfully allowing the claim without the affidavit required by law. A judge of a court cannot be convicted for any erroneous or wrong decision, unless he corruptly decides a matter. 36 Ark., 268. Appellant was merely judge of a court of superior jurisdiction. Const., art. 7, sec. 28; Mansf. Dig., secs. 1407, 1412. The allowance of the claim was a judicial act of court of superior jurisdiction. 38 Ark., 150. He is not liable unless he acted corruptly. 31 Ark., 39.\nThe statute uses the word \u201cwillfully\u201d and the indictment does not follow the statute. Sec. 1746, Mansf. Dig.\nW. E. Atkinson, Attorney General, and T. D. Crawford for appellee.\nThe intention of sec. 1746 was to provide that, as to those duties requiring the exercise of discretion, the county judge should be punishable for their \u201cwillful\u201d violation. Perhaps \u201cwillful\u201d and \u201ccorrupt\u201d are synonymous terms, as suggested by appellant. As to those duties which admitted of the exercise of no discretion, the act intended to make the officers responsible for any neglect or refusal to perform them. It is not necessary that the neglect or refusal be corrupt or \u201cwillful.\u201d There is nothing in the language of the section which indicates that the term \u2018 \u2018willful\u2019 \u2019 was intended to qualify the phrase \u201cneglect or refuse.\u201d To give it such an effect would be to nullify the force and effect of the latter clause entirely, since there can be no willful neglect or refusal to perform a duty enjoined by that act which would not also be a willful violation of the provisions of the act. It is a well-settled rule of law to so construe an act so as to give effect to all of its provisions. Railway v. Clifton, 38 Ark., 205; Railway v. Howell, 31 Ark., 119; Endlich, Interpretation of Statutes, sec. 265.\nIn this case, the law required of the county judge the performance of a mandatory duty, ministerial in its nature, and vested no discretion in him. It was supposed to be a safeguard against the allowance of an improper claim. Defendant neglected to perform the duty, and asks that it be overlooked as an oversight. By such an oversight the revenues of the county might have been squandered. It is not for the court to judge of the expediency of legislation. But, if it were so, many good reasons might be given for the existence of the section quoted."
  },
  "file_name": "0334-01",
  "first_page_order": 358,
  "last_page_order": 360
}
