{
  "id": 1911695,
  "name": "Kessinger and another v. Wilson and others",
  "name_abbreviation": "Kessinger v. Wilson",
  "decision_date": "1890-07-05",
  "docket_number": "",
  "first_page": "400",
  "last_page": "411",
  "citations": [
    {
      "type": "official",
      "cite": "53 Ark. 400"
    }
  ],
  "court": {
    "name_abbreviation": "Ark.",
    "id": 8808,
    "name": "Arkansas Supreme Court"
  },
  "jurisdiction": {
    "id": 34,
    "name_long": "Arkansas",
    "name": "Ark."
  },
  "cites_to": [
    {
      "cite": "16 Ark., 612",
      "category": "reporters:state",
      "reporter": "Ark.",
      "case_ids": [
        8726007
      ],
      "opinion_index": -1,
      "case_paths": [
        "/ark/16/0612-01"
      ]
    },
    {
      "cite": "94 U. S., 773",
      "category": "reporters:federal",
      "reporter": "U.S.",
      "case_ids": [
        5645570
      ],
      "opinion_index": -1,
      "case_paths": [
        "/us/94/0773-01"
      ]
    },
    {
      "cite": "37 Ark., 364",
      "category": "reporters:state",
      "reporter": "Ark.",
      "case_ids": [
        1870944
      ],
      "opinion_index": -1,
      "case_paths": [
        "/ark/37/0364-01"
      ]
    },
    {
      "cite": "32 Ark. 131",
      "category": "reporters:state",
      "reporter": "Ark.",
      "case_ids": [
        1877189
      ],
      "opinion_index": -1,
      "case_paths": [
        "/ark/32/0131-01"
      ]
    },
    {
      "cite": "10 Ark., 228",
      "category": "reporters:state",
      "reporter": "Ark.",
      "case_ids": [
        8727562
      ],
      "opinion_index": -1,
      "case_paths": [
        "/ark/10/0228-01"
      ]
    },
    {
      "cite": "16 Ark., 154",
      "category": "reporters:state",
      "reporter": "Ark.",
      "case_ids": [
        8724390
      ],
      "opinion_index": -1,
      "case_paths": [
        "/ark/16/0154-01"
      ]
    },
    {
      "cite": "44 Ark., 481",
      "category": "reporters:state",
      "reporter": "Ark.",
      "opinion_index": -1
    },
    {
      "cite": "29 Ark., 633",
      "category": "reporters:state",
      "reporter": "Ark.",
      "case_ids": [
        1882912
      ],
      "opinion_index": -1,
      "case_paths": [
        "/ark/29/0633-01"
      ]
    },
    {
      "cite": "22 Ark., 567",
      "category": "reporters:state",
      "reporter": "Ark.",
      "case_ids": [
        8727312
      ],
      "opinion_index": -1,
      "case_paths": [
        "/ark/22/0567-01"
      ]
    },
    {
      "cite": "42 Ark., 357",
      "category": "reporters:state",
      "reporter": "Ark.",
      "case_ids": [
        8724168
      ],
      "opinion_index": -1,
      "case_paths": [
        "/ark/42/0357-01"
      ]
    },
    {
      "cite": "47 Ark., 504",
      "category": "reporters:state",
      "reporter": "Ark.",
      "case_ids": [
        1888699
      ],
      "weight": 2,
      "opinion_index": -1,
      "case_paths": [
        "/ark/47/0504-01"
      ]
    },
    {
      "cite": "47 Ark,, 445",
      "category": "reporters:state",
      "reporter": "Ark.",
      "case_ids": [
        1888758
      ],
      "opinion_index": -1,
      "case_paths": [
        "/ark/47/0445-01"
      ]
    },
    {
      "cite": "85 Mo., 526",
      "category": "reporters:state",
      "reporter": "Mo.",
      "case_ids": [
        422164
      ],
      "opinion_index": 0,
      "case_paths": [
        "/mo/85/0526-01"
      ]
    },
    {
      "cite": "81 Mo., 171",
      "category": "reporters:state",
      "reporter": "Mo.",
      "case_ids": [
        425475
      ],
      "opinion_index": 0,
      "case_paths": [
        "/mo/81/0171-01"
      ]
    },
    {
      "cite": "18 Kan., 223",
      "category": "reporters:state",
      "reporter": "Kan.",
      "case_ids": [
        48187
      ],
      "opinion_index": 0,
      "case_paths": [
        "/kan/18/0223-01"
      ]
    },
    {
      "cite": "18 Kan., 281",
      "category": "reporters:state",
      "reporter": "Kan.",
      "opinion_index": 0
    },
    {
      "cite": "8 Kan., 677",
      "category": "reporters:state",
      "reporter": "Kan.",
      "case_ids": [
        595646
      ],
      "opinion_index": 0,
      "case_paths": [
        "/kan/8/0677-01"
      ]
    },
    {
      "cite": "6 Kan., 311",
      "category": "reporters:state",
      "reporter": "Kan.",
      "case_ids": [
        78400
      ],
      "opinion_index": 0,
      "case_paths": [
        "/kan/6/0311-01"
      ]
    },
    {
      "cite": "6 Kan., 73",
      "category": "reporters:state",
      "reporter": "Kan.",
      "opinion_index": 0
    },
    {
      "cite": "5 Kan., 498",
      "category": "reporters:state",
      "reporter": "Kan.",
      "case_ids": [
        76443
      ],
      "opinion_index": 0,
      "case_paths": [
        "/kan/5/0498-01"
      ]
    },
    {
      "cite": "50 Wis., 99",
      "category": "reporters:state",
      "reporter": "Wis.",
      "opinion_index": 0
    },
    {
      "cite": "48 Wis., 162",
      "category": "reporters:state",
      "reporter": "Wis.",
      "opinion_index": 0
    },
    {
      "cite": "44 Wis., 210",
      "category": "reporters:state",
      "reporter": "Wis.",
      "case_ids": [
        8704964
      ],
      "opinion_index": 0,
      "case_paths": [
        "/wis/44/0210-01"
      ]
    },
    {
      "cite": "40 Wis., 594",
      "category": "reporters:state",
      "reporter": "Wis.",
      "case_ids": [
        11285609
      ],
      "opinion_index": 0,
      "case_paths": [
        "/wis/40/0594-01"
      ]
    },
    {
      "cite": "35 Wis., 241",
      "category": "reporters:state",
      "reporter": "Wis.",
      "case_ids": [
        8705968
      ],
      "opinion_index": 0,
      "case_paths": [
        "/wis/35/0241-01"
      ]
    },
    {
      "cite": "32 Wis., 504",
      "category": "reporters:state",
      "reporter": "Wis.",
      "case_ids": [
        8708742
      ],
      "opinion_index": 0,
      "case_paths": [
        "/wis/32/0504-01"
      ]
    },
    {
      "cite": "55 Wis., 685",
      "category": "reporters:state",
      "reporter": "Wis.",
      "case_ids": [
        8707958
      ],
      "opinion_index": 0,
      "case_paths": [
        "/wis/55/0685-01"
      ]
    },
    {
      "cite": "46 Wis., 326",
      "category": "reporters:state",
      "reporter": "Wis.",
      "opinion_index": 0
    },
    {
      "cite": "6 Wis., 527",
      "category": "reporters:state",
      "reporter": "Wis.",
      "case_ids": [
        8713561
      ],
      "opinion_index": 0,
      "case_paths": [
        "/wis/6/0527-01"
      ]
    },
    {
      "cite": "25 Wis., 460",
      "category": "reporters:state",
      "reporter": "Wis.",
      "case_ids": [
        11285458
      ],
      "opinion_index": 0,
      "case_paths": [
        "/wis/25/0460-01"
      ]
    },
    {
      "cite": "29 Wis., 152",
      "category": "reporters:state",
      "reporter": "Wis.",
      "case_ids": [
        8706844
      ],
      "opinion_index": 0,
      "case_paths": [
        "/wis/29/0152-01"
      ]
    },
    {
      "cite": "18 Wis., 64",
      "category": "reporters:state",
      "reporter": "Wis.",
      "opinion_index": 0
    },
    {
      "cite": "15 Wis., 100",
      "category": "reporters:state",
      "reporter": "Wis.",
      "case_ids": [
        8708181
      ],
      "opinion_index": 0,
      "case_paths": [
        "/wis/15/0100-01"
      ]
    },
    {
      "cite": "11 Wis., 446",
      "category": "reporters:state",
      "reporter": "Wis.",
      "opinion_index": 0
    },
    {
      "cite": "32 Wis., 296",
      "category": "reporters:state",
      "reporter": "Wis.",
      "opinion_index": 0
    },
    {
      "cite": "16 Wis., 631",
      "category": "reporters:state",
      "reporter": "Wis.",
      "opinion_index": 0
    },
    {
      "cite": "11 Wis., 432",
      "category": "reporters:state",
      "reporter": "Wis.",
      "case_ids": [
        8709364
      ],
      "weight": 2,
      "opinion_index": 0,
      "case_paths": [
        "/wis/11/0432-01"
      ]
    },
    {
      "cite": "6 Wis., 538",
      "category": "reporters:state",
      "reporter": "Wis.",
      "opinion_index": 0
    },
    {
      "cite": "17 Wis., 180",
      "category": "reporters:state",
      "reporter": "Wis.",
      "opinion_index": 0
    },
    {
      "cite": "15 Wis., 537",
      "category": "reporters:state",
      "reporter": "Wis.",
      "weight": 2,
      "opinion_index": 0
    },
    {
      "cite": "16 Wis., 621",
      "category": "reporters:state",
      "reporter": "Wis.",
      "opinion_index": 0
    },
    {
      "cite": "13 Wis., 245",
      "category": "reporters:state",
      "reporter": "Wis.",
      "case_ids": [
        8708691
      ],
      "weight": 2,
      "opinion_index": 0,
      "case_paths": [
        "/wis/13/0245-01"
      ]
    },
    {
      "cite": "69 Ala., 296",
      "category": "reporters:state",
      "reporter": "Ala.",
      "case_ids": [
        3311117
      ],
      "opinion_index": 0,
      "case_paths": [
        "/ala/69/0296-01"
      ]
    },
    {
      "cite": "68 Ala., 258",
      "category": "reporters:state",
      "reporter": "Ala.",
      "case_ids": [
        11254806
      ],
      "opinion_index": 0,
      "case_paths": [
        "/ala/68/0258-01"
      ]
    },
    {
      "cite": "75 Iowa, 250",
      "category": "reporters:state",
      "reporter": "Iowa",
      "case_ids": [
        2061214
      ],
      "opinion_index": 0,
      "case_paths": [
        "/iowa/75/0250-01"
      ]
    },
    {
      "cite": "72 Iowa, 23",
      "category": "reporters:state",
      "reporter": "Iowa",
      "case_ids": [
        8647163
      ],
      "weight": 2,
      "opinion_index": 0,
      "case_paths": [
        "/iowa/72/0023-01"
      ]
    },
    {
      "cite": "48 Iowa, 103",
      "category": "reporters:state",
      "reporter": "Iowa",
      "case_ids": [
        2329894
      ],
      "weight": 2,
      "opinion_index": 0,
      "case_paths": [
        "/iowa/48/0103-01"
      ]
    },
    {
      "cite": "32 Iowa, 76",
      "category": "reporters:state",
      "reporter": "Iowa",
      "opinion_index": 0
    },
    {
      "cite": "55 Iowa, 290",
      "category": "reporters:state",
      "reporter": "Iowa",
      "case_ids": [
        2316011
      ],
      "opinion_index": 0,
      "case_paths": [
        "/iowa/55/0290-01"
      ]
    },
    {
      "cite": "46 Iowa, 600",
      "category": "reporters:state",
      "reporter": "Iowa",
      "case_ids": [
        2333318
      ],
      "opinion_index": 0,
      "case_paths": [
        "/iowa/46/0600-01"
      ]
    },
    {
      "cite": "29 Iowa, 356",
      "category": "reporters:state",
      "reporter": "Iowa",
      "case_ids": [
        2281470
      ],
      "opinion_index": 0,
      "case_paths": [
        "/iowa/29/0356-01"
      ]
    },
    {
      "cite": "28 Iowa, 20",
      "category": "reporters:state",
      "reporter": "Iowa",
      "case_ids": [
        2283042
      ],
      "opinion_index": 0,
      "case_paths": [
        "/iowa/28/0020-01"
      ]
    },
    {
      "cite": "27 Iowa, 160",
      "category": "reporters:state",
      "reporter": "Iowa",
      "case_ids": [
        115579
      ],
      "opinion_index": 0,
      "case_paths": [
        "/iowa/27/0160-01"
      ]
    },
    {
      "cite": "47 Iowa, 397",
      "category": "reporters:state",
      "reporter": "Iowa",
      "case_ids": [
        2331781
      ],
      "opinion_index": 0,
      "case_paths": [
        "/iowa/47/0397-01"
      ]
    },
    {
      "cite": "57 Pa. St., 13",
      "category": "reporters:state",
      "reporter": "Pa.",
      "case_ids": [
        1010475
      ],
      "opinion_index": 0,
      "case_paths": [
        "/pa/57/0013-01"
      ]
    },
    {
      "cite": "19 Pa. St., 305",
      "category": "reporters:state",
      "reporter": "Pa.",
      "case_ids": [
        970656
      ],
      "opinion_index": 0,
      "case_paths": [
        "/pa/19/0305-01"
      ]
    },
    {
      "cite": "70 Pa. St., 164",
      "category": "reporters:state",
      "reporter": "Pa.",
      "case_ids": [
        1028181
      ],
      "opinion_index": 0,
      "case_paths": [
        "/pa/70/0164-01"
      ]
    },
    {
      "cite": "67 Pa. St., 48",
      "category": "reporters:state",
      "reporter": "Pa.",
      "opinion_index": 0
    },
    {
      "cite": "20 Pa. St., 31",
      "category": "reporters:state",
      "reporter": "Pa.",
      "opinion_index": 0
    },
    {
      "cite": "31 Ark., 272",
      "category": "reporters:state",
      "reporter": "Ark.",
      "case_ids": [
        1879319
      ],
      "opinion_index": 0,
      "case_paths": [
        "/ark/31/0272-01"
      ]
    },
    {
      "cite": "22 Ark., 178",
      "category": "reporters:state",
      "reporter": "Ark.",
      "case_ids": [
        8726014
      ],
      "opinion_index": 0,
      "case_paths": [
        "/ark/22/0178-01"
      ]
    },
    {
      "cite": "13 How., 472",
      "category": "reporters:scotus_early",
      "reporter": "How.",
      "case_ids": [
        3361146
      ],
      "opinion_index": 0,
      "case_paths": [
        "/us/54/0472-01"
      ]
    },
    {
      "cite": "20 Ark., 542",
      "category": "reporters:state",
      "reporter": "Ark.",
      "case_ids": [
        1869307
      ],
      "opinion_index": 0,
      "case_paths": [
        "/ark/20/0542-01"
      ]
    },
    {
      "cite": "20 Ark., 516",
      "category": "reporters:state",
      "reporter": "Ark.",
      "opinion_index": 0
    },
    {
      "cite": "1 Pick., 317",
      "category": "reporters:state",
      "reporter": "Pick.",
      "opinion_index": 0
    },
    {
      "cite": "9 Mass., 508",
      "category": "reporters:state",
      "reporter": "Mass.",
      "case_ids": [
        2029690
      ],
      "opinion_index": 0,
      "case_paths": [
        "/mass/9/0444-01"
      ]
    },
    {
      "cite": "49 Ark., 75",
      "category": "reporters:state",
      "reporter": "Ark.",
      "case_ids": [
        1310005
      ],
      "opinion_index": 0,
      "case_paths": [
        "/ark/49/0075-01"
      ]
    },
    {
      "cite": "47 Ark., 504",
      "category": "reporters:state",
      "reporter": "Ark.",
      "case_ids": [
        1888699
      ],
      "weight": 2,
      "opinion_index": 0,
      "case_paths": [
        "/ark/47/0504-01"
      ]
    }
  ],
  "analysis": {
    "cardinality": 937,
    "char_count": 22274,
    "ocr_confidence": 0.736,
    "pagerank": {
      "raw": 8.309345818846228e-07,
      "percentile": 0.9753504934071446
    },
    "sha256": "518dc981f6937f533d1df3831627be6312db4194a1472fdf221520548c5c4fad",
    "simhash": "1:f713aeeac124d63c",
    "word_count": 4036
  },
  "last_updated": "2024-02-27T17:38:25.538536+00:00",
  "provenance": {
    "date_added": "2019-08-29",
    "source": "Harvard",
    "batch": "2018"
  },
  "casebody": {
    "judges": [],
    "parties": [
      "Kessinger and another v. Wilson and others."
    ],
    "opinions": [
      {
        "text": "BATTLE, J.\nOn the 5th of February, 1888, appellants brought an action of ejectment against appellees, in the Clay circuit court, for the possession of certain land described in their complaint. Appellees pleaded the five and seven years\u2019 statutes of limitations in bar of the action. On the trial it was admitted that Daniel Kessinger died seized and possessed of the land in the month of July, 1862; that it constituted his homestead at the time of his death; that he was the' father of appellants, Nancy J. Casey and John Kessinger; that Nancy J. was born on the 10th of December, 1859, and John Kessinger on the 10th of December, 1861. Evidence' was adduced tending to prove that the land was sold, under an order of the probate court of Clay county, on the 22d day of January, 1872, to Abe Roberts to pay the clebts of Daniel Kessinger, and that appellees claim and hold under Abe Roberts. It was also admitted that appellees and those under whom they claim have been in continuous and adverse possession of the land at all times since the first day of July, 1874; and that there is no record evidence that the sale to Roberts was reported to the probate court. The result of the-trial was a judgment in favor of the appellees.\nAs the land was the homestead of Daniel Kessinger at the , time of his death, and he left minor children, the sale thereof during their minority was void. The only question involved then is, was this action barred by the statute of limitations?\nAt the time the grantors of appellees took possession of the land in controversy each of the appellants had the right to hold the same as a homestead until he or she ceased to be a minor. They were .also heirs of Daniel Kessinger, and the land had descended to them subject to sale, if necessary, for the payment of their father\u2019s debts. These facts present the question, did not they have two rights of entry, one at the time when they became entitled to the homestead, and the other when the younger of them reached the age of twenty-one years?\nThe land was set aPart by the law to appellants, when t^ejr fat;her died, as a home and means of maintenance during their minority. Until the younger of them reached the age of twenty-one years, it could not have been lawfully sold to pay the debts of their father\u2019s estate or partitioned between them. Nichols v. Shearon, 49 Ark., 75; Kirksey v. Cole, 47 Ark., 504. It was not subject to sale, but might have been rented to raise means for their support. Until the younger reached his majority, it remained set apart as \u201ca place, a sanctuary, to which he or she might return to find the shelter, comfort and security of a home\u201d during his or her minority. As an entire homestead it remained the home of both. Although the land constituting it descended to them subject to be sold to pay the debts of their father\u2019s estate, it could not have been lawfully severed or diverted from the full occupancy and enjoyment by both of them as a home during the minority of either of them. Their homestead right was like a joint tenancy with right of survivorship. As each of them arrived of age, his interest in it expired. After the older reached her majority, the younger was entitled to the exclusive use and enjoyment of the land as a home until he \u00a1became twenty-one years old, and then both became entitled to have and to hold as tenants in common, subject to the right of the administrator of Daniel Kessinger to have it sold -to pay Kessinger\u2019s debts. Kirksey v. Cole, 47 Ark., 504. The homestead right or estate and the estate inherited in addition thereto were like two separate and distinct estates vested in different persons and following in immediate succession. Their right to the enjoyment and possession of the same did not exist at one and the same time; and neither merged in the other. The former did not merge in the latter; for, in that event, the minor children would have lost the right to \u25a0enjoy the homestead during their minority, and the land constituting it would have immediately become subject to sale for the payment of the debts of their father\u2019s estate, it being insolvent, and the quality of the homestead like unto a joint tenancy would have been changed by severance to tenancy in common. Greenleaf\u2019s Cruise on Real Property, vol. 6, marginal page 484, and cases cited. And the estate inherited from their father being the larger could not merge in the homestead. So they remained separate and distinct. As they could not have been held otherwise, appellants necessarily had two rights of entry upon the land, one when they became entitled to the homestead, and the other when the younger was twenty-one years old.\nThe homestead right has expired, and the right to the 0 possession of the estate inherited in addition thereto has accrued. The time which expired before the last right of entry .accrued did not affect it. The statute of limitations did not commence running against it until John Kessinger was twenty-one years old. The rule is, where there are two separate rights of entry, the loss of one by lapse of time does not impair the other. It has often been held, that \u201ca remainder-man expectant on an estate for life or years, who had a right to enter because of the forfeiture of the tenant, is not bound \u00b10 avail himself of the forfeiture, and his neglect to enter at the time does not bar him of his entry on the limitation of the estate by efflux of time or the death of the tenant.\u201d According to Plowden, in Stowell v. Lord Zouch, 1 Plowd., 374, where there were three separate rights in the same person, he was entitled to the benefit of all of them the same as-though they existed in three different persons. The maxim of the law is, \u201c Quando duo jura concurrunt in tina persona, cequum est ac si essent in diversis.\u201d Hunt v. Burn, 2 Salk., marg. p. 422; Wells v. Prince, 9 Mass., 508; Stevens v. Winship, 1 Pick., 317; Doe d. Cook v. Danvers, 7 East, 299; Goodright d. Fowler and Burton v. Forester, 8 East, 552; Kemp v. Westbrook, 1 Vesey, Sen., 278; Doe ex dem. Allen v. Blakeway, 5 Car. & P., 563 (24 E. C. L. R., 709); 6 Bacon\u2019s Abridgement, p. 369; 2 Greenleaf\u2019s Cruise on Real Property, vol. 3, marg. p. 447, title 31, ch. 22, secs. 34-36; Wood on Lim., p. 528, note 1; Ang. on Lim. (6th ed.), sec. 375 ; 4 Kent\u2019s Com., 84.\nWhat statute prescribes the time within which an action f0r the recovery of the land must be brought after the last right of entry accrued? Appellees pleaded the five years\u2019 statute. That statute, as enacted, provides : \u2018\u2018All actions against the purchaser, his heirs or assigns, for the recovery of lands sold by any collector of the revenue for -the non-payment of taxes, and for lands sold at judicial sales, shall be brought within five years after the date of such sale, and not thereafter; saving to minors, persons of unsound mind and persons beyond seas, the period of three years after such disability shall have been removed.\u201d Is it^applicable to this case?\nIn Elliott v. Pearce, 20 Ark., 516, it was pleaded in bar of an action for the recovery of land held under a purchase at a tax sale. The defendant had held actual, continuous, adverse possession for five years from the date of the tax sale. This court held that the statute began to run from the date of the sale; and that, though the sale was irregular, \u2018\u2018it was sufficient, in connection with the actual possession of the 'land by the defendant during the entire period of limitation, to entitle him to have his possession protected, and his title quieted.\u201d\nIt was pleaded in Cofer v. Brooks, 20 Ark., 542, but it \u2022does not appear in that case when the deed was executed, and when possession was first taken by the purchaser at the tax sale. It does appear, however, that he was in possession \u2022on a certain day, with his family, residing on the land, clearing and preparing to raise a crop. This court said: \u2018\u2018It may be conceded, for the purposes of this case, that their (the deeds\u2019) recitals fail to show regular and valid tax sales, and that the deeds are void; yet it was competent for the appellee, to introduce them, in connection with the evidence of his actual and continuous possession of the land for the full period \u2022of limitation, to defeat the action of the appellant, as held in Elliott v. Pearce.\"\nIt was again pleaded in Pillow v. Roberts, 13 How., 472, but it does not appear in that case when possession was taken of the land in controversy by the holder of the tax title. It was held in that case that, though the deed executed to the purchaser at the tax sale for the land sold was irregular and worthless, it was admissible in evidence, in connection with evidence of five years\u2019 adverse possession, in order to establish a defense under the five years\u2019 statute of limitations.\nAfter this, in Mitchell v. Etter, 22 Ark., 178, it was again considered. The land in controversy in that case was wild and uncultivated, and was claimed under a tax sale. This court held that the statute began to run in that case in favor of the purchaser at the tax sale against the former owner, at the date of the sale, whether the purchaser was in the actual possession of the land or not.\nIn Phelps v. Jackson, 31 Ark., 272, this court held, that an action to set aside \u00e1 sale of land under a decree of court, or to have the land conveyed to plaintiff, it having been purchased under an implied trust for his benefit, did not come within the provision of the five years\u2019 statute, and was not affected by it, because it was not an action for the recovery of land.\nStatutes similar to the one under consideration have been construed in other States. In Pennsylvania an act was passed in 1804 which decreed that no action for the recovery of land sold under it should lie, unless brought within five years after the sale. On account of the difficulty in bringing an action of ejectment against a purchaser who had not taken actual-possession, it was held that the limitation did not commence running until possession was taken under the sale, and that the original owner might bring an action for the land within five years after possession was taken. Waln v. Sherman, 8 Ser. & R., 357; Cranmer v. Hall, 4 W. & Ser., 36. After this an act was passed making provision for bringing an action of ejectment against a purchaser who had not taken possession, and then it was held that the limitation commenced to run from the delivery of the deed to the purchaser without regard to the possession. Robb v. Bowen, 9 Barr, 71; Sheik v. McElroy, 20 Pa. St., 31; Burd v. Patterson, 10 Harris, 219; Stewart v. Trevor, 6 P. F. Smith, 385; Rogers v. Johnson, 67 Pa. St., 48; Johnston v. Jackson, 70 Pa. St., 164; Hole v. Rittenhouse, 19 Pa. St., 305 ; McReynolds v. Longenberger, 57 Pa. St., 13.\nIn Iowa a statute declares that no action for the recovery of real property, sold for the non-payment of taxes, shall lie, unless the same shall be brought within five years from the date of sale, with a proviso giving further time to infants and insane persons. The Supreme Court of that State holds that this statute begins to run against the purchaser at the tax sale, and those claiming under him, as soon as his right to a deed becomes complete, and against the original owner when the deed is recorded, holding that the word sale means a complete sale, and that the sale is not completed until the title is vested. It holds that the Iowa statutes fix the time when the deed can be executed, and that the tax purchaser cannot, by neglecting to take his deed, prevent the statutes running against him; and that, under the statutes of that State, the title does not vest in the purchaser until the deed is executed and recorded. Thornton v. Jones, 47 Iowa, 397; Eldridge v. Kuehl, 27 Iowa, 160; Henderson v. Oliver, 28 Iowa, 20; McCready v. Sexton, 29 Iowa, 356; Hintrager v. Hennessey, 46 Iowa, 600; Bailey v. Howard, 55 Iowa, 290; Thomas v. Stickle, 32 Iowa, 76; Barrett v. Love, 48 Iowa, 103; Francis v. Griffin, 72 Iowa, 23. And it held that this statute became a complete bar, at the expiration of the five years, to the maintenance of an action brought after that period against the owner or purchaser for the recovery of the land sold for taxes, if such owner or purchaser held possession of the land at and before the bar became complete, although such possession continued for a small portion of the statutory period. Barrett v. Love, 48 Iowa, 103. But if the purchaser was in the constructive possession of the land, and such possession was taken by the owner in a manner and under circumstances which were calculated to, and did, deprive the purchaser of an opportunity of vindicating his right to the land by bringing suit within the time prescribed by the statute, it held the five years would be no bar. Francis v. Griffin, 72 Iowa, 23; Griffin v. Turner, 75 Iowa, 250.\nAlabama has a statute precisely like that of Iowa. There the courts hold that the bar of their statute begins to run only from the time the deed is executed to the purchaser at the tax sale; and that when the purchaser has continued in the open and continuous possession of the land sold for taxes, claiming title, for the period of limitation, the statute cuts off all inquiry into the regularity of the sale, and operates a bar to an action brought for the recovery of the land. Jones v. Randle, 68 Ala., 258; Pugh v. Youngblood, 69 Ala., 296.\nA statute of Wisconsin provides, that \u201cany suit or proceeding for the recovery of land sold for taxes, except in cases where the taxes have been paid, or the land redeemed, as provided by law, shall be commenced within three years from the time of recording the tax deed of sale, and not thereafter.\u201d This statute was held to commence running from the ' date of the record of the deed, and to apply to the original owner and the tax purchaser, and to cut off either the original owner or tax purchaser, if the adverse claimant has been in the occupation of the land for the three years from the date of the record. Knox v. Cleveland, 13 Wis., 245; Jones v. Collins, 16 Wis., 621; Parish v. Eager, 15 Wis., 537; Whitney v. Marshall, 17 Wis., 180; Edgerton v. Bird, 6 Wis., 538; Sprecker v. Wakeley, 11 Wis., 432. It was also held that, \u201cwhen the land is unoccupied, the holder of the tax title has constructive possession, and if the owner of the original title does not bring ejectment (which the statute permits in such case) within the three years, he is barred, but that if the tax deed is void on its face, the grantee in it has no constructive possession, and in such case the statute does not run in his favor, though it would do so, even under a void deed, if his possession was actual, open and notorious.\u201d Knox v. Cleveland, 13 Wis., 245; Parish v. Eager, 15 Wis., 537; Jones v. Collins, 16 Wis., 631; Lawrence v. Kenney, 32 Wis., 296; Hill v. Krieke, 11 Wis., 446; Dean v. Earley, 15 Wis., 100; Lain v. Shepardson, 18 Wis., 64; Cutler v. Hurlbut, 29 Wis., 152; Lindsay v. Fay, 25 Wis., 460; Edgerton v. Bird, 6 Wis., 527; Sprecker v. Wakeley, 11 Wis., 432; Oconto Co. v. Jerrard, 46 Wis., 326; McMillan v. Wehle, 55 Wis., 685. On the other hand, a similar possession on the part of the original owner for any part of the statutory period would interrupt the running of the statute against him, notwithstanding the tax deed is recorded. Lewis v. Disher, 32 Wis., 504; Wilson v. Henry, 35 Wis., 241; S. C., 40 Wis., 594; Coleman v. Eldred, 44 Wis., 210; Smith v. Ford, 48 Wis., 162; Stephenson v. Wilson, 50 Wis., 99,\nA Kansas statute provides that, \u201cany suit or proceeding for the recovery of land sold for taxes, except in cases where the taxes have been paid, or the land redeemed as provided by law, shall be commenced within two years from the time of recording the tax deed of sale, and not thereafter.\u201d The decisions of the courts construing this statute are to the effect that an action brought after a tax deed, which was good on its face, had been recorded for two years, for the recovery of the land sold for taxes and described therein, against the \u2022grantee in the deed, or one holding under him, who was in possession of the same and had been for two years, was barred by this statute, but that it was not barred if the deed was void on its face, although the grantee, or the one holding under him, had held actual, open, notorious and adverse possession for the entire two years next after the date of recording. Taylor v. Miles, 5 Kan., 498; Shoat v. Walker, 6 Kan., 73; Bowman v. Cockrill, 6 Kan., 311; Sapp v. Morrill, 8 Kan., 677; Hall v. Dodge, 18 Kan., 281; Waterson v. Devoe, 18 Kan., 223.\nA Missouri statute is as follows: \u201cAny suit or proceeding against the tax purchaser, his heirs or assigns, for the recovery of the lands sold for taxes, or to defeat or avoid a \u2022sale or conveyance of the lands for taxes * * * * shall be commenced within three years from the time of recording the tax deed, and not thereafter.\u201d In Spurlock v. Dougherty, 81 Mo., 171, the court held that this statute did not apply where the owner was in possession; and in Mason v. Crowder, 85 Mo., 526, it held that it had no application, except where the tax deed is valid upon its face, and that adverse possession under a tax deed, void on its face, for three years from the time the deed was recorded would not constitute a bar under this statute; that the limitation of the statute is not based upon adverse possession.\nFrom the foregoing view of authorities it appears that courts are nearly agreed in construing statutes like the five-years\u2019 statute pleaded in this case, as to the 'time they commence running. They hold that statutes of limitation, clear and unambiguous, like the five years\u2019 statute of this State, begin to run according to their words, from the date of sale, record or other day, as the time may be thereby fixed. They differ, however, as to the necessity for possession for the full statutory period on the part of the party pleading the limitation, or, if he had possession, as to the effect of it. But no question of that sort is presented for our consideration. The only questions presented, as to the five years\u2019 statute, are, when does it begin to run, and is it applicable to this case?1\nThe words of the statute are, \u201call actions * * * shall be brought within five years after the date of such sale, and not thereafter.\u201d It is clear that it commences to run from the date of sale, and not thereafter, as it declares. As it begins to run at the date of the sale, it is difficult to understand how it can bar an action when the cause of it did not arise until more than ten years after the sale had elapsed. The sustainment of a contention to that effect would lead to-the absurd conclusion that all rights of action against the purchaser of land sold at a judicial sale, arising after the lapse of five years from the date of sale, are barred at the very instant the cause of action accrues. This would be equivalent to a denial of the right to be heard at all in the vindication of such rights. It is manifest that the statute was never intended to be applied in such cases, but that its object was to require all parties to bring suits against purchasers at judicial sales, within five years after the date of sale, for the enforcement of only such rights to recover the land sold as can be enforced in an action brought within that time, and to bar the recovery of such rights in any suit brought thereafter. It has no application to this action. The only statute of limitation at all applicable to this case is the seven years\u2019 statute.\nAccording to the evidence adduced in the trial of this action in the circuit court, appellants\u2019 right of action is not barred.\nReversed and remanded for a new trial.",
        "type": "majority",
        "author": "BATTLE, J."
      }
    ],
    "attorneys": [
      "F. G. Taylor for appellants.",
      "J. C. Hawthorne for appellees."
    ],
    "corrections": "",
    "head_matter": "Kessinger and another v. Wilson and others.\nDecided July 5, 1890.\n1. Heirs \u2014 Homestead\u2014Rights of entry.\nWhere one dies seized of a homestead, leaving as heirs two minor children, they have two separate and distinct estates in the land, existing at different times and incapable of merger \u2014 the estates of homestead and of inheritance. The former entitles them to entry upon the ancestor\u2019s decease; the latter when the younger child attains majority.\n2. Concurrent rights of entry \u2014 Loss of one.\nWhere there are two separate rights, of entry vested in the same person, the loss of one by lapse of time does not impair the other.\n3. Judicial sales \u2014 Construction of the fve years'1 statute of limitation. {Mansf. Dig., sec. 4474.)\nThe five years\u2019 limitation for the recovery of lands sold at judicial sales was intended to require all parties to bring suits against purchasers at judicial sales within five years after the date of the sale, but only for the enforcement of such rights of recovery as could be enforced in an action brought within that time, and not to bar rights of action against the purchaser arising after the lapse of five years from the date of sale.\nAPPEAL from Clay Circuit Court, Western District.\nJ. E. Riddick, Judge.\nF. G. Taylor for appellants.\n1. The sale of a homestead during the minority of the children is an absolute nullity. 47 Ark,, 445.\n2. The statute did not commence to run until the youngest child attained its majority. 47 Ark., 504; 42 Ark., 357 ; 22 Ark., 567; Wood on Lim., pp. 527-8, and note 1; Tiedeman on Real Property, sec. 715.\n3. The statute could not run against Nancy J. Casey,, she being a married woman. Mansf. Dig., sec. 4471.\nJ. C. Hawthorne for appellees.\n1. The appellants had a present and complete cause of action at the date of the adverse entry, and either or both could have instituted suit for the recovery of the land. 29 Ark., 633. And more than seven years having elapsed after, their cause of action accrued, and more than three years after their majority, they are barred. 44 Ark., 481. The disability of a minor and a married woman cannot be attacked to avoid the statute. Mansf. Dig., sec. 4501; 16 Ark., 154. 47 Ark., 504, is not applicable. In this case both appellants had a complete cause of action at the date of the adverse entry, which set the statute in motion. 10 Ark., 228; 32 Ark. 131; Wood on Lim,, 254. When once set in motion, no subsequent disability will arrest it, unless so expressly provided. 37 Ark., 364; 94 U. S., 773; 16 Ark., 612; WoodonLim., p. 10."
  },
  "file_name": "0400-01",
  "first_page_order": 424,
  "last_page_order": 435
}
