{
  "id": 1911656,
  "name": "Little Rock Junction Railway Co. v. Burke",
  "name_abbreviation": "Little Rock Junction Railway Co. v. Burke",
  "decision_date": "1890-10-18",
  "docket_number": "",
  "first_page": "430",
  "last_page": "433",
  "citations": [
    {
      "type": "official",
      "cite": "53 Ark. 430"
    }
  ],
  "court": {
    "name_abbreviation": "Ark.",
    "id": 8808,
    "name": "Arkansas Supreme Court"
  },
  "jurisdiction": {
    "id": 34,
    "name_long": "Arkansas",
    "name": "Ark."
  },
  "cites_to": [
    {
      "cite": "51 Ark., 458",
      "category": "reporters:state",
      "reporter": "Ark.",
      "opinion_index": -1
    },
    {
      "cite": "41 Ark., 62",
      "category": "reporters:state",
      "reporter": "Ark.",
      "opinion_index": -1
    },
    {
      "cite": "1 Ark., 458",
      "category": "reporters:state",
      "reporter": "Ark.",
      "opinion_index": -1
    },
    {
      "cite": "52 Ark., 132",
      "category": "reporters:state",
      "reporter": "Ark.",
      "case_ids": [
        1913339
      ],
      "opinion_index": -1,
      "case_paths": [
        "/ark/52/0132-01"
      ]
    },
    {
      "cite": "8 Flor., 278",
      "category": "reporters:state",
      "reporter": "Fla.",
      "opinion_index": -1
    },
    {
      "cite": "8 Fla., 276",
      "category": "reporters:state",
      "reporter": "Fla.",
      "case_ids": [
        1129266
      ],
      "opinion_index": 0,
      "case_paths": [
        "/fla/8/0276-01"
      ]
    },
    {
      "cite": "29 Ala., 52",
      "category": "reporters:state",
      "reporter": "Ala.",
      "case_ids": [
        11254885
      ],
      "opinion_index": 0,
      "case_paths": [
        "/ala/29/0052-01"
      ]
    }
  ],
  "analysis": {
    "cardinality": 343,
    "char_count": 6211,
    "ocr_confidence": 0.729,
    "pagerank": {
      "raw": 8.162242512223672e-08,
      "percentile": 0.47486262712613747
    },
    "sha256": "47eed497587f2747dc5bd7ae1e797270cf5f390f866fee6ad4a9a7c6bbf22de5",
    "simhash": "1:188d98ea83e2f213",
    "word_count": 1095
  },
  "last_updated": "2024-02-27T17:38:25.538536+00:00",
  "provenance": {
    "date_added": "2019-08-29",
    "source": "Harvard",
    "batch": "2018"
  },
  "casebody": {
    "judges": [],
    "parties": [
      "Little Rock Junction Railway Co. v. Burke."
    ],
    "opinions": [
      {
        "text": "COCKRILL, C. J.\nThe controlling question in this case is this: Is an infant, whose lands have been sold under a decree rendered in pursuance of the act of March 12, 1881, to enforce the payment of overdue taxes, limited to the same period as adults in making his redemption ?\nThe eleventh section of the act provides that \u201cthe owner of any lands thus sold may redeem from the purchaser at any within the period fixed by law for the redemption of sold for taxes,\u201d upon payment of the amounts adjudged against the lands. The period fixed by law for the redemption of lands sold for taxes at the time of the sale in this case-was two years from the date of the tax sale; but minors and others had two years from the removal of their disabilities to-redeem. The chancellor,ruled that minors had the extended time within which to redeem from the decree under the overdue tax law. There is this marked distinction, however, between the general law to enforce payment of taxes and the act of 1881, viz.: under the general law the officer executed a deed to the infant\u2019s land at the end of two years from the sale, notwithstanding the period of redemption had not expired, the purchaser taking a title subject to be defeated by redemption; whereas the act of 1881 provides that, if lands sold under a decree are not redeemed within the period prescribed therefor in section eleven, the court shall direct the commissioner to convey the lands \u201cin fee simple\u201d to the purchaser, the deed reciting that the time allowed by law for redemption had expired; and it is further provided that the ,deed shall \u201cbe conclusive against all the world.\u201d Sec. 15. Now as the deed cannot issue under the act of 1881 until the period of redemption provided for in the act has expired, it would follow that no deed to an infant\u2019s land could issue until after his majority if that provision of the redemption law is adopted by the reference to it in section eleven. But the proceeding to- condemn provided by the act is in the nature of a suit in rem. The owners of the delinquent lands are not made parties to the proceeding by name or personal service; and it was certainly not the intention of the legislature to-throw upon the court rendering the decree the impossible task of ascertaining the identity of the land-owners and their condition under the law before conveyances should be ordered ; nor to cause the purchaser to take the risk of having his deed declared void because prematurely issued, if it should turn out that the lands belonged to one laboring under disability. On the contrary, the public exigency which gave rise to the act authorizing judicial condemnation for the non-payment of taxes, as well as the tenor of the provision of the statute, go to show that the intent was that deeds to all lands sold should issue at the end of the general period for redemption, regardless of the legal incapacity of the owner; and having issued, the effect is declared by the act \u2014 it is a deed in fee simple \u201cconclusive against all the world\u2019\u2019 \u2014 a phrase which excludes the right of the minor to defeat it as effectually as though the legislature had followed out the language of the presidential message by adding \u201cand the balance of mankind.\u2019\u2019\nWhere an act adopts the provisions of a prior statute by reference only, and the statute thus referred to contains special and particular clauses as well as general provisions; if special clauses are not in harmony with the policy or the provisions of the new act, the rule of construction is to reject the special clause and retain the general provision only. Ex parte Greene, 29 Ala., 52; Jones v. Dexter, 8 Fla., 276. The rule, like all canons of construction, is supposed to lead most surely to the legislative intent. The policy and terms of the act in question indicate the intention to conform to the general provision as to redemption, and not to the exceptions.\nThe appellee made his application to redeem after the general period for redemption had expired and after the dee'd had issued in compliance with the act. The decree in his favor must therefore be reversed, and his bill dismissed.\nIt is so ordered.",
        "type": "majority",
        "author": "COCKRILL, C. J."
      }
    ],
    "attorneys": [
      "John M. Moore for appellant.",
      "P. C. Dooley for appellee."
    ],
    "corrections": "",
    "head_matter": "Little Rock Junction Railway Co. v. Burke.\nDecided October 18, 1890.\nr. \u201cOverdue tax act\u201d \u2014 Sales under \u2014 Right of infants to redeem.\nUnder \u201cthe overdue tax act\u201d of March 12, 1881, allowing only two years for redemption of land sold for taxes under decree of the court, no exception is made in favor of infants or other persons under disability.\n2. Construction \u2014 Adoption of prior statute by reference\u25a0 \u2014 General and special provisions.\nWhere an act adopts the provisions of a prior statute by reference merely, and the statute thus referred to contains special clauses as well as general provisions, if the special clauses are not in harmony with the policy or provisions of the new act, the rule of construction is to reject the special clauses and retain the general provisions only.\nAPPEAL from Pulaski Chancery Court.\nD. W. Carroll, Chancellor.\nJohn M. Moore for appellant.\nAn infant whose land has been sold under the act to enforce the payment of overdue taxes must redeem within the time fixed by law which is two years. Sec. 11, overdue tax act, 1881; Gantt\u2019s Dig., sec. 5297. The eleventh section is to be construed with reference to the general rule, and not to the exceptions in the statute. Endlich, Int. Stat., 37, 38; 8 Flor., 278. Section 15 provides for a deed to be issued at the end of two years, which shall convey'the title in fee simple, and shall be conclusive against the world. It is \u25a0clear the legislature intended no exceptions. Sec. 5206, Gantt\u2019s Dig.\nP. C. Dooley for appellee.\nThe right to redeem rests on the law in force when the forfeiture occurs, which in this case is the law in force when the sale was made, which is the forfeiture. 52 Ark., 132; $ 1 Ark., 458. The revenue act in force then allowed minors two years to redeem. Gantt\u2019s Dig., sec. 5197- Under the present law minors have the same privilege. Mansf. Dig., \u2022sec. 5772. The eleventh section provides that the owner may redeem within the period fixed by law for the redemption of land sold for taxes. This right has been sustained often. 41 Ark., 62; 51 Ark., 458."
  },
  "file_name": "0430-01",
  "first_page_order": 454,
  "last_page_order": 457
}
