{
  "id": 1318847,
  "name": "Missouri & North Arkansas Railroad Company v. Phillips",
  "name_abbreviation": "Missouri & North Arkansas Railroad v. Phillips",
  "decision_date": "1910-12-12",
  "docket_number": "",
  "first_page": "54",
  "last_page": "57",
  "citations": [
    {
      "type": "official",
      "cite": "97 Ark. 54"
    }
  ],
  "court": {
    "name_abbreviation": "Ark.",
    "id": 8808,
    "name": "Arkansas Supreme Court"
  },
  "jurisdiction": {
    "id": 34,
    "name_long": "Arkansas",
    "name": "Ark."
  },
  "cites_to": [
    {
      "cite": "89 Ark. 418",
      "category": "reporters:state",
      "reporter": "Ark.",
      "case_ids": [
        1515219
      ],
      "opinion_index": -1,
      "case_paths": [
        "/ark/89/0418-01"
      ]
    },
    {
      "cite": "49 Ark. 535",
      "category": "reporters:state",
      "reporter": "Ark.",
      "case_ids": [
        1310072
      ],
      "opinion_index": -1,
      "case_paths": [
        "/ark/49/0535-01"
      ]
    },
    {
      "cite": "59 Ark. 317",
      "category": "reporters:state",
      "reporter": "Ark.",
      "case_ids": [
        1327684
      ],
      "opinion_index": -1,
      "case_paths": [
        "/ark/59/0317-01"
      ]
    },
    {
      "cite": "77 Ark. 434",
      "category": "reporters:state",
      "reporter": "Ark.",
      "case_ids": [
        1499099
      ],
      "opinion_index": -1,
      "case_paths": [
        "/ark/77/0434-01"
      ]
    },
    {
      "cite": "51 Ark. 324",
      "category": "reporters:state",
      "reporter": "Ark.",
      "case_ids": [
        8722616
      ],
      "opinion_index": -1,
      "case_paths": [
        "/ark/51/0324-01"
      ]
    },
    {
      "cite": "67 Ark. 371",
      "category": "reporters:state",
      "reporter": "Ark.",
      "case_ids": [
        1152565
      ],
      "opinion_index": -1,
      "case_paths": [
        "/ark/67/0371-01"
      ]
    },
    {
      "cite": "95 S. W. 600",
      "category": "reporters:state_regional",
      "reporter": "S.W.",
      "opinion_index": -1
    },
    {
      "cite": "107 N. W. 757",
      "category": "reporters:state_regional",
      "reporter": "N.W.",
      "opinion_index": -1
    },
    {
      "cite": "76 Neb. 545",
      "category": "reporters:state",
      "reporter": "Neb.",
      "case_ids": [
        8547803
      ],
      "opinion_index": -1,
      "case_paths": [
        "/neb/76/0545-01"
      ]
    },
    {
      "cite": "71 N. W. 409",
      "category": "reporters:state_regional",
      "reporter": "N.W.",
      "opinion_index": -1
    },
    {
      "cite": "102 la. 286",
      "category": "reporters:state",
      "reporter": "Iowa",
      "case_ids": [
        2120819
      ],
      "opinion_index": -1,
      "case_paths": [
        "/iowa/102/0286-01"
      ]
    },
    {
      "cite": "13 Pac. 401",
      "category": "reporters:state_regional",
      "reporter": "P.",
      "opinion_index": -1
    },
    {
      "cite": "54 Mo. App. 223",
      "category": "reporters:state",
      "reporter": "Mo. App.",
      "case_ids": [
        512425
      ],
      "opinion_index": -1,
      "case_paths": [
        "/mo-app/54/0223-01"
      ]
    },
    {
      "cite": "132 N. Y. 199",
      "category": "reporters:state",
      "reporter": "N.Y.",
      "case_ids": [
        2249466
      ],
      "opinion_index": -1,
      "case_paths": [
        "/ny/132/0199-01"
      ]
    },
    {
      "cite": "76 Ark. 132",
      "category": "reporters:state",
      "reporter": "Ark.",
      "case_ids": [
        1500982
      ],
      "opinion_index": 0,
      "case_paths": [
        "/ark/76/0132-01"
      ]
    },
    {
      "cite": "89 Ark. 418",
      "category": "reporters:state",
      "reporter": "Ark.",
      "case_ids": [
        1515219
      ],
      "opinion_index": 0,
      "case_paths": [
        "/ark/89/0418-01"
      ]
    },
    {
      "cite": "59 Ark. 317",
      "category": "reporters:state",
      "reporter": "Ark.",
      "case_ids": [
        1327684
      ],
      "opinion_index": 0,
      "case_paths": [
        "/ark/59/0317-01"
      ]
    },
    {
      "cite": "77 Ark. 434",
      "category": "reporters:state",
      "reporter": "Ark.",
      "case_ids": [
        1499099
      ],
      "opinion_index": 0,
      "case_paths": [
        "/ark/77/0434-01"
      ]
    }
  ],
  "analysis": {
    "cardinality": 307,
    "char_count": 5805,
    "ocr_confidence": 0.663,
    "pagerank": {
      "raw": 1.6941326509719612e-07,
      "percentile": 0.6997487112182988
    },
    "sha256": "04155f3092169376298e6f1a455c8ff3a086199260a29a857eaaee0c04c62db6",
    "simhash": "1:21714edf4716faca",
    "word_count": 1037
  },
  "last_updated": "2024-02-27T16:31:09.266916+00:00",
  "provenance": {
    "date_added": "2019-08-29",
    "source": "Harvard",
    "batch": "2018"
  },
  "casebody": {
    "judges": [],
    "parties": [
      "Missouri & North Arkansas Railroad Company v. Phillips."
    ],
    "opinions": [
      {
        "text": "McCurroch, C. J.\nPlaintiffs (appellees) instituted this action against the Missouri & North Arkansas Railroad Company to recover damages done to their lands by reason of fire set out from a locomotive. They own a tract of land adjoining the railroad right-of-way, and the fire destroyed a peach orchard growing on the land. Eire was discovered in the grass growing on the right-of-way and on plaintiff\u2019s land shortly after a train had passed. The wind was blowing in the direction of the land from the right-of-way, and the origin of the fire is not explained in any other way. Plaintiffs recovered judgment for their damages fixed by the jury, and the defendant appealed.\nIt is insisted in the first place that the evidence is not sufficient to sustain the finding that the fire was communicated from the engine. The fire was first discovered shortly after a train had. passed, the wind was blowing from the direction of the railroad track, and the origin of the fire is not accounted for in any other way. These circumstances warranted an inference that the fife escaped from the engine, and 'sustained the finding of -the jury. Railway Co. v. Dodd, 59 Ark. 317; St. Louis, I. M. & S. Ry. Co. v. Coombs, 76 Ark. 132; St. Louis, I. M. & S. Ry. Co. v. Dawson, 77 Ark. 434.\nIt is next contended that the court erred in allowing witnesses introduced by plaintiffs to testify as to the value of the fruit trees. The court in an instruction proposed by defendant\u2019s counsel gave to the jury, as the measure of damages, \u201cthe difference between the market value of the land for the purposes to which it was devoted just preceding the fire and its market value for any purpose to which it may be reasonably devoted in the near future after it was burned over.\u201d It was competent to prove by witnesses the value of the growing fruit trees which were destroyed, for the jury to consider in determining the injury done to the land. St. Louis & S. F. Rd. Co. v. Shore, 89 Ark. 418. The witnesses who testified were .asked to state the value of the land, and they stated the value of the trees as an element in determining the value of the land.\nAnother error of the court is assigned in modifying one of the instructions asked by defendant, by striking out the following after the words hereinbefore quoted as to the measure of damages: \u201cIn other words, it is the depreciation in value, per acre, of the market value of the land by reason of the destruction or injury by fire of the fruit trees thereon. In determining this depreciation in value, .if any you find, you will consider the number of trees injured or-burned only for the purpose of determining the number of acres of plaintiff\u2019s land affected or injured by the fire.\u201d\nThe instruction on the measure of damages was complete without the omitted words, and there was no prejudice in the modification, even though the part omitted had contained a correct statement of law. It was, however, not correct to declare that the number of trees injured or burned should be considered only for the purpose of determining the number of acres of land affected by the fire. That fact, as we have already stated, could be considered for the purpose of determining the extent of the injury to the lands, and it would have been error to give an instruction to the contrary.\nJudgment affirmed.",
        "type": "majority",
        "author": "McCurroch, C. J."
      }
    ],
    "attorneys": [
      "W. B. Smith, J. Merrick Moore and H. M. Trieber, for appellant.",
      "Pestus O. Butt, for appellees."
    ],
    "corrections": "",
    "head_matter": "Missouri & North Arkansas Railroad Company v. Phillips.\nOpinion delivered December 12, 1910.\n1. Railroad \u2014 liability for fire \u2014 evidence.\u2014Proof that the fire which burned an orchard was discovered shortly after a train had passed, and that the wind was blowing from the direction of the railroad track, where the origin of the fire is not otherwise accounted for, warrants an inference that the fire -escaped from the engine. (Page 56.)\n2. Same \u2014 destruction of orchard by fire \u2014 Evidence.\u2014In an action to recover- damages to an orchard caused by a fire it is competent to prove by witnesses -the value of the growing fruit trees which were destroyed, as an element in determining the value of the land. (Page 56.)\n3. Same \u2014 damage to orchard by fire \u2014 measure.\u2014An instruction, in an action for destruction of an orchard by fire, that the measure of damages is \u201cthe difference between the market value of the land for the purposes to which it was devoted just proceeding the fire and its market value for any purpose to which it may be reasonably devoted in the near future after it was burned over\u201d correctly states the law. (Page 56.)\n4. Same \u2014 DESTRUCTION OF ORCHARD BY FIRE \u2014 INSTRUCTION. It Was not error, in an action for burning an orchard, to refuse to declare that -the number of trees injured or burned should be considered only for the purpose of determining the number of acres of land affected by the fire, since they could be considered for the purpose of determining the extent of the injury to the lands. (Page 56.)\nAppeal from Carroll Circuit Court, Eastern District; /. S. Maples, Judge;\naffirmed.\nW. B. Smith, J. Merrick Moore and H. M. Trieber, for appellant.\nFor the destruction of mature fruit trees the only proper measure of damages, in the very nature of such trees, is the depreciation in value of the land of which they form a part. 132 N. Y. 199; 54 Mo. App. 223; 72 Gal. 75; 13 Pac. 401 ; 102 la. 286, 71 N. W. 409; no N. W. 657; 76 Neb. 545, 107 N. W. 757; 95 S. W. 600; 67 Ark. 371.\nPestus O. Butt, for appellees.\n1. The evidence was sufficient to sustain the verdict. The orchard was discovered to be on fire shortly after the train passed, and there was no other evidence to explain the origin of the fire. 51 Ark. 324; 77 Ark. 434; 59 Ark. 317; 49 Ark. 535-\n2. It was a question for the jury, under the evidence and the instructions of the court, to determine what was the difference in the market value before and after the damage. 89 Ark. 418."
  },
  "file_name": "0054-01",
  "first_page_order": 78,
  "last_page_order": 81
}
