{
  "id": 1318821,
  "name": "St. Louis Southwestern Railway Company v. Matiatas",
  "name_abbreviation": "St. Louis Southwestern Railway Co. v. Matiatas",
  "decision_date": "1911-01-02",
  "docket_number": "",
  "first_page": "206",
  "last_page": "211",
  "citations": [
    {
      "type": "official",
      "cite": "97 Ark. 206"
    }
  ],
  "court": {
    "name_abbreviation": "Ark.",
    "id": 8808,
    "name": "Arkansas Supreme Court"
  },
  "jurisdiction": {
    "id": 34,
    "name_long": "Arkansas",
    "name": "Ark."
  },
  "cites_to": [
    {
      "cite": "19 Atl. 369",
      "category": "reporters:state_regional",
      "reporter": "A.",
      "opinion_index": -1
    },
    {
      "cite": "16 R. I. 710",
      "category": "reporters:state",
      "reporter": "R.I.",
      "case_ids": [
        4820700
      ],
      "opinion_index": -1,
      "case_paths": [
        "/ri/16/0710-01"
      ]
    },
    {
      "cite": "19 L- R. A. 705",
      "category": "reporters:federal",
      "reporter": "L.R.A.",
      "opinion_index": -1
    },
    {
      "cite": "12 So. 572",
      "category": "reporters:state_regional",
      "reporter": "So.",
      "opinion_index": -1
    },
    {
      "cite": "99 Ala. 493",
      "category": "reporters:state",
      "reporter": "Ala.",
      "case_ids": [
        3249787
      ],
      "opinion_index": -1,
      "case_paths": [
        "/ala/99/0493-01"
      ]
    },
    {
      "cite": "13 So. 112",
      "category": "reporters:state_regional",
      "reporter": "So.",
      "opinion_index": -1
    },
    {
      "cite": "99 Ala. 379",
      "category": "reporters:state",
      "reporter": "Ala.",
      "case_ids": [
        3249957
      ],
      "opinion_index": -1,
      "case_paths": [
        "/ala/99/0379-01"
      ]
    },
    {
      "cite": "20 N. E. 566",
      "category": "reporters:state_regional",
      "reporter": "N.E.",
      "opinion_index": -1
    },
    {
      "cite": "112 N. Y. 637",
      "category": "reporters:state",
      "reporter": "N.Y.",
      "case_ids": [
        2219633
      ],
      "opinion_index": -1,
      "case_paths": [
        "/ny/112/0637-01"
      ]
    },
    {
      "cite": "36 L. R. A. 658",
      "category": "reporters:federal",
      "reporter": "L.R.A.",
      "opinion_index": -1
    },
    {
      "cite": "45 N. E. 355",
      "category": "reporters:state_regional",
      "reporter": "N.E.",
      "opinion_index": -1
    },
    {
      "cite": "151 N. Y. 1",
      "category": "reporters:state",
      "reporter": "N.Y.",
      "case_ids": [
        29879
      ],
      "opinion_index": -1,
      "case_paths": [
        "/ny/151/0001-01"
      ]
    },
    {
      "cite": "108 Pac. 595",
      "category": "reporters:state_regional",
      "reporter": "P.",
      "opinion_index": -1
    },
    {
      "cite": "125 Mass. 560",
      "category": "reporters:state",
      "reporter": "Mass.",
      "case_ids": [
        730901
      ],
      "opinion_index": -1,
      "case_paths": [
        "/mass/125/0560-01"
      ]
    },
    {
      "cite": "58 N. H. 89",
      "category": "reporters:state",
      "reporter": "N.H.",
      "case_ids": [
        1805523
      ],
      "opinion_index": -1,
      "case_paths": [
        "/nh/58/0089-01"
      ]
    },
    {
      "cite": "156 Mass. 1",
      "category": "reporters:state",
      "reporter": "Mass.",
      "case_ids": [
        810833
      ],
      "opinion_index": -1,
      "case_paths": [
        "/mass/156/0001-01"
      ]
    },
    {
      "cite": "49 Ark. 207",
      "category": "reporters:state",
      "reporter": "Ark.",
      "case_ids": [
        1309682
      ],
      "opinion_index": -1,
      "case_paths": [
        "/ark/49/0207-01"
      ]
    },
    {
      "cite": "68 Ark. 225",
      "category": "reporters:state",
      "reporter": "Ark.",
      "case_ids": [
        1334065
      ],
      "opinion_index": -1,
      "case_paths": [
        "/ark/68/0225-01"
      ]
    },
    {
      "cite": "14 Ark. 86",
      "category": "reporters:state",
      "reporter": "Ark.",
      "case_ids": [
        1862722
      ],
      "pin_cites": [
        {
          "page": "105-7"
        }
      ],
      "opinion_index": -1,
      "case_paths": [
        "/ark/14/0086-01"
      ]
    },
    {
      "cite": "67 Ark. 147",
      "category": "reporters:state",
      "reporter": "Ark.",
      "case_ids": [
        1152553
      ],
      "pin_cites": [
        {
          "page": "152"
        }
      ],
      "opinion_index": -1,
      "case_paths": [
        "/ark/67/0147-01"
      ]
    },
    {
      "cite": "58 Ark. 168",
      "category": "reporters:state",
      "reporter": "Ark.",
      "case_ids": [
        1329164
      ],
      "pin_cites": [
        {
          "page": "179"
        }
      ],
      "opinion_index": -1,
      "case_paths": [
        "/ark/58/0168-01"
      ]
    },
    {
      "cite": "78 Ark. 381",
      "category": "reporters:state",
      "reporter": "Ark.",
      "case_ids": [
        1497241
      ],
      "opinion_index": -1,
      "case_paths": [
        "/ark/78/0381-01"
      ]
    },
    {
      "cite": "63 Ark. 87",
      "category": "reporters:state",
      "reporter": "Ark.",
      "case_ids": [
        8720795
      ],
      "pin_cites": [
        {
          "page": "93"
        }
      ],
      "opinion_index": -1,
      "case_paths": [
        "/ark/63/0087-01"
      ]
    }
  ],
  "analysis": {
    "cardinality": 544,
    "char_count": 12408,
    "ocr_confidence": 0.645,
    "pagerank": {
      "raw": 4.03580807328026e-08,
      "percentile": 0.050090372064162815
    },
    "sha256": "2e58e04c4026a1f8ee0795a6ca23e81a9e6a6cac7135c44b614e4a6dc55d920f",
    "simhash": "1:8b731e2d8e1a8f5c",
    "word_count": 2176
  },
  "last_updated": "2024-02-27T16:31:09.266916+00:00",
  "provenance": {
    "date_added": "2019-08-29",
    "source": "Harvard",
    "batch": "2018"
  },
  "casebody": {
    "judges": [],
    "parties": [
      "St. Louis Southwestern Railway Company v. Matiatas."
    ],
    "opinions": [
      {
        "text": "McCurroch, C. J.\nAppellant, St. Louis Southwestern Railway Company, employed J. Spiedognokis and nineteen -other Greeks as section hands, and put them to work on a section at or near Roe, Arkansas, on the line of appellant\u2019s railroad. These men constituted what was called \u201cExtra Gang No. 11,\u201d and were led by one of them named Tareas as interpreter, he being the -only one that could speak English. They worked there for appellant during July and August, 1909. These men were furnished to appellant by O\u2019Brien, a labor agent. They were indebted to appellee, Gabriel Matiatas, who instituted separate actions against each of them before a justice of the peace of Pulaski County, and sued out writs of garnishment to be served on appellant railway company. Judgments were rendered in favor of appellee against said defendants,- and also, -on a trial of the issue made by the answer of the garnishee and the reply of the plaintiff, judgments were rendered against the garnishee for the amount of plaintiff\u2019s debt. On appeal to the circuit court of Pulaski County all the cases were consolidated, and the trial resulted in judgment against appellant as garnishee for $533, the aggregate amount of appellee\u2019s claims against all of said defendants.\nAfter the service of the writs of garnishment, but before trial and before an answer had been filed, appellant railway company, through its regular channels, paid for the labor of these men by checks, but the names were reported by the section foreman, with the exception -of one of them, Tareas, different from the way they appeared in the writs of garnishment. The defense of the garnishee is that the men were paid without knowledge of the identity of the parties named in the writs of garnishment. There i-s testimony, however, tending to show that counsel for appellee, before the payments were made, called the attention of appellant\u2019s counsel to the fact that the garnishment was against the men who worked in Extra Gang No. 11 at Roe or Ulm, Arkansas. The evidence also establishes the fact that these -men were delivered to the railway company under the names set forth in the writs of garnishment, and that their names so appeared on the time book of the section foreman who worked them.\nThe principal contention is that the court.erred in permitting appellee to testify that the list of names in the writs of garnishment were copied from the time book by the section foreman in his hands and delivered to him. The contention is that it was not within the scope of the employment of the section foreman, Melton, to give out the list, and that he could not bind the company in doing that.' We think, however, that the evidence was competent for the purpose of showing that these men actually worked for the railroad company lunder the names mentioned in the writs of garnishment. Appellee testified that the section foreman copied the names from his time book, and he produced before the jury the list of names which had been so copied. If these men actually worked for the railroad company under the names mentioned in the writs of garnishment, which the evidence tends to show was the fact, and those were their correct names, then the company would be responsible, even though the agent had reported the wrong names. It was within the scope of the section foreman\u2019s employment to report the time of the laborers in his gang; and if he reported the wrong names and thereby misled his principal, the latter must be the sufferer, and not the adverse party who has sued his debtors under their correct names and caused them to be identified in the writs of garnishment. For this reason, we think that the instructions given at the instance of appellee, and objected to by appellant, were correct.\nFor instance, objection is made to the second instruction, to the effect that if said defendants were in the employ of the railway company, and the company was indebted to them on and after the date of the service of the writs of garnishment, it would not be discharged by reason of payment to the defendants under different names, resulting from the section foreman, in making up his time books or pay rolls, erroneously spelling the names of the defendants, or from mistakes of some other officer or agent of the company in transcribing the names of the defendants. We think this instruction was correct, for, as befor\u00e9 stated, if the appellee sued the right party under the proper name, and that party was working for the railway company under that name, the garnishee was not exonerated by a payment made under a different name because of some error or omission by its own servants.. When the writs were properly served on appellant, naming the defendants in the case, it was the duty of appellant to ascertain whether or not it was indebted to those parties, and it alone is responsible for mistakes made by its own servants.\nObjection is also made to the third instruction, which in substance told the jury that if the garnishee was indebted to the defendants at the time of the service upon its agent of the writs of garnishment, no subsequent payment of the money in its hands belonging to defendants would relieve it of liability, even if made to the defendants under different names, if the section foreman or other officers or agents of the defendant in charge knew that the persons named in the writs were the defendants. This instruction, for the reasons already stated, is, we think, correct. Of course, the knowledge must have been that of some servant within the scope of his employment, but it was certainly within the scope the employment of the foreman to know and to report correctly the names of the laborers in his gang who were sued. Besides, the undisputed evidence shows that appellant received actual knowledge from the attorney for appellee, before the payments were made, that the writs were intended to reach the amounts due the members of Extra Gang No. ii.\nAppellant requested the following instruction, which the court gave after modifying it by inserting after the word \u201cknowledge,\u201d where it appeared, the words \u201cor notice of such facts as put them on inquiry\u201d: \u201cYou are instructed that the paymaster of the railway company had the right to rely upon the correctness of the names shown upon the railway company\u2019s pay roll, and to pay same accordingly; and if you believe from the evidence in this case that when he received notice of the garnishment suits by the plaintiff against the defendants named in the writs that he examined the pay rolls of said railway company, and that there were no such names upon the railway company\u2019s pay rolls, and that the laborers shown upon the pay rolls to have worked in Extra Gang No. n, under G. Melton as section foreman, during the months of August and September, 1909, were paid by the railway company their wages due after service of the writs upon said railway company in the garnishment suits by plaintiff, then the railway company will not be liable to plaintiff as garnishee for any sum >paid the men who worked in Extra Gang No. 11, unless you further believe from the evidence that the paymaster of said company or some authorized agent thereof had actual knowledge at the time of the payment of the wages due that the defendants mentioned in the garnishment writs served upon the railway company were the same parties paid by said railway company working in Extra Gang No. 11, as proved in this case. The burden of proof is upon the plaintiff to show that the railway company had actual knowledge that the men paid and those sued by plaintiff were the same persons, and that such railway company had such actual knowledge before the payment by it to the men shown on its pay rolls.\u201d\nThe effect of this modification was to tell the jury that the garnishee would not be released by the payment if its paymaster or other authorized agent had actual knowledge or notice of such facts as put them on inquiry as to the identity of the defendants. Learned counsel argue with much earnestness that this is not the law, and that there must be actual knowledge before the garnishee can be charged. We do not agree with them in this contention. As said by a learned textwriter on the subject: \u201cNames are used for identification, and when the garnishee is not misled a misnomer will not affect the validity of the proceeding.\u201d Shinn on Attachment & Garnishment, \u00a7 603.\nNow, even though the names of these Greeks were different in the writs of garnishment and in the pay rolls sent in to the paymaster of the company, yet if by any means the knowledge of their identity was brought home to the proper officers or agents of the company, or any knowledge of such facts which put them on inquiry, it was their duty to pursue that inquiry, or to withhold payment until they had reason to believe that they were not the same parties who were included in the writs of garnishment. The agents of the company, after receiving notice of the writs of garnishment, could not shut their eyes to means of identification which were brought to their attention. If they failed to pursue the inquiry open to them, they did so at their own peril, and the railway company would be liable.\nJudgment affirmed.",
        "type": "majority",
        "author": "McCurroch, C. J."
      }
    ],
    "attorneys": [
      "S'. H. West and Bridges, Wooldridge & Gantt, for appellant.",
      "Manning & Emerson, for appellee."
    ],
    "corrections": "",
    "head_matter": "St. Louis Southwestern Railway Company v. Matiatas.\nOpinion delivered January 2, 1911.\n1. Garnishment \u2014 payment under mistake as defense. \u2014 Where a railway company was properly served with writs of garnishment, in which were given the correct names of defendants, to whom the garnishee was indebted, no subsequent payment of the money in the garnishee\u2019s hands belonging to such defendants would relieve it of liabilityr, even though made to defendants under assumed names, if the garnishee\u2019s officers or agents in charge knew that the persons to whom the payments were made were the defendants. (Page 209.)\n2. Same \u2014 effect of payment to defendant. \u2014 It was not error to instruct that a garnishee would not be released by payment to de-. fendants under mistake as to their identity if the garnishee\u2019s authorized agent knew or had notice of such facts as put him upon inquiry as to their identity. (Page 210.)\nAppeal from Pulaski Circuit Court; F. Guy Pulk, Judge;\naffirmed.\nS'. H. West and Bridges, Wooldridge & Gantt, for appellant.\n1. Appellant would not be bound by the statement furnished by the section foreman to the plaintiff, and it was improperly admitted in evidence. His authority as agent must appear from the evidence. 27 111. App. 412; Id. 572; 1 Greenleaf, Ev. (15 ed.) 173, note (a) ; 63 Ark. 87, 93; 78 Ark. 381-7; 58 Ark. 168, 179; 67 Ark. 147, 152. \u201cDeclarations or admissions of an agent not made at the time of the occurrence or transaction to which they relate, and not expressly authorized by his principal, are not competent evidence against his principal unless they are so immediately connected with the transaction in point of time and circumstance as in fact to constitute a part thereof.\u201d 3 Am. & Eng. Ann. Cases, 621; 13 Id. 859; 14 Ark. 86, 105-7; 68 Ark. 225; 49 Ark. 207.\n2. Before appellant can be held liable as garnishee, it must have had actual knowledge that .the parties to whom it was indebted were the same as those sued by the appellee. 14 Am. & Eng. Enc. of L. 844; 20 Cyc. 1046; 156 Mass. 1; Rood on Garnishment, \u2022\u00a7 266; Shinn on Att. & Gar., \u00a7 603; Waples on Att. & Gar. (2 ed.), \u00a7 927; 58 N. H. 89; 125 Mass. 560; 5 Col. App. 427.\nManning & Emerson, for appellee.\n1. The section foreman\u2019s statement was properly admitted. The circumstances and appellant\u2019s own evidence show that it was the duty of this forman to keep a correct list of all the laborers under him, their names, hours of labor, etc. A wrong having been committed by appellant or its employees without fault or negligence on the part of appellee, the loss should fall upon appellant. 108 Pac. 595.\n2. The question as to whether or not appellant had notice that the parties to whom it was indebted were the same as those sued by the appellee was submitted to the jury under proper instructions, and their finding is conclusive. 20 Cyc. 1126. Moreover, the knowledge of appellant\u2019s agent, the section foreman, will be imputed to it. 151 N. Y. 1; 45 N. E. 355; 36 L. R. A. 658; 112 N. Y. 637; 20 N. E. 566; 99 Ala. 379; 13 So. 112. \u201cNotice sufficient to put one on inquiry is notice of all that such inquiry would lead to.\u201d 99 Ala. 493; 12 So. 572; 19 L- R. A. 705; 16 R. I. 710; 19 Atl. 369."
  },
  "file_name": "0206-01",
  "first_page_order": 230,
  "last_page_order": 235
}
