{
  "id": 1318877,
  "name": "Mitchell v. Caplinger",
  "name_abbreviation": "Mitchell v. Caplinger",
  "decision_date": "1911-01-16",
  "docket_number": "",
  "first_page": "278",
  "last_page": "282",
  "citations": [
    {
      "type": "official",
      "cite": "97 Ark. 278"
    }
  ],
  "court": {
    "name_abbreviation": "Ark.",
    "id": 8808,
    "name": "Arkansas Supreme Court"
  },
  "jurisdiction": {
    "id": 34,
    "name_long": "Arkansas",
    "name": "Ark."
  },
  "cites_to": [
    {
      "cite": "83 Ark. 10",
      "category": "reporters:state",
      "reporter": "Ark.",
      "case_ids": [
        1527184
      ],
      "opinion_index": -1,
      "case_paths": [
        "/ark/83/0010-01"
      ]
    },
    {
      "cite": "82 Ark. 260",
      "category": "reporters:state",
      "reporter": "Ark.",
      "case_ids": [
        1529035
      ],
      "opinion_index": -1,
      "case_paths": [
        "/ark/82/0260-01"
      ]
    },
    {
      "cite": "80 Ark. 384",
      "category": "reporters:state",
      "reporter": "Ark.",
      "case_ids": [
        1491155
      ],
      "opinion_index": -1,
      "case_paths": [
        "/ark/80/0384-01"
      ]
    },
    {
      "cite": "64 Ark. 305",
      "category": "reporters:state",
      "reporter": "Ark.",
      "case_ids": [
        1907338
      ],
      "opinion_index": -1,
      "case_paths": [
        "/ark/64/0305-01"
      ]
    },
    {
      "cite": "64 Ark. 34",
      "category": "reporters:state",
      "reporter": "Ark.",
      "case_ids": [
        1907414
      ],
      "opinion_index": -1,
      "case_paths": [
        "/ark/64/0034-01"
      ]
    },
    {
      "cite": "79 Ark. 506",
      "category": "reporters:state",
      "reporter": "Ark.",
      "case_ids": [
        1495640
      ],
      "opinion_index": -1,
      "case_paths": [
        "/ark/79/0506-01"
      ]
    },
    {
      "cite": "100 Mich. 134",
      "category": "reporters:state",
      "reporter": "Mich.",
      "case_ids": [
        1523153
      ],
      "opinion_index": -1,
      "case_paths": [
        "/mich/100/0134-01"
      ]
    },
    {
      "cite": "29 N. E. 1017",
      "category": "reporters:state_regional",
      "reporter": "N.E.",
      "opinion_index": -1
    },
    {
      "cite": "64 Ark. 34",
      "category": "reporters:state",
      "reporter": "Ark.",
      "case_ids": [
        1907414
      ],
      "opinion_index": 0,
      "case_paths": [
        "/ark/64/0034-01"
      ]
    },
    {
      "cite": "79 Ark. 506",
      "category": "reporters:state",
      "reporter": "Ark.",
      "case_ids": [
        1495640
      ],
      "opinion_index": 0,
      "case_paths": [
        "/ark/79/0506-01"
      ]
    }
  ],
  "analysis": {
    "cardinality": 494,
    "char_count": 10146,
    "ocr_confidence": 0.663,
    "pagerank": {
      "raw": 3.5239021484299734e-07,
      "percentile": 0.883952114582742
    },
    "sha256": "66e6db44467a46e86681bdc60dac2b5b5f8dd7bba0fa31c5373938bdc96a4043",
    "simhash": "1:82b84f0a0ea282a9",
    "word_count": 1757
  },
  "last_updated": "2024-02-27T16:31:09.266916+00:00",
  "provenance": {
    "date_added": "2019-08-29",
    "source": "Harvard",
    "batch": "2018"
  },
  "casebody": {
    "judges": [],
    "parties": [
      "Mitchell v. Caplinger."
    ],
    "opinions": [
      {
        "text": "Kirby, J.\nAppellee brought suit in the Benton Chancery Court against appellants for a balance of $1,119.23 claimed to be due him upon a written contract under the terms of which he constructed the foundation walls and floor of a store building for appellants.\nAppellants denied that appellee had constructed the walls in accordance with the contract; alleged that by reason of defective cement blocks used in their construction the walls cracked and the building was unsafe for occupancy or completion of the other parts by other contractors; that appellee refused to repair it; that it was necessary to make the building satisfactory and safe to construct a 9-inch brick wall inside the concrete wall which they did at an expense of $700, and that they were damaged further in the sum of $500 by his failure to complete the building in time for the reception and exposing for sale therein of a large stock of goods that were received at the time the building was contracted to be finished, and which had to be stored in other buildings till it could be finished, etc.\nA great mass of testimony was taken in the case, and, although it is conflicting and contradictory, it shows that the walls when finished were cracked, and when it rained absorbed enough moisture to become damp and wet inside. There was no provision in the written contract that the walls should be dry, or that the blocks would not absorb water or moisture.\nAppellee testified the work was done in accordance with the contract, and the materials used in the construction were required by its provisions, and that the amount sued for was unpaid and due. Appellants demanded that he tear down the walls and rebuild them or allow them $1,000, which he refused to do; said he would make any repairs in reason that were needed, said the cracked and broken blocks could have been taken out and new ones put in for $25; that there was no necessity'for a 9-inch brick wall to make the building dry. That it could have been made dry by a coating of cement plaster with a half-inch1 air space, and that dryness of the walls was not mentioned before the contract was entered into; that he had no notice that appellants were going to put in the inside wall. Other witnesses testified that the work was done in accordance with the contract and with the materials required by it, and that the cracked walls could have been repaired for $40, none putting it higher; that they could have been made dry or absorption of moisture prevented by lathing and cement plastering at a cost of $150, or, the best way, by veneering with brick .at a cost of $300; that a 9-inch wall was unnecessary, and a 4-inch one would have been sufficient.\nW. T. Mitchell, one of the appellants, testified that he told appellee the blocks were too porous, and would not make a dry wall, and was assured by him that the building when completed would be dryer than any brick building; that he required him to tear down and rebuild the south wall which cracked from top to bottom when it was 12 or 14 feet high; that he did not notice further cracks in the walls till the roof was on; that in his copy of the contract the walls were guaranteed not to crack; that Caplinger\u2019s copy didn\u2019t show the guaranty; that he was not satisfied with the work done 'by Caplinger; that he wrote on face of check in part payment \u201cnot satisfied with wall;\u201d that he had paid Caplinger in all $686.75, which included an item of $7.50 not in his first statement; that the building as left by appellee was worth $1,000 less than if it had been completed according to contract; that after he demanded that appellee tear down the walls and rebuild them or pay him $1,000 and appellee refused to do it and said he was done, he consulted several builders and contractors, and was advised to put a brick wall on the inside, which he had done at a cost of $700; that he did not notify appellee he was going to have the brick wall built; that the work done by appellee as completed was not worth more than three or four hundred dollars; that the cracks in the walls damaged the market value of the building in appearance from three to five hundred dollars or more; that appellants were damaged $5 per day while out of the use of the building; that they waited two months after Caplinger refused to comply with their demands about payment of damages or repair of building before beginning to make the repairs. After hearing all the varying estimates of damage and the best methods for repairing and remedying the defects in the walls and the cost thereof, the chancellor, at the request of both parties, made a personal inspection of the building; allowed appellants $560 damages resulting from the use of defective work and materials, and rendered judgment against them for the balance on the contract, $497.03, with decree of foreclosure of mechanics\u2019 lien. Both parties prayed an appeal, but only appellants perfected their appeal.\nIt is contended here that there was no substantial compliance by appellee with the terms of his contract, and that he was not entitled to recover thereon.\nThe appellants did not set this up in their answer as a bar to appellees\u2019 recovery on the contract, but alleged that the building was not completed according to the terms of the contract, and that they were compelled to employ other workmen to complete same at a certain cost and otherwise damaged, etc.\nIn Fitzgerald v. La Porte, 64 Ark. 34, this court said: \u201cWhere work has been done substantially in compliance with the terms of a contract, or there has been an acceptance of the work .by the contractee, the contractor may, notwithstanding defects therein, recover the contract price, less the cost of correcting such defects.\u201d\nIn Ark. Mo. Zinc Co. v. Patterson, 79 Ark. 506, it said: \u201cIt is undoubtedly the law that, in the absence of an agreement to. the contrary, a substantial performance is all that is required to authorize a recovery of the contract price, less the additional oost of a literal compliance with the contract.\u201d\n\u201cSubstantial performance,\u201d as defined by the cases, permits any such omission or deviations from the contract as are inadvertent or unintentional, are not due to bad faith, do not impair the structure as a whole, are remediable without doing material damage to other parts of the building in tearing down and reconstructing, and may without injustice be compensated for by deductions from the contract price.\u201d 9 Cyc. 603.\nAppellee was entitled to recover on the contract upon a substantial performance of it, or an acceptance of the work 'by the contractee, notwithstanding defects therein, the contract price less the cost of correcting such defects.\nThe .testimony showed that appellants accepted the work and attempted to remedy the defects by such methods as they thought best calculated to correct them, and the chancellor so found and deducted the amount necessary to pay for correcting the defects from the contract price and rendered a decree for the balance. It is contended further that the amount allowed by the chancellor was inadequate. The whole matter was before him, and he might 'have found from the testimony that appellants were entitled to a smaller or larger amount than that allowed, as there was a wide range in the estimates of the witnesses as to what was necessary and the cost of it, and his judgment is not against the preponderance of the testimony, and the decree is affirmed.",
        "type": "majority",
        "author": "Kirby, J."
      }
    ],
    "attorneys": [
      "Rice & Dickson, for appellants.",
      "O. P. McDonald and McGill & Lindsey, for appellee."
    ],
    "corrections": "",
    "head_matter": "Mitchell v. Caplinger.\nOpinion delivered January 16, 1911.\n1. Building contract \u2014 effect of substantial compliance. \u2014 Where work has been done substantially in compliance with the terms of a contract, or has been accepted, the contractor may, notwithstanding defects therein, recover the contract price, less the cost of correcting such defects. (Page 281.)\n2. Same \u2014 what is substantial performance? \u2014 A building contract is substantially performed, notwithstanding omissions or deviations therefrom if they are inadvertent or unintentional, are not due to bad faith, do not impair the structure as a whole, are remediable without doing material damage to other parts of the building in tearing down and reconstructing, and may without injustice be compensated by \u25a0deductions from the contract price. (Page 282.)\nAppeal from Benton Chancery Court; T. Haden Humphreys, Chancellor;\naffirmed.\nRice & Dickson, for appellants.\n1. Under the facts developed in this case and the law as applicable thereto, it is incumbent on appellee to show more than a substantial compliance with his contract. \u201cWhen there is a wilful refusal by the contractor to perform his contract, and he wholly abandons it, and after due notice refuses to have any more to do with it, his right to recover depends upon performance of his contract without any omission so substantial in its character as to call for an allowance of damages, if he had acted in good faith.\u201d 29 N. E. 1017, and authorities cited. If more than a substantial compliance is not required, then, to say the least' of it, he should be held to show a substantial compliance. 27 Cyc. 85, and cases cited in note 27. The chancellor\u2019s finding was that there was not a substantial compliance, and the evidence sustains this finding.\n2. Under the written contract, performance of the work to the satisfaction of the appellant is expressly provided for, and such performance is a condition precedent to maintaining this action. 27 Cyc. 87; 100 Mich. 134.\nO. P. McDonald and McGill & Lindsey, for appellee.\nIn the absence of an agreement to the contrary, a substantial compliance is all that is required to authorize a recovery of the contract price, less the additional cost of a literal compliance with the contract. 79 Ark. 506; 9 Cyc. 603; 64 Ark. 34. Whether there has been a substantial compliance is a question of fact for the court or jury. But this issue was not raised by appellant's answer, nor that the building was not \u201csatisfactory,\u201d as a bar to the right to maintain an action on the contract, or to recover any part of the contract price. They will not be permitted to raise new issues here. 64 Ark. 305; 80 Ark. 384; 82 Ark. 260; 83 Ark. 10. See also 9 Cyc. 618."
  },
  "file_name": "0278-01",
  "first_page_order": 302,
  "last_page_order": 306
}
