{
  "id": 1505587,
  "name": "Hunt v. State",
  "name_abbreviation": "Hunt v. State",
  "decision_date": "1904-02-27",
  "docket_number": "",
  "first_page": "241",
  "last_page": "250",
  "citations": [
    {
      "type": "official",
      "cite": "72 Ark. 241"
    }
  ],
  "court": {
    "name_abbreviation": "Ark.",
    "id": 8808,
    "name": "Arkansas Supreme Court"
  },
  "jurisdiction": {
    "id": 34,
    "name_long": "Arkansas",
    "name": "Ark."
  },
  "cites_to": [
    {
      "cite": "62 Ark. 538",
      "category": "reporters:state",
      "reporter": "Ark.",
      "case_ids": [
        1905714
      ],
      "opinion_index": -1,
      "case_paths": [
        "/ark/62/0538-01"
      ]
    },
    {
      "cite": "61 Ark. 15",
      "category": "reporters:state",
      "reporter": "Ark.",
      "case_ids": [
        1902313
      ],
      "opinion_index": -1,
      "case_paths": [
        "/ark/61/0015-01"
      ]
    },
    {
      "cite": "34 Ark. 160",
      "category": "reporters:state",
      "reporter": "Ark.",
      "case_ids": [
        1875703
      ],
      "opinion_index": -1,
      "case_paths": [
        "/ark/34/0160-01"
      ]
    },
    {
      "cite": "67 N. Y. 322",
      "category": "reporters:state",
      "reporter": "N.Y.",
      "case_ids": [
        2165007
      ],
      "opinion_index": -1,
      "case_paths": [
        "/ny/67/0322-01"
      ]
    },
    {
      "cite": "49 Ark. 147",
      "category": "reporters:state",
      "reporter": "Ark.",
      "case_ids": [
        1310082
      ],
      "opinion_index": -1,
      "case_paths": [
        "/ark/49/0147-01"
      ]
    },
    {
      "cite": "24 Fla. 293",
      "category": "reporters:state",
      "reporter": "Fla.",
      "case_ids": [
        1118157
      ],
      "opinion_index": -1,
      "case_paths": [
        "/fla/24/0293-01"
      ]
    },
    {
      "cite": "53 Ark. 417",
      "category": "reporters:state",
      "reporter": "Ark.",
      "case_ids": [
        1911702
      ],
      "opinion_index": -1,
      "case_paths": [
        "/ark/53/0417-01"
      ]
    },
    {
      "cite": "51 Ark. 559",
      "category": "reporters:state",
      "reporter": "Ark.",
      "case_ids": [
        8724723
      ],
      "opinion_index": -1,
      "case_paths": [
        "/ark/51/0559-01"
      ]
    },
    {
      "cite": "50 Ark. 132",
      "category": "reporters:state",
      "reporter": "Ark.",
      "case_ids": [
        8720809
      ],
      "opinion_index": -1,
      "case_paths": [
        "/ark/50/0132-01"
      ]
    },
    {
      "cite": "41 Ark. 149",
      "category": "reporters:state",
      "reporter": "Ark.",
      "case_ids": [
        1896214
      ],
      "opinion_index": -1,
      "case_paths": [
        "/ark/41/0149-01"
      ]
    },
    {
      "cite": "34 Ark. 499",
      "category": "reporters:state",
      "reporter": "Ark.",
      "case_ids": [
        1875716
      ],
      "opinion_index": -1,
      "case_paths": [
        "/ark/34/0499-01"
      ]
    },
    {
      "cite": "43 Ark. 212",
      "category": "reporters:state",
      "reporter": "Ark.",
      "case_ids": [
        1894475
      ],
      "opinion_index": -1,
      "case_paths": [
        "/ark/43/0212-01"
      ]
    },
    {
      "cite": "56 Ark. 277",
      "category": "reporters:state",
      "reporter": "Ark.",
      "opinion_index": -1
    },
    {
      "cite": "30 Ark. 17",
      "category": "reporters:state",
      "reporter": "Ark.",
      "case_ids": [
        1881234
      ],
      "opinion_index": -1,
      "case_paths": [
        "/ark/30/0017-01"
      ]
    },
    {
      "cite": "49 Ark. 430",
      "category": "reporters:state",
      "reporter": "Ark.",
      "case_ids": [
        1310029
      ],
      "opinion_index": -1,
      "case_paths": [
        "/ark/49/0430-01"
      ]
    },
    {
      "cite": "61 Ark. 381",
      "category": "reporters:state",
      "reporter": "Ark.",
      "case_ids": [
        1902376
      ],
      "opinion_index": -1,
      "case_paths": [
        "/ark/61/0381-01"
      ]
    },
    {
      "cite": "82 Cal. 107",
      "category": "reporters:state",
      "reporter": "Cal.",
      "case_ids": [
        4376003
      ],
      "opinion_index": -1,
      "case_paths": [
        "/cal/82/0107-01"
      ]
    },
    {
      "cite": "26 Mich. 106",
      "category": "reporters:state",
      "reporter": "Mich.",
      "case_ids": [
        1308933
      ],
      "opinion_index": -1,
      "case_paths": [
        "/mich/26/0106-01"
      ]
    },
    {
      "cite": "43 Tex. 616",
      "category": "reporters:state",
      "reporter": "Tex.",
      "case_ids": [
        2124260
      ],
      "opinion_index": -1,
      "case_paths": [
        "/tex/43/0616-01"
      ]
    },
    {
      "cite": "70 Ind. 317",
      "category": "reporters:state",
      "reporter": "Ind.",
      "case_ids": [
        1934900
      ],
      "opinion_index": -1,
      "case_paths": [
        "/ind/70/0317-01"
      ]
    },
    {
      "cite": "48 Ind. 197",
      "category": "reporters:state",
      "reporter": "Ind.",
      "case_ids": [
        1414594
      ],
      "opinion_index": -1,
      "case_paths": [
        "/ind/48/0197-01"
      ]
    },
    {
      "cite": "132 N. C. 1043",
      "category": "reporters:state",
      "reporter": "N.C.",
      "case_ids": [
        8662743
      ],
      "opinion_index": 0,
      "case_paths": [
        "/nc/132/1043-01"
      ]
    },
    {
      "cite": "13 Ark. 168",
      "category": "reporters:state",
      "reporter": "Ark.",
      "case_ids": [
        8727957
      ],
      "opinion_index": 0,
      "case_paths": [
        "/ark/13/0168-01"
      ]
    },
    {
      "cite": "138 Ind. 552",
      "category": "reporters:state",
      "reporter": "Ind.",
      "case_ids": [
        1608474
      ],
      "opinion_index": 0,
      "case_paths": [
        "/ind/138/0552-01"
      ]
    },
    {
      "cite": "64 Ark. 381",
      "category": "reporters:state",
      "reporter": "Ark.",
      "case_ids": [
        1907443
      ],
      "opinion_index": 0,
      "case_paths": [
        "/ark/64/0381-01"
      ]
    },
    {
      "cite": "51 Ill. 162",
      "category": "reporters:state",
      "reporter": "Ill.",
      "case_ids": [
        816481
      ],
      "opinion_index": 0,
      "case_paths": [
        "/ill/51/0162-01"
      ]
    }
  ],
  "analysis": {
    "cardinality": 931,
    "char_count": 21515,
    "ocr_confidence": 0.718,
    "pagerank": {
      "raw": 3.633272041543339e-07,
      "percentile": 0.8892462456305368
    },
    "sha256": "7a8af17d7080605178664abf3bd27abe8b6cef6448aa7a7bc9c5329ca45e2dda",
    "simhash": "1:e2fee4f3cb92fc63",
    "word_count": 3859
  },
  "last_updated": "2024-02-27T17:45:24.224448+00:00",
  "provenance": {
    "date_added": "2019-08-29",
    "source": "Harvard",
    "batch": "2018"
  },
  "casebody": {
    "judges": [],
    "parties": [
      "Hunt v. State."
    ],
    "opinions": [
      {
        "text": "Bunn, C. J.\nThis is an indictment for the larceny of the money of his wife by the defendant, with a count for obtaining money under false pretenses, which last, however, was not considered in the trial.\nThe circumstances of obtaining the wife\u2019s money were of the most aggravating character. The wife before their marriage was Miss Maud Nevills, a young woman who had earned the amount of $600 as a saleswoman in one of the leading dry goods stores in Little Rock and deposited the same in the German National Bank of this city. The defendant had ascertained this fact in some way and from some source, and paid his addresses to her, and on the 6th of October, 1902, they were married in this city by the pastor of one of its leading churches. It seems that he almost immediately set to work to get hold of this money of his wife, and by one promise and representation and another, mainly to the effect that he would purchase certain business property,. or a share in it, with the money thus obtained for her benefit. Being importuned in this way \u2014 -yielding, doubtless, much to her wifely feelings \u2014 she gave him a check for said amount on the German bank; signing her marital name, Maud Hunt, thereto. On being presented in this shape, the German bank officials declined to pay it. The defendant then induced her to sign her maiden name, Maud Nevills, to the check \u2014 the name on the bank books \u2014 and in this shape presented it, and it was paid. This was late in the afternoon of the 14th of October, 1902, and the defendant, on one of the trains in the evening of the same day, in company with another woman, left the city, and the two were next heard of in the city of Los Angeles, California, a few days afterwards. The constable of Big Rock township, in which the city of Little Rock is situated, hearing of the defendant\u2019s whereabouts, telegraphed to the chief of police of Los Angeles, giving a description of the defendant, with his name, and an alias, requesting that he be arrested and held until he himself could reach that city from Little Rock. The defendant was taken in charge by the constable on his arrival in Los Angeles, accordingly, and brought back to Little Rock, where one or more indictments were lodged against him in the first division of the circuit court of Pulaski county. The Other woman, Bird Sheppard, who went .with the defendant to Los Angeles, was in that city when the defendant was taken in charge there by the constable from Little Rock, but was not permitted to board the same train with the defendant on his return in charge of the constable, but succeeded in doing so at El Paso, Texas, en route, disembarking from another east-bound train at that place, and testified at the trial.\nThere was evidence in the case to the effect that the defendant had planned the marriage, etc., as part of the scheme to obtain the money some time before the marriage was consummated, and the circumstances justified the conclusion that the elopement was in fact a permanent desertion of the wife by the defendant. There was no controversy as to the manner of obtaining the money, nor as to the deposit of the same in the bank by the wife.\nThe defendant asked the trial court to giv\u00e9 the following\u2019 instructions, to-wit:\n\u201c(1) If you find from the evidence that the property alleged to have been stolen was at the time the property of Maud Hunt, and that at the time Maud Hunt was the wife of this defendant, then you will find the defendant not guilty, because in this state the husband cannot be guilty of larceny of the property of his wife.\u201d\n\u201c(2) If you find from,the evidence that the wife of defendant, Maud Hunt, placed in the custody of defendant a check for $600, to be cashed by him, and the money invested in her name or for her use, and that defendant afterwards cashed said check and converted the said money to his own use, you will find the defendant not guilty of larceny, because that would not be larceny, but embezzlement.\u201d\nThe court refused to give the first of said instructions, and modified the second one by adding:\n\u201cBut, on the other hand, if you believe from the testimony, beyond a reasonable doubt, that defendant, by fraudulent artifice, practiced upon prosecuting witness, Maud Hunt, did obtain from her a check for $600, and drew the money on it, and thereby obtained and carried away her money, as alleged in the indictment, and had, at the time he so practiced said fraudulent artifices, and obtained and carried away said money, with the felonious intent to steal the same, you will find him guilty of grand larceny, as charged in the first count of the indictment.\u201d\nThe defendant excepted to the ruling of the court in refusing to give the first of these instructions, and in giving the second only- as modified.\nThe defendant then asked a third instruction, as follows:\n\u201c(3) Defendant, J. F. Hunt, moves the court to instruct the jury to bring in a verdict for the defendant of not guilty, on the ground that there is a variance between the allegations of the indictment and the evidence, fEe Indictment alleging the larceny of $600, and the evidence showing the property taken to have been a check for $600.\u201d\nThe court refused to give this instruction, to which ruling defendant at the time excepted, and exceptions were noted.\nThe defendant also excepted to the following charge of the court to the jury, to-wit: \u201cYou are to exercise your judgment and common sense, neither of which you are to leave behind you when you go into the jury room. Under the laws of the state of Arkansas a married woman may own property absolutely in her own right. A husband in this state may steal the property of his wife. It is for you to determine from the testimony in this case and the law given you whether the defendant has stolen the money as alleged in the indictment. If you find from the evidence beyond a reasonable doubt that he conceived the idea that he would steal the money, which he knew or believed the prosecuting witness had, and, for the purpose of enabling him to accomplish that object, he married her, and used artifices upon her, and thereby deceived her, inducing heb to deliver to him the money, having all the time the intention of stealing it, the marriage would be no protection to him, but would rather be an aggravation of the offense.\u201d\nThe defendant excepted to the above remarks, and his exceptions thereto were noted.\nFrom the foregoing abstract it readily appears that there are two main issues of law raised by the instructions, to-wit, whether or not, in the present state of the law on the subject in this state, a husband can be found guilty and punished for the larceny of the wife\u2019s property; and whether, under the facts and circumstances of this case, the offense, if offense at all, is that of larceny or of embezzlement, getting money under false pretenses, or of some other of the phases of stealing.\nUnder the common 'law a husband could not be found guilty of larceny in respect to his wife\u2019s personal property, simply because on their marriage her personalty ipso facto became his property, and he could not be found guilty of the larceny of his own property. But of recent years, both in this country and in Great Britain, there has been a great enlargement of a married woman\u2019s property rights as against her husband, and in some instances an absolute separation of her rights from those of her husband. But the law on the subject may be yet regarded as in a state of transition from the old to the new principles, and for this reason precedents have not had time to have grown into such magnitude and volume as in most other changes from the common to the statute law rules.\nAs an illustration either of the extreme conservatism of the courts, or the defects of the statutes wherein they fall short of a complete revolution, we may take the case of Thomas v. Thomas, 51 Ill. 162, cited and much relied on by the appellant\u2019s counsel in this case. After some discussion of the question to the husband\u2019s larceny of the wife\u2019s property, the conclusion of that court was summed up in this statement: \u201cThe act of 1861 (Taws of 1861, p. 14.3), known as the \u2018Married Woman\u2019s Taw,\u2019 has not so far destroyed the relation of husband and wife as to render either guilty of larceny by converting the property of the other.\u201d The charge of larceny in that case was made against the wife, who had deserted her husband, and carried with her a watch, or disposed of it so that it could not be found. \u201cWhose watch ?\u201d said the court. \u201cWas it her watch, or did it belong to someone else? If it was her own, under the law of 1861, called the \u2018Married Woman\u2019s Law,\u2019 she had a right to dispose of it without consent, or even the knowledge, of her husband. The law gives her that right, and if she exercises it, however injudiciously, there is no ground of legal complaint on the part of the husband. Again, if it belonged to the husband, it could not, even under that law, be held larceny. That act has not so far destroyed the relation of husband and wife as to render either guilty of larceny by converting the property of the other. Whatever is the civil liability, if any, it is not larceny, and the evidence fails to show that the watch belonged to some other person.\u201d\nWe have not the Illinois Married Woman\u2019s Act before us, and cannot therefore give any definite construction of its statute. We are still left to the inquiry whether or not that statute was so full and complete as to create an entire and absolute separation of a wife\u2019s property from the control and influence of the husband over her property. The court in that case said that the act was not so full and complete as to produce that result, leaving the inference that if such had been the case, then the husband, at least, might be held for the larceny of the wife\u2019s property. No statute has wrought any change in the common law rule as to the wife\u2019s dealing with the husband\u2019s property, for she still has every interest in his property she ever had. The ordinary married' woman\u2019s law, as found in the several legislative acts, may fall short of an entire and absolute separation, for these acts are generally specific. But while in this state the 'statute itself is not full and complete to work a revolution in the law on the subject, yet the constitutional provision on the subject is broad enough to cover any conceivable property right of the wife, and is expressed in this language, to-wit: \u201cThe real and personal property of any femme covert in this state, acquired either before or after marriage, whether by gift, grant, inheritance, devise or otherwise, shall, so long as she may choose, be and remain her separate estate and property, and may be devised, bequeathed or conveyed by her the same as if she were a femme sole; and the same shall not be subject to the debts of her husband.\u201d Const. 1874, art. 9, \u00a7 7.\nThe sole question in the case of Kies v. Young, 64 Ark. 381, was whether or not the common-law doctrine that a husband is responsible for the- antenuptial debts of the wife was in force. The court in that case held that that common-law rule prevailed. The rule, however, was subsequently changed by act of the legislature, and the/ husband is not now responsible for the wife\u2019s antenuptial debts. Acts of 1899, page 4.\nHad our constitutional provision been in the constitution or the married woman\u2019s law of Illinois, we cannot say how the supreme court of the state would have ruled on the subject; nor does it matter what the law of that state was on the subject, since we assume, for the sake of the argument, at least, that its supreme court properly considered it. It was a charge against the wife for the larceny of the husband\u2019s property, and the case is thus somewhat differentiated from the one at bar. The commission of the - alleged larceny in that case was sought by the plaintiff husband to be made a ground of divorce from his wife; but upon consideration the court finally held, in effect, that whatever might be said on the question of law involved, there not having been any conviction of the wife for the larceny of the husband\u2019s property, the mere charge was no ground for divorce.\nAs has been intimated, the constitutions and statute laws of the American states have not gone so far as to make any radical changes as to the wife\u2019s relation to the husband\u2019s property from the rule of the common law, and .these modern laws throw little light on the question of the criminal liability of the wife in her dealing with her husband\u2019s property./\nIn the state of Indiana section 5117 of the Revised Statutes of 1881 is substantially- like our constitutional provision, and the other portions of the married woman\u2019s law of that state is substantially \u25a0 like our married woman\u2019s law. In Beasley v. State, 138 Ind. 552, the supreme court of that state held that \u201cunder the enabling statutes of this state the husband\u2019s interest in his wife\u2019s property is abolished, and he may be convicted of the larceny of her money.\u201d In its essential features that case was very much like the one at bar, and practically all the arguments made by counsel in this case were made in that. The court in that case, in concluding the discussion, said: \u201cPrior to the enactment of the several sections of the statutes of this state, the common-law fiction prevailed of the legal unity of husband and wife. In the eye of the law they were one person, and the husband was that person.\u201d Indeed, when left thus in sole ownership and management of her personal property, it would seem to follow that the wife should have all the benefits and power of the law, both civil and criminal, to give her that protection to her property rights which belong in common to all property owners. She certainly has as against third parties; and with equal reason and necessity, if not greater reason, she should have as against her husband, who so far forgets his marital obligations, as well as the rights of property, as to steal from her, taking advantage of his better opportunity therefor. In the case of Beasley v. State, just referred to, the court further said: \u201cOne who obtains money or goods by some fraudulent trick or artifice, and carries' them away, is guilty of larceny.\u201d This was the manner in which the defendant obtained the money in this case. The evidence shows conclusively that it was a well-laid scheme op his part to procure the money even before they married \u2014 certainly before the delivery of the check to him by her. The beginning of the offense was the first conception of the design, the intent to steal the money, followed by the fraudulent artifices employed. The larceny of the money overshadowed and covered all the methods by which he sought to accomplish his purpose, and the intent was formed before he received the check, and the charge of larceny was properly made, tried and sustained by the evidence. Fulton v. State, 13 Ark. 168.\nIn State v. Jones, 132 N. C. 1043\u2014 a case much more favorable to the defendant than the case at bar, because it was a charge of trespass against the husband for persisting in living in his wife\u2019s house after being forbidden to do so by her \u2014 the court held that, under the circumstances of the case, the charge could not be sustained, saying: \u201cThis case presents the novel feature of a wife seeking a judicial separation from her husband by the criminal action of trespass.\u201d In that case Chief Justice Clark delivered a dissenting opinion, which is most instructive and interesting for its research and reasoning on the subject.\nThe conclusion of the \u25a0 whole matter is that while modern civilization has greatly, if. not entirely, relieved the personal unity of the husband and wife and the superior control of the husband of the disgraceful cruelty practiced in the early stages of the common law, yet the very letter of the law in that respect has not undergone very marked changes, but, as to property rights, that unity has been destroyed, so far as affects the question at issue, by positive enactments in this state, and we are of the opinion that the learned circuit judge committed no error in his instructions to the jury on the subject.\nThe wife in this case gave the check to the defendant, and by that instrument he could readily have obtained the money it called for at the bank. It would be carrying technicality to a most dangerous extreme to hold that the proof of the mere instrumentalities of obtaining the money constituted a variance with the charge of obtaining the money itself, where the same evidence also showed the fact of obtaining the money itself. A check is a mere order for so much money, the credit of the drawer in the bank or drawee, which it is bound to honor when made in form and properly presented. The proof also showed the money was paid to the defendant.\nThe giving of the check by the wife to the husband and the committing of the money to be obtained thereon were merely temporary in their effect. The evidence shows that the check for the money was given by her to procure the money to purchase an interest in certain business property for her, not for himself, and thus the title in the money never passed out of the wife to the defendant, and the same continued to be her property, even when he was attempting to appropriate it to his own use and purposes. The evidence tends to show that the intent to obtain and appropriate the money was conceived from the beginning, even before the marriage, certainly before he obtained the check, and that by fraudulent artifice he inveigled her into giving him the check therefor as stated, .This made the crime of larceny, and not embezzlement, as contended by appellant\u2019s counsel. The learned circuit court committed no error in its instructions to the jury in this respect.\nIt is objected that the act entitled \u201cAn act to authorize certain persons to testify in certain cases\u201d (Acts of 1903, p. 141) is invalid for the reason that the bill for the act was never properly approved, and did not become a law. The journals show that it was presented to the governor on the 13th of March, and was returned by him to the senate, in which it originated, on the 17th of March, making less than five days, Sundays excepted. The governor, however, on the last named date, said this in his communication to the senate: \u201cSenate Bill No. 85, authorizing certain persons to testify in certain cases, became-a law without my signature.\u201d The five days allowed the governor for the consideration of bills presented to him for approval or disapproval is a matter of privilege with him, until the same shall lapse, when the bills become laws. He can, of course, waive the time and notify the proper house that the bill may become a law without his signature, and that is what he did in this case. The other objection to the law because of alleged irregularities in the entries to the journal during its passage shows mere clerical errors, if anything 3 it sufficiently appearing what was evidently the intention of the legislature in the entire course of procedure in reference thereto.\nJudgment affirmed.",
        "type": "majority",
        "author": "Bunn, C. J."
      }
    ],
    "attorneys": [
      "Gus Fulk, for appellant.",
      "George W. Murphy, Attorney General, for appellee."
    ],
    "corrections": "",
    "head_matter": "Hunt v. State.\nOpinion delivered February 27, 1904.\n1. Larceny \u2014 theft of wife\u2019s property. \u2014 A husband may be guilty of larceny of his wife\u2019s personal property, under Const. 1874, art. 9, \u00a7 7, providing that the real and personal property of a femme covert, so long as she may choose, shall remain her separate property. (Page 245-)\n2. Same \u2014 variance.\u2014Under an indictment alleging that defendant stole money, proof that he stole a check upon which he obtained the money does not constitute a variance. (Page 249.)\n3. Same \u2014 obtaining money by fraud. \u2014 Where a husband, intending to defraud his wife, represented to her that he would invest her money for her, and thereby obtained from her a check for her money, and collected the same, Jmd appropriated the money to his own uses, he is guilty of larceny. (Page 249.)\n4. Statute \u2014 return of bill by governor without approvae. \u2014 A legislative bill becomes a law when it is returned by the governor to the legislature four days after it was presented to him for signature with a communication stating that the bill had become a law without his signature, as he may waive the five days allowed him for consideration of bills. (Page 249.)\nAppeal from Pulaski Circuit Court.\nRobert J. Lea, Judge.\nAffirmed.\nGus Fulk, for appellant.\nBecause of the unity of persons a man cannot steal from his wife. 48 Ind. 197; 70 Ind. 317; 43 Tex. 616; 51 111. 162; 26 Mich. 106; 95 N. Car. 693; 82 Cal. 107; 2 Bish. M. W. 24, 152. The common law upon this question is unchanged by the married women\u2019s act of 1875 and article 9, \u00a7 7 of Constitution of 1874. 61 Ark. 381 and cases cited; 49 Ark. 430; 30 Ark. 17; 56 Ark. 277; 43 Ark. 212. As to whether same worked a repeal by implication see: Black, Int. Laws, no, 112; 34 Ark. 499; 41 Ark. 149; 50 Ark. 132; 51 Ark. 559; 53 Ark. 417. The court erred in permitting the defendant\u2019s wife to testify against him. Act No. 81, 1903, p. 141, is not valid; because not signed by the governor or held by him the required number of days to become a law without signature. Const. 1874, Ark., art. 6, \u00a7 15; 24 Fla. 293. The court erred in refusing to give instruction No. 2 as asked, and in giving same as modified. Clark, Crim. Law, 286; 49 Ark. 147; 53 N. Y. x 11; 67 N. Y. 322; 72 N. Y. St. 253; 1 Whart. Crim. Law, \u00a7 964. The court erred in giving the third instruction. 34 Ark. 160; 61 Ark. 15; 62 Ark. 538.\nGeorge W. Murphy, Attorney General, for appellee."
  },
  "file_name": "0241-01",
  "first_page_order": 257,
  "last_page_order": 266
}
