{
  "id": 1505551,
  "name": "St. Louis & North Arkansas Railroad Co. v. Rogers",
  "name_abbreviation": "St. Louis & North Arkansas Railroad v. Rogers",
  "decision_date": "1904-03-05",
  "docket_number": "",
  "first_page": "270",
  "last_page": "272",
  "citations": [
    {
      "type": "official",
      "cite": "72 Ark. 270"
    }
  ],
  "court": {
    "name_abbreviation": "Ark.",
    "id": 8808,
    "name": "Arkansas Supreme Court"
  },
  "jurisdiction": {
    "id": 34,
    "name_long": "Arkansas",
    "name": "Ark."
  },
  "cites_to": [
    {
      "cite": "37 S. W. 135",
      "category": "reporters:state_regional",
      "reporter": "S.W.",
      "opinion_index": -1
    },
    {
      "cite": "54 Fed. 723",
      "category": "reporters:federal",
      "reporter": "F.",
      "case_ids": [
        6721232
      ],
      "opinion_index": -1,
      "case_paths": [
        "/f/54/0723-01"
      ]
    },
    {
      "cite": "42 Fed. 470",
      "category": "reporters:federal",
      "reporter": "F.",
      "case_ids": [
        6734724
      ],
      "opinion_index": -1,
      "case_paths": [
        "/f/42/0470-01"
      ]
    },
    {
      "cite": "39 Wis. 260",
      "category": "reporters:state",
      "reporter": "Wis.",
      "case_ids": [
        8705456
      ],
      "opinion_index": -1,
      "case_paths": [
        "/wis/39/0260-01"
      ]
    },
    {
      "cite": "44 N. W. 47",
      "category": "reporters:state_regional",
      "reporter": "N.W.",
      "opinion_index": -1
    },
    {
      "cite": "71 S. W. 267",
      "category": "reporters:state_regional",
      "reporter": "S.W.",
      "opinion_index": -1
    },
    {
      "cite": "70 Ark. 262",
      "category": "reporters:state",
      "reporter": "Ark.",
      "case_ids": [
        1509453
      ],
      "opinion_index": -1,
      "case_paths": [
        "/ark/70/0262-01"
      ]
    },
    {
      "cite": "59 Ark. 81",
      "category": "reporters:state",
      "reporter": "Ark.",
      "case_ids": [
        1327723
      ],
      "opinion_index": -1,
      "case_paths": [
        "/ark/59/0081-01"
      ]
    },
    {
      "cite": "81 Va. 125",
      "category": "reporters:state",
      "reporter": "Va.",
      "case_ids": [
        66461
      ],
      "opinion_index": -1,
      "case_paths": [
        "/va/81/0125-01"
      ]
    },
    {
      "cite": "54 Fed. 598",
      "category": "reporters:federal",
      "reporter": "F.",
      "case_ids": [
        6720037
      ],
      "opinion_index": -1,
      "case_paths": [
        "/f/54/0598-01"
      ]
    },
    {
      "cite": "23 Fed. 703",
      "category": "reporters:federal",
      "reporter": "F.",
      "case_ids": [
        3774577
      ],
      "opinion_index": -1,
      "case_paths": [
        "/f/23/0703-01"
      ]
    },
    {
      "cite": "65 Md. 99",
      "category": "reporters:state",
      "reporter": "Md.",
      "case_ids": [
        1808634
      ],
      "opinion_index": -1,
      "case_paths": [
        "/md/65/0099-01"
      ]
    },
    {
      "cite": "42 Fed. 475",
      "category": "reporters:federal",
      "reporter": "F.",
      "opinion_index": -1
    },
    {
      "cite": "65 Ark. 183",
      "category": "reporters:state",
      "reporter": "Ark.",
      "case_ids": [
        609359
      ],
      "weight": 2,
      "opinion_index": -1,
      "case_paths": [
        "/ark/65/0183-01"
      ]
    },
    {
      "cite": "59 Ark. 84",
      "category": "reporters:state",
      "reporter": "Ark.",
      "opinion_index": -1
    },
    {
      "cite": "54 Ark. 522",
      "category": "reporters:state",
      "reporter": "Ark.",
      "case_ids": [
        1320456
      ],
      "opinion_index": -1,
      "case_paths": [
        "/ark/54/0522-01"
      ]
    },
    {
      "cite": "62 Tex. 70",
      "category": "reporters:state",
      "reporter": "Tex.",
      "case_ids": [
        2167349
      ],
      "weight": 2,
      "opinion_index": -1,
      "case_paths": [
        "/tex/62/0070-01"
      ]
    },
    {
      "cite": "59 Tex. 587",
      "category": "reporters:state",
      "reporter": "Tex.",
      "case_ids": [
        2173021
      ],
      "opinion_index": -1,
      "case_paths": [
        "/tex/59/0587-01"
      ]
    }
  ],
  "analysis": {
    "cardinality": 282,
    "char_count": 4104,
    "ocr_confidence": 0.69,
    "pagerank": {
      "raw": 4.643594115661138e-08,
      "percentile": 0.29090537710885844
    },
    "sha256": "fffa81df58d81e2871819a65122a9488ec755f3f428b289ad7472878e84bae29",
    "simhash": "1:f0fcb8f8c2a6d7f3",
    "word_count": 742
  },
  "last_updated": "2024-02-27T17:45:24.224448+00:00",
  "provenance": {
    "date_added": "2019-08-29",
    "source": "Harvard",
    "batch": "2018"
  },
  "casebody": {
    "judges": [],
    "parties": [
      "St. Louis & North Arkansas Railroad Co. v. Rogers."
    ],
    "opinions": [
      {
        "text": "Battue, J.\nThe St. Rouis & North Arkansas Railroad Company undertook to build and construct a railroad from Eureka Springs to Harrison in this state. J. B. Colt & Son Co. were employed to build the same, and it employed William O\u2019Connor to construct a small part of the roadbed of the railway. While he was in the performance of his contract, O\u2019Connor owned and kept a stock of goods, wares and merchandise to sell to the laborers in his employment and others, and employed J. R. C. Rogers and his minor son to sell the same. J. R. C. Rogers was also employed to keep the time of the laborers in O\u2019Connor\u2019s employment, and to keep the accounts between him and such laborers, and the account for goods, wares and merchandise sold. Fie and his son rendered services in the performance of this contract. The son, in addition thereto, performed six or eight days\u2019 work on the roadbed of the railway, and J. R. C. Rogers \u201clooked after the feed of O\u2019Connor\u2019s live stock,\u201d and worked five or six days in setting up camp and building shanties for the laborers to live in.\u201d For these services he claimed that there was owing to him the sum of $258.75. He brought a suit in the Carroll circuit court against the railroad company, and thereby sought to establish and enforce a lien on its railroad for the payment of this sum. The court found that he was entitled to recover the $258.75 for such services, and entitled to a lien on the railroad for the same, and rendered a decree accordingly; and the railroad company appealed.\nAppellee, Rogers, bases his claim for a lien for services, except labor on roadbed, on so much of the act entitled \u201cAn act to amend sections 6251, 6252 and 6253 of Sandels & Hill\u2019s Digest,\u201d approved March 31, 1899, as-'is as follows: \u201cAnd every person who performs any valuable services, manual or professional, for any railroad, by or from which such railroad receives a benefit, shall have a lien on said railroad * * * for said services,\u201d etc. To recover under this clause the services must he performed for the railroad company, and beneficial to it. The services of appellee and son were rendered O\u2019Connor, and he received the entire benefit from them. He is therefore not entitled to a lien on the railroad for such services.\nHe is however entitled to a lien on the railroad for the six or eight days\u2019 labor performed by his son on the roadbed.\nThe decree of the circuit court is reversed, and the cause is remanded, with instructions to the court to enter a decree in accordance with this opinion.",
        "type": "majority",
        "author": "Battue, J."
      }
    ],
    "attorneys": [
      "/. V. Walker, for appellant.",
      "Chew & Fitzhugh, for appellees."
    ],
    "corrections": "",
    "head_matter": "St. Louis & North Arkansas Railroad Co. v. Rogers.\nOpinion delivered March 5, 1904.\n1. Railroad \u2014 lien\u2014services tor contractor. \u2014 One employed by another having a contract to build a railroad to keep store and sell goods and keep accounts for him, to keep accounts between him and the laborers empic-yed in building the railroad, to feed his live stock, and to build shanties for the laborers to live in, cannot enforce a lien against the railroad company therefor as for valuable services performed, under Acts 1899, p. 145. (Page 271.)\n2. Same \u2014 labor oe minor son. \u2014 A father whose minor son performed labor on the roadbed of a railway company is entitled to a lien therefor, under Acts 1899, p. 145. (Page 272.)\nAppeal from Carroll Circuit Court.\nJohn N. Tirrman, Judge.\nReversed.\n/. V. Walker, for appellant.\nO\u2019Connor was a necessary party to the action. 59 Tex. 587; 62 Tex. 70. The act of 1889 is in derogation of the common law, and creates a charge against property without the assent of the owner, and must be strictly construed. 54 Ark. 522; 51 Ark. \u2022 315; 59 Ark. 84; 65 Ark. 183; 42 Fed. 475; 65 Md. 99; 23 Fed. 703; 3 Elliott, Railroads, 1068.\nChew & Fitzhugh, for appellees.\nO\u2019Connor was not a necessary party. 1 Foster, Fed. Pr. \u00a7 \u00a7 50, 52, 59; 62 Tex. 70; 54 Fed. 598; 81 Va. 125. The act of 1887 construed. 59 Ark. 81; 65 Ark. 183. The provisions of the act of 1889 have no application to contracts prior to the passage of the act. 70 Ark. 262; 71 S. W. 267. Who entitled to a lien under the act? 44 N. W. 47; 39 Wis. 260; 42 Fed. 470; 54 Fed. 723; 37 S. W. 135."
  },
  "file_name": "0270-01",
  "first_page_order": 286,
  "last_page_order": 288
}
