{
  "id": 1505509,
  "name": "Bryan v. Hobbs",
  "name_abbreviation": "Bryan v. Hobbs",
  "decision_date": "1904-10-29",
  "docket_number": "",
  "first_page": "635",
  "last_page": "639",
  "citations": [
    {
      "type": "official",
      "cite": "72 Ark. 635"
    }
  ],
  "court": {
    "name_abbreviation": "Ark.",
    "id": 8808,
    "name": "Arkansas Supreme Court"
  },
  "jurisdiction": {
    "id": 34,
    "name_long": "Arkansas",
    "name": "Ark."
  },
  "cites_to": [
    {
      "cite": "26 Am. Dec. 370",
      "category": "reporters:federal",
      "reporter": "Am. Dec.",
      "opinion_index": -1
    },
    {
      "cite": "36 Mich. 346",
      "category": "reporters:state",
      "reporter": "Mich.",
      "opinion_index": -1
    },
    {
      "cite": "50 Mo. 125",
      "category": "reporters:state",
      "reporter": "Mo.",
      "opinion_index": -1
    },
    {
      "cite": "49 Ark. 70",
      "category": "reporters:state",
      "reporter": "Ark.",
      "case_ids": [
        1310190
      ],
      "opinion_index": -1,
      "case_paths": [
        "/ark/49/0070-01"
      ]
    },
    {
      "cite": "46 Ark. 220",
      "category": "reporters:state",
      "reporter": "Ark.",
      "opinion_index": -1
    },
    {
      "cite": "61 Me. 227",
      "category": "reporters:state",
      "reporter": "Me.",
      "case_ids": [
        8846791
      ],
      "opinion_index": -1,
      "case_paths": [
        "/me/61/0227-01"
      ]
    },
    {
      "cite": "26 Ark. 280",
      "category": "reporters:state",
      "reporter": "Ark.",
      "case_ids": [
        8726779
      ],
      "weight": 2,
      "opinion_index": -1,
      "case_paths": [
        "/ark/26/0280-01"
      ]
    },
    {
      "cite": "18 Ark. 215",
      "category": "reporters:state",
      "reporter": "Ark.",
      "weight": 2,
      "opinion_index": -1
    },
    {
      "cite": "78 Ind. 175",
      "category": "reporters:state",
      "reporter": "Ind.",
      "case_ids": [
        1314597
      ],
      "opinion_index": -1,
      "case_paths": [
        "/ind/78/0175-01"
      ]
    },
    {
      "cite": "10 N. W. 276",
      "category": "reporters:state_regional",
      "reporter": "N.W.",
      "opinion_index": -1
    },
    {
      "cite": "57 la. 15",
      "category": "reporters:state",
      "reporter": "Iowa",
      "case_ids": [
        2335317
      ],
      "opinion_index": -1,
      "case_paths": [
        "/iowa/57/0015-01"
      ]
    },
    {
      "cite": "10 La. Ann. 279",
      "category": "reporters:state",
      "reporter": "La. Ann.",
      "case_ids": [
        11967724
      ],
      "opinion_index": -1,
      "case_paths": [
        "/la-ann/10/0279-01"
      ]
    },
    {
      "cite": "6 La. Ann. 146",
      "category": "reporters:state",
      "reporter": "La. Ann.",
      "case_ids": [
        523509
      ],
      "opinion_index": -1,
      "case_paths": [
        "/la-ann/6/0146-01"
      ]
    },
    {
      "cite": "15 Ark. 345",
      "category": "reporters:state",
      "reporter": "Ark.",
      "case_ids": [
        8728271
      ],
      "weight": 2,
      "opinion_index": -1,
      "case_paths": [
        "/ark/15/0345-01"
      ]
    },
    {
      "cite": "53 Ark. 532",
      "category": "reporters:state",
      "reporter": "Ark.",
      "case_ids": [
        1911663
      ],
      "opinion_index": -1,
      "case_paths": [
        "/ark/53/0532-01"
      ]
    },
    {
      "cite": "18 N. Y. Supp. 149",
      "category": "reporters:state",
      "reporter": "N.Y.S.",
      "case_ids": [
        3370994
      ],
      "opinion_index": -1,
      "case_paths": [
        "/nys/18/0149-01"
      ]
    }
  ],
  "analysis": {
    "cardinality": 568,
    "char_count": 10836,
    "ocr_confidence": 0.69,
    "pagerank": {
      "raw": 2.5369098160849074e-07,
      "percentile": 0.8130275162760454
    },
    "sha256": "75da441013c84fae27fe15ab2c84fb86d19d1aae9aad3dbab24b760c7c9319e2",
    "simhash": "1:3725ccf110f3def6",
    "word_count": 2016
  },
  "last_updated": "2024-02-27T17:45:24.224448+00:00",
  "provenance": {
    "date_added": "2019-08-29",
    "source": "Harvard",
    "batch": "2018"
  },
  "casebody": {
    "judges": [],
    "parties": [
      "Bryan v. Hobbs."
    ],
    "opinions": [
      {
        "text": "Riddick, J.\n(after stating the facts). This action was brought in the circuit court to recover 160 acres of land which the defendant had conveyed to the plaintiff. The action was resisted on the ground that the deed was obtained by duress, and on that account the court was asked to cancel the deed, and the case was transferred to the chancery court to determine' the issues involved.\nIt is a well-settled rule that one who would avoid his deed on account of duress must bring his action within a reasonable time, and if the only alternative here was to take the view contended for by plaintiff and uphold the deed, or that contended for by defendant and declare it void in toto, we are not sure that the finding would not have to be against the defendant, on the ground that he delayed too long before commencing proceedings to set it aside. But there are two facts established by the evidence in this case very plainly. One is that at the time Hobbs conveyed this land to Ida D. Ward he was indebted to her husband for a considerable sum on the two land notes and for goods and supplies furnished him. The other is that this deed was executed in settlement or as a security for that indebtedness. There seems from the evidence never to have been any dispute between Hobbs and Ward as to the amount of this indebtedness. The difference, if any existed between them, was on the question of whether Hobbs should make an absolute deed in satisfaction of this debt or only give security for it. Hobbs\u2019 own testimony shows that. The deed was executed at the residence of John Ward, the husband of, plaintiff, after he had failed in business, Dr. Ward, his father, being present at the time, and Hobbs testified on this point as follows, towit:\n\u201cDr. Ward asked me to give them something to secure the money. I told them that I was willing to give security for the money, but they wanted a deed to Mrs. Ward. Dr. Ward said that John\u2019s creditors were about to take everything he had away from him, and they wanted me to make a deed to Mrs. Ward for this land. I declined to do that. When I told John Ward that, he commenced to walk backward and forward on the gallery, and said, \u2018By God, you\u2019ve got to give it up; you have it to do. I will kill- you if you don\u2019t do it,\u2019 and then I did it, and went down to the store and acknowledged the deed.\u201d\nThere was other testimony tending very strongly to show duress, but the whole testimony shows that the duress was exercised to force Hobbs to execute an absolute deed, instead of a mortgage. Hobbs\u2019 testimony, above quoted, shows that Ward wanted security for his debt, but, as his creditors were pressing him, he wanted it in the form of an absolute deed to his wife, so as to shield it as much as possible from his creditors, whereas Hobbs only wanted to give security for the debt in the ordinary form. Not only this testimony of Hobbs, but the fact that he was allowed to remain on the premises for several years after the deed was executed without, so far as the proof shows, paying any rent, lends color to the belief that this deed was really intended as a security. Now, the court on the hearing below seems by its decree to have treated the deed as a mortgage, but in determining the amount due from Hobbs it gave, we think, too great weight to his testimony, and thus found that the debt he owed Ward had been discharged, when it seems to us that he still owed some $600 or $700. Hobbs admitted that he had not paid the two $300 notes, but stated that Holloman, the owner of the notes, had at one time offered to let him have the two notes for a cash payment of $500; that he made arrangements to secure the money with which to take up his notes, but found out that Ward had purchased the notes, and he refused to settle at that price. Now, there is nothing in that evidence to reduce the amount of the debt, but the court on this evidence directed the master to charge Hobbs with only $500 on account of the two notes, when, according to his own testimony, he had never paid any portion of those two notes. The owner of the notes had the right to sell them, and Ward had a right to purchase them. The mere fact that the owner- had previously offered to sell them to Hobbs for less than their face value did not show anything constituting a payment on the notes, or estop Ward from claiming the face value thereof.\nThen, again, Hobbs did not set up this claim of duress until after the death of Ward, the party to whom the debt was due, and who would naturally be supposed to know as much or more about this debt than any one else. If any relief is granted Hobbs at this late day, justice requires that it should be done on the assumption that the amount named in his deed is the correct amount of the indebtedness due from him to Ward at the time the deed was executed. It would be very unfair and unjust to plaintiff to permit Hobbs to contradict that statement of the consideration after this lapse of time, and the death of plaintiff\u2019s only witness familiar with the dealings between Ward and Hobbs.\nPlaintiff testified that she paid the amount named in the deed to Hobbs in money, but the weight of evidence is decidedly against this theory, and the chancellor was justified in rejecting it. On the other hand, Hobbs testified that nothing was paid. We take it that he meant by this that no money was .paid, for his own evidence, as well as the other testimony, shows that there was a consideration for the deed. That consideration was the debt which Hobbs owed Ward. The amount named in the deed was the amount of that debt, as understood by the parties at the time the deed was executed, and we feel convinced that it was a correct statement of the sum due from Hobbs at that time, and that substantial justice can be done by taking it as the basis of a settlement between the parties and of the decree in this case.\nThe finding of the court that there was evidence of duress sufficient to justify the court in treating this deed as ,a mortgage will be sustained, but, following the rule that he who asks equity should do equity, the relief against the deed should be granted on condition that he pay his debt.\nThe clerk of this court is therefore ordered to state an account between the parties by charging Hobbs with the amount named in the deed with interest from that date, giving him credit with value of the timber and rent as found by the lower court.. The clerk will make the computation, and ascertain in this way the balance' still due from Hobbs, and the judgment will be reversed, and the cause remanded, with directions that the court below render a decree for that amount against Hobbs, and that the same be declared a lien on the land, and that, .unless paid, the land be sold to pay the same.",
        "type": "majority",
        "author": "Riddick, J."
      }
    ],
    "attorneys": [
      "McCulloch & McCulloch, and Fiser & Beasley, for appellant.",
      "R. J. Williams, for appellee."
    ],
    "corrections": "",
    "head_matter": "Bryan v. Hobbs.\nOpinion delivered October 29, 1904.\nDeed absolute \u2014 when construed a mortgage. \u2014 Where a mortgagee by duress compelled the mortgagor to execute an absolute deed to his wife in satisfaction of the mortgage debt and a further indebtedness which the mortgagor was willing to secure, equity will treat the instrument as a security merely, and grant relief on condition that the mortgagor pay the debt he intended to secure.\nAppeal from Bee Chancery Court.\nEdward D. Robertson, Chancellor.\nReversed.\nstatement by the court. '\nOn the 26th day of November, 1887, Young Hobbs, a negro, purchased of T. B. Holloman 160 acres of land in Bee county, for which he agreed to pay the sum of $900. Holloman executed a deed conveying the land to Hobbs, and reciting that he had paid $100 of the purchase price, and had executed his notes for the remainder, one note for $200 and two] notes for $300 each. Some time afterwards Hobbs paid the; $200 note. But before he paid the two remaining notes for $300 each they were transferred by Holloman to John C. Ward, a merchant with whom Hobbs had business relations. Afterwards Ward failed in business, and most of his property was seized by his creditors. Wishing to make some provision for his wife, Ida, he induced Hobbs to convey her the land mentioned in settlement of the two notes he had obtained from Holloman and certain other indebtedness due from Hobbs to him on a mercantile account for goods furnished. This deed by Hobbs to Ida Ward was executed on the 26th day of May, 1891, and recited a consideration of \u201c$1,188 cash in hand paid.\u201d\nHobbs continued to remain on the land until 1893, when Ward took possession of it. Ward died in 1894 or 1895, the evidence not being clear as to the exact date. Hobbs moved back on the land in early part of 1896, and set up the claim of ownership. In 1897 Mrs. Ward, who had intermarried with one Bryan, brought this action of ejectment to recover possession of the land. Hobbs for defense set up that the deed made by him to the plaintiff had been executed under duress, by reason of threats on the part of Ward that he would kill him unless he signed it. The case was transferred to the chancery court, and on a hearing there the court found that the deed from Hobbs to the plaintiff, Ida L. Bryan, was obtained by means of threats and menaces of bodily harm amounting to duress made by John C. Ward, the - former husband of plaintiff, and that there was no consideration paid by plaintiff for the deed, but the court found that at the time the deed was executed Hobbs was indebted to John C. Ward for a balance due on the purchase money notes for land and also on a mercantile account, and the court referred the case to a master to state an account thereof, allowing Hobbs credit for the rental value of the land while Ward was in possession thereof and for value of timber cut by Ward.\nAfterwards the court found, on exceptions to the master\u2019s report, that the amount due Hobbs for rents and for timber cut overbalanced the debt due by him to Ward. The court thereupon found in favor of plaintiff Hobbs, and ordered that the deed from him to Mrs. Ward be cancelled, set aside and held for naught, and that Mrs. Bryan pay the costs of the action. Mrs. Bryan appealed.\nMcCulloch & McCulloch, and Fiser & Beasley, for appellant.\nDefendant\u2019s cross-bill was insufficient. 18 N. Y. Supp. 149; 7 Enc. PI. & Pr. 247; 3 Bl. Comm. \u00a7 448; Sand. & H. Dig. \u00a7 4828; 6 Am. & Eng. Enc. Law, 88; 53 Ark. 532. It was error to allow certain depositions to be read in evidence, and no duress was shown. 15 Ark. 345; 6 La. Ann. 146; 10 La. Ann. 279; 57 la. 15, s. c. 10 N. W. 276; 78 Ind. 175; 18 Ark. 215; s. c. 26 Ark. 280; 61 Me. 227; 18 Ark. 215; 46 Ark. 220; 49 Ark. 70. Relief must be sought in reasonable time. 10 Am. & Eng. Enc. Law, 337; 134 111. 101; 50 Mo. 125; 36 Mich. 346.\nR. J. Williams, for appellee.\nThere was no .error in admission of depositions. 15 Ark. 345. On question of duress, see Chitty, Cont. 217; 2 Greenlf. Ev. \u00a7 283; 26 Am. Dec. 370; Pars. Cont. 319; 26 Ark. 280."
  },
  "file_name": "0635-01",
  "first_page_order": 653,
  "last_page_order": 657
}
