{
  "id": 8724889,
  "name": "Dodd v. State of Arkansas",
  "name_abbreviation": "Dodd v. State",
  "decision_date": "1878-11",
  "docket_number": "",
  "first_page": "517",
  "last_page": "521",
  "citations": [
    {
      "type": "official",
      "cite": "33 Ark. 517"
    }
  ],
  "court": {
    "name_abbreviation": "Ark.",
    "id": 8808,
    "name": "Arkansas Supreme Court"
  },
  "jurisdiction": {
    "id": 34,
    "name_long": "Arkansas",
    "name": "Ark."
  },
  "cites_to": [],
  "analysis": {
    "cardinality": 382,
    "char_count": 7426,
    "ocr_confidence": 0.435,
    "pagerank": {
      "raw": 2.8375484320159493e-07,
      "percentile": 0.8396392994340597
    },
    "sha256": "b31962f98dc02bb0e951660400430591e56dfe0fc9b79c08afa559f12d953697",
    "simhash": "1:23584e9aee25168d",
    "word_count": 1313
  },
  "last_updated": "2023-07-14T16:55:04.416113+00:00",
  "provenance": {
    "date_added": "2019-08-29",
    "source": "Harvard",
    "batch": "2018"
  },
  "casebody": {
    "judges": [],
    "parties": [
      "Dodd v. State of Arkansas."
    ],
    "opinions": [
      {
        "text": "ENGLISH, C. J. :\nThe indictment in this case contains two counts, the first count charging F. C. Dodd with burglary, and the second count chai\u2019ging him with larceny.\nThe substance of the first count is as follows :\n\u201cThe grand jury of Pulaski county, etc., accuse F. C. Dodd of the crime of burglary, committed as follows, viz.: The-said F. C. Dodd, on the 17th day of December, 1877, in the county, etc., aforesaid, and at the hour of eight o\u2019clock of the night of said day, the stable of David Lowe, there situate,, then there feloniously and burglariously did \u25a0 break and enter with intent the goods'and chattels of said David Lowe in said stable then and there being, then and there feloniously and bur-glarious^ to steal, take and carry away; said goods and chattels being of the value of $200 ; against the peace,\u201d etc.\nThe second count accused the defendant of the further crime of larceny, committed as follows :\n\u201cThe said F. C. Dodd, on the 17th day of December, 1877,, at etc., two geldings of the value of $100 each, the property of David Lowe, being found as mentioned in the first count herein, did then there feloniously and burglariously steal, take and carry away, against the peace,\u201d etc.\nThe defendant was tried on the plea of not guilty, and the jury found him guilty as charged in the first count of the indictment, and fixed his punishment at three years imprisonment in the penitentiary ; and they also found him guilty upon the second count, and fixed his punishment at five years in the penitentiary.\nHe moved for a new trial, which the court refused, and sentenced bim in accordance with the verdict. He took a bill of exceptions, setting out the evidence, the instructions of the-court, the questions of law reserved, and prayed an appeal* which was allowed by one of the judges of this court.\nIf a man feloniously enter a house, in the night time, with intent to steal, he is guilty of burglary, though he may not accomplish the theft. If he completes the theft, he is guilty of a further offense, and may, by statute, be indicted and punished for both burglary and larceny ; and he may be charged with the two offenses separately, or jointly in different counts of the same indictment, as in this case. Gantt\u2019s Digest, secs. 1349, 1351.\nThe evidence on the trial that appellant broke and entered the stable of David Lowe in the night time, and took the two horses, is not direct, but circumstantial.\nLowe resided on Capital Hill, Little Rock, Between sun down and dark, on the 17th day of December, 1877, he locked his two carriage horses in his stable, and left home. On his return, about 9 o\u2019clock at night, he found the stable door had been broken open, and the horses were gone. The appellant, who seems to have been a stranger to the witnesses, was seen not far from the stable on that day. Witness, Maxwell, lived about ten miles from Little Rock, on the road to Benton. About 11 o\u2019clock of the night on which Lowe found his stable door broken, and his horses gone, aman riding one horse and leading another, passed Maxwell\u2019s house, and made inquiry about movers, saying he was trying to overtake them. The moon was. shining, and witness could see the color of the horses but did not know the man. On the next day Lowe started in pursuit. He found that one of his horses had been swapped to witness Henderson, who resided near Benton, and about twenty-two miles from Little Rock. Henderson went on with him to Hot Springs, where they found appellant in possession of the horse that Henderson had swapped to him, and Lowe\u2019s other horse, and he was arrested.\nUpon these facts, we cannot saj that there was no evidence to warrant the jury in finding that appellant broke and entered the stable of Lowe in the night time, and stole his horses.\nThe appellant asked the court to give four instructions to the jury, all of which the court gave except the second, which is as follows:\n\u201cThe naked possession of stolen property unaccompanied by other circumstances tending to. show that the defendant committed the offense charged, is a mere circumstance from which a presumption of guilt may arise, and is easily rebutted by any circumstances tending to prove a contrary conclusion.\u201d\nThe court instead of giving this instruction in the language in which it was asked, said to the jury in a general charge :\n\u201cUpon the question of possession of stolen property, the court charges the jury that the possession of property recently stolen, if unexplained, raises a presumption against the defendant that he is the guilty party. That this presumption is stronger or weaker according to the circumstances of each particular case, and that the jury in determining the force of it must take into consideration all the circumstanees surrounding the case, the kind of property, the length of time intervening between the taking and the possession charged to be guilty. They are to say whether under all the circumstances of this case they are'satisfied beyond a reasonable doubt of the defendants guilt,\u201d etc.\nThis, upon the facts proven, is not a case of naked possession of stolen property unaccompanied by other circumstances tending to show guilt, as assumed in the instruction asked for appellant. The charge of the court was more appropriate upon the evidence, and fair to the accused. 3 Greenleaf, Ev., sec. 31-2-3.\nThe appellant did not attempt to account for Ms possession \u25a0of the recently stolen horses.\nHe failed to prove that he had any local habitation, was engaged in any business, or had any means of purchasing or trading for a pair of carriage horses. He was at Capital Hill \u25a0on the day preceding the night the horses were missing, and a few days after he was followed to Hot Springs, where he was found in possession of one of the horses, and it was proven that he had traded the other to Henderson on his way out.\nThe horses were locked in the stable between sun down and \u2022dark. The door was found broken, and the horses gone at 9 \u2022o\u2019clock at night. Two hours after, at 11 o\u2019clock, he passed Maxwell\u2019s house ten miles out, with the horses, for no doubt, from the facts in evidence, it was he that passed there at that hour.\nIt is not probable that the stable door was broken open, and the horses taken out in the day light. At that season of the year (17th of December) it was night by six o\u2019clock. If he had taken the horses from the stable before night, it is probable that he would have been farther away, on his flight, than Maxwell\u2019s house, which was only ten miles off, by 11 o\u2019clock at night\nBut it was the province of the jury, not ours, to weigh all of the facts and circumstauces in evidence. They found him guilty on both counts of the indictment, and we cannot say, as matter of law, that there was no evidence to warrant the verdict.\nAffirmed.",
        "type": "majority",
        "author": "ENGLISH, C. J. :"
      }
    ],
    "attorneys": [
      "Lea and W. A. Compton, for appellants.",
      "Henderson, Attorney-General, contra."
    ],
    "corrections": "",
    "head_matter": "Dodd v. State of Arkansas.\n1. CRIMINAL Law : Indictment: Burglary and Larveny may be joined in same.\nIf one feloniously enter a house in the night time with intent to steal, he is guilty of burglary though he does not accomplish the theft. If he completes the theft he is guilty of a further offense, and may, by statute, he indicted and punished for both burglary and larceny; and he may be charged with 'the two offenses separately, or jointly in different counts in the same indictment.\nAPPEAL from Pulaslci Circuit Court.\nHou. J. W. MARTIN, Circuit Judge.\nLea and W. A. Compton, for appellants.\nHenderson, Attorney-General, contra."
  },
  "file_name": "0517-01",
  "first_page_order": 517,
  "last_page_order": 521
}
