{
  "id": 8725962,
  "name": "Humphries et al. v. State",
  "name_abbreviation": "Humphries v. State",
  "decision_date": "1878-11",
  "docket_number": "",
  "first_page": "713",
  "last_page": "715",
  "citations": [
    {
      "type": "official",
      "cite": "33 Ark. 713"
    }
  ],
  "court": {
    "name_abbreviation": "Ark.",
    "id": 8808,
    "name": "Arkansas Supreme Court"
  },
  "jurisdiction": {
    "id": 34,
    "name_long": "Arkansas",
    "name": "Ark."
  },
  "cites_to": [],
  "analysis": {
    "cardinality": 274,
    "char_count": 4999,
    "ocr_confidence": 0.436,
    "pagerank": {
      "raw": 7.555682023068649e-08,
      "percentile": 0.44843946500355814
    },
    "sha256": "c5b539f24e4d9a86c903307bce3ef22d52ec62af3d1e2c849110ac9114d39b6f",
    "simhash": "1:968f68c90d5517ea",
    "word_count": 879
  },
  "last_updated": "2023-07-14T16:55:04.416113+00:00",
  "provenance": {
    "date_added": "2019-08-29",
    "source": "Harvard",
    "batch": "2018"
  },
  "casebody": {
    "judges": [],
    "parties": [
      "Humphries et al. v. State."
    ],
    "opinions": [
      {
        "text": "ENGLISH, C. J.:\nAt the March term, 1876, of the Circuit Court of Arkansas -county, James W. Collins and David Collins were jointly indicted for stealing a mare.\nOn the day that the indictment was returned into court by the grand jury (29th March), the presiding judge made the following endorsement upon it:\n\u2018\u25a0\u2018Bail will be received in this case in the sum of $500 each.\n\u201cJohn A. Williams, Judge.\u201d\nOn the same day a capias was issued by the clerk for the arrest of the parties accused, in the form prescribed by the \u25a0statute (Gantt's Digest, Sec. 1808), upon which the clerk -made the following endorsement:\n\u201cThe defendants may give bail in the sum of $500, and the same may be taken by the sheriff of the county in which they are taken, or by the sheriff of Arkansas county.\u201d Signed by the clerk.\nThe sheriff of Arkansas county, to whom the writ was delivered, arrested the defendants on the 80th of March, 1876, and on the next day they executed a joint bail bond in the penal sum of $500, with Zach. Humphries, John H. Barker, and William Garrison as the sureties, conditioned that they would appear in the Circuit Court of Arkansas county on the first day of the following September term, etc., to answer the indictment, etc.; and the sheriff duly returned the capias and bail bond.\nIt seems that on the application of James W. Collins, the venue as to him was changed to the Circuit Court of Jefferson county.\nAt the March term, 1877, of the Arkansas Circuit Court,, David Collins failed to appear, and a forfeiture was entered upon the above bail bond, and an alias bench warrant ordered against him, and a summons issued to his sureties, upon the-forfeiture, returnable at the next term.\nThe alias capias was returned non est as to Collins, and the summons was served upon Zach. Humphries and John H. Barker, two of the sureties, and returned not found as to Win., Garrison.\nAt the return term, Humphries and Barker answered, setting-up the defenses below stated aud considered.\nAt a subsequent term the .case was submitted to a jury, and the prosecuting attorney read in evidence the indictmei/c, the bench warrant issued thereon, the bail bond, the entry of forfeiture and the summons, all of which were admitted against the objection of defendants. No other evidence being introduced, the jury returned a verdict in favor of the State for $250. Defendants filed a motion for a new trial, which was overruled, aud they took a bill of exceptions. Judgment was entered in accordance with the verdict, and defendants appealed.\nThe first point of defense made by appellants is that the Slate failed to show that the court made an order for the issuance of the bench warrant upon which their principal was: arrested, and that therefore the warrant, arrest, and bail bond; were void.\nThe principal was indicted for a bailable felony, and was not' in custody or under recognizance when the indictment was found. It would not have been proper, therefore, for the-court to have caused to be entered of record, and thereby made-public, an order for the clerk to issue a bench warrant for his. arrest. Gantt\u2019s Digest, Secs. 1799, 1800.\nThe presiding judge endorsed upon the indictment, when it. was returned into court, the amount of bail required, and, it. must be presumed, ordered the clerk to issue the bench warrant, as required by the statute, ( Gantt\u2019s Digest, Secs. 1806\u201e 1810), but a prudent judge would hardly announce such order-openly from the bench, and direct it to be entered of record,, subject to public inspection.\nIf the parties indicted, on being arrested, had moved to. quash the capias on the ground that no order appeared of record for it to issue, the court, of course, would have overruled the motion, and the sheriff would have put them in jail-had they failed to give bail.\nThe second point of defense made is that each of the parties indicted was required by the endorsement to enter into-bail in the sum of $500, and that the sheriff accepted a joint-bail bond from them in the penal sum of $500 only.\nIf both of them had made default, there could not have been a forfeiture and judgment for more than the penalty of the-bond. On the default of one of them only, the condition of the bond was broken, and there might have been a forfeiture- and judgment against appellants for $500, but the verdict and judgment against them were for only $250, which was an error-of which they have no cause to complain. See Gantt\u2019s Dig.,. Sec. 1726.\nAffirmed.",
        "type": "majority",
        "author": "ENGLISH, C. J.:"
      }
    ],
    "attorneys": [
      "Dooley, for appellants.",
      "Henderson, Attorney-General, contra."
    ],
    "corrections": "",
    "head_matter": "Humphries et al. v. State.\nBail Bond :-\nIt is no objection to the validity of a hail bond that there is no order on the record for the issuance of a bench warrant on which the party is arrested. Nor is a bail bond void because it is the joint bond of two or more defendants for the same sum that was required of each of them for hail, by the order of the judge endorsed upon the indictment.\nAPPEAL from Arkansas' Circuit Court.\nHon. JOHN A. Williams, Circuit Judge.\nDooley, for appellants.\nHenderson, Attorney-General, contra."
  },
  "file_name": "0713-01",
  "first_page_order": 713,
  "last_page_order": 715
}
