{
  "id": 1362304,
  "name": "Hodge v. Brooks",
  "name_abbreviation": "Hodge v. Brooks",
  "decision_date": "1922-04-17",
  "docket_number": "",
  "first_page": "222",
  "last_page": "229",
  "citations": [
    {
      "type": "official",
      "cite": "153 Ark. 222"
    }
  ],
  "court": {
    "name_abbreviation": "Ark.",
    "id": 8808,
    "name": "Arkansas Supreme Court"
  },
  "jurisdiction": {
    "id": 34,
    "name_long": "Arkansas",
    "name": "Ark."
  },
  "cites_to": [
    {
      "cite": "48 S. W. 601",
      "category": "reporters:state_regional",
      "reporter": "S.W.",
      "opinion_index": -1
    },
    {
      "cite": "64 Atl. 194",
      "category": "reporters:state_regional",
      "reporter": "A.",
      "opinion_index": -1
    },
    {
      "cite": "186 Mo. 174",
      "category": "reporters:state",
      "reporter": "Mo.",
      "case_ids": [
        1343474
      ],
      "opinion_index": -1,
      "case_paths": [
        "/mo/186/0174-01"
      ]
    },
    {
      "cite": "84 S. W. 984",
      "category": "reporters:state_regional",
      "reporter": "S.W.",
      "opinion_index": -1
    },
    {
      "cite": "200 Mo. 1",
      "category": "reporters:state",
      "reporter": "Mo.",
      "case_ids": [
        2273692
      ],
      "opinion_index": -1,
      "case_paths": [
        "/mo/200/0001-01"
      ]
    },
    {
      "cite": "98 S. W. 2",
      "category": "reporters:state_regional",
      "reporter": "S.W.",
      "opinion_index": -1
    },
    {
      "cite": "194 Mo. 717",
      "category": "reporters:state",
      "reporter": "Mo.",
      "case_ids": [
        1433393
      ],
      "opinion_index": -1,
      "case_paths": [
        "/mo/194/0717-01"
      ]
    },
    {
      "cite": "92 S. W. 684",
      "category": "reporters:state_regional",
      "reporter": "S.W.",
      "opinion_index": -1
    },
    {
      "cite": "194 Mo. 377",
      "category": "reporters:state",
      "reporter": "Mo.",
      "case_ids": [
        1433467
      ],
      "opinion_index": -1,
      "case_paths": [
        "/mo/194/0377-01"
      ]
    },
    {
      "cite": "92 S. W. 674",
      "category": "reporters:state_regional",
      "reporter": "S.W.",
      "opinion_index": -1
    },
    {
      "cite": "181 Mo. 192",
      "category": "reporters:state",
      "reporter": "Mo.",
      "case_ids": [
        1396057
      ],
      "opinion_index": -1,
      "case_paths": [
        "/mo/181/0192-01"
      ]
    },
    {
      "cite": "91 S. W. 1123",
      "category": "reporters:state_regional",
      "reporter": "S.W.",
      "opinion_index": -1
    },
    {
      "cite": "109 S. W. 1047",
      "category": "reporters:state_regional",
      "reporter": "S.W.",
      "opinion_index": -1
    },
    {
      "cite": "91 N. W. 904",
      "category": "reporters:state_regional",
      "reporter": "N.W.",
      "opinion_index": -1
    },
    {
      "cite": "162 Fed. 556",
      "category": "reporters:federal",
      "reporter": "F.",
      "case_ids": [
        6719848
      ],
      "opinion_index": -1,
      "case_paths": [
        "/f/162/0556-01"
      ]
    },
    {
      "cite": "45 Fed. 319",
      "category": "reporters:federal",
      "reporter": "F.",
      "opinion_index": -1
    },
    {
      "cite": "40 N. Y. 390",
      "category": "reporters:state",
      "reporter": "N.Y.",
      "weight": 2,
      "opinion_index": -1
    },
    {
      "cite": "75 N. W. 101",
      "category": "reporters:state_regional",
      "reporter": "N.W.",
      "opinion_index": -1
    },
    {
      "cite": "45 S. W. 652",
      "category": "reporters:state_regional",
      "reporter": "S.W.",
      "opinion_index": -1
    },
    {
      "cite": "123 Ark. 594",
      "category": "reporters:state",
      "reporter": "Ark.",
      "case_ids": [
        1556175
      ],
      "pin_cites": [
        {
          "page": "600"
        }
      ],
      "opinion_index": -1,
      "case_paths": [
        "/ark/123/0594-01"
      ]
    },
    {
      "cite": "3 Ind. App. 232",
      "category": "reporters:state",
      "reporter": "Ind. App.",
      "case_ids": [
        4693739
      ],
      "opinion_index": -1,
      "case_paths": [
        "/ind-app/3/0232-01"
      ]
    },
    {
      "cite": "48 Minn. 466",
      "category": "reporters:state",
      "reporter": "Minn.",
      "case_ids": [
        741451
      ],
      "opinion_index": -1,
      "case_paths": [
        "/minn/48/0466-01"
      ]
    },
    {
      "cite": "88 Mich. 633",
      "category": "reporters:state",
      "reporter": "Mich.",
      "case_ids": [
        1375053
      ],
      "opinion_index": -1,
      "case_paths": [
        "/mich/88/0633-01"
      ]
    },
    {
      "cite": "45 Pac. 1073",
      "category": "reporters:state_regional",
      "reporter": "P.",
      "opinion_index": -1
    },
    {
      "cite": "6 Wyo. 419",
      "category": "reporters:state",
      "reporter": "Wyo.",
      "case_ids": [
        8515758
      ],
      "opinion_index": -1,
      "case_paths": [
        "/wyo/6/0419-01"
      ]
    },
    {
      "cite": "61 Ala 9",
      "category": "reporters:state",
      "reporter": "Ala.",
      "case_ids": [
        903991
      ],
      "pin_cites": [
        {
          "page": "11"
        }
      ],
      "opinion_index": -1,
      "case_paths": [
        "/ala/61/0009-01"
      ]
    },
    {
      "cite": "89 Ind. 118",
      "category": "reporters:state",
      "reporter": "Ind.",
      "case_ids": [
        1346768
      ],
      "pin_cites": [
        {
          "page": "127"
        }
      ],
      "opinion_index": -1,
      "case_paths": [
        "/ind/89/0118-01"
      ]
    },
    {
      "cite": "88 Ark. 562",
      "category": "reporters:state",
      "reporter": "Ark.",
      "case_ids": [
        1517145
      ],
      "weight": 2,
      "opinion_index": -1,
      "case_paths": [
        "/ark/88/0562-01"
      ]
    },
    {
      "cite": "129 Am. St. Rep. 114",
      "category": "reporters:state",
      "reporter": "Am. St. Rep.",
      "opinion_index": 0
    },
    {
      "cite": "88 Ark. 562",
      "category": "reporters:state",
      "reporter": "Ark.",
      "case_ids": [
        1517145
      ],
      "weight": 2,
      "opinion_index": 0,
      "case_paths": [
        "/ark/88/0562-01"
      ]
    }
  ],
  "analysis": {
    "cardinality": 702,
    "char_count": 14142,
    "ocr_confidence": 0.473,
    "pagerank": {
      "raw": 1.893632466390714e-07,
      "percentile": 0.7293083496373727
    },
    "sha256": "8b2bc38316e5483516f342c14904e3ee17c913f196b39cd126d1c3bfbfe56c39",
    "simhash": "1:78b3f32f9a5420f2",
    "word_count": 2463
  },
  "last_updated": "2024-02-27T17:45:17.236697+00:00",
  "provenance": {
    "date_added": "2019-08-29",
    "source": "Harvard",
    "batch": "2018"
  },
  "casebody": {
    "judges": [],
    "parties": [
      "Hodge v. Brooks."
    ],
    "opinions": [
      {
        "text": "Smith, J.\nAppellant Hodge was the plaintiff below, and sued to recover damages for the alleged alienation of the affections of his wife by appellee Brooks, defendant below. The testimony made a case which would have supported the verdict had it been in Hodge\u2019s favor, although no attempt was made to show that any immoral relation ever existed between Brooks and Mrs. Hodge, nor was there any testimony that these two had ever been seen in a compromising position, the nearest approach thereto being that it was testified that on one occasion Brooks showed Mrs. Hodge how to drive an automobile and during the lesson had his arm resting on the seat back of his pupil. This occurred, however1, in the day-time and on one of the principal streets of the town of Mineral Springs.\nHodge and his wife resided in a house with Brooks, the house being one Brooks had rented in the town of Mineral Springs. The testimony shows that Brooks became dissatisfied with this arrangement and ordered Hodge to vacate. This order was given and obeyed in February, 1921. In April thereafter Mrs. Hodge left her husband and returned to her people, who lived in an adjoining county, where she has since resided, and in September thereafter Hodge brought this suit.\nThe conduct of Brooks complained of consisted principally of assistance to Mrs. Hodge in the discharge of her domestic duties and little personal services about the house; of carrying her from her home in Mineral Springs in an automobile owned by \u00a1Brooks to Sara-toga, ten miles away, where she taught school; and in lending her money on two occasions, first to buy a knitting machine which cost about $75, and afterwards to buy a suit costing about $40. In explanation of this testimony, it was shown that Hodge and his wife were comparatively a young couple; that Brooks was sixty-four years old, and badly crippled with rheumatism, using two canes when he walked; that Brooks was physically unable to work, but his financial condition permitted him to live without working; that he drove Mrs. Hodge to her school at her husband\u2019s request and upon his promise to pay for the service; that, as Brooks had no regular employment, he assisted in the discharge of many of the little duties around the house as a matter of occupation and courtesy; and that the money loaned was lent with the knowledge and at the request of Hodge; and that Brooks had done nothing to induce Mrs. Hodge to leave her husband.\nOver Hodge\u2019s objection the court admitted testimony to the effect that Hodge did not pay his bills and that his credit was not good. The error of this action was mitigated somewhat by an instruction numbered 8, given at Hodge\u2019s request, reading as follows: \u201cYou cannot take into consideration the poverty or want of ability of the plaintiff to pay his debts; nor the fact that the defendant, Brooks, may think that he does not give his wife the pleasures and luxuries that he, Brooks, thinks she ought to have in this case, since such matters do not justify the alienation of the affections of the plaintiff\u2019s wife from him, if they have been alienated. \u2019 \u2019\nIf it be true that this instruction did not remove the prejudice arising out of the admission of the incompetent testimony, then it may be said that the error Was an invited one. Hodge first testified in his own behalf, and then called as a witness Dr. Toland. It was stated at the time that Dr. Toland was being called out of time, as he had to leave town to visit a patient, and that the testimony was being offered in rebuttal. However,' at that time there was nothing to rebut, as Hodge alone had testified. Dr. Toland was the owner of the house which Brooks had rented at the time Hodge and his wife were living with him. Dr. Toland testified that Hodge\u2019s-credit was good, and that he had never hesitated to attend either Hodge or his wife professionally, whether they had the cash money to pay for his services or not.\nNumerous objections are urged to the instructions given in the case; but we think those which require discussion are disposed of by what we shall say in regard to instructions numbered 1 and 17 and another numbered 3 given at the request of Brooks and over Hodge\u2019s objection. Instruction numbered 1 reads as follows: \u201cYou are instructed that, in order for-the plaintiff to maintain this action against the defendant, the burden devolves upon the plaintiff to show by a preponderance of the testimony that the defendant in this case wrongfully and wilfully .attempted to alienate the affections of the plaintiff\u2019s wife, and that he wrongfully and wilfully attempted to deprive the plaintiff of his wife\u2019s society, and that such attempt was successful, and that this plaintiff was not a consenting party to such acts or conduct of the defendant by which plaintiff claims that the defendant alienated his wife\u2019s affections with.\u201d Hodge objected to this instruction generally and specifically \u201cbecause the use of the word \u2018wilfully\u2019 and the words \u2018wrongfully and wilfully\u2019 would or might be misleading to the jury, and because the law gives relief in cases of this kind if the affections are alienated culpably, though not wilfuly and wrongfully.\u201d\nInstruction numbered 17 reads as follows: \u201cYou are instructed that, before the plaintiff can recover in this cause, he is required to establish all the allegations of his case by a preponderance or greater weight of the evidence. Your verdict in this case must be based upon legal evidence submitted to you and not upon guesswork or conjecture. And if, after hearing .all the evidence in the case, you are not satisfied by the preponderance or greater weight of the evidence that the acts of the defendant as alleged in the complaint are true, or that the defendant wilfully and in bad faith to the plaintiff alienated plaintiff\u2019s wife\u2019s affections, your verdict should be for the defendant.\u201d Hodge objected to this instruction generally and specifically \u201cbecause it justifies a recovery notwithstanding the defendant may have alienated the affections of plaintiff\u2019s wife, providing he did not do so in bad faith, even though the jury might find that he did so wilfully and wrongfully. Also because the words \u2018wilfully\u2019 and \u2018wrongfully\u2019 as used in the instruction require a more flagrant case- of alienation than the law calls for; also for the reasons stated in plaintiff\u2019s objections to instruction No. 1 given for the defendant.\u201d\nWe think no error was committed in giving the instructions set out above. No specific objection was made to the use of the words \u201cbad faith,\u201d and we think they were used in the instruction in the same sense as were the words wilfully and wrongfully. Hodge was not'required to show, to sustain his cause of action, that Brooks entertained any personal ill-will or malice towards him; but we do not think- the instructions imposed that requirement. They did require that Brooks\u2019 conduct towards Mrs. Hodge should have been prompted by the conscious purpose of winning away from Hodge the consortium of his wife.\nIn the case of Boland v. Stanley, 88 Ark. 562, this court said: \u201cThe loss of what is termed in law \u2018consortium,\u2019 that is, the society, -companionship, conjugal affections, fellowship, and assistance of the wife, is the principal basis for actions of this kind,\u201d that is, actions for alienating the affections of one\u2019s wife. In the same ease it was also said: \u201cWhoever invades the hallowed precincts of a home, and, without justifiable cause, by any means whatsoever severs the sacred tie that binds husband and wife, alienating her affections from him, and depriving him of the aid, comfort and happiness of a loyal union between them, is liable in civil damages for his wrongful conduct. Rogers, Dom. Rel., \u00a7 177; Schouler\u2019s Dom. Rel., \u00a7 41; Tiffany, Per. & Dom. Rel. 74; 15 Am. & Eng. Enc. Law, 862. In such cases whether or not there were malevolent or improper motives is always a material consideration.\u201d\nWithout so intending, one might acquire or lose another\u2019s affections. The defense here interposed was that, by his own neglect, Hodge had lost the consortium of his wife, and several members of her family so testified. It was also denied that Brooks had won the affections of Mrs. Hodge; and it was further asserted that, if such was the case, there had been no conscious purpose so to do.\nThe thing forbidden and made actionable is the entry of a home by a wrongdoer and the consequent loss of consortium by the injured spouse; and it does not matter whether this entry is by physical violence or subtle influence; but it is essential that there should be a conscious purpose to do a wrongful act. One who does this has acted wilfully and wrongfully and in bad faith to the injured spouse, and is liable to respond in damages therefor.\nWhat we understand to be a correct statement of the rule in such cases is found at section 515 of the article on Husband and Wife in 13 R. C. L. p. 1466, where it is said: \u201cAs a general rule an intentional alienation or enticing away must be shown, and it may be laid down as a general rule, where there is no element of seduction or adultery, that a defendant in an action for alienation of affections is not liable unless he acted maliciously or from improper motives implying malice in law,whether he is a parent of or a stranger to the plaintiff\u2019s spouse. While it is true that, as is hereinafter shown, it requires more evidence to establish malice on the part of a parent than is necessary in the case of a stranger, this difference is an evidential one merely.\u201d\nAmong the annotated cases cited in the note to this section is our case of Boland v. Stanley, supra, which is annotated in 129 Am. St. Rep. 114.\nOther instructions objected to, including No. 3, mentioned above, declared the law to be that if the affections of Mrs. Hodge \u201cwere alienated either by Hodge himself, or Ms conduct, or by any other act, except the wrongful acts of the defendant,\u201d the defendant was not liable. One is, of course, responsible only for the effects of his own conduct, and the instructions are not questioned as correct declarations of the law, but they are said to be abstract. We tMnk it appears, from the very general statement we have made of the issues of the case, that instruction numbered three and others of similar purport are not abstract.\nUpon a consideration of the whole case, we find no prejudicial error, and the judgment is affirmed.",
        "type": "majority",
        "author": "Smith, J."
      }
    ],
    "attorneys": [
      "W. P. Feasel and W. G. Rodgers, for appellant.",
      "Steve Garrigcm, for appellee."
    ],
    "corrections": "",
    "head_matter": "Hodge v. Brooks.\nOpinion delivered April 17, 1922.\n1. Appeal and error \u2014 improper evidence \u2014 invited error. \u2014 In an action for alienating the affections of plaintiff\u2019s wife, where plaintiff, as part of his case in chief, offered testimony that plaintiff\u2019s credit was good, which testimony plaintiff announced was in rebuttal and offered at that time because the witness was called away, the error, if any, in admitting plaintiff\u2019s evidence that plaintiff's credit was bad and that he did not pay his bills was invited, and does not call for a reversal, especially where the court charged the jury not to consider the plaintiff\u2019s ability to pay his bills.\n2. Husband and wife \u2014 alienation of affections \u2014 ill will. \u2014 An instruction in an action for alienating the affections of plaintiff\u2019s wife that plaintiff must show that defendant \u201cwrongfully and wilfully\u201d alienated the affections of plaintiff\u2019s wife was proper.\n3. Husband and wife \u2014 alienat\u00edon of affections. \u2014 In an action for alienating the affections of plaintiff\u2019s wife, it is essential that plaintiff prove that there should have been a conscious purpose on defendant\u2019s part to do a wrongful act.\n4. Husband and wife \u2014 alienation of affections \u2014 liability.\u2014An instruction, in an action for alienating a wife\u2019s affections, that defendant was not liable if the affections of plaintiff\u2019s wife were alienated by plaintiff\u2019s acts was called for by evidence on defendant\u2019s behalf that plaintiff\u2019s wife left him because of his neglect in failing to furnish proper support.\nAppeal from Howard Circuit Court; A. P. Steel, special judge;\naffirmed.\nW. P. Feasel and W. G. Rodgers, for appellant.\n1. The court in its instructions 1 and 17 placed a greater burden on the plaintiff than is required by law in such cases. Neither were they justified by the allegations of the complaint. 88 Ark. 562; 89 Ind. 118, 127; 61 Ala 9, 11; 6 Wyo. 419; 45 Pac. 1073; 88 Mich. 633; 48 Minn. 466.\n2. The court erred in admitting, over plaintiff\u2019s objections, testimony introduced by defendant to show plaintiff\u2019s financial condition and in instructing the jury that they could only consider the same as tending to show facts that might have caused the separation or loss of affections. 3 Ind. App. 232. Since the court later did instruct the jury that they could not consider plaintiff\u2019s poverty or his want of ability to pay his debts, etc., this amounted to a conflict in instructions justifying reversal. 123 Ark. 594, 600.\n3. It was not necessary to prove any particular sum as damages, in order to recover. Proof of alienation of the wife\u2019s affections and the breaking up of the home, was sufficient. 88 Ark. 562.\nSteve Garrigcm, for appellee.\n1. There is no error in the instruction complained of. The word \u201cwilfully\u201d as used therein is proper. Rodgers on Dom. Relations, \u00a7 177; 45 S. W. 652; 13 R. C. L., \u00a7 513; 75 N. W. 101; 40 N. Y. 390-; 45 Fed. 319. The use of the word \u201cwilful\u201d in a civil action and instruction does not carry with it the meaning of \u201cmalice.\u201d 1 Bishop, Crim. Law, \u00a7 428; Webster\u2019s New Inti Diet., \u201cWilful\u201d; 162 Fed. 556; 91 N. W. 904; 109 S. W. 1047; 91 S. W. 1123; 79 Id. 1111; 181 Mo. 192; 92 S. W. 674; 194 Mo. 377; 92 S. W. 684; 194 Mo. 717; 98 S. W. 2; 200 Mo. 1; 84 S. W. 984, 186 Mo. 174; 64 Atl. 194.\n2. The gist of the action is the loss, without justifiable cause, of the comfort, society and services of the wife. If plaintiff\u2019s loss in this case was caused by the voluntary act of the wife, upon justifiable cause, he cannot recover. If the loss was caused by the acts or persuasions of the defendant without any real cause, and in bad faith towards the plaintiff, he may recover; but the burden is on him to prove these facts. 40 N. Y. 390 ; 48 S. W. 601."
  },
  "file_name": "0222-01",
  "first_page_order": 250,
  "last_page_order": 257
}
