{
  "id": 1357218,
  "name": "Wood v. State",
  "name_abbreviation": "Wood v. State",
  "decision_date": "1923-03-12",
  "docket_number": "",
  "first_page": "503",
  "last_page": "509",
  "citations": [
    {
      "type": "official",
      "cite": "157 Ark. 503"
    }
  ],
  "court": {
    "name_abbreviation": "Ark.",
    "id": 8808,
    "name": "Arkansas Supreme Court"
  },
  "jurisdiction": {
    "id": 34,
    "name_long": "Arkansas",
    "name": "Ark."
  },
  "cites_to": [
    {
      "cite": "152 Ark. 69",
      "category": "reporters:state",
      "reporter": "Ark.",
      "opinion_index": -1
    },
    {
      "cite": "148 Ark. 421",
      "category": "reporters:state",
      "reporter": "Ark.",
      "case_ids": [
        8720832
      ],
      "opinion_index": -1,
      "case_paths": [
        "/ark/148/0421-01"
      ]
    },
    {
      "cite": "144 Ark. 564",
      "category": "reporters:state",
      "reporter": "Ark.",
      "case_ids": [
        1588007
      ],
      "opinion_index": -1,
      "case_paths": [
        "/ark/144/0564-01"
      ]
    },
    {
      "cite": "136 Ark. 562",
      "category": "reporters:state",
      "reporter": "Ark.",
      "case_ids": [
        1569930
      ],
      "opinion_index": -1,
      "case_paths": [
        "/ark/136/0562-01"
      ]
    },
    {
      "cite": "4 Ark. 59",
      "category": "reporters:state",
      "reporter": "Ark.",
      "opinion_index": -1
    },
    {
      "cite": "77 Ark. 428",
      "category": "reporters:state",
      "reporter": "Ark.",
      "opinion_index": -1
    },
    {
      "cite": "32 Ark. 203",
      "category": "reporters:state",
      "reporter": "Ark.",
      "case_ids": [
        1877184
      ],
      "opinion_index": -1,
      "case_paths": [
        "/ark/32/0203-01"
      ]
    },
    {
      "cite": "4 Ark. 56",
      "category": "reporters:state",
      "reporter": "Ark.",
      "case_ids": [
        8728296
      ],
      "opinion_index": -1,
      "case_paths": [
        "/ark/4/0056-01"
      ]
    },
    {
      "cite": "33 Ark. 174",
      "category": "reporters:state",
      "reporter": "Ark.",
      "case_ids": [
        8722763
      ],
      "opinion_index": -1,
      "case_paths": [
        "/ark/33/0174-01"
      ]
    },
    {
      "cite": "117 N. E. 337",
      "category": "reporters:state_regional",
      "reporter": "N.E.",
      "opinion_index": -1
    },
    {
      "cite": "128 N. Y. S. 996",
      "category": "reporters:state",
      "reporter": "N.Y.S.",
      "case_ids": [
        7669612
      ],
      "opinion_index": -1,
      "case_paths": [
        "/nys/128/0996-01"
      ]
    },
    {
      "cite": "200 S. W. 167",
      "category": "reporters:state_regional",
      "reporter": "S.W.",
      "case_ids": [
        8251297
      ],
      "opinion_index": -1,
      "case_paths": [
        "/sw/200/0167-01"
      ]
    },
    {
      "cite": "142 U. S. 450",
      "category": "reporters:federal",
      "reporter": "U.S.",
      "case_ids": [
        3557440
      ],
      "opinion_index": -1,
      "case_paths": [
        "/us/142/0450-01"
      ]
    },
    {
      "cite": "82 N. Y. Supp. 749",
      "category": "reporters:state",
      "reporter": "N.Y.S.",
      "case_ids": [
        7692541
      ],
      "opinion_index": -1,
      "case_paths": [
        "/nys/82/0749-01"
      ]
    },
    {
      "cite": "84 App. Div. 318",
      "category": "reporters:state",
      "reporter": "A.D.",
      "case_ids": [
        1187086
      ],
      "opinion_index": -1,
      "case_paths": [
        "/ny-crim/17/0385-01"
      ]
    },
    {
      "cite": "152 Ark. 218",
      "category": "reporters:state",
      "reporter": "Ark.",
      "case_ids": [
        1364109
      ],
      "weight": 2,
      "opinion_index": -1,
      "case_paths": [
        "/ark/152/0218-01"
      ]
    },
    {
      "cite": "80 Am. Dec. 95",
      "category": "reporters:federal",
      "reporter": "Am. Dec.",
      "opinion_index": -1
    },
    {
      "cite": "91 Ark. 5",
      "category": "reporters:state",
      "reporter": "Ark.",
      "case_ids": [
        1511829
      ],
      "weight": 2,
      "opinion_index": -1,
      "case_paths": [
        "/ark/91/0005-01"
      ]
    },
    {
      "cite": "59 Ark. 442",
      "category": "reporters:state",
      "reporter": "Ark.",
      "opinion_index": -1
    },
    {
      "cite": "149 Ark. 387",
      "category": "reporters:state",
      "reporter": "Ark.",
      "case_ids": [
        8719995
      ],
      "opinion_index": -1,
      "case_paths": [
        "/ark/149/0387-01"
      ]
    },
    {
      "cite": "135 Ark. 243",
      "category": "reporters:state",
      "reporter": "Ark.",
      "case_ids": [
        1571523
      ],
      "opinion_index": -1,
      "case_paths": [
        "/ark/135/0243-01"
      ]
    },
    {
      "cite": "140 Ark. 46",
      "category": "reporters:state",
      "reporter": "Ark.",
      "case_ids": [
        1594448
      ],
      "opinion_index": -1,
      "case_paths": [
        "/ark/140/0046-01"
      ]
    },
    {
      "cite": "143 Ark. 364",
      "category": "reporters:state",
      "reporter": "Ark.",
      "case_ids": [
        1589405
      ],
      "opinion_index": 0,
      "case_paths": [
        "/ark/143/0364-01"
      ]
    },
    {
      "cite": "88 Ark. 451",
      "category": "reporters:state",
      "reporter": "Ark.",
      "case_ids": [
        1517108
      ],
      "opinion_index": 0,
      "case_paths": [
        "/ark/88/0451-01"
      ]
    },
    {
      "cite": "156 Ark. 9",
      "category": "reporters:state",
      "reporter": "Ark.",
      "case_ids": [
        1358466
      ],
      "opinion_index": 0,
      "case_paths": [
        "/ark/156/0009-01"
      ]
    },
    {
      "cite": "59 Ark. 423",
      "category": "reporters:state",
      "reporter": "Ark.",
      "opinion_index": 0
    },
    {
      "cite": "151 Ark. 338",
      "category": "reporters:state",
      "reporter": "Ark.",
      "case_ids": [
        1366084
      ],
      "opinion_index": 0,
      "case_paths": [
        "/ark/151/0338-01"
      ]
    }
  ],
  "analysis": {
    "cardinality": 663,
    "char_count": 13362,
    "ocr_confidence": 0.495,
    "pagerank": {
      "raw": 1.2771269445502335e-07,
      "percentile": 0.6161144916170789
    },
    "sha256": "bfa8234e2c8c06b5e5b4d2ffa9444ba7000e9b8d7a60d7cb1ac5129de81ddc89",
    "simhash": "1:ae6b2871d6ccf792",
    "word_count": 2305
  },
  "last_updated": "2024-02-27T20:13:54.858580+00:00",
  "provenance": {
    "date_added": "2019-08-29",
    "source": "Harvard",
    "batch": "2018"
  },
  "casebody": {
    "judges": [],
    "parties": [
      "Wood v. State."
    ],
    "opinions": [
      {
        "text": "Smith, J.\nAppellant was arraigned on an indictment containing two counts. The first count charged that he had robbed E. J. Mason. The second count charged that Jim Wise had robbed Mason, and that-defendant had concealed the crime and had harbored and protected the criminal, thereby becoming an accessory after the-fact.\nThere was a demurrer to the indictment, and a motion to require the. State to elect, both of which were overruled, and exceptions saved. The testimony was directed entirely to an effort to prove the allegations of the first count, and no testimony- was offered in support of the second count. At the conclusion of all the testimony, and upon the submission of tlie case to the jury, an instruction was given in which the jury was advised that the State elected to stand on the first count alone, and did not ask a conviction upon the second count. Defendant was found guilty on the first count, and his sentence fixed at five years in the penitentiary. He thereafter filed a motion in arrest of judgment, in which he again called into question the sufficiency of the indictment, because it contained the two counts.\nThese counts should not have been joined, and the court should, at the beginning of the trial, have compelled the State to elect, because the offenses charged are not the same, and there is no statute authorizing them to be joined. One may be charged with having committed a crime hims\u00e9lf, and as being an accessory before the fact to its commission, in different counts of the same indictment, and no election in such cases will be required; but this is true because the crime charged is the same, and the counts merely allege different methods by which it was committed. Harper v. State, 151 Ark. 338; Gill v. State, 59 Ark. 423.\nWhen one becomes an accessory after the fact, a second crime is committed. It is a crime which is committed by one who has full knowledge that a first crime has been committed, and who, with such knowledge, conceals it from the magistrate, or harbors and protects the person charged with, or found guilty of, the crime. Sec. 2310, C. & M. Digest; Joyce on Indictments, \u00a7 394.\nBut, inasmuch as no testimony was offered in support of the second count, and the jury was instructed to consider only the question of defendant\u2019s guilt of the first count, no prejudice resulted, and the motion in arrest of judgment was properly overruled.\nDefendant assigns as error the action of the- trial court in admitting, over his objection, the testimony of Charles Craig, chief of police of Jonesboro, as to an arrest of defendant on a charge of robbery occurring in April, 1922, five months previous to the robbery of Mason, and detailing a conversation he had with defendant while he had him under arrest. Craig testified that while he had defendant under arrest he searched his room, and found an old hat, doubled up in the pocket of a coat, which defendant admitted was his. He also found a mask in one of the pockets of the coat, and a pistol'under the pillow on the bed, and in the pocket of one of the doors of defendant\u2019s automobile he- found a sandbag, but defendant denied knowing that the sandbag was in the car. Craig further testified that a sandbag was an instrument used by hold-up men in cases of robbery, the victim being struck with it and rendered unconscious without being killed. Craig exhibited to the jury the hat, mask and sandbag* referred to.\nWe think no testimony should have been admitted in reg\u2019ard to the commission of the first robbery, as there was no relation whatever between it and the robbery of Mason; and the majority think, for the same reason, that testimony should not have been admitted in regard to the hat, mask and sandbag.\nIn 23 R. C. L., p. 1157, it is said: \u201cOn the trial of one indicted for robbery, as in the case of other criminal prosecutions, the general rule is that evidence is not admissible which shows, or tends to show, that the accused has committed a crime wholly independent of the offense for which he is on trial. Under this rule, therefore, evidence of another separate and distinct robbery, committed the preceding night, by the defendant u-pon another person, in the same neighborhood, in much the same way, is not admissible in evidence against one who is being* tried for robbing a pedestrian on the street in a city by pointing* a pistol at him. Such is not an exception to the.rule that evidence of matters other than those charged in the information are inadmissible. It is only when the testimony as to the separate offense will have some tendency to prove the offense charged in the information that it is admissible. It must therefore have' some logical connection with the offense charged.\u201d\nIn the opixxioxx of the writer, the testimoxxy about fixxdixxg the mask axxd sandbag was competent, for the reasoxx that the instrumexxts mexitioxxed are those of crimixxals, used ixx the commission of crime, axxd proof of their possessioxx tended to show that defexxdant was equipped axxd prepared to commit the crime charged. It was a circumstaxxce of probative value on the question of idexxtity, ixxasxnuch as the defexxse offered was that defexxdaixt had xxot beexx sufficiently idexxtified as the robber, the robbers being masked at. the time the crime was committed, although there was no proof that a saxxdbag had beexx used in robbixxg Masoxi.\nIxx admitting the testimoxxy of Craig, the prosecutixxg attorxxey said he would ask the couxd to instruct the jury that it was to be eoxxsidered for xxo purpose unless the jury fouxxd that these articles were possessed by dcfexxdaxxt for the purpose of robbeiy, axxd uxxless they further fouxxd that they had somethixxg to do with the robbeiy at Jonesboro about which Craig had testified, and the court limited the testimony as requested. But, as thus limited, it was not rendered competent, for the consideration of the testimory involved a determination by the jury of the question whether defendant had anything to do with the robbery at Jonesboro, a circumstance which the State had no right to prove for any purpose.\nThe court permitted the State to introduce and examine Ed Carey, whose name was not indorsed on the indictment. We considered this question in the recent case of Cole v. State, 156 Ark. 9, and held that the court should, on the application of the accused, require the State to indorse the names of the witnesses on the indictment, or to furnish the accused a list thereof. In that case, as in this, there was xxo showing that the witness in question had testified before the grand jury, and we held that \u00a7 3010, C. & M. Digest (the statute requiring the names of witnesses examined before the grand jury t\u00f3 be indorsed on the indictment) was directory, and in this case, as in that, no effort was made to show that the witness in question introduced any issue of fact which took the defendant by surprise. .\nThe court permitted Craig to testify that when Mason returned to Jonesboro, where he lived, Mason told him he recognized defendant, who also lived in Jonesboro, as one of the men who had robbed him. This was error. In the case of Rogers v. State, 88 Ark. 451, the syllabus reads as follows: \u201cIn a prosecution for robbery the prosecuting witness cannot be corroborated by proof that, two hours after the robbery, lie stated to a police officer that defendant committed the robbery, nor is such testimony admissible as part of res gestae.\u201d\nAn instruction was asked on the subject of the sufficiency of testimony to support a conviction where the State relied wholly on circumstantial evidence to secure the conviction, but the court refused to give it, and an exception was saved. A sufficient reason for refusing to give this instruction was that the State did not rely wholly on circumstantial evidence. Nordin v. State, 143 Ark. 364.\nFor the errors indicated the judgment will be reversed and the cause remanded for a new trial.",
        "type": "majority",
        "author": "Smith, J."
      }
    ],
    "attorneys": [
      "M. P. Huddleston, for appellant.",
      "J. S. Utley, Attorney General, and Elbert Godwin and Wm. T. Hammock, Assistants, for appellee."
    ],
    "corrections": "",
    "head_matter": "Wood v. State.\nOpinion delivered March 12, 1923.\n1. Indictment and information \u2014 duplicity\u2014election between COUNTS. \u2014 While one may in separate counts be charged with a crime and with being accessory before the fact thereto, in which case no election by the State is necessary, the rule is different where separate counts charge one with committing a crime and with being an- accessory after the fact, in which case the State should be required to make an election between them.\n2. Criminal law \u2014 election between counts. \u2014 Where no testimony was offered in support of a count charging defendant with being an accessory after the fact, and the jury were instructed to consider only the question of his guilt of the crime charged in another count, no prejudice resulted from the court\u2019s refusal to compel the State to elect between the counts, and a motion in arrest of judgment was properly overruled.\n3. Criminal law \u2014 evidence of similar offense. \u2014 In a prosecution for robbery, a police officer\u2019s testimony as to defendant\u2019s arrest on a charge of robbery occurring 5 months previously, also as to a conversation with defendant while under arrest, and as to a search of his room and automobile, in which a mask, pistol and sandbag belonging to him were found, was incompetent, though the court instructed the jury not to consider such testimony unless they found that such articles were possessed by defendant for the purpose of robbery and had something to do with the robbery about which the witness testified.\n4. Criminal law \u2014 indorsement of witness\u2019 name on indictment, \u2014 Refusal to require the State to indorse the name of a witness on the indictment, as required by Crawford & Moses\u2019 Dig., \u00a7 3010, is not error where it does not appear that he testified before the grand jury or introduced any issue of fact which took defendant by surprise.\n5. . Criminal law \u2014 hearsay\u2014corroboration, op witness. \u2014 In a prosecution for robbery the prosecuting witness cannot be- corroborated by proof that after the robbery he told a police officer that he recognized defendant as one of the men who robbed him.\n6. Criminal law \u2014 instruction as to circumstantial evidence. \u2014 Where the State did not rely wholly on circumstantial evidence, an instruction as to the sufficiency of testimony to support a conviction on such evidence was properly refused.\nAppeal from Mississippi Circuit Court, Chiekasawba District; R. E. L. Johnson, Judge;\nreversed.\nM. P. Huddleston, for appellant.\nDemurrer readies defect of misjoinder. Sec. 3066, C. and M. Digest. Harris v. State, 140 Ark. 46, overruling Gramlich v. State, 135 Ark. 243; Cox v. State, 149 Ark. 387. Accessory -after fact separate offense. Gill v. State, 59 Ark. 442; 12 Cyc. 192. State v. Jones, 91 Ark. 5; Barrel v. State, 80 Am. Dec. 95. Evidence inadmissible which shows -accused has -committed a crime wholly independent -of one for which he is on -trial. 23 E. C. L. 1157-8, \u00a7 24; Johnson v. State, 152 Ark. 218, 1937 L. E. A. D. 383 note; 10 E. C. L. 939, 940; People v. Romano, 84 App. Div. 318, 17 N. Y. Crian. Eep. 385, 82 N. Y. Supp. 749. Not admissible to show identity of accused. Boyd v. United States, 142 U. S. 450; 35 L. ed. 1077; Lancaster v. State (24), 200 S. W. 167, 3 A. L. E. 1533, note. Evidence that burglars\u2019 tools were found on accused when arrested not admissible, it not appearing they were used in commission of offense charged, nor of stolen property when. People v. San-some, 24 P-ac. (Cal.) 143; Williams v. State, 71 N. W. (Neb.) 729; State v. Sullivan, 17 A. L. E. (Idaho), 907. See also Miller v. State (Okla.), L. E. A. 1917-D', p. 383; People v. Molineaux, 62 L. E. A. 193; People v. Fitzsimmons, 128 N. Y. S. 996; Com. v. Coyne, 3 A. L. E. 1209 (Mass.), 117 N. E. 337; Williams v. U. S., .42 L. ed. 514. Witness incompetent where name not indorsed -as indictment. Sec. 3010, C. & M. Digest; State v. Johnson, 33 Ark. 174. Not corroborated by showing former statement. Testimony not sufficient to convict. State v. Campbell, 29 N. W. (Iowa) 604; People v. Fitzsimmons, 128 N. T. Supp. 996.\nJ. S. Utley, Attorney General, and Elbert Godwin and Wm. T. Hammock, Assistants, for appellee.\nIndictment not void. Conceding two separate offenses charged misjoinder. Baker v. State, 4 Ark. 56; State v. Jourclan, 32 Ark. 203. Good on either count, standing -.alone. Crawford & Moses\u2019 Digest, \u00a7\u00a7 2410, 2310. State v. Jones, 91 Ark. 5. No error committed in overruling motion to quash. Demurrer' .and motion properly treated as motion to require election. Tnoe v. State, 77 Ark. 428. Testimony all directed to proof of first count, and no prejudice resulted, even if misjoinder, which there was not; the two offenses grew out of same transaction, and could be charged in separate counts of one indictment. Baker v. State, 4 Ark. 59; \u00a7 2313, Crawford & Moses\u2019 Digest; Ince v. State, \u2019ll Ark. 426. Testimony of witnesses relative to previous arrest of defendant on similar charge, and certain wearing apparel, coat, hat, mask and sandbag found in his possession, properly limited by court\u2019s instructions. Parker v. State, 136 Ark. 562; Nettle v. State, 144 Ark. 564; Blumenstiel v. State, 148 Ark. 421; Cain v. State, 149 Ark. -619; Casteel v. State, 152 Ark. 69; Johnson v. State, 152 Ark. 218. No error in allowing witness to testify, though name not indorsed on indictment, nor in instructions given, and the testimony is sufficient to sup-. port verdict."
  },
  "file_name": "0503-01",
  "first_page_order": 525,
  "last_page_order": 531
}
