{
  "id": 1543424,
  "name": "WINGFIELD v. STATE",
  "name_abbreviation": "Wingfield v. State",
  "decision_date": "1910-05-09",
  "docket_number": "",
  "first_page": "71",
  "last_page": "74",
  "citations": [
    {
      "type": "official",
      "cite": "95 Ark. 71"
    }
  ],
  "court": {
    "name_abbreviation": "Ark.",
    "id": 8808,
    "name": "Arkansas Supreme Court"
  },
  "jurisdiction": {
    "id": 34,
    "name_long": "Arkansas",
    "name": "Ark."
  },
  "cites_to": [
    {
      "cite": "45 Ark. 348",
      "category": "reporters:state",
      "reporter": "Ark.",
      "opinion_index": -1
    },
    {
      "cite": "90 Ark. 161",
      "category": "reporters:state",
      "reporter": "Ark.",
      "case_ids": [
        1513808
      ],
      "opinion_index": -1,
      "case_paths": [
        "/ark/90/0161-01"
      ]
    },
    {
      "cite": "66 Ark. 270",
      "category": "reporters:state",
      "reporter": "Ark.",
      "opinion_index": -1
    },
    {
      "cite": "72 Ark. 276",
      "category": "reporters:state",
      "reporter": "Ark.",
      "opinion_index": -1
    },
    {
      "cite": "122 S. W. 727",
      "category": "reporters:state_regional",
      "reporter": "S.W.",
      "opinion_index": -1
    },
    {
      "cite": "88 Ark. 579",
      "category": "reporters:state",
      "reporter": "Ark.",
      "case_ids": [
        1517130
      ],
      "opinion_index": -1,
      "case_paths": [
        "/ark/88/0579-01"
      ]
    },
    {
      "cite": "83 Ark. 268",
      "category": "reporters:state",
      "reporter": "Ark.",
      "case_ids": [
        1527158
      ],
      "opinion_index": -1,
      "case_paths": [
        "/ark/83/0268-01"
      ]
    },
    {
      "cite": "84 Ark. 292",
      "category": "reporters:state",
      "reporter": "Ark.",
      "case_ids": [
        1524368
      ],
      "opinion_index": -1,
      "case_paths": [
        "/ark/84/0292-01"
      ]
    },
    {
      "cite": "29 Ark. 223",
      "category": "reporters:state",
      "reporter": "Ark.",
      "opinion_index": -1
    },
    {
      "cite": "37 Ark. 519",
      "category": "reporters:state",
      "reporter": "Ark.",
      "case_ids": [
        1871006
      ],
      "opinion_index": -1,
      "case_paths": [
        "/ark/37/0519-01"
      ]
    },
    {
      "cite": "59 Ark. 132",
      "category": "reporters:state",
      "reporter": "Ark.",
      "case_ids": [
        1327665
      ],
      "opinion_index": -1,
      "case_paths": [
        "/ark/59/0132-01"
      ]
    },
    {
      "cite": "67 Ark. 266",
      "category": "reporters:state",
      "reporter": "Ark.",
      "case_ids": [
        1152585
      ],
      "opinion_index": -1,
      "case_paths": [
        "/ark/67/0266-01"
      ]
    },
    {
      "cite": "70 Ark. 224",
      "category": "reporters:state",
      "reporter": "Ark.",
      "opinion_index": -1
    },
    {
      "cite": "56 Ark. 594",
      "category": "reporters:state",
      "reporter": "Ark.",
      "case_ids": [
        1326165
      ],
      "opinion_index": -1,
      "case_paths": [
        "/ark/56/0594-01"
      ]
    },
    {
      "cite": "57 Ark. 1",
      "category": "reporters:state",
      "reporter": "Ark.",
      "case_ids": [
        1324615
      ],
      "opinion_index": -1,
      "case_paths": [
        "/ark/57/0001-01"
      ]
    },
    {
      "cite": "71 Ark. 577",
      "category": "reporters:state",
      "reporter": "Ark.",
      "case_ids": [
        1507771
      ],
      "opinion_index": -1,
      "case_paths": [
        "/ark/71/0577-01"
      ]
    },
    {
      "cite": "31 Wis. 615",
      "category": "reporters:state",
      "reporter": "Wis.",
      "opinion_index": -1
    },
    {
      "cite": "69 Ark. 626",
      "category": "reporters:state",
      "reporter": "Ark.",
      "case_ids": [
        8725723
      ],
      "opinion_index": -1,
      "case_paths": [
        "/ark/69/0626-01"
      ]
    },
    {
      "cite": "31 Ark. 196",
      "category": "reporters:state",
      "reporter": "Ark.",
      "case_ids": [
        1879288
      ],
      "opinion_index": -1,
      "case_paths": [
        "/ark/31/0196-01"
      ]
    },
    {
      "cite": "20 Cal. 69",
      "category": "reporters:state",
      "reporter": "Cal.",
      "case_ids": [
        2281234
      ],
      "opinion_index": -1,
      "case_paths": [
        "/cal/20/0069-01"
      ]
    },
    {
      "cite": "63 Ala. 97",
      "category": "reporters:state",
      "reporter": "Ala.",
      "case_ids": [
        905996
      ],
      "opinion_index": -1,
      "case_paths": [
        "/ala/63/0097-01"
      ]
    },
    {
      "cite": "82 Ark. 595",
      "category": "reporters:state",
      "reporter": "Ark.",
      "case_ids": [
        1529053
      ],
      "opinion_index": -1,
      "case_paths": [
        "/ark/82/0595-01"
      ]
    },
    {
      "cite": "87 Ark. 461",
      "category": "reporters:state",
      "reporter": "Ark.",
      "case_ids": [
        1519065
      ],
      "weight": 2,
      "opinion_index": -1,
      "case_paths": [
        "/ark/87/0461-01"
      ]
    },
    {
      "cite": "51 Miss. 447",
      "category": "reporters:state",
      "reporter": "Miss.",
      "case_ids": [
        1648848
      ],
      "opinion_index": 0,
      "case_paths": [
        "/miss/51/0447-01"
      ]
    },
    {
      "cite": "87 Ark. 459",
      "category": "reporters:state",
      "reporter": "Ark.",
      "case_ids": [
        1519075
      ],
      "opinion_index": 0,
      "case_paths": [
        "/ark/87/0459-01"
      ]
    },
    {
      "cite": "63 Ala. 97",
      "category": "reporters:state",
      "reporter": "Ala.",
      "case_ids": [
        905996
      ],
      "opinion_index": 0,
      "case_paths": [
        "/ala/63/0097-01"
      ]
    },
    {
      "cite": "87 Ark. 461",
      "category": "reporters:state",
      "reporter": "Ark.",
      "case_ids": [
        1519065
      ],
      "opinion_index": 0,
      "case_paths": [
        "/ark/87/0461-01"
      ]
    }
  ],
  "analysis": {
    "cardinality": 460,
    "char_count": 7641,
    "ocr_confidence": 0.691,
    "pagerank": {
      "raw": 2.402771861556652e-07,
      "percentile": 0.7990909894746759
    },
    "sha256": "3b27170c97153123774ed4683b1c055edb4518c9cf87f6ed8c85092cc0512ab5",
    "simhash": "1:b2a8d20722e61a81",
    "word_count": 1341
  },
  "last_updated": "2024-02-27T19:40:09.124685+00:00",
  "provenance": {
    "date_added": "2019-08-29",
    "source": "Harvard",
    "batch": "2018"
  },
  "casebody": {
    "judges": [],
    "parties": [
      "WINGFIELD v. STATE."
    ],
    "opinions": [
      {
        "text": "McCulloch, C. J.\nW. O. Wingfield was convicted of the crime of manslaughter, and appeals. Among other assignments of error, he shows that when the jury returned a verdict against him he requested the court to poll the jury, but that the court refused to do so. The statute, which is a part of the Code of Criminal Procedure, provides that, \u201cupon a verdict being rendered, the jury may be polled at the instance of either party, which consists of the clerk or judge asking each juror if it is his verdict, and if one answers in the negative the verdict cannot be received\u201d (Kirby\u2019s Digest, \u00a7 2419).\nThere seems to be some doubt whether defendant could, as a matter of right, in the absence of a statute expressly conferring that right, demand a polling of the jury, or - whether it rests in the discretion of the trial court. The authorities are conflicting on that question. But there can be no serious doubt that our statute on the subject was intended to be mandatory, and that it confers an absolute right, on demand, to have a jury polled.\nIn Alabama there is a statute on the subject reading as follows: \u201cWhen a verdict is rendered, and before it is recorded, the jury may be polled, on the requirement of either party, in which case they must be severally asked if it is their verdict, and, if .any answer in the negative, the jury must be sent out for further deliberation.\u201d The Supreme Court of that State decided that the statute is mandatory. Brown v. State, 63 Ala. 97.\nIf the statute is mandatory, it follows that the refusal to poll the jury was a prejudicial error, for it deprived the defendant of a substantial right to ascertain to a certainty from the individual expression of each juror whether or not the verdict reported by the foreman was concurred in by all.\nBut the circuit judge refused to certify this exception in the bill of exceptions, and defendant procured and filed within the time allowed the certificate of two bystanders attesting the truth of the exception as by him prepared. No controverting affidavits were filed by counsel for the State, and we must treat the exception\u2019 as having been properly taken and preserved. Smith v. State, 87 Ark. 459; Boone v. Holder, 87 Ark. 461.\nThe Attorney General insists that the cases cited above are wrong, and that we should overrule them, and accept the certificate of the trial judge, refusing the exception. We decline to overrule those decisions, for they represent the deliberate judgment of this court in construction of a statute prescribing a rule of practice on appeals to this court. Moreover, we are more fully convinced on further consideration of this question that those decisions are correct. The Legislature is entirely untrammeled by constitutional limitation in prescribing the mode in which exceptions to ruling of trial courts must be preserved in order to have them reviewed by the appellate court. No judicial act is involved in recording an exception, and the statute authorizing the attestation by bystanders of the truth of an exception is not unconstitutional, as contended by the Attorney General.\n\u201cThe object of a bill of exceptions,\u201d says the Supreme Court of Mississippi, in opinion by Judge Simrall, \u201cis to perpetuate, for the use of the appellate court, a full and complete history of what transpired on the trial, or so much as may be needed for the purpose of reviewing the proceedings. It is the creation originally of the statute of Westminster the 2d. The sole purpose is to certify to the court of review matters during the progress of the cause which are not noted in the record proper, and which in this mode becomes part of it. It is purely narrative and historical, and not judicial, except in the sense that it is the duty of the judge to sign and seal it. No judgment of the court is pronounced, it is a ministerial act, which by legislation could be committed to the clerk or other fit person.\u201d Vicksburg & M. R. R. Co. v. Ragsdale, 51 Miss. 447.\nThe statute makes it the duty of the trial judge, primarily, to sign the bill of exceptions prepared by the party if he conceives it to be true, or to correct it if he believes it to be incorrect. Then, \u201cif the party excepting is not satisfied with the correction, upon his procuring the signatures of two bystanders attesting the truth of his exceptions as by him prepared, the same shall be filed as a part of the record\u201d (Sec. 6226). When the trial judge allows the exception as presented to him by the party, his certificate of the fact is conclusive of the truth of the exception, and cannot be inquired into. But, if he refuses to allow it, then the statute points out another method of bringing the exception into the record \u2014 that is, by the certificate of two bystanders. The certificate of the bystanders is not conclusive when controverted; but it establishes the truth of the exception, and must be accepted by this court, unless controverted in the manner pointed out in the statute, which does not contemplate nor require the maintenance, by other affidavits, of the certifi-. cate of the bystanders unless controverted. The statute ought to provide for notice -to the adverse party of the filing of the certificate of bystanders, so as to give opportunity for controverting its truth. But this is a defect which must be corrected by the Legislature, if done at all. This court can only enforce the .statute, not change it.\nOther assignments of error need not be discussed. For the error in refusing to poll the jury, the judgment is reversed, and the cause is remanded for new trial.",
        "type": "majority",
        "author": "McCulloch, C. J."
      }
    ],
    "attorneys": [
      "Hamby & Haynie and Hardage & Wilson, for appellant.",
      "Hal L. Norwood, Attorney General, and W. H. Rector, Assistant, for appellee."
    ],
    "corrections": "",
    "head_matter": "WINGFIELD v. STATE.\nOpinion delivered May 9, 1910.\n1. Criminal law \u2014 right to have jury polled. \u2014 Kirby\u2019s Digest, \u00a7 2419, providing that, upon a verdict being rendered, the jury may be polled at the instance of either party, which consists of the clerk or judge asking each juror if it is his verdict, and if one answers in the negative the verdict cannot be received,- is mandatory and confers an absolute right, on demand, to have a jury polled. (Page 72.)\n2. Bill of exceptions \u2014 affidavits of bystanders \u2014 conclusiveness.\u2014A bill of exceptions as certified by the bystanders in accordance with Kirby\u2019s Digest, \u00a7 6226, in the absence of controverting affidavits, must be taken as representing the true state of facts, unless controverted by affidavit filed by the opposite side. Boone v. Holder, 87 Ark. 461, folio-wed. (Page 72.)\nAppeal from Clark Circuit Court; Jacob M Carter, Judge;\nreversed.\nHamby & Haynie and Hardage & Wilson, for appellant.\nThreats are admissible to show who was the probable aggressor in the difficulty. 82 Ark. 595. The jury should have been polled. Kirby\u2019s Dig. \u00a7 2419; Thompson on Trials, \u00a7 2632; 63 Ala. 97; 20 Cal. 69; 31 Ark. 196; 69 Ark. 626. Where the jury may be polled as of right, it is error to receive the verdict in the absence of defendant\u2019s counsel whereby the right is lost. 31 Wis. 615.\nHal L. Norwood, Attorney General, and W. H. Rector, Assistant, for appellee.\nIn filing a bill of exceptions proved by bystanders, the statute must be strictly complied with.' 71 Ark. 577; 57 Ark. 1; 56 Ark. 594. The case of Boone v. Holder, 87 Ark. 461, should be overruled. Appellant\u2019s effort to impeach the verdict of the jury by their affidavits is without authority of law. Kirby\u2019s Dig. \u00a7 2423; 70 Ark. 224; 67 Ark. 266; .59 Ark. 132; 37 Ark. 519; 29 Ark. 223; Bish; Crim. Pr-oc. 1170. The punishment should be reduced to the minimum and then affirmed. 84 Ark. 292; 83 Ark. 268; '88 Ark. 579; 122 S. W. 727; 72 Ark. 276; 66 Ark. 270. Instructions not set out in appellant\u2019s abstract are presumed to be correct. 90 Ark. 161; 45 Ark. 348."
  },
  "file_name": "0071-01",
  "first_page_order": 95,
  "last_page_order": 98
}
