{
  "id": 1872468,
  "name": "Jones v. Spencer",
  "name_abbreviation": "Jones v. Spencer",
  "decision_date": "1880-11",
  "docket_number": "",
  "first_page": "82",
  "last_page": "84",
  "citations": [
    {
      "type": "official",
      "cite": "36 Ark. 82"
    }
  ],
  "court": {
    "name_abbreviation": "Ark.",
    "id": 8808,
    "name": "Arkansas Supreme Court"
  },
  "jurisdiction": {
    "id": 34,
    "name_long": "Arkansas",
    "name": "Ark."
  },
  "cites_to": [
    {
      "cite": "28 Ark., 59",
      "category": "reporters:state",
      "reporter": "Ark.",
      "case_ids": [
        1884427
      ],
      "opinion_index": -1,
      "case_paths": [
        "/ark/28/0059-01"
      ]
    }
  ],
  "analysis": {
    "cardinality": 160,
    "char_count": 2753,
    "ocr_confidence": 0.447,
    "pagerank": {
      "raw": 9.400688716603777e-08,
      "percentile": 0.5157032321189382
    },
    "sha256": "d36ce47b55ff50eac37def4ae288298a831fbede65c2999d6c1dcba7e2086d94",
    "simhash": "1:acebfaac7c1af7c8",
    "word_count": 490
  },
  "last_updated": "2024-02-27T17:45:38.843571+00:00",
  "provenance": {
    "date_added": "2019-08-29",
    "source": "Harvard",
    "batch": "2018"
  },
  "casebody": {
    "judges": [],
    "parties": [
      "Jones v. Spencer."
    ],
    "opinions": [
      {
        "text": "Harrison, J.\nThis was a suit by specific attachment for rent of land, commenced before a justice of the peace.\nUpon motion of the defendant, the writ of attachment, which had been levied, was quashed; and upon the trial the justice found for the defendant, and he assessed his damages by reason of the attachment at twenty-five dollars ; for which sum and for his costs, judgment was rendered in his favor.\nThe plaintiff appealed to' the circuit court.\nIn the circuit court the trial upon the plaintiff\u2019s demand was by the court without a jury, and the finding was again in favor of the defendant, but no damages were assessed t or awarded him; and judgment was rendered for him for his costs in the justice\u2019s court only.\nThe defendant appealed to this court.\nIt is insisted that he was entitled to costs in both courts.\nSection 932, Gantt\u2019s Digest, is as follows :\n\u201cWhen an appeal shall be taken from a judgment of a justice of the peace in favor of the appellee, cost shall be adjudged in the following cases:\n\u201c First. If, on the trial de novo, the appellee shall recover as much or more than the amount of the judgment, or, if judgment be affirmed, the appellant shall pay all the costs.\n\u201c Second. If the judgment in the circuit court shall be in favor of the appellant, the appellee shall pay the costs of both courts.\n\u201c Third. If the appellant shall, at any time before his appeal is perfected, tender and offer to pay to the appellee any portion of the judgment, which shall not be accepted in satisfaction, and the appellee shall not, in the appellate court, recover more than the amount so tendered and refused, he shall pay the'costs of the appellate court.\n\u201cFourth; If no such tender shall have been made, and the appellee recover any sum in the appellate court, or if, after such tender and refusal, the appellee shall recover more than the amount tendered, the appellant shall pay the costs in both courts.\u201d\nThough the plaintiff, who was the appellant in that court, did not recover in the suit or upon his demand in the circuit court, he was, however, the prevailing party upon the appeal, and the judgment was, in fact, in his favor, for the defendant, the appellee there, did not recover, as he did in the justice\u2019s court, any damages. The defendant was not, therefore, entitled to recover his costs in the circuit court or upon the appeal.\nAffirmed.",
        "type": "majority",
        "author": "Harrison, J."
      }
    ],
    "attorneys": [],
    "corrections": "",
    "head_matter": "Jones v. Spencer.\nCost in Circuit Court : On appeals from justices of the peace.\nIf in an appeal to the circuit court, the appellee recover less than he recovered in the justice\u2019s court, he must pay the cost in the circuit court.\nAPPEAL from Marion Circuit Court.\nlion. J. II. Berry, Circuit Judge.\nThe appellant cited 28 Ark., 59; 28 ib., 466; Gantt's Digest, p. 283, secs. 932 and 33."
  },
  "file_name": "0082-01",
  "first_page_order": 80,
  "last_page_order": 82
}
