{
  "id": 1872360,
  "name": "Marre v. The State",
  "name_abbreviation": "Marre v. State",
  "decision_date": "1880-11",
  "docket_number": "",
  "first_page": "222",
  "last_page": "227",
  "citations": [
    {
      "type": "official",
      "cite": "36 Ark. 222"
    }
  ],
  "court": {
    "name_abbreviation": "Ark.",
    "id": 8808,
    "name": "Arkansas Supreme Court"
  },
  "jurisdiction": {
    "id": 34,
    "name_long": "Arkansas",
    "name": "Ark."
  },
  "cites_to": [
    {
      "cite": "29 Ark., 299",
      "category": "reporters:state",
      "reporter": "Ark.",
      "case_ids": [
        1882924
      ],
      "opinion_index": 0,
      "case_paths": [
        "/ark/29/0299-01"
      ]
    },
    {
      "cite": "11 Gray, 308",
      "category": "reporters:state",
      "reporter": "Gray",
      "case_ids": [
        2084706
      ],
      "opinion_index": 0,
      "case_paths": [
        "/mass/77/0308-01"
      ]
    },
    {
      "cite": "10 Ark., 259",
      "category": "reporters:state",
      "reporter": "Ark.",
      "case_ids": [
        8727618
      ],
      "opinion_index": 0,
      "case_paths": [
        "/ark/10/0259-01"
      ]
    }
  ],
  "analysis": {
    "cardinality": 436,
    "char_count": 9466,
    "ocr_confidence": 0.426,
    "pagerank": {
      "raw": 4.6097364869866007e-07,
      "percentile": 0.9261765840402278
    },
    "sha256": "9e12d060e73a1209bec213e851dda18f446163732b9f7c6e08bd7880b28c65ad",
    "simhash": "1:86f873309233197a",
    "word_count": 1633
  },
  "last_updated": "2024-02-27T17:45:38.843571+00:00",
  "provenance": {
    "date_added": "2019-08-29",
    "source": "Harvard",
    "batch": "2018"
  },
  "casebody": {
    "judges": [],
    "parties": [
      "Marre v. The State."
    ],
    "opinions": [
      {
        "text": "English, C. J.\nThe appellant, Angelo Marre, was prosecuted, convicted, and fined $10, before Justice Howe, of Little Rock, for Sabbath-breaking; appealed to the circuit court Of Pulaski county, where he was again tried by jury; found guilty; fined $10; filed motions in arrest of judgment, and for a new trial, which were overruled, and he took a bill of exceptions, and appealed to this court.\nThe transcript of Justice Howe, filed in the circuit court, on appeal to that court, shows, that on the ninth of June, 1879, Thomas C. Trimble, prosecuting attorney, appeared before him, and,\u2019 by affidavit, charged Angelo Marre with the crime of Sabbath-breaking; whereupon a warrant was issued for his arrest, and on the next day he was brought, by the constable, before the justice; and, on motion of defendant, the case was continued to the twelfth of June, and on that day again continued to the thirteenth, when the state, by the prosecuting attorney, and defendant in person, and by attorney, appeared, and both parties announcing themselves ready for trial, the justice, after hearing the evidence introduced, etc.,' found the defendant guilty, as charged, and fined him $10, etc.\nNeither the affidavit, nor the warrant on which defendant was arrested, appears in the transcript of the justice; nor was any motion made in . the circuit court, by either party, for a rule on the justice to amend his transcript.\nBoth parties announcing themselves ready for trial, and a jury being impanneled, the state introduced one Stofer, who testified (the bill of exceptions states), that he knew the defendant, and where his saloon was in Little Rock, opposite the Capital hotel. That on Sunday, the fourth day of September, 1878, witness, with a friend, at about 4 o\u2019clock p. m., walked by the saloon, and saw defendant standing at the front door with an apron on, and saw parties in the back part of the saloon playing billiards, the front door being open. That he did not know at that time who the proprietor, or who the owner, of the saloon was ; nor who was attending to, or had charge of, the billiard playing. That about a month before, as the. result of a public meeting, he had notified several saloon-keepers not to keep open on Sunday ; that he had notified this saloon, but not the defendant, who he did not then see there, but his brother John, who was there; and whether John or the defendant kept the saloon, he did not know.\n\u201c To the introduction of all and every part of this evidence, and before the same was given, defendant objected, because there was no averment in the complaint, or proceedings in the case, that the alleged violation of Sunday by defendant consisted in keeping open a saloon; nor was there any sufficient complaint in law upon which to try defendant, or upon which to introduce proof; and because no time, place or manner, or means, at or by which Sunday had been violated by defendant, was alleged in any of the proceedings,\u201d etc.\nBut the court overruled these objections, and permitted the witness to testify as above.\nOn cross-examination, he testified that he was not a witness at the trial before Justice Howe, and did not know what witnesses were examined at that trial, or what they testified to, etc.\nThis being all the evidence introduced, the defendant moved the following instructions : \u25a0\n\u201c 1. That at the trial of this case, the state must prove the same identical offense for which the defendant was tried and convicted by the justice below.\n\u201c 2. That the state must prove that the store kept open was the store of the defendant beyond a reasonable doubt.\n\u201c 3. That it is no .offense to keep open a store merely to air it on Sunday.\n\u201c4. That no evidence of keeping open a saloon on Sunday by the defendant is to be considered by the jury in this case, because there are no averments of what the Sabbath-breaking alleged consisted, nor of time or place.\u201d\nThe court refused the first, second and fourth of the instructions so asked; and, of its own motion, charged the jury \\t \u201c That in the trial of this case before the justice below, it was competent for the state to prove a violation of the Sunday-law by the defendant upon any Sunday within one year previous to June 9,1879; and if, in this trial, on appeal, the jury were satisfied, beyond a reasonable doubt, that defendant had violated the Sunday-law during the same year, and within a year previous to June 9,1879, they should convict defendant.\u201d\nTo which defendant excepted.\nThe motion in arrest of judgment, was on the ground \u201c that the facts stated do not constitute a public offense within the jurisdiction of the court.\u201d\nThe motion for a new trial, was upon the grounds that the verdict was contrary to law and evidence; that the court erred in permitting any evidence to be introduced, because no offense was charged; and in refusing defendant\u2019s first, second and fourth instructions ; and in its own charge to the jury.\nBreaking:' op?nepisaloons.\nWho guilty\nti'n^roffoffense.\nj /\u00e9ourt1\nI. By statute, under the caption, \u201c Sabbath-Breaking,\u201d ft ft ma(Ie an offense to keep open, on Sunday, any store, dram-shop or grocery. Gantt\u2019s Digest, sec. 1618.\nThe jury hardly believed that the saloon in question was kept open on the Sunday referred to by the witness, Stofer, for the purpose of airing it. Persons were collected there playing billiards, and appellant stood at the open front door, with his apron on, business-fashion, and apparently ready to wait on customers.\nwas nat; material whether the appellant, or his brother John, was the owner or proprietor of the saloon. Appellant was there, on the Sabbath in question, seemingly in charge, with a business appearance, and the front door was open. (Shover v. The State, 10 Ark., 259.) If he was merely a clerk or servant in the saloon, and was serving in it as such, when the door was open on Sunday, he was a participant in the offense.\nII. It was material to prove that the saloon was kept 0pen on 80me Sabbath-day within twelve months before the commencement of the prosecution, that being the period of limitation, but the state was not confined to any particular Sabbath, in proving the offense within that period. The Commonwealth v. Harrison, 11 Gray, 308; The People v. Ball, 42 Barbour, 324; The State v. Eskridge, 1 Swan. (Tenn.), 413.\nHI- wrfttea information or pleadings shall be re-prosecutions in justices\u2019 courts. Gantt\u2019s Digest, sec. 2039; Watson v. The State, 29 Ark., 299.\nWhen the warrant of an arrest is issued upon an affidavit filed before the justice (Gantt\u2019s Digest, sec. 1078), it is usual and proper for the affidavit to state the nature of the offense. Doubtless in the affidavit filed by the prosecuting attorney in this cas\u00e9, there was a more particular description of the offense than the general charge of Sabbath-breaking, but the affidavit was not included in the transcript sent up to the circuit court on appeal, and appellant thought proper to go to trial there without asking for a rule upon the justice to amend the transcript.\nappeal, same offense be tried.\nIt would be the better practice for the justice to note upon his docket a brief statement of the nature of the offense with which defendant is charged, and for which he is tried, as he is required, -by statute, to do of demands in civil suits. (Gantt\u2019s Digest, sec. 8788.) This the justice would doubtless have done in this case for the protection of defendant had he required it.\nIV. Most assuredly should the accused be tried in . . , i.-, circuit court, on appeal, for the same offense for which he 7 x x was tried, and convicted before the justice.\nIn this case appellant was tried in the circuit court for keeping a saloon open on Sunday, and he made no attempt to show that he had been tried for a different offense before the justice. He merely asked the witness Stofer if he was present at the trial before the justice, or knew what evidence was introduced there, and he answered in the negative, and appellant called no witness.\nThe judgment of the court below must be affirmed.",
        "type": "majority",
        "author": "English, C. J."
      }
    ],
    "attorneys": [
      "E. II. Kimball, for appellant:",
      "G. B. Moore, Attorney General, for the state:"
    ],
    "corrections": "",
    "head_matter": "Marre v. The State.\n1. Criminal Law: Sabbath-breaking: Keeping saloons open.\nOne keeping a saloon open on Sunday is guilty of Sabbath-breaking, whether he is the owner or proprietor, or not. If a clerk or servant, serving in it as such, when the door is open, he is a participant in the offense.\n2. Same : Proof of time.\nIt is necessary to prove the offense on some Sabbath within twelve months before the prosecutions, but proof of any particular Sabbath is not necessary.\n3. Criminal Pleading: None before justices of the peace.\nN'o written information or pleadings are required in prosecutions before a justice\u2019s court, and if, on appeal from his judgment, a defendant goes to trial in the circuit court, without the affidavit specifying the charge against him, he can not object that there are no specified charges against him. He should have a rule upon the justice, before trial, to amend his transcript by sending up the affidavits.\ni. Criminal Practice : Appeals from justices of the peace.\nOn criminal appeal from a justice\u2019s court the defendant'can be tried in the-circuit court only for the same offense for which he was tried by the justice.\nAPPEAL from Pulaski Circuit Court.\nHon. J. W. Martin, Circuit Judge.\nE. II. Kimball, for appellant:\nThere-was no written affidavit, and no crime charged with sufficient certainty.\nG. B. Moore, Attorney General, for the state:\nArgued upon the transcript and evidence."
  },
  "file_name": "0222-01",
  "first_page_order": 220,
  "last_page_order": 225
}
