{
  "id": 1872514,
  "name": "Minkwitz v. Steen et al.",
  "name_abbreviation": "Minkwitz v. Steen",
  "decision_date": "1880-11",
  "docket_number": "",
  "first_page": "260",
  "last_page": "262",
  "citations": [
    {
      "type": "official",
      "cite": "36 Ark. 260"
    }
  ],
  "court": {
    "name_abbreviation": "Ark.",
    "id": 8808,
    "name": "Arkansas Supreme Court"
  },
  "jurisdiction": {
    "id": 34,
    "name_long": "Arkansas",
    "name": "Ark."
  },
  "cites_to": [
    {
      "cite": "25 Ark., 387",
      "category": "reporters:state",
      "reporter": "Ark.",
      "pin_cites": [
        {
          "page": "388"
        }
      ],
      "opinion_index": -1
    },
    {
      "cite": "21 N. J. Law, 165",
      "category": "reporters:state",
      "reporter": "N.J.L.",
      "opinion_index": -1
    },
    {
      "cite": "26 Wis., 115",
      "category": "reporters:state",
      "reporter": "Wis.",
      "opinion_index": -1
    },
    {
      "cite": "14 Ark., 505",
      "category": "reporters:state",
      "reporter": "Ark.",
      "case_ids": [
        1862635
      ],
      "opinion_index": -1,
      "case_paths": [
        "/ark/14/0505-01"
      ]
    },
    {
      "cite": "28 Ark., 531",
      "category": "reporters:state",
      "reporter": "Ark.",
      "case_ids": [
        1884423
      ],
      "opinion_index": 0,
      "case_paths": [
        "/ark/28/0531-01"
      ]
    },
    {
      "cite": "2 Ark., 133",
      "category": "reporters:state",
      "reporter": "Ark.",
      "case_ids": [
        1848261
      ],
      "opinion_index": 0,
      "case_paths": [
        "/ark/2/0133-01"
      ]
    },
    {
      "cite": "34 Ark., 184",
      "category": "reporters:state",
      "reporter": "Ark.",
      "case_ids": [
        1875677
      ],
      "opinion_index": 0,
      "case_paths": [
        "/ark/34/0184-01"
      ]
    }
  ],
  "analysis": {
    "cardinality": 251,
    "char_count": 3658,
    "ocr_confidence": 0.466,
    "pagerank": {
      "raw": 4.58715102283557e-07,
      "percentile": 0.9255304073712406
    },
    "sha256": "188239834b865b1f4c702813afb00a5631063e238f49e5e13138b714ffa892d0",
    "simhash": "1:0803d63f6960c64f",
    "word_count": 645
  },
  "last_updated": "2024-02-27T17:45:38.843571+00:00",
  "provenance": {
    "date_added": "2019-08-29",
    "source": "Harvard",
    "batch": "2018"
  },
  "casebody": {
    "judges": [],
    "parties": [
      "Minkwitz v. Steen et al."
    ],
    "opinions": [
      {
        "text": "Harrison, J.\nJ. P. Steen and Kate A. Steen sued Peter Minkwitz before a justice of the peace in replevin for a spring wagon.\nThe defendant gave bond and retained possession of the. wagon.\nThe plaintiff's recovered judgment and the defendant appealed to the circuit court.\nThe case was tried in the circuit court, by the court without a jury, and it found for the plaintiff's, and that the value of the property was $30, and the damages for its detention, $25.\nThe defendant asked for a new trial upon the grounds, that the finding of the court was against the evidence, that the damages were excessive, and that he had discovered new evidence since the trial. His motion was overruled and he excepted, and from the judgment appealed to this court.\nThere was no controversy as to the detention of the property. The evidence-as to the title was conflicting; but as the weight to be given to it was to be determined by the court, and there was evidence to support its finding, we are not authorized to disturb it.\n2. Measure of damages in replevin\n3. New-Trial: Newly-discovered evidence:\nThe sum claimed in the plaintiffs\u2019 affidavit as damages for the detention was $30. It was proven the use of the wagon was worth fifty cents a day ; and the defendant had retained the possession of it more than a year.\nThe measure of damages for the detention of property having an usable value, is the value of the use during the detention. Kelly v. Altemus, 34 Ark., 184. The damages were not therefore, according to the proof, excessive.\nThe newly-discovered evidence by the defendant was that he could prove by J. W. T. Hill, that Howell, the former owner of the wagon, and who testified upon the trial for the plaintiffs that he never sold the wagon to the defendant, but that he did sell it to the plaintiffs, told him, when he was speaking to him about buying it from him, that he had sold it to the defendant; and by George A. Sheridan, that he had told him the same; and also by Emma Sheridan, that she was well acquainted with Howell and knew his reputation in the community in which he lived, and that from his reputation, and her own knowledge of \u2022him, she would not believe him on oath.\n. The newly-discovered evidence would only have gone to impeach the credit and character of How\u00e9ll; and the rule is well settled that such evidence is not a sufficient ground, for a new trial. Robbins v. Fowler, 2 Ark., 133; Wallace v. The State, 28 Ark., 531; 1 Gra. & Wat. on New Trials, 496; Hill, on New Trials, 385.\nThe judgment is affirmed.",
        "type": "majority",
        "author": "Harrison, J."
      }
    ],
    "attorneys": [
      "JDuffie $ Hill, for appellant:",
      "JR. C. Neioton, J. D. McLaughlin, for appellee:",
      "Oliphint, for appellee:"
    ],
    "corrections": "",
    "head_matter": "Minkwitz v. Steen et al.\n1. Practice in Supreme Court: Finding of circuit court.\nThis court will not disturb the finding of a circuit court where there is evidence to support it.\n2. Damages : Measitre of, in replevin.\nThe measure of damages for the detention of property having an usable value is the value of the use during the detention.\n3. New Trial: Newly-discovered evidence.\nNewly-discovered evidence that would only impeach the credit and character of a witness upon the trial, is no ground for a new trial.\nAPPEAL from Pulaski Circuit Court.\nHon. M. L. Rice, Special Judge.\nJDuffie $ Hill, for appellant:\nNo estoppel on the evidence. Damages excessive. It \u25a0 should have been value of wagon, with interest. 14 Ark., 505 ; 26 Wis., 115; 21 N. J. Law, 165 ; Gantt\u2019s Digest, see. \u25a0 4718; 31 Art, 286.\ni\u00edsdpkeme ^finding court.lroult\nJR. C. Neioton, J. D. McLaughlin, for appellee:\nArgued that the estoppel was well proven by the evi- - dence. Damages not excessive. Gantt\u2019s Digest, sec. 4718; 25 Ark., 387, 388.\nOliphint, for appellee:\nOn estoppel cited Bigelow, p. 473,475; 6 Vesey, 174,182; 7 Granch, 366; 7 Cowen, 148."
  },
  "file_name": "0260-01",
  "first_page_order": 258,
  "last_page_order": 260
}
