{
  "id": 1872495,
  "name": "Little Rock & Ft. Smith Railway Co. v. Pankhurst, Adx.",
  "name_abbreviation": "Little Rock & Ft. Smith Railway Co. v. Pankhurst",
  "decision_date": "1880-11",
  "docket_number": "",
  "first_page": "371",
  "last_page": "378",
  "citations": [
    {
      "type": "official",
      "cite": "36 Ark. 371"
    }
  ],
  "court": {
    "name_abbreviation": "Ark.",
    "id": 8808,
    "name": "Arkansas Supreme Court"
  },
  "jurisdiction": {
    "id": 34,
    "name_long": "Arkansas",
    "name": "Ark."
  },
  "cites_to": [
    {
      "cite": "31 Miss., 234",
      "category": "reporters:state",
      "reporter": "Miss.",
      "opinion_index": -1
    },
    {
      "cite": "36 Ga., 437",
      "category": "reporters:state",
      "reporter": "Ga.",
      "opinion_index": -1
    },
    {
      "cite": "60 Ga., 441",
      "category": "reporters:state",
      "reporter": "Ga.",
      "case_ids": [
        17533
      ],
      "opinion_index": -1,
      "case_paths": [
        "/ga/60/0441-01"
      ]
    },
    {
      "cite": "13 Bush., 122",
      "category": "reporters:state",
      "reporter": "Bush",
      "case_ids": [
        2343979
      ],
      "opinion_index": -1,
      "case_paths": [
        "/ky/76/0122-01"
      ]
    },
    {
      "cite": "5 Mo. App., 435",
      "category": "reporters:state",
      "reporter": "Mo. App.",
      "case_ids": [
        549357
      ],
      "opinion_index": -1,
      "case_paths": [
        "/mo-app/5/0435-01"
      ]
    },
    {
      "cite": "50 Mo., 465",
      "category": "reporters:state",
      "reporter": "Mo.",
      "opinion_index": -1
    },
    {
      "cite": "33 Ark., 350",
      "category": "reporters:state",
      "reporter": "Ark.",
      "case_ids": [
        8724001
      ],
      "weight": 2,
      "opinion_index": -1,
      "case_paths": [
        "/ark/33/0350-01"
      ]
    },
    {
      "cite": "56 Ga., 457",
      "category": "reporters:state",
      "reporter": "Ga.",
      "case_ids": [
        578503
      ],
      "opinion_index": -1,
      "case_paths": [
        "/ga/56/0457-01"
      ]
    },
    {
      "cite": "22 Minn., 443",
      "category": "reporters:state",
      "reporter": "Minn.",
      "case_ids": [
        561884
      ],
      "weight": 2,
      "opinion_index": -1,
      "case_paths": [
        "/minn/22/0443-01"
      ]
    },
    {
      "cite": "51 Miss., 234",
      "category": "reporters:state",
      "reporter": "Miss.",
      "case_ids": [
        1648838
      ],
      "opinion_index": -1,
      "case_paths": [
        "/miss/51/0234-01"
      ]
    },
    {
      "cite": "53 Ind., 176",
      "category": "reporters:state",
      "reporter": "Ind.",
      "case_ids": [
        1435032
      ],
      "opinion_index": -1,
      "case_paths": [
        "/ind/53/0176-01"
      ]
    },
    {
      "cite": "20 Kan, 14",
      "category": "reporters:state",
      "reporter": "Kan.",
      "case_ids": [
        606991
      ],
      "opinion_index": -1,
      "case_paths": [
        "/kan/20/0014-01"
      ]
    },
    {
      "cite": "43 Ind., 553",
      "category": "reporters:state",
      "reporter": "Ind.",
      "case_ids": [
        1406882
      ],
      "opinion_index": -1,
      "case_paths": [
        "/ind/43/0553-01"
      ]
    },
    {
      "cite": "33 Mich., 251",
      "category": "reporters:state",
      "reporter": "Mich.",
      "opinion_index": -1
    },
    {
      "cite": "1 Hun., 417",
      "category": "reporters:state",
      "reporter": "Hun.,",
      "opinion_index": -1
    },
    {
      "cite": "96 Mass., 429",
      "category": "reporters:state",
      "reporter": "Mass.",
      "case_ids": [
        2138245
      ],
      "opinion_index": -1,
      "case_paths": [
        "/mass/96/0429-01"
      ]
    },
    {
      "cite": "45 Iowa, 29",
      "category": "reporters:state",
      "reporter": "Iowa",
      "case_ids": [
        2312634
      ],
      "opinion_index": -1,
      "case_paths": [
        "/iowa/45/0029-01"
      ]
    },
    {
      "cite": "2 Neb., 319",
      "category": "reporters:state",
      "reporter": "Neb.",
      "case_ids": [
        2857933
      ],
      "opinion_index": -1,
      "case_paths": [
        "/neb/2/0319-01"
      ]
    },
    {
      "cite": "47 Penn. St., 300",
      "category": "reporters:state",
      "reporter": "Pa.",
      "case_ids": [
        485547
      ],
      "opinion_index": -1,
      "case_paths": [
        "/pa/47/0300-01"
      ]
    },
    {
      "cite": "43 N. Y, 75",
      "category": "reporters:state",
      "reporter": "N.Y.",
      "case_ids": [
        2048098
      ],
      "opinion_index": -1,
      "case_paths": [
        "/ny/43/0075-01"
      ]
    },
    {
      "cite": "43 Mo., 380",
      "category": "reporters:state",
      "reporter": "Mo.",
      "case_ids": [
        952567
      ],
      "opinion_index": -1,
      "case_paths": [
        "/mo/43/0380-01"
      ]
    },
    {
      "cite": "3 Ohio St., 172",
      "category": "reporters:state",
      "reporter": "Ohio St.",
      "case_ids": [
        505186
      ],
      "opinion_index": -1,
      "case_paths": [
        "/ohio-st/3/0172-01"
      ]
    },
    {
      "cite": "9 Ind., 397",
      "category": "reporters:state",
      "reporter": "Ind.",
      "case_ids": [
        1466788
      ],
      "opinion_index": -1,
      "case_paths": [
        "/ind/9/0397-01"
      ]
    },
    {
      "cite": "26 Ark., 3",
      "category": "reporters:state",
      "reporter": "Ark.",
      "case_ids": [
        8725943
      ],
      "pin_cites": [
        {
          "page": "6"
        }
      ],
      "opinion_index": -1,
      "case_paths": [
        "/ark/26/0003-01"
      ]
    },
    {
      "cite": "25 Mich., 274",
      "category": "reporters:state",
      "reporter": "Mich.",
      "case_ids": [
        1311036
      ],
      "opinion_index": -1,
      "case_paths": [
        "/mich/25/0274-01"
      ]
    },
    {
      "cite": "18 N. Y., 425",
      "category": "reporters:state",
      "reporter": "N.Y.",
      "opinion_index": -1
    },
    {
      "cite": "11 Mo., 114",
      "category": "reporters:state",
      "reporter": "Mo.",
      "case_ids": [
        320705
      ],
      "opinion_index": -1,
      "case_paths": [
        "/mo/11/0114-01"
      ]
    },
    {
      "cite": "10 Wall., 637",
      "category": "reporters:scotus_early",
      "reporter": "Wall.,",
      "opinion_index": -1
    },
    {
      "cite": "11 Howard, 373",
      "category": "reporters:state",
      "reporter": "Howard",
      "opinion_index": -1
    },
    {
      "cite": "21 Wall., 448",
      "category": "reporters:scotus_early",
      "reporter": "Wall.,",
      "opinion_index": -1
    },
    {
      "cite": "9 Mo., 113",
      "category": "reporters:state",
      "reporter": "Mo.",
      "opinion_index": -1
    },
    {
      "cite": "52 Penn. St., 282",
      "category": "reporters:state",
      "reporter": "Pa.",
      "case_ids": [
        1002194
      ],
      "opinion_index": -1,
      "case_paths": [
        "/pa/52/0282-01"
      ]
    },
    {
      "cite": "1 Bosw., 357",
      "category": "reporters:state",
      "reporter": "Bosw.",
      "case_ids": [
        1346062
      ],
      "opinion_index": -1,
      "case_paths": [
        "/ny-super-ct/14/0357-01"
      ]
    },
    {
      "cite": "27 Barb., 221",
      "category": "reporters:state",
      "reporter": "Barb.",
      "case_ids": [
        5013483
      ],
      "opinion_index": -1,
      "case_paths": [
        "/barb/27/0221-01"
      ]
    },
    {
      "cite": "42 Mo., 193",
      "category": "reporters:state",
      "reporter": "Mo.",
      "case_ids": [
        954488
      ],
      "opinion_index": -1,
      "case_paths": [
        "/mo/42/0193-01"
      ]
    },
    {
      "cite": "64 Mo., 267",
      "category": "reporters:state",
      "reporter": "Mo.",
      "case_ids": [
        968559
      ],
      "weight": 3,
      "opinion_index": -1,
      "case_paths": [
        "/mo/64/0267-01"
      ]
    },
    {
      "cite": "9 Cent. Law J., 12",
      "category": "journals:journal",
      "reporter": "N.C. Cent. L.J.",
      "opinion_index": -1
    },
    {
      "cite": "53 Penn. St., 436",
      "category": "reporters:state",
      "reporter": "Pa.",
      "case_ids": [
        1004737
      ],
      "weight": 2,
      "opinion_index": -1,
      "case_paths": [
        "/pa/53/0436-01"
      ]
    },
    {
      "cite": "18 Ohio St, 399",
      "category": "reporters:state",
      "reporter": "Ohio St.",
      "opinion_index": -1
    },
    {
      "cite": "81 Penn. St., 366",
      "category": "reporters:state",
      "reporter": "Pa.",
      "case_ids": [
        1044121
      ],
      "weight": 2,
      "opinion_index": -1,
      "case_paths": [
        "/pa/81/0366-01"
      ]
    },
    {
      "cite": "126 Mass., 8",
      "category": "reporters:state",
      "reporter": "Mass.",
      "opinion_index": -1
    },
    {
      "cite": "125 Mass., 75",
      "category": "reporters:state",
      "reporter": "Mass.",
      "case_ids": [
        730976
      ],
      "weight": 3,
      "opinion_index": -1,
      "case_paths": [
        "/mass/125/0075-01"
      ]
    },
    {
      "cite": "17 Ind., 102",
      "category": "reporters:state",
      "reporter": "Ind.",
      "case_ids": [
        1454221
      ],
      "opinion_index": 0,
      "case_paths": [
        "/ind/17/0102-01"
      ]
    },
    {
      "cite": "126 Mass., 377",
      "category": "reporters:state",
      "reporter": "Mass.",
      "case_ids": [
        728006
      ],
      "opinion_index": 0,
      "case_paths": [
        "/mass/126/0377-01"
      ]
    },
    {
      "cite": "8 Barb., 368",
      "category": "reporters:state",
      "reporter": "Barb.",
      "case_ids": [
        1936189
      ],
      "opinion_index": 0,
      "case_paths": [
        "/barb/8/0368-01"
      ]
    },
    {
      "cite": "50 Mo., 461",
      "category": "reporters:state",
      "reporter": "Mo.",
      "case_ids": [
        980442
      ],
      "opinion_index": 0,
      "case_paths": [
        "/mo/50/0461-01"
      ]
    },
    {
      "cite": "60 Mo., 475",
      "category": "reporters:state",
      "reporter": "Mo.",
      "case_ids": [
        946191
      ],
      "opinion_index": 0,
      "case_paths": [
        "/mo/60/0475-01"
      ]
    },
    {
      "cite": "33 Ark., 350",
      "category": "reporters:state",
      "reporter": "Ark.",
      "case_ids": [
        8724001
      ],
      "opinion_index": 0,
      "case_paths": [
        "/ark/33/0350-01"
      ]
    },
    {
      "cite": "26 Ark., 3",
      "category": "reporters:state",
      "reporter": "Ark.",
      "case_ids": [
        8725943
      ],
      "opinion_index": 0,
      "case_paths": [
        "/ark/26/0003-01"
      ]
    },
    {
      "cite": "125 Mass., 75",
      "category": "reporters:state",
      "reporter": "Mass.",
      "case_ids": [
        730976
      ],
      "opinion_index": 0,
      "case_paths": [
        "/mass/125/0075-01"
      ]
    }
  ],
  "analysis": {
    "cardinality": 766,
    "char_count": 12913,
    "ocr_confidence": 0.457,
    "pagerank": {
      "raw": 9.035243230967331e-07,
      "percentile": 0.9790227152239378
    },
    "sha256": "77965dc95ac6a972e043795221d01599ca04bebffc7ac0425300d7e27c1c7f10",
    "simhash": "1:82eb96ead09d8618",
    "word_count": 2302
  },
  "last_updated": "2024-02-27T17:45:38.843571+00:00",
  "provenance": {
    "date_added": "2019-08-29",
    "source": "Harvard",
    "batch": "2018"
  },
  "casebody": {
    "judges": [],
    "parties": [
      "Little Rock & Ft. Smith Railway Co. v. Pankhurst, Adx."
    ],
    "opinions": [
      {
        "text": "Harrison, J.\nThis was an action by Mary Pankhurst, administratrix of William H. Pankhurst, against the Little Rock and Fort Smith Railway Company for causing the death of her intestate by the negligent management of its train.\nThe defense was that the death of the deceased was occasioned by his own negligence and not by that of the defendant.\nThere was a verdict for the plaintiff for $1,685. The defendant moved for a new trial, and the motion being overruled, appealed.\nIt appears from the evidence, which was in no material part conflicting, that the deceased, who lived on or near the defendant\u2019s road, about eight miles from Little Rock, had, on the day of the accident, which was the fourteenth of October, 1876, been to Little Rock, and was, when it happened, on his way home. He was walking on the railroad track on which was a well worn path-and was drunk and staggering, and when within about four miles of his home, and about dark, he fell and lay upon the track, and a passing construction train, about 8 o\u2019clock in the evening ran over and killed him.\nThe regular train had passed some time before he fell upon the track. The construction ti\u2019ain was slowly backing down from Warren station to Argenta and frequently stopping to distribute timbers along the track. The tender was in front of the engine, and there was no light on the tender or in front, except from the engine fire and sparks, which could he seen in front, but was somewhat obstructed by the tender, and the night was dark and cloudy, but the train could be heard a quarter of a mile, and seen some distance, and in ample time to allow a person on the track to get off before it passed.\nThere was where tbe deceased was killed no crossing or public way over the track, and no one on the train saw the deceased on the track, or knew of his being run over and killed until the next morning.\nThe plaintiff' asked the following instructions to the jury, which the court gave against the objection of the defendant :\n\u201c 1. Railroad companies, owing t\u00f3 the dangerous character of the business they engage in, are held to the greatest care in the operation of their locomotives and machinery, and if you find from the evidence that the defendant\u2019s agents or servants in running the locomotives and cars failed to use such care or caution, you will find for the plaintiff', if you further find that the deceased was killed by the defendant\u2019s cars when the killing might have been prevented by the use of such diligence, and without his negligence being the proximate cause.\n\u201c 2. If you'believe from the '|vidence that the deceased was in fault in walking on defendant\u2019s track, and while walking on it was killed by the defendant\u2019s engine or cars, but that defendant\u2019s agents were aware, or ought, by the use of oidinary diligence, to have been aware of the fact, that he was on the track in time to avoid killing him by the use of reasonable diligence, the failure to use such diligence alone must be considered the proximate cause of the injury* and in that event you should find for the plaintiff.\n\u201c3. If the defendant knowingly permitted its track to be used as a foot-path by the public generally for years, and made no objection to its being so used, such permission or acquiescence required the defendants to use ordinary care, prudence and diligence, at all times, in running its engines and cars, to avoid injury to footmen thus upon its track; and if you believe that the defendant failed to use ordinary care, prudence and diligence, to avoid injury to the deceased while thus upon its track, you will find for the plaintiff.\u201d\nThe first contained an ambiguous expression which rendered its meaning uncertain and may have misled the jury.\nWhilst it is true that greater care is demanded of a railroad company in the operation of its locomotives and trains than is required in the use and control of less ponderous and dangerous agencies, yet toward strangers or persons to whom the company has assumed no direct obligation or duty, it is but that ordinary care, which a sensible, prudent man would take under all the circumstances of each particular case. As remarked by Mr. Justice Eakin, in the case of the St. Louis, Iron Mountain and Southern Railway Company v. Freeman, ante: \u201c This ordinary care imposed upon railways to be exercised by their employees, varies with the circumstances, and the subject-matter endangered. For example, ordinary care would require more precaution in running through the streets of a village, or populous neighborhood, at night than through vast outlying forests or prairies in daylight, and it is the instinct of humanity as well as a rule of law, that everywhere ordinary care requires more precautions against endangering the lives of persons than of cattle; still it is ordinary care in each case; which means such care as persons of ordinary prudence would use in similar circumstances. St. Louis, Iron Mountain and Southern Railway Company v. Vincent, ante; Little Rock and Fort Smith Railway Company v. Barker, 33 Ark., 350; Isabel v. Hannibal and St. Joseph Railroad Company, 60 Mo., 475; Brown v. Hannibal and St. Joseph Railroad Company, 50 Mo., 461; Brand v. Schenectady and Troy Railroad Company, 8 Barb., 368; Shear. and Redf. on Neg., sec. 7.\n1. Contributory N EGligenoe: Excuses the injury.\nIt is the well settled doctrine, as laid down in Shearman $ Redfield on Negligence, that \u201cone who is injured by the mere negligence of another can not recover at law or equity any compensation for his injury, if he by his own or his agent\u2019s ordinary negligence or willful wrong contributed to produce the injury of which he complains, so that but for his concurring and co-operating fault, the injury would not have happened to him, except where the direct cause of the injury is the omission of the other party, after becoming aware of the injured party\u2019s negligence, to use a proper degree of care to avoid the consequences of such negligence.\u201d Shear. & Redf. on Neg., see. 25; Whar. on Neg., secs. 300, and 388, a; St. Louis, Iron Mountain and Southern Railway Company v. Freeman, supra; Harvey v. Rose, 26 Ark. 3; Brand v. Schenectady and Troy Railroad Co., supra; Johnson v. Boston and Maine Railroad, 125 Mass., 75; Morrissy v. Eastern Railroad, 126 Mass., 377; Evansville & Crawfordsville Railroad Company v. Hiatt, 17 Ind., 102; State v. Railroad, supra; Isabel v. Hannibal & St. Joseph R. R. Co., supra.\nThough we think there was negligence in the defendant, in not having a light upon the tender and a lookout in front (for cattle or stock, if not persons, might be anticipated to be on the track), yet the deceased\u2019s own negligence in being voluntarily on the track, and from intoxication unable to get out of the way of the train, was the proximate cause of his death. The second and third instructions therefore did not state the law correctly.\nThe defendant also asked instructions substantially the converse of those given for the plaintiff, the refusal to give which, was a ground of the motion for a new trial; but as the questions raised by them are sufficiently answered in what we have said in regard to those given for the plaintiff, it would be useless to notice them.\n2. Finding oour\u201c. 0 f\nThe court was asked by the defendant to require jury to find specially upon particular questions of fact stated, which the court declined to do, and its refusal was made another ground of the motion for a new trial.\nVe are of the opinion that the matter was within the sound discretion of the court, and it might, or might not, as it deemed best, submit the questions to the jury. The language of the provisions of the Code under which the application was made is as follows :\n\u201cIn all actions the jury in their discretion, may render a general or special verdict, but may be required by the court in any case in which they render a general verdict, to find specially upon particular questions of fact to be stated in writing.\u201d Gantt\u2019s Digest, sec., 4-697.\nSuch requirement may be very proper in some cases, but wholly useless and unnecessary in others, and only the court trying the case, can judge of the expediency of it.\nFor the error in giving the plaintiff\u2019s instructions the judgment is l'eversed, and the cause remanded.",
        "type": "majority",
        "author": "Harrison, J."
      }
    ],
    "attorneys": [
      "Clark Williams, for appellant:",
      "M. W. Benjamin, for appellee:"
    ],
    "corrections": "",
    "head_matter": "Little Rock & Ft. Smith Railway Co. v. Pankhurst, Adx.\n1. Contributory Negligence : Excuses the injury.\nIt is well settled that \u201cone who is\u2019injured by the mere negligence of another, can not recover at law or equity, any compensation for the injury if he, by his own or his agents\u2019 ordinary negligence, or willful wrong, contributed to produce the injury of which he complains, so that but for his concurring and co-operating fault the injury would not have happened to him; except where the direct cause of the injury is the omission of the other party, after becoming aware of the injured party\u2019s negligence, to use a proper degree of care to avoid the consequences \u00a1\u00a1f such negligence.\u201d\n2. Practice in the Circuit Court: Finding special verdict.\nIt is within the discretion of the circuit court to require, or npt, the jury to find specially upon particular questions presented by counsel at the trial.\nAPPEAL from Pulaski Circuit Court.\nHon. M. L. Rice, Special Judge.\nClark Williams, for appellant:\nAppellant only bound, under the circumstances in evidence, to avoid malicious or reckless injury. Johnson v. Boston $ Maine B. B. Co., 125 Mass., 75; Morrissey v. Pastern B. B. Co., 126 Mass., 8 Cent. Law Journal, 385; Mulhernv. B. B. Co., 81 Penn. St., 366; Wharton on Negligence, sec. 388, a; Shearman $ Bedjielcl on Neg., secs. 10, 11. Failure to have light in front, no negligence, unless the accident were the natural and probable result of the omission. Sh. Bed. on Neg., secs. 6, 8 and 10; Belfontaine B. B. Co. v. Sneider, 18 Ohio St, 399; Greenland v. Chaplin, 5 Pxch., 243; McGreio v. Stone, 53 Penn. St., 436; Wharton on Neg., see. 97; McGee v. Cairo, 9 Cent. Law J., \u2014.\nThe facts being undisputed, question of negligence was one of law, and court\u2019 should have directed a verdict for defendant. Morgan v. Duffie, 9 Cent. Law J., 12; ib., 102; Proffatt on Jury Trials, secs. 851, 352, 354; 64 Mo., 267; ib., 484; Shear. Bed. on Neg., sec. 11; 42 Mo., 193; 27 Barb., 221; 11 Ired. (N. C.) Law, 16 ; ib., 247; ib., 640; Ired. Law, 402; 1 Bosw., 357; 52 Penn. St., 282. Omission to do an act not positively enjoined, not subject of a suit. Whart. on Neg., secs. 82, 888, a; 125 Mass., 75. Even if law had required the head-light, omission not actionable unless it caused the injury. Wharton, 384, and cases cited; 40 N. T., 9; Shear. Bed. on Neg., 8,13, a.\nNot necessary to 'show contributory negligence, until positive negligence first made out against defendant. Failing that, defendant entitled to Verdict. Shear. \u00a3 Bed. on Neg., sec. 11, and cases cited; Morgan v. Duffie, 9 Cent. Law J., \u2014; O\u2019Donnell v. M. T. B. B. Go., 8 ib., 414; 9 ib., 102; 9 Mo., 113; 4 Otto., 278, 284; 21 Wall., 448; 22 ib., 121; 11 Howard, 373; 10 Wall., 637; 5 Otto., 697; 9 ib., 201; 11 Mo., 114; 26 ib., 202; 40 ib., 131; 36 ib., 484; 64 Mo., 267; 58 Maine, 389 ; 9.Otto., 272; 18 N. Y., 425 ; 24 ib., 433; 25 Mich., 274; 53 Penn. St., 436; ,7 Otto., 319.\nOn general question of negligence: Shear. 6; Bed. on Neg., sees. 25, 26, 482, 493; 26 Ark., 3, 6; 10 Mer. Well., 546; 4 Jncl. (95) App.; 1 Abb. N. Y. (Brooks v. Buf. Sg Niagara Falls B. B.); 9 Ind., 397; 3 Ohio St., 172; 47 III, 408; 2 Du Val, 114; 43 Mo., 380; 43 N. Y, 75; 4 ib., 349; 47 Penn. St., 300; 2 Neb., 319; 81 Penn. St., 366; 13 III, 585; 46 ib., 74; 45 Iowa, 29; Wharton on Neg., sec. 388, a; 125 Mass., 75; Morrissey v. Eastern B. B. Go., 126 Mass., \u2014; 64 Mo., 267; 47 III, 408; ib., 414; 96 Mass., 429; 3 Thompson, etc. (N. Y.), 513; 1 Hun., 417.\nJury should have found specially upon interrogatories propounded by defendant (Gantt\u2019s Digest, sec. 4679), and special verdict controls; 33 Mich., 251; 43 Ind., 553; 20 Kan, 14; 18 ib., 195; 53 Ind., 176; 54 \u00bf6., 487; 12 Gt. of Claims (N. S.), 565; 76 N. G., 10; 5^ Ind., 505 ; 45 ib., 67; 47 ib., 461. '\nM. W. Benjamin, for appellee:\nNegligence, a question for the jury. Miss. Gent. B. B. Co. v. Mason, 51 Miss., 234; End. v. St. Paul, 22 Minn., 443; 56 Ga., 457; 34 ib., 330; 83 III, 415.\nThis court will not reverse on weight of evidence, even in favor of preponderance. Ark. Bepts (passim).\nFirst and second instructions given, based on Barker Wife ado. L. B. Ft. S. B. B. Go., 33 Ark., 350. Third, ot similar import.\nGross negligence not in question. Road bound to use ordinary care. 33 Ark., 350; 50 Mo., 465; 60 ib., 477; 5 Mo. App., 435. To keep proper watch, such as prudence would dictate: Cases supra, and 13 Bush., 122.\nFurther, as to negligence being matter of fact: 17 Wallace, 660; 60 Ga., 441; 22 Minn., 443; 36 Ga., 437; 34 ib., 330; 31 Miss., 234; 83 III., 205.\nSec. 4679 of Gantt\u2019s Digest discretionary with the judge."
  },
  "file_name": "0371-01",
  "first_page_order": 369,
  "last_page_order": 376
}
