{
  "id": 1546905,
  "name": "Sadler v. Craven",
  "name_abbreviation": "Sadler v. Craven",
  "decision_date": "1909-11-29",
  "docket_number": "",
  "first_page": "11",
  "last_page": "14",
  "citations": [
    {
      "type": "official",
      "cite": "93 Ark. 11"
    }
  ],
  "court": {
    "name_abbreviation": "Ark.",
    "id": 8808,
    "name": "Arkansas Supreme Court"
  },
  "jurisdiction": {
    "id": 34,
    "name_long": "Arkansas",
    "name": "Ark."
  },
  "cites_to": [
    {
      "cite": "73 Ark. 523",
      "category": "reporters:state",
      "reporter": "Ark.",
      "case_ids": [
        1504054
      ],
      "opinion_index": -1,
      "case_paths": [
        "/ark/73/0523-01"
      ]
    },
    {
      "cite": "68 Ark. 340",
      "category": "reporters:state",
      "reporter": "Ark.",
      "case_ids": [
        1333901
      ],
      "opinion_index": -1,
      "case_paths": [
        "/ark/68/0340-01"
      ]
    },
    {
      "cite": "63 Ark. 397",
      "category": "reporters:state",
      "reporter": "Ark.",
      "case_ids": [
        8723349
      ],
      "opinion_index": -1,
      "case_paths": [
        "/ark/63/0397-01"
      ]
    },
    {
      "cite": "61 Ark. 76",
      "category": "reporters:state",
      "reporter": "Ark.",
      "opinion_index": -1
    },
    {
      "cite": "4 Ark. 483",
      "category": "reporters:state",
      "reporter": "Ark.",
      "opinion_index": -1
    },
    {
      "cite": "85 Ark. 171",
      "category": "reporters:state",
      "reporter": "Ark.",
      "case_ids": [
        1523297
      ],
      "opinion_index": -1,
      "case_paths": [
        "/ark/85/0171-01"
      ]
    },
    {
      "cite": "73 Ark. 523",
      "category": "reporters:state",
      "reporter": "Ark.",
      "case_ids": [
        1504054
      ],
      "weight": 3,
      "opinion_index": 0,
      "case_paths": [
        "/ark/73/0523-01"
      ]
    },
    {
      "cite": "68 Ark. 340",
      "category": "reporters:state",
      "reporter": "Ark.",
      "case_ids": [
        1333901
      ],
      "opinion_index": 0,
      "case_paths": [
        "/ark/68/0340-01"
      ]
    },
    {
      "cite": "63 Ark. 397",
      "category": "reporters:state",
      "reporter": "Ark.",
      "case_ids": [
        8723349
      ],
      "opinion_index": 0,
      "case_paths": [
        "/ark/63/0397-01"
      ]
    }
  ],
  "analysis": {
    "cardinality": 334,
    "char_count": 7202,
    "ocr_confidence": 0.648,
    "pagerank": {
      "raw": 3.724271611874067e-07,
      "percentile": 0.8939961364542874
    },
    "sha256": "5068620678f28d48eefe30c328b1c077520f4b30cf4cdfd816510b362fe6e6b8",
    "simhash": "1:a7e3ae82c0446dc2",
    "word_count": 1264
  },
  "last_updated": "2024-02-27T21:05:25.990533+00:00",
  "provenance": {
    "date_added": "2019-08-29",
    "source": "Harvard",
    "batch": "2018"
  },
  "casebody": {
    "judges": [],
    "parties": [
      "Sadler v. Craven."
    ],
    "opinions": [
      {
        "text": "McCurroch, C. J.\nThe' county court of Logan County, at the October term, 1908, made an order for the erection of a new court house at Paris, the county seat, not to exceed the cost of fifty thousand dollars, and appointed a commissioner to execute the order by causing plans to be made and a contract let, subject to the approval of the court. This order was made, not by the levying court, but by the county court, presided over by \u2019the county judge. The levying court, composed of the county judge and justices of the peace, had, on a previous day, voted an appropriation of $2,000 for repairing the old court house.\nThe county court, in making the order for construction of a new court house, found that the old court house afforded insufficient room, that it was inexpedient to enlarge and repair it, that the erection of a new court house was a public necessity, that it was expedient to erect a new court house, and that the circumstances of the county would permit the levying of a tax sufficient to build it. A contract was duly let, pursuant to this order, for the erection of the new court house, and appellants, citizens and taxpayers of the county, instituted this action in the chancery court to restrain the commissioner and contractors from carrying out the order of the court. The chancellor denied the relief prayed for\u00bf and an appeal was taken to this court.\nIt is contended that the order of the county court is void because the levying court had made no levy of taxes nor appropriation of money to build a new court house.\nThe statute provides that \u201cwhenever the county court shall think it expedient to erect any of the buildings aforesaid (court house and jail), the building of which shall not be otherwise provided for, and there shall be sufficient funds in the county treasury which may be appropriated to the erection of county buildings, or which are not otherwise appropriated, or if the circumstances of- the county will permit such court to levy a tax for the erection of buildings, such court may make an order for the building thereof, stating in such order the amount to be appropriated for that purpose.\u201d Kirby\u2019s Digest, \u00a7 1011.\nThis court has held in several cases that the statute in question was not repealed by a subsequent statute providing that \u201cno county court or agent of any county shall hereafter make any contract on behalf of the county unless an appropriation has been previously made therefor and is wholly or in part unexpended.\u201d Kirby\u2019s Digest, \u00a7 1502; Durrett v. Buxton, 63 Ark. 397; Hilliard v. Bunker, 68 Ark. 340; Bowman v. Frith, 73 Ark. 523.\nThe case of Bowman v. Frith, supra, is identical with the present.case on the facts. There the levying court of Prairie County had previously appropriated the sum of $2,500 for the purpose of repairing the old court house, \u00e1nd th\u00e9 county' court , made an order for' th'fe building of a new court house to cost $35,000. Suit was instituted by taxpayers and citizens to restrain the execution of this order of the county court, and this .court held that the suit could not be maintained. The same objection was made, as in the present case, that the order of the county court was void because no appropriation had been made by the levying court.\nIt is insisted,' however, that the statute in question is in conflict with a clause of the Constitution of 1874 (aid. 16, \u00a7 12), Which provides that \u201cno money shall be paid' out of the treasury until the same shall have been appropriated by law, and then \u2022 only in accordance with said appropriation;\u201d and that conflict was not considered by the court in the cases above cited. It is true that the question of conflict with the Constitution was not mentioned in the cases referred to, but the court necessarily held that no conflict existed, otherwise the statute would not have been upheld. Nor can we now see any conflict. The Constitution merely provides that \u201cno money shall be paid out of the treasury until the same shall be appropriated by law,\u201d etc., but it does not limit the power of the county court to make contracts. The contract made by the county court burdens the county with the obligation to pay, but payment cannot be made without an appropriation.. If the county refuses to satisfy an obligation thus created, there are appropriate remedies in the law to compel satisfaction.\nObjection is also made to the order of the county court on the ground that it provides that the cost of the new court house shall not exceed the sum of $50,000 in county scrip. This means no more nor less than that payment shall be made in county warrants, for the only method whereby counties can pay obligations is by warrants drawn on the treasury. But, even if there was an irregularity in the order of the county court, an appropriate remedy has not been adopted to correct it. This could be done only by an appeal from the order, that court having jurisdiction of the subject-matter. Bowman v. Frith, supra.\nAffirmed.",
        "type": "majority",
        "author": "McCurroch, C. J."
      }
    ],
    "attorneys": [
      "Carmichael, Brooks & Powers, for appellants.",
      "Robert J. White, for appellee."
    ],
    "corrections": "",
    "head_matter": "Sadler v. Craven.\nOpinion delivered November 29, 1909.\n1. Counties \u2014 authority to build court house. \u2014 Kirby\u2019s Digest, \u00a7 1011, authorizing the county court to build a court house or jail whenever \u2022it shall think it expedient to do so, was not repealed by the subsequent statute (Kirby\u2019s Digest, \u00a7 1502) providing that \u201cno county court or agent of any county shall hereafter make any contract on behalf of the county unless an appropriation has been previously made therefor and is wholly or in part unexpended.\u201d (Page 13.)\n2. Same \u2014 power oE county court to make contracts. \u2014 The clause in the 'Constitution of 1874 (art 16, \u00a7 12) which provides that \u201cno money shall be paid out of the treasury until the same shall have been appropriated by law, and then only in accordance with said appropriation,\u201d does not affect the power of the county court to make contracts. (Page 14.)\n3. Same \u2014 payment op dEb'Ts. \u2014 An order of the county court for the erection of a court house is not void for providing that the cost of the building shall not exceed $50,000 in county warrants, since that is the only method whereby counties can pay their debts. (Page 14.)\n4. Same \u2014 erection op courthouse \u2014 irregularity.\u2014If it be irregular for the county court to provide.that the cost of construction of a courthouse shall not exceed a specified sum in county warrants, the remedy therefor is not by injunction, but by 'appeal to the circuit court. (Page 14.)\nAppeal from Logan Chancery Court, Northern District; J. Virgil Bourland, Chancellor;\naffirmed.\nCarmichael, Brooks & Powers, for appellants.\nAn order of the county court for the building of a new court house is void where there has been no levy made for that purpose. No money shall be paid out of the treasury until the same shall have been appropriated by law. Const. 1874, art. 16, \u00a7 12. An appropriation cannot be\u2019used for any other purpose than that for which it was made. 85 Ark. 171. The extent and exercise of the county court\u2019s jurisdiction over the building of court houses is limited and controlled by the statutes. 4 Ark. 483; 61 Ark. 76.\nRobert J. White, for appellee.\nThe Constitution of 1874 does not abrogate sections 1009 to 1025, Kirby\u2019s Dig. 63 Ark. 397; 68 Ark. 340; 73 Ark. 523."
  },
  "file_name": "0011-01",
  "first_page_order": 33,
  "last_page_order": 36
}
