{
  "id": 1546835,
  "name": "American Insurance Company v. McGehee Liquor Company",
  "name_abbreviation": "American Insurance v. McGehee Liquor Co.",
  "decision_date": "1909-12-20",
  "docket_number": "",
  "first_page": "62",
  "last_page": "66",
  "citations": [
    {
      "type": "official",
      "cite": "93 Ark. 62"
    }
  ],
  "court": {
    "name_abbreviation": "Ark.",
    "id": 8808,
    "name": "Arkansas Supreme Court"
  },
  "jurisdiction": {
    "id": 34,
    "name_long": "Arkansas",
    "name": "Ark."
  },
  "cites_to": [
    {
      "cite": "48 Ark. 267",
      "category": "reporters:state",
      "reporter": "Ark.",
      "case_ids": [
        1887798
      ],
      "opinion_index": -1,
      "case_paths": [
        "/ark/48/0267-01"
      ]
    },
    {
      "cite": "8 Watts, 265",
      "category": "reporters:state",
      "reporter": "Watts",
      "case_ids": [
        1848391
      ],
      "opinion_index": 0,
      "case_paths": [
        "/watts/8/0265-01"
      ]
    },
    {
      "cite": "51 Pa. St. 864",
      "category": "reporters:state",
      "reporter": "Pa.",
      "opinion_index": 0
    },
    {
      "cite": "102 Ga. 87",
      "category": "reporters:state",
      "reporter": "Ga.",
      "case_ids": [
        587382
      ],
      "opinion_index": 0,
      "case_paths": [
        "/ga/102/0087-01"
      ]
    },
    {
      "cite": "81 Ill. 221",
      "category": "reporters:state",
      "reporter": "Ill.",
      "case_ids": [
        2676075
      ],
      "opinion_index": 0,
      "case_paths": [
        "/ill/81/0221-01"
      ]
    },
    {
      "cite": "13 W. Va. 392",
      "category": "reporters:state",
      "reporter": "W. Va.",
      "case_ids": [
        8641135
      ],
      "pin_cites": [
        {
          "page": "426, 427"
        }
      ],
      "opinion_index": 0,
      "case_paths": [
        "/w-va/13/0392-01"
      ]
    },
    {
      "cite": "42 Conn. 551",
      "category": "reporters:state",
      "reporter": "Conn.",
      "case_ids": [
        747164
      ],
      "pin_cites": [
        {
          "page": "553"
        }
      ],
      "opinion_index": 0,
      "case_paths": [
        "/conn/42/0551-01"
      ]
    },
    {
      "cite": "41 Ala. 222",
      "category": "reporters:state",
      "reporter": "Ala.",
      "case_ids": [
        3120388
      ],
      "pin_cites": [
        {
          "page": "231"
        }
      ],
      "opinion_index": 0,
      "case_paths": [
        "/ala/41/0222-01"
      ]
    },
    {
      "cite": "27 Ala., 254",
      "category": "reporters:state",
      "reporter": "Ala.",
      "case_ids": [
        8495375
      ],
      "pin_cites": [
        {
          "page": "258"
        }
      ],
      "opinion_index": 0,
      "case_paths": [
        "/ala/27/0254-01"
      ]
    },
    {
      "cite": "51 Pa. St. 357",
      "category": "reporters:state",
      "reporter": "Pa.",
      "case_ids": [
        999771
      ],
      "opinion_index": 0,
      "case_paths": [
        "/pa/51/0357-01"
      ]
    },
    {
      "cite": "75 Ark. 556",
      "category": "reporters:state",
      "reporter": "Ark.",
      "case_ids": [
        1502475
      ],
      "opinion_index": 0,
      "case_paths": [
        "/ark/75/0556-01"
      ]
    },
    {
      "cite": "68 Ark. 230",
      "category": "reporters:state",
      "reporter": "Ark.",
      "case_ids": [
        1334017
      ],
      "opinion_index": 0,
      "case_paths": [
        "/ark/68/0230-01"
      ]
    },
    {
      "cite": "50 Ark. 261",
      "category": "reporters:state",
      "reporter": "Ark.",
      "case_ids": [
        8721792
      ],
      "opinion_index": 0,
      "case_paths": [
        "/ark/50/0261-01"
      ]
    },
    {
      "cite": "48 Ark. 267",
      "category": "reporters:state",
      "reporter": "Ark.",
      "case_ids": [
        1887798
      ],
      "opinion_index": 0,
      "case_paths": [
        "/ark/48/0267-01"
      ]
    }
  ],
  "analysis": {
    "cardinality": 525,
    "char_count": 9253,
    "ocr_confidence": 0.692,
    "pagerank": {
      "raw": 2.6865554223768274e-07,
      "percentile": 0.8271233187726389
    },
    "sha256": "d693e9e53b28177c25a092de856550dbc81f4373d2595381a17e7868acc62457",
    "simhash": "1:a7d1c8468a7726b7",
    "word_count": 1619
  },
  "last_updated": "2024-02-27T21:05:25.990533+00:00",
  "provenance": {
    "date_added": "2019-08-29",
    "source": "Harvard",
    "batch": "2018"
  },
  "casebody": {
    "judges": [],
    "parties": [
      "American Insurance Company v. McGehee Liquor Company."
    ],
    "opinions": [
      {
        "text": "Battle, J.\nOn the-15th day of July, 1908, Joe F. Jones and J. H. Davis, partners doing business under the firm name and style of McGehee Liquor Company, brought an action against the American Insurance Company, a corporation organized under the laws of Arkansas and doing business at Little Rock, in this State, and against John B. Driver and A. B. Poe, on two drafts drawn by E. Miles, adjuster, on the defendant, the insurance company, for five hundred dollars each, payable to the order .of the plaintiffs, dated the 23d day of March, 1908, one due sixty days after date, and. the other ninety days after date, both accepted by the defendant, the American Insurance Company, on the 28th day of March, 1908, and indorsed in blank by the defendants, John B. Driver and A. B. Poe. Plaintiffs alleged that both drafts had been protested for non-payment, and due notice to the indorsers had been given; and asked for judgment against the defendants for the amount of the two drafts, and for interest on the same from maturity until paid, and for costs of .this action.\nDefendants demurred to the complaint because it did not state facts sufficient to constitute a cause of action.\nPlaintiffs amended their complaint by making W. B. Calhoun, Charles S. Driver, J. T. Hughes, E. P. Liston, J. M. Long and G. A.-Kimberly defendants to this action and by alleging that the American Insurance Company was required to give two bonds, in the sum\u2019 of ten thousand dollars each, to the State of Arkansas, conditioned that the said company would promptly pay all 'claims arising and accruing to any person by virtue of any policy issued by said company, during the term of-the bond, which was to be filed with, and approved by, the Auditor of the State; that the American Insurance Company, on the 28th day of February, 1907, executed, acknowledged and delivered bond of ten- thousand dollars, signed by the defendants, A. B. Poe, J. M. Young, G. A. Kimberly, E. Miles and J. T. Hughes; that it did, on the first day of May, 1907, execute, acknowledge and deliver an additional bond of ten' thousand dollars, signed by the defendants, J. B. Driver, W. B. Calhoun, Charles S. Driver, E. Miles, J. T. Hughes, A. B. Poe and H. P. Liston; that both of these bonds were given to the State of Arkansas, and conditioned according to the law in such cases made and provided, and were filed with the Auditor and approved by him, and were in full force and effect at the time the losses occurred which were evidenced by the drafts sued on; that during the \u201cterm\u201d of the bonds the plaintiffs held policies issued by the insurance company, indemnifying them against loss by fire destroying or injuring their stock of merchandise at McGehee, Arkansas, which was destroyed by fire on or about the 20th day of November, 1907; that the loss caused thereby was adjusted by an adjuster of the insurance company at $1,000;.and that the drafts were given \u201cas evidence of that indebtedness\u201d; and by asking for judgment against the defendants for $1,000 and interest, for 12 per cent, thereon as penalty, and for $200 for attorney\u2019s fee.\nCopies of the protests of the drafts and df the bonds were filed as exhibits.\nThe defendants, the insurance company, J. B. Driver and A. B. Poe, answered and admitted that plaintiffs suffered a loss by fire as alleged in their complaint, and the same was adjusted at $1,000, as evidenced by the drafts sued on; and alleged that the insurance company, on the 23d day of March, 1908, \u201csettled\u201d that loss by the drafts; that no demand for payment was made of Driver and Poe, both of whom are solvent; and insist that plaintiffs are not entitled to recover penalty and attorney\u2019s fee.\nThe other defendants answered, and made the same allegations and contentions contained in the separate answer of their co-defendants, and in addition thereto made other allegations which it is not necessary to mention.\nOn the 6th day of January, 1909, the defendants having failed to appear, the cause was submitted to the court upon the complaint of the plaintiffs and the drafts sued on; and the court found that the defendants \u201care justly indebted to the plaintiffs on account of the drafts, which were given in payment of a fire insurance policy in the sum of $1,000, with interest thereon from the 23d of March, 1908, to date at the rate of six per cent, per annum, amounting in all to the sum of $1,047.35,\u201d'and rendered judgment against the defendants for that amount and the statutory penalty of twelve per cent., amounting to $120, and for $140 for attorney\u2019s fee. Defendants have appealed to this court.\nThe execution and delivery of the drafts were not payment of the loss incurred by the destruction by fire of property insured in a policy issued by the American Insurance Company against such loss, unless the plaintiff agreed to receive them as payment. Henry v. Conley, 48 Ark. 267; Pendergrass v. Hellman, 50 Ark. 261; Triplett v. Mansur & Tebbetts Implement Co., 68 Ark. 230; Sharp v. Fleming, 75 Ark. 556. There was no such agreement, and the drafts were not paid. The plaintiffs had the right to sue upon them and recover judgment. They could not, however, sue upon and recover upon the policy, the original cause of action, unless in the trial of such action they produced and surrendered, or offered to surrender, the two drafts for cancellation, the drafts being negotiable instruments. Brown v. Scott, 51 Pa. St. 357; Mooring v. Mobile Marine Dock & Mutual Insurance Co., 27 Ala., 254, 258; Myatts v. Bell, 41 Ala. 222, 231; Brabazon v. Seymour, 42 Conn. 551, 553; Bank of Ohio Valley v. Lockwood, 13 W. Va. 392, 426, 427; Morrison v. Smith, 81 Ill. 221; Jackson v. Brown, 102 Ga. 87; Price v. Price, 16 M. & W. 231; 2 Daniel on Negotiable Instruments (5th Ed.), \u00a7 1272; 22 Am. & Eng. Enc. of Law (2d Ed.), page 567, and cases cited.\nIn Brown v. Scott, 51 Pa. St. 864, Mr. Justice Strong, delivering the opinion of the court, said: \u201cUndoubtedly, there is a large class of cases in which it has been asserted that when a negotiable note (in the case at bar the instruments sued on are two negotiable drafts) has been given for an antecedent debt, though it may not have extinguished that debt, courts will not suffer the creditor to sue and recover on the original contract unless the note has been lost or destroyed, or is produced and cancelled at the trial. And some of the cases go to the extent that the right to sue for the original consideration is suspended while the note is outstanding in the hands of an assignee or indorser for value. Such is the principle of Small v. Jones, 8 Watts, 265. To determine rightly how far the principle is applicable, we must regard the reason upon which it is founded. That reason is that, if the creditor might sue on the original cause of action, the debtor would be exposed to two suits, one brought by the creditor and one by the holder of the note, which would be a hardship. The rule then is made for the 'benefit of the maker of the note, and is irrespective of the payment of the debt.\u201d\nIt follows from the rule as stated that judgment could not lawfully be recovered upon the policy and drafts in one action, it being a prerequisite to a judgment on the former that the latter should first be surrendered; and that the judgment upon the policy and the bonds given to the State of Arkansas was without right. The drafts were a new contract, and limited the right recovery, and bound only the parties to them.\nThe judgment of the circuit court against all the defendants except the insurance company, Driver and Poe, and as to the penalty of twelve per cent, and attorney\u2019s fee, is reversed, and is in all other respects affirmed.",
        "type": "majority",
        "author": "Battle, J."
      }
    ],
    "attorneys": [
      "C. P. Harnwell, for appellants.",
      "Abner McGehee, Jr., for appellee."
    ],
    "corrections": "",
    "head_matter": "American Insurance Company v. McGehee Liquor Company.\nOpinion delivered December 20, 1909.\n1. Insurance \u2014 Execution of draft as payment. \u2014 Where drafts are executed in, settlement of an insurance -claim, they do not constitute a payment unless they were accepted as such. (Page 65.)\n2. Same \u2014 failure of insurer to pay draft \u2014 remedies.\u2014Where drafts were executed in settlement of an insurance claim, bu-t were not accepted as payment thereof, and the drafts were not paid at maturity, the payees could either sue upon the drafts or recover upon the original policy; but in the latter case they should offer to surrender the drafts for cancellation. (Page 65.)\n3. \u00a1Same \u2014 election op remedies. \u2014 Where drafts executed in settlement of an insurance claim were not paid at maturity, the payees could not recover upon the policy and upon the drafts in the same action, the two remedies being inconsistent. (Page 66.)\nAppeal from Pulaski Circuit Court; John W. Blackwood, Judge;\nreversed.\nC. P. Harnwell, for appellants.\nSection 4348, Kirby\u2019s Dig., does not apply to mutual insurance companies. Act 192 of Acts 1905 is solely applicable. The bondsmen could be sued only under the authority given by section 4380 of Kirby\u2019s Dig.-\nAbner McGehee, Jr., for appellee.\nThe allowance of the penalty and attorney\u2019s fee was proper. Act 113, Acts 1905. When default was made, in payment of these drafts, the original debt revived, upon which plaintiffs had a right to sue. 48 Ark. 267. Act 115 of the Acts of 1905 makes no distinction between liquidated and unliquidated claims."
  },
  "file_name": "0062-01",
  "first_page_order": 84,
  "last_page_order": 88
}
