{
  "id": 1546857,
  "name": "Sellers v. State",
  "name_abbreviation": "Sellers v. State",
  "decision_date": "1910-01-17",
  "docket_number": "",
  "first_page": "313",
  "last_page": "316",
  "citations": [
    {
      "type": "official",
      "cite": "93 Ark. 313"
    }
  ],
  "court": {
    "name_abbreviation": "Ark.",
    "id": 8808,
    "name": "Arkansas Supreme Court"
  },
  "jurisdiction": {
    "id": 34,
    "name_long": "Arkansas",
    "name": "Ark."
  },
  "cites_to": [
    {
      "cite": "71 Ark. 62",
      "category": "reporters:state",
      "reporter": "Ark.",
      "case_ids": [
        1507807
      ],
      "opinion_index": -1,
      "case_paths": [
        "/ark/71/0062-01"
      ]
    },
    {
      "cite": "76 Ark. 39",
      "category": "reporters:state",
      "reporter": "Ark.",
      "case_ids": [
        1500987
      ],
      "opinion_index": -1,
      "case_paths": [
        "/ark/76/0039-01"
      ]
    },
    {
      "cite": "67 Ark. 365",
      "category": "reporters:state",
      "reporter": "Ark.",
      "case_ids": [
        1152534
      ],
      "opinion_index": -1,
      "case_paths": [
        "/ark/67/0365-01"
      ]
    },
    {
      "cite": "75 Ark. 347",
      "category": "reporters:state",
      "reporter": "Ark.",
      "case_ids": [
        1502548
      ],
      "opinion_index": -1,
      "case_paths": [
        "/ark/75/0347-01"
      ]
    },
    {
      "cite": "74 Ark. 256",
      "category": "reporters:state",
      "reporter": "Ark.",
      "case_ids": [
        8720049
      ],
      "opinion_index": -1,
      "case_paths": [
        "/ark/74/0256-01"
      ]
    },
    {
      "cite": "65 Ark. 475",
      "category": "reporters:state",
      "reporter": "Ark.",
      "case_ids": [
        609240
      ],
      "opinion_index": -1,
      "case_paths": [
        "/ark/65/0475-01"
      ]
    },
    {
      "cite": "58 Ark. 353",
      "category": "reporters:state",
      "reporter": "Ark.",
      "case_ids": [
        1329143
      ],
      "opinion_index": -1,
      "case_paths": [
        "/ark/58/0353-01"
      ]
    },
    {
      "cite": "75 Ark. 548",
      "category": "reporters:state",
      "reporter": "Ark.",
      "case_ids": [
        1502511
      ],
      "opinion_index": -1,
      "case_paths": [
        "/ark/75/0548-01"
      ]
    },
    {
      "cite": "36 Ark. 316",
      "category": "reporters:state",
      "reporter": "Ark.",
      "case_ids": [
        1872381
      ],
      "opinion_index": -1,
      "case_paths": [
        "/ark/36/0316-01"
      ]
    },
    {
      "cite": "61 Ark. 52",
      "category": "reporters:state",
      "reporter": "Ark.",
      "case_ids": [
        1902352
      ],
      "opinion_index": -1,
      "case_paths": [
        "/ark/61/0052-01"
      ]
    },
    {
      "cite": "18 Ark. 540",
      "category": "reporters:state",
      "reporter": "Ark.",
      "case_ids": [
        8726751
      ],
      "opinion_index": -1,
      "case_paths": [
        "/ark/18/0540-01"
      ]
    },
    {
      "cite": "72 Ark. 461",
      "category": "reporters:state",
      "reporter": "Ark.",
      "case_ids": [
        1505531
      ],
      "opinion_index": -1,
      "case_paths": [
        "/ark/72/0461-01"
      ]
    },
    {
      "cite": "150 U. S. 76",
      "category": "reporters:federal",
      "reporter": "U.S.",
      "case_ids": [
        3571206
      ],
      "opinion_index": -1,
      "case_paths": [
        "/us/150/0076-01"
      ]
    },
    {
      "cite": "58 Ark. 473",
      "category": "reporters:state",
      "reporter": "Ark.",
      "case_ids": [
        1329174
      ],
      "opinion_index": -1,
      "case_paths": [
        "/ark/58/0473-01"
      ]
    },
    {
      "cite": "32 Ark. 221",
      "category": "reporters:state",
      "reporter": "Ark.",
      "opinion_index": -1
    },
    {
      "cite": "29 Ark. 31",
      "category": "reporters:state",
      "reporter": "Ark.",
      "case_ids": [
        1882937
      ],
      "opinion_index": -1,
      "case_paths": [
        "/ark/29/0031-01"
      ]
    },
    {
      "cite": "72 Ark. 409",
      "category": "reporters:state",
      "reporter": "Ark.",
      "case_ids": [
        1505614
      ],
      "opinion_index": 0,
      "case_paths": [
        "/ark/72/0409-01"
      ]
    },
    {
      "cite": "91 Ark. 175",
      "category": "reporters:state",
      "reporter": "Ark.",
      "case_ids": [
        1511741
      ],
      "opinion_index": 0,
      "case_paths": [
        "/ark/91/0175-01"
      ]
    }
  ],
  "analysis": {
    "cardinality": 434,
    "char_count": 7268,
    "ocr_confidence": 0.668,
    "pagerank": {
      "raw": 3.177423883190505e-07,
      "percentile": 0.8643061815573031
    },
    "sha256": "0f3569ca2ee1f1b5b8b1b6a196ee15afa344f743e7746316df252222fb0e75f9",
    "simhash": "1:06949d1e12694ce7",
    "word_count": 1216
  },
  "last_updated": "2024-02-27T21:05:25.990533+00:00",
  "provenance": {
    "date_added": "2019-08-29",
    "source": "Harvard",
    "batch": "2018"
  },
  "casebody": {
    "judges": [],
    "parties": [
      "Sellers v. State."
    ],
    "opinions": [
      {
        "text": "McCulloch, C. J.\nAppellant was indicted for the crime of murder, and convicted of voluntary manslaughter. On the former appeal the judgment was reversed (91 Ark. 175), and appellant was again put on trial and convicted of the same degree of homicide. He again appeals, assigning numerous errors.\nWe reversed the case before on account of an error committed by the trial court in admitting in evidence, without its accuracy being verified by the testimony of any witness, a photograph purporting to show the situation of the parties and the circumstances and conditions connected with the fatal encounter between appellant and the deceased. We held, however, that when the accuracy of \u00e1 photograph is verified by the testimony of witnesses, showing that it faithfully represents the objects and situations portrayed, it is admissible, subject to impeachment by other evidence.\nIn the second trial, the accuracy of- the photograph was duly established. Mrs.\" Lawhorn, mother of the deceased, who was an eye-witness to the tragedy, testified that when the photograph was taken the surroundings w.ere unchanged, and that she placed the persons before the camera so as to correctly represent the situation and attitude of the parties to the fatal rencounter. The photographer was introduced as a witness, and he testified that the photograph accurately portrayed the scene as it was pointed out to him by Mrs. Tawhorn, except that'he retouched the picture so as to -make the powder marks on the fence show plainer. The testimony of another witness tended to impeach the accuracy of the photograph by stating that he saw only one bullet hole in the fence at the place where two are shown in the photograph. The testimony as to these alleged inaccuracies went to the jury for what it was worth, and did not render the photograph inadmissible. The court properly permitted the jury to view and consider it in connection with all the other testimony in the case.\nVarious acts and statements of special prosecuting counsel, made during the progress of the trial, are assigned as misconduct constituting prejudicial error. We have considered each assignment, and, while we do not approve the remarks made by counsel, we fail to discover anything calculated to prejudice the rights of appellant. The alleged misconduct consisted mainly of little side remarks made by counsel, in the presence of the jury, to appellant and other witnesses and to his counsel which were \u2022entirely inappropriate; yet we reverse judgments only for errors substantially calculated to prejudice the rights of litigants, and not merely for \u00a1misconduct which could have had no influence on the jury in arriving at a verdict.\nError is assigned in the refusal of the court to permit appellant to impeach the testimony of witness Esco Lawhorn, a brother of deceased, by proving contradictory statements of the witness. -It is conceded that Esco Lawhorn was not a witness to the fatal rencounter between his brother and appellant, but the latter called him as a witness and asked him the following question as to a statement alleged to have been made on a former occasion: \u201cDid you not pull this pistol out of your pocket on that occasion and say, \u2018This is the pistol that my brother shot at Jim Sellers with, and if I could get a pop at him there wouldn\u2019t be any trial in this case ?\u2019 \u201d He replied that he did not make the statement, and appellant introduced another witness to impeach him by proving that he did make it. As the wit\u00f1ess was not present at the killing, he could not have known whether or not his brother had a pistol on that occasion, or shot at appellant. So the statement was immaterial. A party cannot examine a witness as to collateral, immaterial matters, and then impeach him by proof of contradictory statements. Plunkett v. State, 72 Ark. 409.\nAppellant complains of the refusal of the court to give instructions which he requested on the question of reasonable doubt and presumption of innocence.- These subjects were covered by other full and accurate instructions given by the court. The instructions on each phase of the case were correct, and the evidence sustained the verdict.\nJudgment affirmed.",
        "type": "majority",
        "author": "McCulloch, C. J."
      }
    ],
    "attorneys": [
      "W. R. Donham and T. G. Malloy, for appellant.",
      "Hal L. Norwood, Attorney General, for appellee.",
      "Davis & Pace and Hal L. Norwood, Attorney General, filed supplemental brief for appellee."
    ],
    "corrections": "",
    "head_matter": "Sellers v. State.\nOpinion delivered January 17, 1910.\n1. Evidence \u2014 photograph.\u2014When the accuracy of a photograph is established by the testimony of witnesses, showing that it faithfully represents the objects and situations portrayed, it is admissible, subject to impeachment by other evidence. , (Page 315.)\n2. Appeal and error \u2014 prejudice.\u2014Judgments in criminal cases are reversed only for errors substantially calculated to prejudice the rights of litigants. (Page 316.)\n3. Witnesses \u2014 impeachment as to collateral matter. \u2014 A party cannot examine a witness as to collateral and immaterial matters, and then impeach him by proof of contradictory statements. (Page 316.)\n4. Instructions \u2014 repetition.\u2014It was not error to refuse instructions fully covered by other instructions which were given. (Page 316.)\nAppeal from Saline Circuit Court W. H. Evans, Judge;\naffirmed.\nW. R. Donham and T. G. Malloy, for appellant.\n1. The verdict of the jury at the first trial was an acquittal of murder. 29 Ark. 31; 32 Ark. 221; art. 2, \u00a7 8, Const. Ark. It was therefore improper to arraign the defendant and again place him on trial for murder in the first degree.\n2. The case should be reversed because of improper cross examination by the State\u2019s attorney of appellant\u2019s witnesses, couched in such form of questions as practically to accuse witnesses of falsifying, and indirectly to charge some of them with complicity in the crime, and other questions of a nature to bring the witnesses into disrepute before the jury. And the refusal of the court to instruct the jury not to consider prejudicial remarks made during the progress of such examination was prejudicial. 58 Ark. 473; 2 Enc. Pl. & Pr. 738; 150 U. S. 76; 72 Ark. 461.\n3. The photographs were improperly admitted in evidence, especially to permit a witness to testify from them before proving their accuracy. 22 Am. & Eng. Enc. of L. 775, and cases cited.\nHal L. Norwood, Attorney General, for appellee.\n1. There was no prejudice in arraigning appellant for murder in the first degree. Instructions requested authorizing a conviction for murder were refused, and the crime of manslaughter only was submitted to the jury.\n2. The mode of examining witnesses is in the sound discretion of the trial court, and this court will not disturb a verdict unless there has been an abuse of that discretion. 18 Ark. 540; 61 Ark. 52; 36 Ark. 316; 75 Ark. 548. The question asked witnesses and the remarks of counsel complained of constitute no ground of reversal here. The court instructed the jury not to allow what was said by counsel on either side to influence their verdict, and reminded them that they were sworn to try the case according to the law and the evidence. 58 Ark. 353; 65 Ark. 475; 74 Ark. 256; 75 Ark. 347; Id. 246; 67 Ark. 365; 76 Ark. 39; 71 Ark. 62.\n3. Objections to the photographs introduced in evidence are without merit. On this trial they were fully identified and proved to be true. They were therefore properly admitted.\nDavis & Pace and Hal L. Norwood, Attorney General, filed supplemental brief for appellee."
  },
  "file_name": "0313-01",
  "first_page_order": 335,
  "last_page_order": 338
}
