{
  "id": 8726442,
  "name": "Pike et al. vs. Underhill's ad. et. al.",
  "name_abbreviation": "Pike v. Underhill's",
  "decision_date": "1863-06",
  "docket_number": "",
  "first_page": "124",
  "last_page": "130",
  "citations": [
    {
      "type": "official",
      "cite": "24 Ark. 124"
    }
  ],
  "court": {
    "name_abbreviation": "Ark.",
    "id": 8808,
    "name": "Arkansas Supreme Court"
  },
  "jurisdiction": {
    "id": 34,
    "name_long": "Arkansas",
    "name": "Ark."
  },
  "cites_to": [
    {
      "cite": "24 Miss., 172",
      "category": "reporters:state",
      "reporter": "Miss.",
      "opinion_index": -1
    },
    {
      "cite": "3 Ala. 458",
      "category": "reporters:state",
      "reporter": "Ala.",
      "case_ids": [
        8496311
      ],
      "opinion_index": -1,
      "case_paths": [
        "/ala/3/0458-01"
      ]
    },
    {
      "cite": "32 Ala. Rep., 368",
      "category": "reporters:state",
      "reporter": "Ala.",
      "case_ids": [
        8497776
      ],
      "opinion_index": -1,
      "case_paths": [
        "/ala/32/0368-01"
      ]
    }
  ],
  "analysis": {
    "cardinality": 612,
    "char_count": 13950,
    "ocr_confidence": 0.359,
    "pagerank": {
      "raw": 9.20307476573626e-08,
      "percentile": 0.5097341582462915
    },
    "sha256": "1a593c897a081fd60a1379ccb47ff58cd8ffdab954abc0199be439cb7312d8ae",
    "simhash": "1:885669baaa06cbc7",
    "word_count": 2480
  },
  "last_updated": "2024-02-27T17:43:24.444187+00:00",
  "provenance": {
    "date_added": "2019-08-29",
    "source": "Harvard",
    "batch": "2018"
  },
  "casebody": {
    "judges": [],
    "parties": [
      "Pike et al. vs. Underhill's ad. et. al."
    ],
    "opinions": [
      {
        "text": "Mr. Justice English\ndelivered the opinion of the Court.\nOn the 28th of November, 1852, George W. Underhill, of Crit-tenden county, and Albert Bike, of Pulaski county, entered into a written contract, by which it was agreed between them, in substance, that they would jointly enter and locate such swamp and overflowed lands of the state, south of Bed river, as Pike should select, and furnish the numbers thereof, to the quantity of at least 20,000 acres, and as much more as Underhill might be able to obtain scrip to enter.\nThat the lands should be selected and entered in certain townships mentioned, and in other townships contiguous thereto.\nThat the lands so selected should be entered by lists thereof (furnished by Pike) and annexed to the agreement, signed by the. parties.\nThat all the lands so located should be held and owned by the parties jointly and equally, as tenants in common.\nThat Underhill should furnish all the scrip, and make all the entries, for which Pike should be indebted to him one half of the value of such scrip, at the price at which entry of the lands should be allowed; and that the amount due by Pike should bo paid out of the proceeds of sales of the lands, to be made after they were reclaimed, by assent of both parties. Pike being in no event bound to pay for said scrip any more o\u00ed other sum than his half of any deficit caused by the sales of the lands falling short of paying the price of the scrip and interest thereon from the time of location.\nThe contract was signed and sealed by the parties.\nIn pursuance of this contract, Underhill entered a large amount of lands (over 50,000 acres,) with scrip, and balances due him from the state as a levee contractor, from selections made, and lists furnished by Pike; and through the exertions of Pike, final certificates of purchase were obtained for most of the lands, so entered, from the swamp land commissioners.\nUnderhill having died, Pike filed a bill in the Lafayette circuit court against his administrator, widow and heirs for specific performance of the contract.\nIsaac Burgett was also made a defendant to the bill, upon an allegation that he claimed, as the complainant Pike had lately been informed, an interest in the lands as having been jointly interested, with Underhill, in the scrip and balances with which they were purchased, etc., etc.\nAll of the defendants answered, and on the final hearing, the bill was dismissed as to Burgett, a decree rendered in favor of the widow of Underhill, (who had intermarried with Vm. E. Jones,) for dower in the lands, and in favor of Pike for specific performance of the contract, etc.\nPike and Burgett appealed.\nThe subject of Burgett\u2019s answer is, that he hacl no personal knowledge of the contract between Pike and 'Underhill.\nThat about the year 1851, he and Underhill having entered into a partnership for that purpose, contracted to construct thirteen miles of levee on the Mississippi river, and were to be equally entitled to the profits thereof. That Underhill drew a large amount of scrip tor levee work done by them under their contract, in which they were jointly interested, a portion of which he used in the entry of the lands described in the bill. He therefore claimed to be an equitable owner of one half of the lands so entered, or to have an equitable lien upon the lands for the value of so much of his scrip as was used by Underhill in making the entries.\nHe does not aver that Pike had any knowledge of the partnership between him and 'Underhill, or any notice that he was interested in the scrip used by Underhill in the entry of the lands.\nThe answer was filed, and replication entered thereto, on the 14th November, 1859, and the cause continued with leave for the parties to take depositions.\nOn the 22d November, 1861, the cause was called for final hearing, and the solicitor of Burgett filed a motion for continuance, on the ground that he desired to obtain the depositions of witnesses to prove that the lands in controversy were entered by Underhill with scrip, etc., which belonged equally to him and Burgett under their partnership levee contract, etc. The court overruled the motion, proceeded to a final hearing of the cause, and dismissed the bill as to Burgett, without prejudice to any claim that he might have to relief as against the repsentatives of Underhill, he having failed to assert such claim by cross-bill.\nThe matter of defence sot up in the answer of Burgett was not responsive to the allegations of the bill, but new affirmative matter, and the burthen of proof was upon him; and he failed to produce upon the hearing depositions to sustain it.\nPassing over the questions of diligence, had. the court continued the cause to afford him further time to procure depositions to prove the matter set up in the answer, it would have been of no avail to him, because it is manifest that any equitable claim that he had upon the lands as against Underhill\u2019s representatives should have been asserted by a cross-bill, which he failed to file, or to offer to file. And' had he been afforded any time that he might have desired to prove every allegation of the answer, it would have been no bar to the relief sought by Pike, as to his interest in the lands, because there was no averment in the answer that Pike had any notice that Burgett had any interest in the scrip used by Underhill in the entry of the lands, or that there was any partnership existing between Burgett and Underhill.\nSo much of the decree of the court below, therefore, as dismissed the bill as to Burgett must be affirmed.\nPike complains of so much of the decree as gives to the widow of Underhill dower in each specific tract of land.\nThe court decreed to her one-sixtli of all the lands, that being equal to one-third of her deceased husband\u2019s half of the lands, and appointed commissioners to lay off her dower accordingly ; and decreed to Pike three-fifths of the remainder of the lands, that being equal to one-half of the whole of the lands, charged with the payment to Underhill\u2019s administrator of one half of the value of the scrip, etc., expended by him in the entry of the lands; and decreed to Underhill\u2019s heirs the remaining two-fifths of the lands with the remainder in the sixth of the lands to be set apart to the widow as her dower interest.\nThe court appointed a trustee to make sales of so much of the lands as might be necessary to pay the debt due from Pike to Underhill, with directions to the trustee to pay the proceeds of the sales to the administrator of Underhill, and that he credit Pike with three-fifths thereof, until his indebtedness to Underhill should be extinguished, and that the remaining lands be partitioned between Pike and Underhill\u2019s heirs in the proportions above indicated.\nThe decree in favor of the widow was unfavorable to her, and prejudicial to the interests of Pike and[ the heir\u00a7 of Underhill.\nHer dower, if assigned under the decree would be scattered in inconsiderable bodies, over a great many tracts of wild lands, many of which aie the smaller subdivisions of sections, and the value of her dower, by such mode of allotment, would be necessarily impaired.\nIt would, also, constitute an inconvenient incumbrance upon such of the lands as by the terms of the contract between her deceased husband and Pike, and by the provisions of the decree for specific performance, are to be sold, as well as upon the lands to be partitioned between Pike and her children, after the extin-guishment of the debt due from Pike.\nWe think the more equitable mode of giving her dower will be to direct that one sixth of the proceeds of the lands sold by the trustee be put at interest, upon safe securities, under the supervision of the court, and the-interest paid to her during her life, and the principal turned over, after her death, to Underhill\u2019s heirs, and that the lands remaining after the making of such sales as may be required to extinguish Pike\u2019s debt be partitioned equally between him and Underhill\u2019s heirs: and that she be assigned for dower one-third of the lands allotted to the heirs, in a manner most beneficial to her and least incumbering to their lands; and that the remainder of their lands and all of Pike\u2019s be disencumbered of her dower.\nSo much of the decree as relates to her dower most, therefore, be reformed, by a decree entered here, in accordance with this opinion, and certified to the court below to be executed.\nSo much of the decree as is not reversed, or modified, by the decree to be entered here, must be affirmed. '\nIt may be remarked that it would have been more regular for the widow of Underhill to have made her answer a cross-bill, in order to have her dower rights, as between her and the heirs of Underhill settled, but they did not appeal*, and this irregularity in practice is not the subject of complaint on the appeal of Pike.",
        "type": "majority",
        "author": "Mr. Justice English"
      }
    ],
    "attorneys": [
      "Watkins, for Pike.",
      "Jennings and Knigiit, for Burgett."
    ],
    "corrections": "",
    "head_matter": "Pike et al. vs. Underhill's ad. et. al.\nThe defendant in chancery must prove all ne%v matter set up in his answer which is not responsive to the bill.\nPike and Underhill entered into a contract by which they agreed to jointly enter swamp lands, Pike making the selections and Underhill furnishing the scrip, and charging Pike with one-half its value, to be paid whenever the lands were sold. Various entries having been made under this contract, Underhill died, and Pike brought a bill for specific performance against his administrator, widow and heirs and Burgett. The latter answered that one-half of a certain portion of tire scrip furnished by Underhill belonged to himself, and therefore claimed to bo the equitable owner of one-half of the lands so entered, or to have a lien on the lands for the value of so much of his scrip as was used by Underhill in making the entries: Held, that the burden of proof was upon Burgett.\nHeld, further, that in order to make good his claim, Burgett should have set it up in a cross-bill;\nAnd that the allegations of the answer could not bar Pike\u2019s claim, because he was not charged with notice of Burgett\u2019s interest in the scrip used by Underhill.\nIt was improper for the court below in assigning the widow her dower to lessen it3 value by causing it to be scattered in inconsiderable bodies over a great many tracts of wildland.\nWhere it would be detrimental to tho interest of the parties to assign the widow her dower specifically in certain of her husband\u2019s lands, the court will direct them to be sold, and that the interest on one-third of the proceeds of the sale of her husband\u2019s interest therein, shall be secured to her for life.\nBut as to other lands where no suoh inconvenience or difficulty exists, the court will direct that dower be specifically assigned out of the estate.\nAppeal from Hempstead, Circuit Court in Chcmcery.\nHon. Lew B. OiiseN, Circuit Judge.\nWatkins, for Pike.\nThe decree assigning dower to the widow in each specific tract of land, is disastrous to her; and Pike is injured by it because it is an unwise restriction, a clog and incumbrance upon the advantageous sale of his share or interest in the land.\nIt is quite plain that Pike and Underhill entered into a land speculation in partnership. Their agreement constituted them partners quoad the proposed land investment. See on this subject, 3 Kenfs Com., p. 38, et seq., and notes cmd oases cited. Smiths'1 Mfr. v. Garth, 32 Ala. Rep., 368, is a case in point to show that they were partners to all intents and purposes.\nBut whether Pike and Underhill contemplated a partnership in the buying and selling of swamp lands, is not material; because their agreement expressly provides that what Pike should owe to Underhill should be paid out of the proceeds of the sales: that contract became the law of their projected adventure, and any right or claim of either of them, or the representatives of either, must be held in subordination to it: It is clear, therefore, that neither Underhill nor his representatives can have any rights unless in specific performance of that agreement. The lands or a sufficiency of them are to be sold, and Underhill\u2019s estate re-im-bursed out of that fund, and so far as the decree clogs or hinders that with a claim of dower in wild lands, it is erroneous and \u25a0ought to be reversed, because in clear violation of the contract.\nOn the appeal of Burgett, it is sufficient to say, that if his answer were a bill in chancery, and every word of it were proven, or confessed to be true, it would have to be dismissed, because owing to the vagueness of the allegations, no decree could be rendered upon it; and if he had any claim to relief against either party, he should have presented a cross-bill. See Lube\u2019s Eq. Plead., p. 142, et seq. and notes.\nJennings and Knigiit, for Burgett.\nThe answer of Burgett responds that his interest is as stated in the bill, that is: that he was jointly interested with Underhill in the funds with which the lands were purchased. His answer, then, must be taken as true. 2 Story\u2019s Ey., sec. 1528 ; Fenno vs. Sayre, 3 Ala. 458.\nBurgett being equally interested in the funds, that interest could not be divested by the misuse of the funds by his co-partner in the purchase of property for the benefit of himself and a stranger, whether he knew it to be partnership property or not \u2014being joint property it could be transferred or used only for the benefit of the concern. Story on Part., p. 220, n. 1; Goll. on Part. 2T9 ; 11 S. <6 M. 326; 24 Miss., 172.\nAs this case was presented to the chancellor by the 'bill and answer \u2014 the one stating that Burgett asserted a claim and interest in the lands; the other admitting it and setting it up as prayed to be discovered, the court should have adjudicated such claim; but if a cross-bill was necessary, the court should have directed such bill to be filed in order to bring the rights of all the parties fully and properly before the court, before a final decree was rendered. Daniels Oh. PI. and Pr., p. 1745, and eases there eited in a note."
  },
  "file_name": "0124-01",
  "first_page_order": 132,
  "last_page_order": 138
}
