{
  "id": 8726823,
  "name": "Brown vs. Cribbs",
  "name_abbreviation": "Brown v. Cribbs",
  "decision_date": "1866-12",
  "docket_number": "",
  "first_page": "248",
  "last_page": "250",
  "citations": [
    {
      "type": "official",
      "cite": "24 Ark. 248"
    }
  ],
  "court": {
    "name_abbreviation": "Ark.",
    "id": 8808,
    "name": "Arkansas Supreme Court"
  },
  "jurisdiction": {
    "id": 34,
    "name_long": "Arkansas",
    "name": "Ark."
  },
  "cites_to": [],
  "analysis": {
    "cardinality": 269,
    "char_count": 3773,
    "ocr_confidence": 0.429,
    "pagerank": {
      "raw": 4.292217809909693e-08,
      "percentile": 0.27081694724287014
    },
    "sha256": "b03b5ccd168802922978755ebc74aa920305217aeea2f2df80010e2781173194",
    "simhash": "1:8e3b78ed037f2740",
    "word_count": 645
  },
  "last_updated": "2023-07-14T14:52:35.837715+00:00",
  "provenance": {
    "date_added": "2019-08-29",
    "source": "Harvard",
    "batch": "2018"
  },
  "casebody": {
    "judges": [],
    "parties": [
      "Brown vs. Cribbs."
    ],
    "opinions": [
      {
        "text": "Mr Justice ClendeNIN\ndelivered the opinion of the court.\nOn the 18th of March, 1861, Cullen G. Cribbs commenced his action of debt in the Pulaski circuit court, against John T. Trigg, John G. Fletcher and William Brown, jr., returnable to the May term of that court. The defendants were all served with process. No orders or proceedings appear to have been taken in the case until the March term, 1866, at which term the plaintiff suggested and proved the death of defendant Trigg, and the suit abated as to him; the defendant Fletcher made default, and Brown filed his prayer of oyer, which was granted, and Brown made no further defence. The record then shows that \u201c the plaintiff asked leave to amend his declaration herein, so as to lay his damages at four hundred dollars, instead of two hundred dollars,\u201d to which defendant Brown objected, but the court permitted the amendment to be made, to which Brown excepted, and saying nothing further, judgment was rendered against Fletcher and Brown, and Brown brings the case by writ of error to this court.\nThe first point raised by the assignment of errors is, that the circuit court erred in permitting the plaintiff to amend his declaration without terms; and second, that the court erred in not taxing the plaintiff with the costs prior to the amendment.\nBoth of these points assigned for error come within the provisions of section 113, chap. 133, of the Digest o\u00ed laws of this state. That section says: \u201c The court in which any action may be pending shall have power to amend any process, pleading or proceeding in such action either in form or substance, for the furtherance of justice, on ;such terms as may be just, at any time before final judgment rendered therein.\u201d\nThe circuit court then had the power, under this section of our statute, to exercise a discretion in permitting this amendment to be made, and also in rendering the judgment for costs : and we. think the circuit court exercised a sound legal discretion in permitting the amendment. We can hardly imagine a stronger case that could be presented to the court for the exercise of its power in permitting amendments, than the one we gather from the record in this case. The plaintiff had properly brought his suit five years before the judgment was rendered, had laid his damages at such sum as he might reasonably expect would be sufficient when the case was tried, yet from delays and the natural efflux of time, they^were found not to be enough, and therefore, his proposition to amend, before the final judgment, was just and proper; and we think that the circuit court did not err in permitting the amendment to be made and rendering the judgment for the costs.\nThe judgment of the circuit court is affirmed.",
        "type": "majority",
        "author": "Mr Justice ClendeNIN"
      }
    ],
    "attorneys": [
      "Stillwell & Wassell, for plaintiff in error.",
      "Gallagher & NewtoN, for defendant."
    ],
    "corrections": "",
    "head_matter": "Brown vs. Cribbs.\nUnder sec. 113, ch. 133, Gould\u2019s Dig., the court has a discretion in permitting amendments, before final judgment, and without costs; and'that discretion was properly exercised where the damages laid in, the declaration, from long delay, were not enough.\nError to Bulashi Circuit Cowrt.\nHon. Libeety Bartlett, Circuit Judge.\nStillwell & Wassell, for plaintiff in error.\nThe amendment should have been allowed only on payment of costs, and a continuance of the case, that the defendant might have opportunity to plead to the amended' declaration. 2 Hay. N. C. E, 282; 3 Wendell, 361; CiVp. B., 139.\nGallagher & NewtoN, for defendant.\nIt was clearly within the discretion of the court to allow the amendment, uiider seo. 113, oh. 133, p. 862, of the Digest,. as construed in Stillwell, Ex. vs. Badgett, 22 Arh., 166.\nIt was purely within the discretion of the court to permit the amendment without costs; and that discretion will not be controlled by this court unless clearly abused. Burr vs. Daugherty, 21 Arh., 561."
  },
  "file_name": "0248-01",
  "first_page_order": 256,
  "last_page_order": 258
}
