{
  "id": 8727062,
  "name": "Millwee ex parte",
  "name_abbreviation": "Ex parte Millwee",
  "decision_date": "1866-12",
  "docket_number": "",
  "first_page": "364",
  "last_page": "365",
  "citations": [
    {
      "type": "official",
      "cite": "24 Ark. 364"
    }
  ],
  "court": {
    "name_abbreviation": "Ark.",
    "id": 8808,
    "name": "Arkansas Supreme Court"
  },
  "jurisdiction": {
    "id": 34,
    "name_long": "Arkansas",
    "name": "Ark."
  },
  "cites_to": [],
  "analysis": {
    "cardinality": 201,
    "char_count": 2555,
    "ocr_confidence": 0.406,
    "pagerank": {
      "raw": 5.36780670512147e-08,
      "percentile": 0.3367258091108787
    },
    "sha256": "6a04c292705abbfac84e875d6139f41c9c220a8947901772726ac8775dadb329",
    "simhash": "1:1247d0c92d6fc71e",
    "word_count": 440
  },
  "last_updated": "2023-07-14T14:52:35.837715+00:00",
  "provenance": {
    "date_added": "2019-08-29",
    "source": "Harvard",
    "batch": "2018"
  },
  "casebody": {
    "judges": [],
    "parties": [
      "Millwee ex parte."
    ],
    "opinions": [
      {
        "text": "Mr. Justice Clendenin\ndelivered tho opinion of the court.\nThis is an application for mandamus against the Hon. Augustus N. Hargroves, judge of the 9th judicial circuit of this state, to compel him to grant an injunction, which, it appears by the endorsement on the bill, now filed with the petition in this case, he refused to grant.\nFrom the bill o\u00ed complaint and the exhibits, we learn that on the 18th of February, A. I). 1863, the petitioner- purchased from William P. McIntosh, the defendant in the bill, a negro slave, for the sum of fourteen hundred dollars, upon a credit of twelve months; that he executed three writings obligatory to said McIntosh, two for five hundred dollars each, and one for four hundred dollars, due at twelve months, with ten per cent from due; that McIntosh executed a bill of sale to petitioner; that petitioner afterwards paid one of said five hundred dollar notes, and two hundred dollars on account of the other; that McIntosh instituted his action of debt, upon the balance due on said notes, in the circuit court of Sevier county; that service of process was had; that at the September term of said circuit court, petitioner, Millwee, appeared and craved oyer of the instruments sued on] which being granted, he filed his three pleas: 1st. of nil debeb, not sworn to; 2d. payment, and 3d a special-plea, sworn to : that the consideration of the instruments sued on, was a negro slave, which was warranted a slave for.life, and that by the proclamation of Abraham Lincoln, president of the United States, and the organic law, slavery had been abolished, etc., that the plaintiff moved to strike out the plea of nil debeb, took issue to the plea of payment and demurred to the third plea; that petitioner Millwee then withdrew his pleas, and judgment was rendered against him. \u2022 \u2022\nThe petitioner then presented his bill praying for an injunction and setting up, in substance, the same matter presented by the special plea.\nIndependent of the question, that the defendant, having el\u00e9ct-ed to defend at law, he is bound by his election, we are clearly of the opinion that the first reason assigned for refusing to grant the injunction \u2014 for want of equity on the face of the bill \u2014 was a good and sufficient one, and is based on the law as decided at the present term of this court in the case of Dorris vs. Grace.\nThe mandamus is therefore refused.",
        "type": "majority",
        "author": "Mr. Justice Clendenin"
      }
    ],
    "attorneys": [
      "Garland & Nash, for the application.",
      "Gallagher & Newton, contra."
    ],
    "corrections": "",
    "head_matter": "Millwee ex parte.\nTho poiat in this ease settled in Dorris vs. Grace, supra.\nApplication for Mandamus.'\nGarland & Nash, for the application.\nGallagher & Newton, contra."
  },
  "file_name": "0364-01",
  "first_page_order": 372,
  "last_page_order": 373
}
