{
  "id": 8720258,
  "name": "Fine v. Lockwood",
  "name_abbreviation": "Fine v. Lockwood",
  "decision_date": "1929-03-18",
  "docket_number": "",
  "first_page": "222",
  "last_page": "225",
  "citations": [
    {
      "type": "official",
      "cite": "179 Ark. 222"
    }
  ],
  "court": {
    "name_abbreviation": "Ark.",
    "id": 8808,
    "name": "Arkansas Supreme Court"
  },
  "jurisdiction": {
    "id": 34,
    "name_long": "Arkansas",
    "name": "Ark."
  },
  "cites_to": [],
  "analysis": {
    "cardinality": 290,
    "char_count": 4788,
    "ocr_confidence": 0.463,
    "pagerank": {
      "raw": 3.36716611416659e-07,
      "percentile": 0.8756068403988032
    },
    "sha256": "7e3b37d12e48631d78853000a75b440968b3feb391a94bb6708e7fe7bbbe225c",
    "simhash": "1:2c85f08acb5c1c30",
    "word_count": 829
  },
  "last_updated": "2023-07-14T22:44:09.982065+00:00",
  "provenance": {
    "date_added": "2019-08-29",
    "source": "Harvard",
    "batch": "2018"
  },
  "casebody": {
    "judges": [],
    "parties": [
      "Fine v. Lockwood."
    ],
    "opinions": [
      {
        "text": "McHaney, J.\nAppellant brought this action to enjoin the appellees from using or attempting to use the name of \u201cPalais Royal\u201d as the name of a ladies\u2019 ready-to-wear store which they were preparing to open in that name in the city of Hot Springs. He based his right to an injunction on two grounds: First, that he had duly registered the name \u201cJack Fine\u2019s Palais Royal\u201d in white letters upon a background of blue, with a royal crown above the words, with the Secretary of State, pursuant to the provisions of \u00a7 10295 et seq., C. & M. Digest, as a trade-mark, and had been issued a certificate of registration therefor; and, second, that, by reason of the prior continuous and extensive use of said name over a period of years, same had become valuable to him, had acquired a secondary meaning as applied to his business, and that the use of such name by a competitor would result in unfair competition, and a deception upon the buying public, and that, by virtue of said use by him, he had acquired a property right in that name which entitled him to the protection thereof by the court. He further alleged that he was preparing to open a store in the city of Hot- Springs under that name, and that the operation of twn stores in that city under the same name would cause confusion.\nAppellee filed an answer, consisting of -a general denial and cross-complaint, seeking to enjoin appellant from opening or operating a store in Hot Springs under the name of \u201cJack Fine\u2019s Palais Royal,\u201d or under any name including the term \u201cPalais Royal.\u201d\nAfter hearing the testimony, the court entered a decree dismissing appellant\u2019s complaint for want of equity, and restraining him from using the name of \u201cPalais Royal\u201d alone as the name of his store which he proposed to open in Hot Springs, but permitting him to use the name of \u201cJack Fine\u2019s Palais Royal.\u201d The court further decreed that the appellee only was entitled to the use of the name \u201cPalais Royal\u201d in said city.\nThe correctness of this decree is questioned both by an appeal and a cross-appeal. We think the court correctly determined the case both on the appeal and the cross-appeal. The name \u201cPalais Royal\u201d is a name in common use generally throughout the United States, and perhaps in foreign countries, for .ladies\u2019 ready-to-wear stores, and other business establishments. The great preponderance of the evidence shows this to be a fact. It is such a common name, so generally used in 'business establishments, that we are of the opinion that, standing alone, it is not subject to be registered as a trade-mark. But, when taken in connection with appellant\u2019s own name in white letters on a background of blue, with a royal crown emblem, above the words, it might be subject to registration as a trade-mark under our statute. Section 10297, O'. & M. Digest, provides that \u201cthe Secretary shall not receive and record any proposed trade-mark which is not and cannot become a lawful trade-mark, or which is merely the name of a'person, firm or corporation, unaccompanied by a mark sufficient to distinguish it from the same name when used by other persons, or which is identical with a trade-mark appropriated to the same class of merchandise, \u2019 \u2019 etc.\nThe name \u201cPalais Royal\u201d standing alone, however, is a name in common use, such as \u201cThe Leader,\u201d \u201cThe Famous,\u201d \u201cThe Boston Store,\u201d or other similar names as applied \"to business establishments, some of which you will find in most every city or town of any size. We are therefore of the opinion that the name \u201cPalais Royal,\u201d standing alone, would not be subject to registration, and that the name \u201cPalais Royal\u201d is not a name of such similar resemblance to the trade-mark, \u201cJack Fine\u2019s Palais Royal,\u201d as to constitute an infringement upon his trade-mark. It is true that appellant is doing business under his trade-mark name in the cities of Little Rock, El Dorado, iSmackover, Fort Smith, in the State of Arkansas, and in Monroe, Louisiana. He is also doing business in Pine Bluff, Arkansas, under the name of \u201cJack Fine\u2019s Ladies\u2019 Ready-to-Wear,\u201d the name \u201cPalais Royal\u201d having been appropriated by another store in Pine Bluff prior to his entrance therein.\nWe do not think appellant acquired any secondary meaning to his business under the name of \u201cPalais Royal,\u201d but he may have done so under the name of \u201cJack Fine\u2019s Palais Royal,\u201d and in this the decree of the court protects him.\nWe do not deem it necessary to enter upon a discussion of the many cases cited in the hriefs of the respective parties, as we do not regard them as applicable to the facts in this ease. The decree is therefore affirmed, both on the appeal and the cross-appeal.",
        "type": "majority",
        "author": "McHaney, J."
      }
    ],
    "attorneys": [
      "Louis Tarlowski, for appellant.",
      "Jay M. Rowland,'A. T. Davies and Murphy & Wood, for appellee."
    ],
    "corrections": "",
    "head_matter": "Fine v. Lockwood.\nOpinion delivered March 18, 1929.\nLouis Tarlowski, for appellant.\nJay M. Rowland,'A. T. Davies and Murphy & Wood, for appellee."
  },
  "file_name": "0222-01",
  "first_page_order": 240,
  "last_page_order": 243
}
