{
  "id": 8721895,
  "name": "Lolla v. State",
  "name_abbreviation": "Lolla v. State",
  "decision_date": "1929-04-08",
  "docket_number": "",
  "first_page": "346",
  "last_page": "349",
  "citations": [
    {
      "type": "official",
      "cite": "179 Ark. 346"
    }
  ],
  "court": {
    "name_abbreviation": "Ark.",
    "id": 8808,
    "name": "Arkansas Supreme Court"
  },
  "jurisdiction": {
    "id": 34,
    "name_long": "Arkansas",
    "name": "Ark."
  },
  "cites_to": [
    {
      "cite": "108 Mass. 421",
      "category": "reporters:state",
      "reporter": "Mass.",
      "case_ids": [
        2106168
      ],
      "opinion_index": 0,
      "case_paths": [
        "/mass/108/0421-01"
      ]
    },
    {
      "cite": "83 Ala. 84",
      "category": "reporters:state",
      "reporter": "Ala.",
      "case_ids": [
        3275081
      ],
      "opinion_index": 0,
      "case_paths": [
        "/ala/83/0084-01"
      ]
    },
    {
      "cite": "268 S. W. 342",
      "category": "reporters:state_regional",
      "reporter": "S.W.",
      "opinion_index": 0
    },
    {
      "cite": "254 S. W. 889",
      "category": "reporters:state_regional",
      "reporter": "S.W.",
      "opinion_index": 0
    },
    {
      "cite": "128 Am. St. Rep. 69",
      "category": "reporters:state",
      "reporter": "Am. St. Rep.",
      "opinion_index": 0
    },
    {
      "cite": "10 L. R. A. (N. S.) 995",
      "category": "reporters:federal",
      "reporter": "L.R.A.N.S.",
      "opinion_index": 0
    },
    {
      "cite": "31 Ky. Law Rep. 401",
      "category": "reporters:state",
      "reporter": "Ky. L. Rptr.",
      "opinion_index": 0
    },
    {
      "cite": "102 S. W. 289",
      "category": "reporters:state_regional",
      "reporter": "S.W.",
      "opinion_index": 0
    },
    {
      "cite": "125 Ky. 742",
      "category": "reporters:state",
      "reporter": "Ky.",
      "case_ids": [
        4454792
      ],
      "opinion_index": 0,
      "case_paths": [
        "/ky/125/0742-01"
      ]
    },
    {
      "cite": "254 S. W. 887",
      "category": "reporters:state_regional",
      "reporter": "S.W.",
      "opinion_index": 0
    },
    {
      "cite": "7 S. W. (2d) 769",
      "category": "reporters:state_regional",
      "reporter": "S.W.2d",
      "opinion_index": 0
    },
    {
      "cite": "177 Ark. 431",
      "category": "reporters:state",
      "reporter": "Ark.",
      "case_ids": [
        8722046
      ],
      "opinion_index": 0,
      "case_paths": [
        "/ark/177/0431-01"
      ]
    },
    {
      "cite": "242 S. W. 561",
      "category": "reporters:state_regional",
      "reporter": "S.W.",
      "opinion_index": 0
    },
    {
      "cite": "154 Ark. 250",
      "category": "reporters:state",
      "reporter": "Ark.",
      "case_ids": [
        1361194
      ],
      "opinion_index": 0,
      "case_paths": [
        "/ark/154/0250-01"
      ]
    },
    {
      "cite": "244 S. W. 12",
      "category": "reporters:state_regional",
      "reporter": "S.W.",
      "opinion_index": 0
    },
    {
      "cite": "155 Ark. 169",
      "category": "reporters:state",
      "reporter": "Ark.",
      "case_ids": [
        1360474
      ],
      "opinion_index": 0,
      "case_paths": [
        "/ark/155/0169-01"
      ]
    },
    {
      "cite": "246 S. W. 478",
      "category": "reporters:state_regional",
      "reporter": "S.W.",
      "opinion_index": 0
    },
    {
      "cite": "156 Ark. 392",
      "category": "reporters:state",
      "reporter": "Ark.",
      "case_ids": [
        1358417
      ],
      "opinion_index": 0,
      "case_paths": [
        "/ark/156/0392-01"
      ]
    },
    {
      "cite": "255 S. W. 1095",
      "category": "reporters:state_regional",
      "reporter": "S.W.",
      "opinion_index": 0
    },
    {
      "cite": "161 Ark. 266",
      "category": "reporters:state",
      "reporter": "Ark.",
      "case_ids": [
        1388571
      ],
      "opinion_index": 0,
      "case_paths": [
        "/ark/161/0266-01"
      ]
    },
    {
      "cite": "268 S. W. 853",
      "category": "reporters:state_regional",
      "reporter": "S.W.",
      "opinion_index": 0
    },
    {
      "cite": "167 Ark. 472",
      "category": "reporters:state",
      "reporter": "Ark.",
      "case_ids": [
        1377066
      ],
      "opinion_index": 0,
      "case_paths": [
        "/ark/167/0472-01"
      ]
    },
    {
      "cite": "281 S. W. 11",
      "category": "reporters:state_regional",
      "reporter": "S.W.",
      "opinion_index": 0
    },
    {
      "cite": "170 Ark. 786",
      "category": "reporters:state",
      "reporter": "Ark.",
      "case_ids": [
        1371745
      ],
      "opinion_index": 0,
      "case_paths": [
        "/ark/170/0786-01"
      ]
    },
    {
      "cite": "286 S. W. 818",
      "category": "reporters:state_regional",
      "reporter": "S.W.",
      "opinion_index": 0
    },
    {
      "cite": "171 Ark. 655",
      "category": "reporters:state",
      "reporter": "Ark.",
      "case_ids": [
        1369420
      ],
      "opinion_index": 0,
      "case_paths": [
        "/ark/171/0655-01"
      ]
    },
    {
      "cite": "286 S. W. 949",
      "category": "reporters:state_regional",
      "reporter": "S.W.",
      "opinion_index": 0
    },
    {
      "cite": "171 Ark. 756",
      "category": "reporters:state",
      "reporter": "Ark.",
      "case_ids": [
        1369492
      ],
      "opinion_index": 0,
      "case_paths": [
        "/ark/171/0756-01"
      ]
    },
    {
      "cite": "286 S. W. 944",
      "category": "reporters:state_regional",
      "reporter": "S.W.",
      "opinion_index": 0
    },
    {
      "cite": "171 Ark. 759",
      "category": "reporters:state",
      "reporter": "Ark.",
      "case_ids": [
        1369416
      ],
      "opinion_index": 0,
      "case_paths": [
        "/ark/171/0759-01"
      ]
    },
    {
      "cite": "3 S. W. (2d) 980",
      "category": "reporters:state_regional",
      "reporter": "S.W.2d",
      "opinion_index": 0
    },
    {
      "cite": "176 Ark. 654",
      "category": "reporters:state",
      "reporter": "Ark.",
      "case_ids": [
        1399880
      ],
      "opinion_index": 0,
      "case_paths": [
        "/ark/176/0654-01"
      ]
    }
  ],
  "analysis": {
    "cardinality": 397,
    "char_count": 5275,
    "ocr_confidence": 0.511,
    "pagerank": {
      "raw": 5.408091541791789e-08,
      "percentile": 0.34141102434929604
    },
    "sha256": "43944f65ba66d9fefdbc2dc4a669c2546adbfeeef6112e1db303a6ce8e893d2c",
    "simhash": "1:2aa23c6215812cba",
    "word_count": 946
  },
  "last_updated": "2024-02-27T23:51:14.248945+00:00",
  "provenance": {
    "date_added": "2019-08-29",
    "source": "Harvard",
    "batch": "2018"
  },
  "casebody": {
    "judges": [],
    "parties": [
      "Lolla v. State."
    ],
    "opinions": [
      {
        "text": "Smith, J.\nThis appeal is from a judgment sentencing appellant to a term in the penitentiary for unlawfully possessing a still. For the reversal of this judgment it is insisted that the testimony is not legally sufficient to sustain th\u00e9 conviction; that the court erred in refusing to give certain instructions and in permitting the prosecuting attorney to make an improper and prejudicial argument.\nAs to the sufficiency of the testimony, it may he said that four officers testified that they were searching for a still, which they found about daylight. ' After finding the still, they watched until about nine a. m., when appellant and another man were seen coming to the still, leading a horse laden with sacks, which were later found to contain chops and sugar. Near the still were tubs, buckets and other equipment used in operating a still, and several barrels of mash ready to run were found. When the men arrived they began to carry water to the still and to fill the still with mash. There was a gasoline burner under the still, which they lighted, and began to cook the whiskey. After watching these operations for about forty-five minutes, they arrested the men, who made a futile attempt to escape. This testimony sufficiently supports the finding that appellant was in possession of the still. Conley v. State, 176 Ark. 654, 3 S. W. (2d) 980; Vincent v. State, 171 Ark. 759, 286 S. W. 944; Miller and Gregson v. State, 171 Ark. 756, 286 S. W. 949; Lacefield v. State, 171 Ark. 655, 286 S. W. 818; Day v. State, 170 Ark. 786, 281 S. W. 11; Davis v. State, 167 Ark. 472, 268 S. W. 853; Goodwin, v. State, 161 Ark. 266, 255 S. W. 1095; McGuffin v. State, 156 Ark. 392, 246 S. W. 478; Wright v. State, 155 Ark. 169, 244 S. W. 12; Ring v. State, 154 Ark. 250, 242 S. W. 561; Francis v. State, 177 Ark. 431, 7 S. W. (2d) 769; Coe v. State, ante, p. 344.\nAppellant requested an instruction numbered 3, which the court refused to give, reading\u2019 as follows:\n\u201cYou are told that the State in this case depends upon circumstantial evidence for the conviction of the defendant, and in such cases you are told that the testimony given- against the defendant must be of such a character as to exclude every reasonable hypothesis save his guilt, and you are further told that, if it is as reasonable that the offense charged could have as well been committed by another as. by the defendant, you should find the reasonable dou'bt in favor of the defendant, and acquit him.\u201d\nNo error was committed in refusing to give this instruction, as the 'State did not depend upon circumstantial evidence, and the jury was correctly charged as to the necessity of finding appellant guilty beyond a reasonable doubt before convicting him.\nWhen appellant took the stand as a witness in his own behalf he was asked, on his cross-examination, if he had not entered a plea of guilty in the Federal court to an indictment based on his arrest as set out above, and he admitted that he had entered such a plea, and was given a sentence under Avhich he had served a term of five months and five days in prison. The prosecuting attorney, in his argument to the jury, referred to this testimony, and the court, upon . objection being made thereto, admonished the jury that the testimony could be considered only in passing on the credibility of appellant as a witness, and not as evidence of Ms guilt. The record is in some confusion, and counsel for appellant apparently acquiesced in this ruling. But, whether he did or not, no error was committed in the ruling made. Indeed, it was more favorable to appellant than he had a right to ask. The testimony of appellant touching his plea of guilty in the Federal court on the same charge was a circumstance which the jury had the right to consider, not only as affecting his credibility as a witness hut also as a circumstance tending to show his guilt of the offense here charged. His plea of guilty was in the nature of a declaration against interest, and was admissible as such. . Of course, he had the right to offer any explanation of this plea, just as he would to explain any other declaration against his interest tending to show his guilt of the offense charged against him. Any statement made by appellant in entering this plea would have 'been admissible against him, just as any other oral admission made elsewhere would have been.\nIn the case of McCarty v. Commonwealth, 254 S. W. 887, the Court of Appeals of Kentucky said: \u201cThat a plea of guilty in another case involving\" the same facts is competent evidence against a defendant in a criminal case, is generally recognized (16 C. J. 630), and this court so held in Ehrlich v. Commonwealth, 125 Ky. 742, 102 S. W. 289, 31 Ky. Law Rep. 401, 10 L. R. A. (N. S.) 995, 128 Am. St. Rep. 69.\u201d See also Addington v. Commonwealth, 254 S. W. 889; Thornsbury v. Commonwealth, 268 S. W. 342; Bibb v. State, 83 Ala. 84, 3 Sou. 711; Commonwealth v. Callahan, 108 Mass. 421.\nCertain other assignments of error are argued, but they do not appear to require discussion, and, as no error appears, the judgment must be affirmed, and it is so ordered.",
        "type": "majority",
        "author": "Smith, J."
      }
    ],
    "attorneys": [
      "J. D. Cook, for appellant.",
      "Hal L. Norwood, Attorney General, and Robert F. Smith, Assistant, for appellee."
    ],
    "corrections": "",
    "head_matter": "Lolla v. State.\nOpinion delivered April 8, 1929.\nJ. D. Cook, for appellant.\nHal L. Norwood, Attorney General, and Robert F. Smith, Assistant, for appellee."
  },
  "file_name": "0346-01",
  "first_page_order": 364,
  "last_page_order": 367
}
