{
  "id": 8726570,
  "name": "Holland Furnace Company v. Spinnenweber",
  "name_abbreviation": "Holland Furnace Co. v. Spinnenweber",
  "decision_date": "1929-07-08",
  "docket_number": "",
  "first_page": "1014",
  "last_page": "1015",
  "citations": [
    {
      "type": "official",
      "cite": "179 Ark. 1014"
    }
  ],
  "court": {
    "name_abbreviation": "Ark.",
    "id": 8808,
    "name": "Arkansas Supreme Court"
  },
  "jurisdiction": {
    "id": 34,
    "name_long": "Arkansas",
    "name": "Ark."
  },
  "cites_to": [
    {
      "cite": "139 S. W. 643",
      "category": "reporters:state_regional",
      "reporter": "S.W.",
      "opinion_index": 0
    },
    {
      "cite": "100 Ark. 71",
      "category": "reporters:state",
      "reporter": "Ark.",
      "case_ids": [
        1312269
      ],
      "opinion_index": 0,
      "case_paths": [
        "/ark/100/0071-01"
      ]
    }
  ],
  "analysis": {
    "cardinality": 124,
    "char_count": 1212,
    "ocr_confidence": 0.508,
    "pagerank": {
      "raw": 4.03580807328026e-08,
      "percentile": 0.20861196926925082
    },
    "sha256": "50d1d82b67e8e12af7e231b59d05bdcdf093805c881322e3bf3c56ed4c6f66d3",
    "simhash": "1:56ef1eb8344d6e7d",
    "word_count": 205
  },
  "last_updated": "2024-02-27T23:51:14.248945+00:00",
  "provenance": {
    "date_added": "2019-08-29",
    "source": "Harvard",
    "batch": "2018"
  },
  "casebody": {
    "judges": [],
    "parties": [
      "Holland Furnace Company v. Spinnenweber."
    ],
    "opinions": [
      {
        "text": "Kirby, J.\nThis suit was brought in the justice court upon a claim for commission for making the sale of a furnace for appellant company, and, upon appeal to the circuit court, where the-complaint was amended, judgment was rendered for appellee for $52, the amount claimed, from which the appeal is prosecuted.\nAppellant denied having ever made any agreement with appellee for payment of commissions upon sales made by him or any of its agents, and any indebtedness to appellee on that\u2019 account.\nThere is a lot of testimony in- the record which it would serve no useful purpose to review, since the majority of the court has concluded that the testimony.was sufficient to support the judgment.\nEach of the parties asked for a directed verdict and no other instructions, and the court directed a verdict in favor of the appellee. There being some substantial testimony to support it, as the majority holds, it will not be disturbed here. St. L. S. W. Ry. Co. v. Mulkey, 100 Ark. 71, 139 S. W. 643.\nThe judgment is accordingly affirmed.",
        "type": "majority",
        "author": "Kirby, J."
      }
    ],
    "attorneys": [
      "E. Newton Ellis, Geo. M. Booth and Walter L. Pope, for appellant.",
      "Schoonover & Schoonover, for appellee."
    ],
    "corrections": "",
    "head_matter": "Holland Furnace Company v. Spinnenweber.\nOpinion delivered July 8, 1929.\nE. Newton Ellis, Geo. M. Booth and Walter L. Pope, for appellant.\nSchoonover & Schoonover, for appellee."
  },
  "file_name": "1014-01",
  "first_page_order": 1032,
  "last_page_order": 1033
}
