{
  "id": 1909740,
  "name": "Porter v. Dooley",
  "name_abbreviation": "Porter v. Dooley",
  "decision_date": "1898-10-29",
  "docket_number": "",
  "first_page": "1",
  "last_page": "7",
  "citations": [
    {
      "type": "official",
      "cite": "66 Ark. 1"
    }
  ],
  "court": {
    "name_abbreviation": "Ark.",
    "id": 8808,
    "name": "Arkansas Supreme Court"
  },
  "jurisdiction": {
    "id": 34,
    "name_long": "Arkansas",
    "name": "Ark."
  },
  "cites_to": [
    {
      "cite": "20 S. W. 43",
      "category": "reporters:state_regional",
      "reporter": "S.W.",
      "opinion_index": -1
    },
    {
      "cite": "30 S. W. 186",
      "category": "reporters:state_regional",
      "reporter": "S.W.",
      "opinion_index": -1
    },
    {
      "cite": "27 Ark. 93",
      "category": "reporters:state",
      "reporter": "Ark.",
      "opinion_index": -1
    },
    {
      "cite": "83 N. C. 424",
      "category": "reporters:state",
      "reporter": "N.C.",
      "case_ids": [
        11278055
      ],
      "opinion_index": -1,
      "case_paths": [
        "/nc/83/0424-01"
      ]
    },
    {
      "cite": "9 Wend. 511",
      "category": "reporters:state",
      "reporter": "Wend.",
      "case_ids": [
        2011135
      ],
      "opinion_index": -1,
      "case_paths": [
        "/wend/9/0511-01"
      ]
    },
    {
      "cite": "3 Mass. 219",
      "category": "reporters:state",
      "reporter": "Mass.",
      "opinion_index": -1
    },
    {
      "cite": "43 Ark. 486",
      "category": "reporters:state",
      "reporter": "Ark.",
      "opinion_index": -1
    },
    {
      "cite": "32 La. 572",
      "category": "reporters:state",
      "reporter": "La.",
      "opinion_index": -1
    },
    {
      "cite": "30 Cal. 408",
      "category": "reporters:state",
      "reporter": "Cal.",
      "case_ids": [
        2205241
      ],
      "opinion_index": -1,
      "case_paths": [
        "/cal/30/0408-01"
      ]
    },
    {
      "cite": "37 Tex. 437",
      "category": "reporters:state",
      "reporter": "Tex.",
      "case_ids": [
        2133146
      ],
      "opinion_index": -1,
      "case_paths": [
        "/tex/37/0437-01"
      ]
    },
    {
      "cite": "4 Mass. 416",
      "category": "reporters:state",
      "reporter": "Mass.",
      "case_ids": [
        2003852
      ],
      "opinion_index": -1,
      "case_paths": [
        "/mass/4/0364-01"
      ]
    },
    {
      "cite": "39 Cal. 24",
      "category": "reporters:state",
      "reporter": "Cal.",
      "case_ids": [
        2266383
      ],
      "opinion_index": -1,
      "case_paths": [
        "/cal/39/0024-01"
      ]
    },
    {
      "cite": "5 Md. 256",
      "category": "reporters:state",
      "reporter": "Md.",
      "case_ids": [
        1696644
      ],
      "opinion_index": -1,
      "case_paths": [
        "/md/5/0256-01"
      ]
    },
    {
      "cite": "10 N. H. 397",
      "category": "reporters:state",
      "reporter": "N.H.",
      "case_ids": [
        6755953
      ],
      "opinion_index": -1,
      "case_paths": [
        "/nh/10/0397-01"
      ]
    },
    {
      "cite": "36 Pa. St. 513",
      "category": "reporters:state",
      "reporter": "Pa.",
      "case_ids": [
        992246
      ],
      "opinion_index": -1,
      "case_paths": [
        "/pa/36/0513-01"
      ]
    },
    {
      "cite": "34 Pa. St. 74",
      "category": "reporters:state",
      "reporter": "Pa.",
      "case_ids": [
        417967
      ],
      "opinion_index": -1,
      "case_paths": [
        "/pa/34/0074-01"
      ]
    },
    {
      "cite": "32 Ga. 239",
      "category": "reporters:state",
      "reporter": "Ga.",
      "case_ids": [
        845109
      ],
      "opinion_index": -1,
      "case_paths": [
        "/ga/32/0239-01"
      ]
    },
    {
      "cite": "33 Ga. 539",
      "category": "reporters:state",
      "reporter": "Ga.",
      "case_ids": [
        843520
      ],
      "opinion_index": -1,
      "case_paths": [
        "/ga/33/0539-01"
      ]
    },
    {
      "cite": "28 Ga. 130",
      "category": "reporters:state",
      "reporter": "Ga.",
      "case_ids": [
        261613
      ],
      "opinion_index": -1,
      "case_paths": [
        "/ga/28/0130-01"
      ]
    },
    {
      "cite": "26 Ga. 701",
      "category": "reporters:state",
      "reporter": "Ga.",
      "case_ids": [
        267265
      ],
      "opinion_index": -1,
      "case_paths": [
        "/ga/26/0701-01"
      ]
    },
    {
      "cite": "30 Ga. 619",
      "category": "reporters:state",
      "reporter": "Ga.",
      "case_ids": [
        258997
      ],
      "opinion_index": -1,
      "case_paths": [
        "/ga/30/0619-01"
      ]
    },
    {
      "cite": "11 Gray, 33",
      "category": "reporters:state",
      "reporter": "Gray",
      "case_ids": [
        2084809
      ],
      "opinion_index": -1,
      "case_paths": [
        "/mass/77/0033-01"
      ]
    },
    {
      "cite": "101 N. Y. 669",
      "category": "reporters:state",
      "reporter": "N.Y.",
      "case_ids": [
        2201569,
        2201603,
        2201580
      ],
      "opinion_index": -1,
      "case_paths": [
        "/ny/101/0669-03",
        "/ny/101/0669-02",
        "/ny/101/0669-01"
      ]
    },
    {
      "cite": "9 B. Mon. 253",
      "category": "reporters:state",
      "reporter": "B. Mon.",
      "case_ids": [
        4443606
      ],
      "opinion_index": -1,
      "case_paths": [
        "/ky/48/0253-01"
      ]
    },
    {
      "cite": "150 U. S. 597",
      "category": "reporters:federal",
      "reporter": "U.S.",
      "case_ids": [
        3572189
      ],
      "opinion_index": -1,
      "case_paths": [
        "/us/150/0597-01"
      ]
    },
    {
      "cite": "56 Ark. 104",
      "category": "reporters:state",
      "reporter": "Ark.",
      "opinion_index": -1
    },
    {
      "cite": "49 Ark. 266",
      "category": "reporters:state",
      "reporter": "Ark.",
      "case_ids": [
        1309413
      ],
      "opinion_index": -1,
      "case_paths": [
        "/ark/49/0266-01"
      ]
    },
    {
      "cite": "57 Ark. 105",
      "category": "reporters:state",
      "reporter": "Ark.",
      "opinion_index": -1
    },
    {
      "cite": "60 Ark. 163",
      "category": "reporters:state",
      "reporter": "Ark.",
      "case_ids": [
        1903738
      ],
      "opinion_index": -1,
      "case_paths": [
        "/ark/60/0163-01"
      ]
    },
    {
      "cite": "57 Ark. 523",
      "category": "reporters:state",
      "reporter": "Ark.",
      "case_ids": [
        1324629
      ],
      "opinion_index": -1,
      "case_paths": [
        "/ark/57/0523-01"
      ]
    },
    {
      "cite": "22 Ark. 118",
      "category": "reporters:state",
      "reporter": "Ark.",
      "case_ids": [
        8725778
      ],
      "opinion_index": -1,
      "case_paths": [
        "/ark/22/0118-01"
      ]
    },
    {
      "cite": "39 Ark. 63",
      "category": "reporters:state",
      "reporter": "Ark.",
      "opinion_index": -1
    },
    {
      "cite": "3 Sawy. 93",
      "category": "reporters:federal",
      "reporter": "Sawy.",
      "opinion_index": -1
    },
    {
      "cite": "37 Cal. 295",
      "category": "reporters:state",
      "reporter": "Cal.",
      "opinion_index": -1
    },
    {
      "cite": "51 Wis. 62",
      "category": "reporters:state",
      "reporter": "Wis.",
      "case_ids": [
        8702980
      ],
      "opinion_index": -1,
      "case_paths": [
        "/wis/51/0062-01"
      ]
    },
    {
      "cite": "54 Md. 454",
      "category": "reporters:state",
      "reporter": "Md.",
      "case_ids": [
        1832487
      ],
      "opinion_index": -1,
      "case_paths": [
        "/md/54/0454-01"
      ]
    },
    {
      "cite": "26 Md. 206",
      "category": "reporters:state",
      "reporter": "Md.",
      "opinion_index": -1
    },
    {
      "cite": "12 Ala. 617",
      "category": "reporters:state",
      "reporter": "Ala.",
      "case_ids": [
        8498951
      ],
      "opinion_index": -1,
      "case_paths": [
        "/ala/12/0617-01"
      ]
    },
    {
      "cite": "8 Ohio, 114",
      "category": "reporters:state",
      "reporter": "Ohio",
      "case_ids": [
        585345
      ],
      "opinion_index": -1,
      "case_paths": [
        "/ohio/8/0114-01"
      ]
    },
    {
      "cite": "42 Ark. 77",
      "category": "reporters:state",
      "reporter": "Ark.",
      "case_ids": [
        8721269
      ],
      "opinion_index": -1,
      "case_paths": [
        "/ark/42/0077-01"
      ]
    },
    {
      "cite": "3 Johns. Cas. 1",
      "category": "reporters:state",
      "reporter": "Johns. Cas.",
      "pin_cites": [
        {
          "page": "7"
        }
      ],
      "opinion_index": -1
    },
    {
      "cite": "6 Yerg. 22",
      "category": "reporters:state",
      "reporter": "Yer.",
      "opinion_index": -1
    },
    {
      "cite": "22 Ark. 286",
      "category": "reporters:state",
      "reporter": "Ark.",
      "case_ids": [
        8726559
      ],
      "opinion_index": -1,
      "case_paths": [
        "/ark/22/0286-01"
      ]
    },
    {
      "cite": "14 Ark. 408",
      "category": "reporters:state",
      "reporter": "Ark.",
      "case_ids": [
        1862631
      ],
      "opinion_index": -1,
      "case_paths": [
        "/ark/14/0408-01"
      ]
    },
    {
      "cite": "13 Ark, 491",
      "category": "reporters:state",
      "reporter": "Ark.",
      "case_ids": [
        8728237
      ],
      "opinion_index": -1,
      "case_paths": [
        "/ark/13/0491-01"
      ]
    },
    {
      "cite": "11 Ark. 120",
      "category": "reporters:state",
      "reporter": "Ark.",
      "case_ids": [
        8727510
      ],
      "opinion_index": -1,
      "case_paths": [
        "/ark/11/0120-01"
      ]
    },
    {
      "cite": "30 Ark. 723",
      "category": "reporters:state",
      "reporter": "Ark.",
      "case_ids": [
        1881145
      ],
      "opinion_index": -1,
      "case_paths": [
        "/ark/30/0723-01"
      ]
    },
    {
      "cite": "33 Ark. 740",
      "category": "reporters:state",
      "reporter": "Ark.",
      "case_ids": [
        8726121
      ],
      "opinion_index": -1,
      "case_paths": [
        "/ark/33/0740-01"
      ]
    },
    {
      "cite": "27 Ark. 110",
      "category": "reporters:state",
      "reporter": "Ark.",
      "opinion_index": -1
    },
    {
      "cite": "33 Ark. 450",
      "category": "reporters:state",
      "reporter": "Ark.",
      "opinion_index": -1
    },
    {
      "cite": "10 Fed. 891",
      "category": "reporters:federal",
      "reporter": "F.",
      "case_ids": [
        6736277
      ],
      "opinion_index": -1,
      "case_paths": [
        "/f/10/0891-01"
      ]
    },
    {
      "cite": "48 Ark. 238",
      "category": "reporters:state",
      "reporter": "Ark.",
      "case_ids": [
        1887772
      ],
      "opinion_index": -1,
      "case_paths": [
        "/ark/48/0238-01"
      ]
    },
    {
      "cite": "8 Minn. 381",
      "category": "reporters:state",
      "reporter": "Minn.",
      "case_ids": [
        8875827
      ],
      "opinion_index": -1,
      "case_paths": [
        "/minn/8/0381-01"
      ]
    },
    {
      "cite": "28 Fed. 514",
      "category": "reporters:federal",
      "reporter": "F.",
      "case_ids": [
        6734888
      ],
      "opinion_index": -1,
      "case_paths": [
        "/f/28/0514-01"
      ]
    },
    {
      "cite": "37 Mich. 143",
      "category": "reporters:state",
      "reporter": "Mich.",
      "case_ids": [
        1341572
      ],
      "opinion_index": -1,
      "case_paths": [
        "/mich/37/0143-01"
      ]
    },
    {
      "cite": "27 Cal. 295",
      "category": "reporters:state",
      "reporter": "Cal.",
      "case_ids": [
        2242279
      ],
      "opinion_index": -1,
      "case_paths": [
        "/cal/27/0295-01"
      ]
    },
    {
      "cite": "16 Barb. 319",
      "category": "reporters:state",
      "reporter": "Barb.",
      "case_ids": [
        4944313
      ],
      "pin_cites": [
        {
          "page": "322"
        }
      ],
      "opinion_index": -1,
      "case_paths": [
        "/barb/16/0319-01"
      ]
    },
    {
      "cite": "32 Ga. 653",
      "category": "reporters:state",
      "reporter": "Ga.",
      "case_ids": [
        845095
      ],
      "opinion_index": -1,
      "case_paths": [
        "/ga/32/0653-01"
      ]
    },
    {
      "cite": "67 Miss. 543",
      "category": "reporters:state",
      "reporter": "Miss.",
      "opinion_index": -1
    },
    {
      "cite": "54 Tex. 193",
      "category": "reporters:state",
      "reporter": "Tex.",
      "case_ids": [
        2182836
      ],
      "opinion_index": -1,
      "case_paths": [
        "/tex/54/0193-01"
      ]
    },
    {
      "cite": "64 Wis. 330",
      "category": "reporters:state",
      "reporter": "Wis.",
      "opinion_index": -1
    },
    {
      "cite": "32 Barb. 604",
      "category": "reporters:state",
      "reporter": "Barb.",
      "case_ids": [
        5050541
      ],
      "opinion_index": -1,
      "case_paths": [
        "/barb/32/0604-01"
      ]
    },
    {
      "cite": "31 Cal. 342",
      "category": "reporters:state",
      "reporter": "Cal.",
      "case_ids": [
        2222593
      ],
      "opinion_index": -1,
      "case_paths": [
        "/cal/31/0342-01"
      ]
    },
    {
      "cite": "23 Wis. 367",
      "category": "reporters:state",
      "reporter": "Wis.",
      "case_ids": [
        8708743
      ],
      "opinion_index": -1,
      "case_paths": [
        "/wis/23/0367-01"
      ]
    },
    {
      "cite": "36 Kas. 543",
      "category": "reporters:state",
      "reporter": "Kan.",
      "case_ids": [
        1159786
      ],
      "opinion_index": -1,
      "case_paths": [
        "/kan/36/0543-01"
      ]
    },
    {
      "cite": "19 Wis. 397",
      "category": "reporters:state",
      "reporter": "Wis.",
      "case_ids": [
        8709361
      ],
      "opinion_index": -1,
      "case_paths": [
        "/wis/19/0397-01"
      ]
    },
    {
      "cite": "15 Wis. 188",
      "category": "reporters:state",
      "reporter": "Wis.",
      "opinion_index": -1
    },
    {
      "cite": "28 N. Y. 365",
      "category": "reporters:state",
      "reporter": "N.Y.",
      "case_ids": [
        2036858
      ],
      "opinion_index": -1,
      "case_paths": [
        "/ny/28/0365-01"
      ]
    },
    {
      "cite": "29 Wis. 558",
      "category": "reporters:state",
      "reporter": "Wis.",
      "opinion_index": -1
    },
    {
      "cite": "67 Mich. 530",
      "category": "reporters:state",
      "reporter": "Mich.",
      "case_ids": [
        1325042
      ],
      "opinion_index": -1,
      "case_paths": [
        "/mich/67/0530-01"
      ]
    },
    {
      "cite": "19 Neb. 689",
      "category": "reporters:state",
      "reporter": "Neb.",
      "case_ids": [
        8522693
      ],
      "opinion_index": -1,
      "case_paths": [
        "/neb/19/0689-01"
      ]
    },
    {
      "cite": "38 Minn. 506",
      "category": "reporters:state",
      "reporter": "Minn.",
      "case_ids": [
        740083
      ],
      "opinion_index": -1,
      "case_paths": [
        "/minn/38/0506-01"
      ]
    },
    {
      "cite": "37 Minn. 194",
      "category": "reporters:state",
      "reporter": "Minn.",
      "case_ids": [
        8877158
      ],
      "opinion_index": -1,
      "case_paths": [
        "/minn/37/0194-01"
      ]
    },
    {
      "cite": "3 McCrary, 446",
      "category": "reporters:federal",
      "reporter": "McCrary's Cir. Ct. Rpts",
      "opinion_index": -1
    },
    {
      "cite": "13 Wis. 99",
      "category": "reporters:state",
      "reporter": "Wis.",
      "case_ids": [
        8708200
      ],
      "opinion_index": -1,
      "case_paths": [
        "/wis/13/0099-01"
      ]
    },
    {
      "cite": "48 Me. 528",
      "category": "reporters:state",
      "reporter": "Me.",
      "opinion_index": -1
    },
    {
      "cite": "14 Mich. 528",
      "category": "reporters:state",
      "reporter": "Mich.",
      "case_ids": [
        1948335
      ],
      "opinion_index": -1,
      "case_paths": [
        "/mich/14/0528-01"
      ]
    },
    {
      "cite": "6 N. H. 196",
      "category": "reporters:state",
      "reporter": "N.H.",
      "opinion_index": -1
    },
    {
      "cite": "51 Ark. 34",
      "category": "reporters:state",
      "reporter": "Ark.",
      "case_ids": [
        8719807
      ],
      "weight": 2,
      "opinion_index": -1,
      "case_paths": [
        "/ark/51/0034-01"
      ]
    },
    {
      "cite": "4 Yt. 506",
      "category": "reporters:state",
      "reporter": "Vt.",
      "opinion_index": -1
    },
    {
      "cite": "6 Barb. 617",
      "category": "reporters:state",
      "reporter": "Barb.",
      "opinion_index": -1
    },
    {
      "cite": "4 Sawy. 638",
      "category": "reporters:federal",
      "reporter": "Sawy.",
      "weight": 2,
      "opinion_index": -1
    },
    {
      "cite": "32 Wis. 394",
      "category": "reporters:state",
      "reporter": "Wis.",
      "case_ids": [
        8708373
      ],
      "weight": 2,
      "opinion_index": -1,
      "case_paths": [
        "/wis/32/0394-01"
      ]
    },
    {
      "cite": "27 Cal. 300",
      "category": "reporters:state",
      "reporter": "Cal.",
      "case_ids": [
        2242280
      ],
      "opinion_index": -1,
      "case_paths": [
        "/cal/27/0300-01"
      ]
    },
    {
      "cite": "18 Wall. 350",
      "category": "reporters:scotus_early",
      "reporter": "Wall.",
      "case_ids": [
        3426134
      ],
      "opinion_index": -1,
      "case_paths": [
        "/us/85/0350-01"
      ]
    },
    {
      "cite": "97 U. S. 444",
      "category": "reporters:federal",
      "reporter": "U.S.",
      "case_ids": [
        3377168
      ],
      "weight": 2,
      "opinion_index": -1,
      "case_paths": [
        "/us/97/0444-01"
      ]
    },
    {
      "cite": "49 Ark. 397",
      "category": "reporters:state",
      "reporter": "Ark.",
      "case_ids": [
        1309318
      ],
      "opinion_index": -1,
      "case_paths": [
        "/ark/49/0397-01"
      ]
    },
    {
      "cite": "55 Ark. 30",
      "category": "reporters:state",
      "reporter": "Ark.",
      "case_ids": [
        1322255
      ],
      "opinion_index": -1,
      "case_paths": [
        "/ark/55/0030-01"
      ]
    },
    {
      "cite": "56 Ark. 172",
      "category": "reporters:state",
      "reporter": "Ark.",
      "case_ids": [
        1326163
      ],
      "opinion_index": -1,
      "case_paths": [
        "/ark/56/0172-01"
      ]
    },
    {
      "cite": "56 Ark. 186",
      "category": "reporters:state",
      "reporter": "Ark.",
      "opinion_index": -1
    },
    {
      "cite": "22 Fla. 442",
      "category": "reporters:state",
      "reporter": "Fla.",
      "case_ids": [
        1137455
      ],
      "pin_cites": [
        {
          "page": "446"
        }
      ],
      "opinion_index": -1,
      "case_paths": [
        "/fla/22/0442-01"
      ]
    },
    {
      "cite": "17 S. W. 755",
      "category": "reporters:state_regional",
      "reporter": "S.W.",
      "pin_cites": [
        {
          "page": "757"
        }
      ],
      "opinion_index": -1
    },
    {
      "cite": "29 Ga. 651",
      "category": "reporters:state",
      "reporter": "Ga.",
      "case_ids": [
        257311
      ],
      "opinion_index": -1,
      "case_paths": [
        "/ga/29/0651-01"
      ]
    },
    {
      "cite": "50 Ark. 141",
      "category": "reporters:state",
      "reporter": "Ark.",
      "case_ids": [
        8720848
      ],
      "opinion_index": -1,
      "case_paths": [
        "/ark/50/0141-01"
      ]
    },
    {
      "cite": "53 Ark. 30",
      "category": "reporters:state",
      "reporter": "Ark.",
      "pin_cites": [
        {
          "page": "55"
        }
      ],
      "opinion_index": -1
    },
    {
      "cite": "47 Ark. 131",
      "category": "reporters:state",
      "reporter": "Ark.",
      "case_ids": [
        1888716
      ],
      "pin_cites": [
        {
          "page": "144"
        }
      ],
      "opinion_index": -1,
      "case_paths": [
        "/ark/47/0131-01"
      ]
    },
    {
      "cite": "52 Ark. 400",
      "category": "reporters:state",
      "reporter": "Ark.",
      "case_ids": [
        1913418
      ],
      "opinion_index": -1,
      "case_paths": [
        "/ark/52/0400-01"
      ]
    },
    {
      "cite": "42 Ark. 344",
      "category": "reporters:state",
      "reporter": "Ark.",
      "opinion_index": -1
    },
    {
      "cite": "5 Ark. 43",
      "category": "reporters:state",
      "reporter": "Ark.",
      "opinion_index": -1
    },
    {
      "cite": "21 Ark. 364",
      "category": "reporters:state",
      "reporter": "Ark.",
      "case_ids": [
        1868293
      ],
      "opinion_index": -1,
      "case_paths": [
        "/ark/21/0364-01"
      ]
    },
    {
      "cite": "55 Ark. 470",
      "category": "reporters:state",
      "reporter": "Ark.",
      "case_ids": [
        1322251
      ],
      "opinion_index": -1,
      "case_paths": [
        "/ark/55/0470-01"
      ]
    },
    {
      "cite": "46 Ark. 451",
      "category": "reporters:state",
      "reporter": "Ark.",
      "opinion_index": -1
    },
    {
      "cite": "31 Ark. 19",
      "category": "reporters:state",
      "reporter": "Ark.",
      "opinion_index": -1
    },
    {
      "cite": "10 Ark. 590",
      "category": "reporters:state",
      "reporter": "Ark.",
      "opinion_index": -1
    },
    {
      "cite": "43 Ark. 427",
      "category": "reporters:state",
      "reporter": "Ark.",
      "case_ids": [
        1894553
      ],
      "opinion_index": -1,
      "case_paths": [
        "/ark/43/0427-01"
      ]
    },
    {
      "cite": "47 Ark. 491",
      "category": "reporters:state",
      "reporter": "Ark.",
      "opinion_index": -1
    },
    {
      "cite": "41 Ark. 149",
      "category": "reporters:state",
      "reporter": "Ark.",
      "case_ids": [
        1896214
      ],
      "opinion_index": -1,
      "case_paths": [
        "/ark/41/0149-01"
      ]
    },
    {
      "cite": "4 Scam. 477",
      "category": "reporters:state",
      "reporter": "Scam.",
      "case_ids": [
        6107372
      ],
      "opinion_index": -1,
      "case_paths": [
        "/ill/5/0494-01"
      ]
    },
    {
      "cite": "44 S. W. 1041",
      "category": "reporters:state_regional",
      "reporter": "S.W.",
      "opinion_index": -1
    },
    {
      "cite": "105 U. S. 189",
      "category": "reporters:federal",
      "reporter": "U.S.",
      "case_ids": [
        3496074
      ],
      "opinion_index": -1,
      "case_paths": [
        "/us/105/0189-01"
      ]
    },
    {
      "cite": "32 Ark. 553",
      "category": "reporters:state",
      "reporter": "Ark.",
      "case_ids": [
        1877113
      ],
      "opinion_index": -1,
      "case_paths": [
        "/ark/32/0553-01"
      ]
    },
    {
      "cite": "56 Ark. 374",
      "category": "reporters:state",
      "reporter": "Ark.",
      "opinion_index": -1
    },
    {
      "cite": "51 Ark. 42",
      "category": "reporters:state",
      "reporter": "Ark.",
      "opinion_index": 0
    },
    {
      "cite": "10 Fed. 891",
      "category": "reporters:federal",
      "reporter": "F.",
      "case_ids": [
        6736277
      ],
      "opinion_index": 0,
      "case_paths": [
        "/f/10/0891-01"
      ]
    },
    {
      "cite": "52 Ark. 400",
      "category": "reporters:state",
      "reporter": "Ark.",
      "case_ids": [
        1913418
      ],
      "opinion_index": 0,
      "case_paths": [
        "/ark/52/0400-01"
      ]
    },
    {
      "cite": "5 Ark. 43",
      "category": "reporters:state",
      "reporter": "Ark.",
      "opinion_index": 0
    },
    {
      "cite": "21 Ark. 364",
      "category": "reporters:state",
      "reporter": "Ark.",
      "case_ids": [
        1868293
      ],
      "opinion_index": 0,
      "case_paths": [
        "/ark/21/0364-01"
      ]
    }
  ],
  "analysis": {
    "cardinality": 738,
    "char_count": 14279,
    "ocr_confidence": 0.498,
    "pagerank": {
      "raw": 3.1209155315150244e-07,
      "percentile": 0.8606258511596622
    },
    "sha256": "5e61d346b25fefde1d84cbf59dd71482ae49e6df482b7fb692aedd47418a85c3",
    "simhash": "1:9007e6f3fda0ed74",
    "word_count": 2606
  },
  "last_updated": "2024-02-27T19:06:18.304714+00:00",
  "provenance": {
    "date_added": "2019-08-29",
    "source": "Harvard",
    "batch": "2018"
  },
  "casebody": {
    "judges": [],
    "parties": [
      "Porter v. Dooley."
    ],
    "opinions": [
      {
        "text": "Hughes, J.\nThis is an appeal from a decree in chancery in favor of the appellee setting aside a decree of confirmation of a tax title in favor of the appellant. The decree confirming the tax title of appellant Porter was rendered on the 19th of March, 1887. The land, the title to which was confirmed, was sold for taxes on the 14th of April, 1884. The decree of the court setting aside the decree of confirmation holds the decree of confirmation void for the want of jurisdiction to render it, for the want of notice and the uncertainty as to the land sold.\nThe evidence in the case shows that there was no sufficient description of the lands sold in the advertisement of the tax sale, and that the southwest quarter of section 22 was described in the advertisement as in 2 S., 4 W., and that in the deed by the officer it is described as in 3 S., 4 W., which was the proper description. The tax deed itself is regular and valid on its face. Had the tax sale been attacked before the decree of confirmation, it is conceded by the appellant that it would have been held void. But \u201call inquiry as to the validity of a tax title is cut off by a decree of confirmation of the tax sale under which title was acquired.\u201d Boehm v. Botsford, 52 Ark. 400. The tax deed is the muniment of title.\nThe only question then is, is the decree of confirmation valid? Did the court have jurisdiction? Is there error upon the face of the record that warrants the decree setting aside the said decree of confirmation? The only contention upon these questions is that the proof of the publication of the notice that the appellant would apply to the court for a decree of confirmation is not in accordance with the directions and requirements of the statute, and is insufficient.\nAfter prescribing what the notice of confirmation of tax title shall contain, the statute (section 578, Mansfield\u2019s Digest), provides that \u201cthe affidavit' of one or more of the publishers or proprietors of said newspaper (in which the notice is published) setting forth a copy of such notice, with the date of the first publication thereof, and number of insertions, sworn to and subscribed before some justice of the peace of the county or city in which said newspaper is published, with a certificate of magistracy of the court, of said county, under the seal of his office, on being produced to said court, shall be taken and considered as sufficient evidence of the fact of publication, the date and number of insertions and form of such notice.\u201d Section 579, Mansfield\u2019s Digest, reads: \u201cOn producing the proof of said notice, as required in the preceding section, the party publishing the same may apply to the judge of the court aforesaid to confirm the sale,\u201d etc.\nThe objection to this proof here is that the justice of the peace before whom it was sworn to is not shown by the certificate of the clerk to be a justice of the peace of that county,\u2014 that there is no certificate of magistracy. It is contended by the appellant that the above-quoted provision of law was repealed by the subsequent act prescribing the manner of proof of publication of legal advertisements. Mansf. Dig., c. 94. In the view the coui\u2019t has taken of the .question upon the sufficiency of the proof of publication of the notice to apply for confirmation, it is unnecessary to decide whether the latter repeals the former act or not, as we are of the opinion that the proof is good tinder either act.\nIt will be observed that section 578 of Mansfield\u2019s Digest does not preclude the idea that the mode of proof of publication of the notice is exclusive of other evidence of the fact of publication; but only says that, when made as therein required, it \u201cshall be taken and considered as sufficient evidence of the fact of publication, the date and number of insertions and the form of such notice.\u201d\nIn Gibney v. Crawford, 51 Ark. 42, and in Cissel v. Pulaski County, 10 Fed. Rep. 891, it is said that, \u201cthe statute having prescribed the manner in which the notice should be given, it could not be given legally in any other manner, and. having prescribed what shall be the evidence of the publication, it can be proved in no other manner. Facts which should be of record cannot be proved by parol.\u201d\nCissel v. Pulaski County was decided in 1881, and Gibney v. Crawford in 1888, both under the latter act, which provides that the affidavit of any editor, publisher or proprietor, or the principal accountant of any newspaper authorized by this act to publish legal advertisements, to the effect that a legal advertisement has been published in his paper for the length of time and number of insertions it has been published, with a printed copy of such advertisement appended thereto, subscribed before any officer of this state authorized to administer oaths, shall be the evidence of the publication thereof as therein set forth.\u201d Mansf. Dig., \u00a7 4359.\nIt is to be observed that this act\u2014not .like the prior act\u2014 precludes the idea that proof may be made in any otherway than as therein prescribed by stating that, when made as therein prescribed, it \u201cshall be the evidence of the publication thereof as therein set forth.\u201d\nIn Scott v. Pleasants, 21 Ark. 364, an attack was made on a decree of notice of confirmation of tax sale because the affidavit of publication of notice was made by the editor, instead of the publisher or proprietor, of the newspaper, as then required by the statute. The court said this was error, but held the decree was not void. The court said: \u201cBut it does not follow that the decree, though reversible upon appeal and for error on its face, must be held void, and consequently be disregarded when introduced collaterally. The decree of the court was made upon a matter over which it had jurisdiction, as held in Evans v. Perciful, 5 Ark. 43. * * * A decree pro confesso on constructive notice that is defective is as good as a like decree upon insufficient personal service, and such decree, when made final, cannot be collaterally questioned. * * * The court rendering the decree under consideration passed directly upon the evidence of publication of the notice; that was one of - its clearest prerogatives, and, though it may be admitted that the court wrongfully decided, its decision was simply an interpretation of the law that could have been corrected if made the subject of direct review in this court; it could not be annulled by the circuit court of Pulaski county. * * * It is claimed that, in the confirmation of tax titles by our statutory decrees, a more stringent rule of construction must be applied to them than to other decrees; that, as being founded on a summary proceeding, everything both to show the jurisdiction, the manner of its exercise, and the evidence on which it was rendered, must be set forth in the decree. * * * It is not perceived why any [other] rule of construction or admissibility in evidence should be applied to a decree of confirmation than is applied to decrees rendered in our usual chancery practice upon constructive notice.\u201d\nIn Scott v. Pleasants the court said: \u201cThe statute does not say that it [the affidavit of the publisher or proprietor] shall be the only evidence of the publication; and if .the decree did not exclude the conclusion, we might infer that other evidence than the affidavit attached to the notice read by the plaintiffs was before the court upon the rendition of the decree.\u201d\nThe decree of confirmation attacked in this case does not exclude the conclusion that other evidence of the publication than that of the affidavit said to be insufficient for the want of a certificate of magistracy was before the court upon the rendition of the decree. There is no evidence that this affidavit was the only proof relied upon. ...\nThe judgment of the court is presumed to be right, unless the contrary is made to appear.\nIn case of Applegate v. Lexington & Carter County Mining Co., 117 U. S. (Lawyers\u2019 Ed.) 897, Mr. Justice Woods, delivering the opinion of the court, said: . \u201cThe result of the authorities, and what we declare, is that where a court of general jurisdiction is authorized in a proceeding, either statutory or at law or in equity, to bring in, by publication or other substituted service, non-resident defendants interested in or having a lien upon property lying within its territorial jurisdiction, but is not required to place the proof of service upon the record, and the court orders such substituted service, it will be presumed in favor of the jurisdiction that service was made as ordered, although no evidence thereof appears of record; and the judgment of the court, so far as it affects such property, will be valid.\u201d\nThe decree is reversed, and remanded with directions that a decree be entered below in accordance with this opinion.",
        "type": "majority",
        "author": "Hughes, J."
      }
    ],
    "attorneys": [
      "Bose, Hemingway & Bose, James H. Gibson and John B. Jones, for appellant.",
      "P. O. Dooley, pro se."
    ],
    "corrections": "",
    "head_matter": "Porter v. Dooley.\nOpinion delivered October 29, 1898.\n1. Tax-Title\u2014Confirmation\u2014Conclusiveness.\u2014All inquiry as to the validity of a tax-title is cut off by a decree of confirmation of the tax sale under which the title was acquired. (Page 3.)\n2. Proof of Publication\u2014Sufficiency.\u2014The proof of publication of notice of a suit for confirmation of a tax-title was sufficient under Mansf. Dig., \u00a7 4359, but did not show compliance with the requirement of Mansf. Dig., \u00a7 579, in that the magistracy of the justice before whom the proof was sworn to was not certified to by the county court. Without deciding whether the latter act. was repealed by the former or not, held that the decree of confirmation was not void on collateral attack under the latter section, which points out a mode of proof of publication that shall be \u201csufficient,\u201d but does not preclude the idea that such proof may be made in some other way. (Page 4.)\nAppeal from Arkansas Chancery Court.\nJames F. Robinson, Chancellor.\nBose, Hemingway & Bose, James H. Gibson and John B. Jones, for appellant.\nThis case should have been tried before a jury, and not in a court of equity, since it involves title and right of possession of real property. 56 Ark. 374; 32 Ark. 553; 105 U. S. 189. Defective proof of publication of notice of sale is a question which could be tried at law. 44 S. W. 1041; S. C. 65 Ark. A complaint which states only \u201cinformation\u201d or \u201cbelief\u201d of fraud furnishes no grounds for chancery jurisdiction. Big. Fraud 450, 451. It is not fatal to the proof of notice that the county clerk did not certify to the oficial character of the justice of the peace before whom it was made. The court takes notice of this. 1 Gilm. (111.) 116; 11 111. 119; 4 Scam. 477; 42 111. 516. The act of 1875 (p. 152) revised the whole law as to the requirements of proof of publication of legal notices. 41 Ark. 149; 47 Ark. 491; 43 Ark. 427; 10 Ark. 590; 31 Ark. 19; 46 Ark. 451. The confirmation decree cured any defects as to description, etc., in the notice of sale. 55 Ark. 470. This decree can not be questioned in a collateral proceeding. 21 Ark. 364; 5 Ark. 43; 42 Ark. 344; 52 Ark. 400; 47 Ark. 131, 144; 53 Ark. 30, 55. Possession by appellant for the statutory period (of two years) is sufficient, in this case, to give title, if it was hostile and exclusive as against appellee. Tied. Real Prop. \u00a7 698, 699; 50 Ark. 141; 29 Ga. 651; 17 S. W. 755, 757; 22 Fla. 442, 446; 18 S. W. (Tex.) 815. Appellee should have, at least, tendered such taxes paid by appellant. 56 Ark. 186.\nP. O. Dooley, pro se.\nThe land was so defectively and indefinitely described in the notice and sale that no title passed. 56 Ark. 172; 1 Desty, 'Taxation, 565-6; 2 ib. 829, 921, 922.\nThe court had no jurisdiction to render the decree of confirmation, because the notice was not such as is required by the statute; and, therefore, the confirmation decree is a nullity. 55 Ark. 30; 49 Ark. 397; 97 U. S. 444; 18 Wall. 350; Van Yleet, Col. Attack, \u00a7 16, p. 14; 27 Cal. 300-317. The affidavit of the editor, proprietor or principal accountant of the newspaper is the only competent evidence of publication of the notice. Mansf. Dig., \u00a7 4356. This must appear of record. 32 Wis. 394. Its deficiency can not be supplied -by parol. 4 Sawy. 638; 6 Barb. 617; 4 Yt. 506; 51 Ark. 34; 5 111. 69; 6 N. H. 196; 14 Mich. 528; 48 Me. 528; 13 Wis. 99; Blackw. Tax Titles, 239, 240; 3 McCrary, 446.\nThe affidavit of publication was made before a justice, to whose magistracy the county clerk did not certify as required by statute, and the land is incorrectly described. See Mansf. Dig., \u00a7 579, 578. Such non-compliance with the statute is fatal to the jurisdiction of the court. The statute must be strictly followed, and the record must so show. 37 Minn. 194; 38 Minn. 506; 19 Neb. 689; 67 Mich. 530; 29 Wis. 558; 28 N. Y. 365; 41 111. 45; 15 Wis. 188; 19 Wis. 397; 36 Kas. 543; 23 Wis. 367; 31 Cal. 342-352; 32 Barb. 604-608; 64 Wis. 330; 54 Tex. 193; 67 Miss. 543; 32 Ga. 653-655; 35 111. 315; 16 Barb. 319, 322; 74 111. 274; 27 Cal. 295-298; 37 Mich. 143; 28 Fed. 514; 60 111. 338; 55 111. 377; 8 Minn. 381; 44 S. W. (Ark.) 1041; 16 S. W. (Ark.) 197; 51 Ark. 34; 48 Ark. 238; 10 Fed. 891; 33 Ark. 450; 27 Ark. 110; 33 Ark. 740; 30 Ark. 723; Newman\u2019s PI. & Pr. 56; 11 Ark. 120; 13 Ark, 491; 14 Ark. 408; 22 Ark. 286; Sand. & H. Dig., \u00a7 4685; Cooley, Tax. 487, 335, 337; 6 Yerg. 22; 3 Johns. Cas. 1, 7; 42 Ark. 77; Wade on Notice, \u00a7 1120; 8 Ohio, 114; 12 Ala. 617; 26 Md. 206; 16 S. & K. (Pa.) '251; Black, Tax. 86; Blackwell, Tax Tit. 239, 240; 54 Md. 454; 51 Wis. 62; 4 Sawy. 638; 37 Cal. 295; 3 Sawy. 93; 97 U. S. 444; 39 Ark. 63; 32 Wis. 394; Freeman, Jndg. 137. The fraudulent concealment from the court of the defects in the notice vitiates it. 42 Ax'k. 330; 22 Ark. 118. No adverse possession is proved in favor of appellee; hence the two years statute of limitation must fail him. 57 Ark. 523; 60 Ark. 163; 57 Ark. 105; 49 Ark. 266; 56 Ark. 104. As to general requisites of adverse possession, see further: 150 U. S. 597; 9 B. Mon. 253; 101 N. Y. 669; 11 Gray, 33; 30 Ga. 619; 26 Ga. 701; 28 Ga. 130; 33 Ga. 539; 32 Ga. 239; 34 Pa. St. 74; 36 Pa. St. 513; 2 N. & McC. (S. C.) 534; 1 N. & McC. 354; Cheves (S. C.), 354; 3 Mete. 125; 10 N. H. 397; 5 Md. 256; 39 Cal. 24; 4 Mass. 416; 37 Tex. 437; 30 Cal. 408; 32 La. 572; 43 Ark. 486; 24 Am. Bep. 627; 3 Mass. 219; 9 Wend. 511; 83 N. C. 424; 4 S. & R. 465; 27 Ark. 93; 30 S. W. 186; 20 S. W. 43."
  },
  "file_name": "0001-01",
  "first_page_order": 17,
  "last_page_order": 23
}
