{
  "id": 1909762,
  "name": "Honnett v. Williams",
  "name_abbreviation": "Honnett v. Williams",
  "decision_date": "1899-01-28",
  "docket_number": "",
  "first_page": "148",
  "last_page": "155",
  "citations": [
    {
      "type": "official",
      "cite": "66 Ark. 148"
    }
  ],
  "court": {
    "name_abbreviation": "Ark.",
    "id": 8808,
    "name": "Arkansas Supreme Court"
  },
  "jurisdiction": {
    "id": 34,
    "name_long": "Arkansas",
    "name": "Ark."
  },
  "cites_to": [
    {
      "cite": "21 Ark. 18",
      "category": "reporters:state",
      "reporter": "Ark.",
      "case_ids": [
        1868324
      ],
      "opinion_index": -1,
      "case_paths": [
        "/ark/21/0018-01"
      ]
    },
    {
      "cite": "91 U. S. 716",
      "category": "reporters:federal",
      "reporter": "U.S.",
      "case_ids": [
        5648507
      ],
      "opinion_index": -1,
      "case_paths": [
        "/us/91/0716-01"
      ]
    },
    {
      "cite": "28 Gratt. 192",
      "category": "reporters:state",
      "reporter": "Gratt.",
      "case_ids": [
        4432530
      ],
      "opinion_index": -1,
      "case_paths": [
        "/va/69/0071-01"
      ]
    },
    {
      "cite": "11 Gratt. 552",
      "category": "reporters:state",
      "reporter": "Gratt.",
      "case_ids": [
        4451417
      ],
      "opinion_index": -1,
      "case_paths": [
        "/va/52/0274-01"
      ]
    },
    {
      "cite": "10 Gratt. 336",
      "category": "reporters:state",
      "reporter": "Gratt.",
      "case_ids": [
        6715811
      ],
      "opinion_index": -1,
      "case_paths": [
        "/va/51/0587-01"
      ]
    },
    {
      "cite": "96 Mo. 439",
      "category": "reporters:state",
      "reporter": "Mo.",
      "case_ids": [
        1013413
      ],
      "opinion_index": -1,
      "case_paths": [
        "/mo/96/0439-01"
      ]
    },
    {
      "cite": "20 Mo. App. 616",
      "category": "reporters:state",
      "reporter": "Mo. App.",
      "case_ids": [
        538693
      ],
      "opinion_index": -1,
      "case_paths": [
        "/mo-app/20/0616-01"
      ]
    },
    {
      "cite": "59 Vt. 530",
      "category": "reporters:state",
      "reporter": "Vt.",
      "case_ids": [
        11268174
      ],
      "opinion_index": -1,
      "case_paths": [
        "/vt/59/0530-01"
      ]
    },
    {
      "cite": "45 Yt. 24",
      "category": "reporters:state",
      "reporter": "Vt.",
      "case_ids": [
        4430841
      ],
      "opinion_index": -1,
      "case_paths": [
        "/vt/45/0024-01"
      ]
    },
    {
      "cite": "30 Yt. 338",
      "category": "reporters:state",
      "reporter": "Vt.",
      "case_ids": [
        741786
      ],
      "opinion_index": -1,
      "case_paths": [
        "/vt/30/0338-01"
      ]
    },
    {
      "cite": "66 Md. 436",
      "category": "reporters:state",
      "reporter": "Md.",
      "case_ids": [
        1810053
      ],
      "opinion_index": -1,
      "case_paths": [
        "/md/66/0436-01"
      ]
    },
    {
      "cite": "4 Allen, 566",
      "category": "reporters:state",
      "reporter": "Allen",
      "case_ids": [
        2100628
      ],
      "opinion_index": -1,
      "case_paths": [
        "/mass/86/0566-01"
      ]
    },
    {
      "cite": "7 Watts, 547",
      "category": "reporters:state",
      "reporter": "Watts",
      "case_ids": [
        1846858
      ],
      "opinion_index": -1,
      "case_paths": [
        "/watts/7/0547-01"
      ]
    },
    {
      "cite": "2 Rawle, 33",
      "category": "reporters:state",
      "reporter": "Rawle",
      "case_ids": [
        1820621
      ],
      "opinion_index": -1,
      "case_paths": [
        "/rawle/2/0033-01"
      ]
    },
    {
      "cite": "80 Pa. St. 348",
      "category": "reporters:state",
      "reporter": "Pa.",
      "case_ids": [
        1042316
      ],
      "opinion_index": -1,
      "case_paths": [
        "/pa/80/0348-01"
      ]
    },
    {
      "cite": "49 Pa. St. 213",
      "category": "reporters:state",
      "reporter": "Pa.",
      "case_ids": [
        998551
      ],
      "opinion_index": -1,
      "case_paths": [
        "/pa/49/0213-01"
      ]
    },
    {
      "cite": "67 Pa. St. 473",
      "category": "reporters:state",
      "reporter": "Pa.",
      "case_ids": [
        1022444
      ],
      "opinion_index": -1,
      "case_paths": [
        "/pa/67/0473-01"
      ]
    },
    {
      "cite": "59 Pa. St. 393",
      "category": "reporters:state",
      "reporter": "Pa.",
      "case_ids": [
        426935
      ],
      "opinion_index": -1,
      "case_paths": [
        "/pa/59/0393-01"
      ]
    },
    {
      "cite": "46 Pa. St. 392",
      "category": "reporters:state",
      "reporter": "Pa.",
      "case_ids": [
        420627
      ],
      "opinion_index": -1,
      "case_paths": [
        "/pa/46/0392-01"
      ]
    },
    {
      "cite": "133 Pa. St. 342",
      "category": "reporters:state",
      "reporter": "Pa.",
      "case_ids": [
        812919
      ],
      "opinion_index": -1,
      "case_paths": [
        "/pa/133/0342-01"
      ]
    },
    {
      "cite": "2 W. N. C. 533",
      "category": "reporters:state",
      "reporter": "W.N.C.",
      "opinion_index": -1
    },
    {
      "cite": "36 Pa. St. 338",
      "category": "reporters:state",
      "reporter": "Pa.",
      "case_ids": [
        992170
      ],
      "opinion_index": -1,
      "case_paths": [
        "/pa/36/0338-01"
      ]
    },
    {
      "cite": "5 W. & S. 323",
      "category": "reporters:state",
      "reporter": "Watts & Serg.",
      "case_ids": [
        478410
      ],
      "opinion_index": -1,
      "case_paths": [
        "/watts-serg/5/0323-01"
      ]
    },
    {
      "cite": "79 Ky. 5",
      "category": "reporters:state",
      "reporter": "Ky.",
      "case_ids": [
        4395502
      ],
      "opinion_index": -1,
      "case_paths": [
        "/ky/79/0005-01"
      ]
    },
    {
      "cite": "8 Bush, 661",
      "category": "reporters:state",
      "reporter": "Bush",
      "case_ids": [
        4384618
      ],
      "opinion_index": -1,
      "case_paths": [
        "/ky/71/0661-01"
      ]
    },
    {
      "cite": "135 Pa. St. 585",
      "category": "reporters:state",
      "reporter": "Pa.",
      "case_ids": [
        817475
      ],
      "opinion_index": -1,
      "case_paths": [
        "/pa/135/0585-01"
      ]
    },
    {
      "cite": "59 Fed. 923",
      "category": "reporters:federal",
      "reporter": "F.",
      "case_ids": [
        3797610
      ],
      "opinion_index": -1,
      "case_paths": [
        "/f/59/0923-01"
      ]
    },
    {
      "cite": "4 Fed. 136",
      "category": "reporters:federal",
      "reporter": "F.",
      "case_ids": [
        6716001
      ],
      "opinion_index": -1,
      "case_paths": [
        "/f/4/0136-01"
      ]
    },
    {
      "cite": "17 Ark. 674",
      "category": "reporters:state",
      "reporter": "Ark.",
      "opinion_index": -1
    },
    {
      "cite": "14 Ark. 489",
      "category": "reporters:state",
      "reporter": "Ark.",
      "case_ids": [
        1862708
      ],
      "opinion_index": -1,
      "case_paths": [
        "/ark/14/0489-01"
      ]
    },
    {
      "cite": "160 Pa. St. 95",
      "category": "reporters:state",
      "reporter": "Pa.",
      "case_ids": [
        852148
      ],
      "opinion_index": -1,
      "case_paths": [
        "/pa/160/0095-01"
      ]
    },
    {
      "cite": "14 W. N. C. (Pa.) 76",
      "category": "reporters:state",
      "reporter": "W.N.C.",
      "opinion_index": -1
    },
    {
      "cite": "151 Pa. St. 323",
      "category": "reporters:state",
      "reporter": "Pa.",
      "case_ids": [
        836735
      ],
      "opinion_index": -1,
      "case_paths": [
        "/pa/151/0323-01"
      ]
    },
    {
      "cite": "1 Rawle, 231",
      "category": "reporters:state",
      "reporter": "Rawle",
      "case_ids": [
        1819262
      ],
      "opinion_index": -1,
      "case_paths": [
        "/rawle/1/0231-01"
      ]
    },
    {
      "cite": "36 N. J. Eq. 169",
      "category": "reporters:state",
      "reporter": "N.J. Eq.",
      "case_ids": [
        796322
      ],
      "opinion_index": -1,
      "case_paths": [
        "/nj-eq/36/0169-01"
      ]
    },
    {
      "cite": "68 la. 255",
      "category": "reporters:state",
      "reporter": "Iowa",
      "case_ids": [
        2048627
      ],
      "opinion_index": -1,
      "case_paths": [
        "/iowa/68/0255-01"
      ]
    },
    {
      "cite": "75 Ga. 130",
      "category": "reporters:state",
      "reporter": "Ga.",
      "case_ids": [
        57167
      ],
      "opinion_index": -1,
      "case_paths": [
        "/ga/75/0130-01"
      ]
    },
    {
      "cite": "71 Mass. 336",
      "category": "reporters:state",
      "reporter": "Mass.",
      "case_ids": [
        1993116
      ],
      "opinion_index": -1,
      "case_paths": [
        "/mass/71/0336-01"
      ]
    },
    {
      "cite": "125 Mass. 356",
      "category": "reporters:state",
      "reporter": "Mass.",
      "case_ids": [
        730943
      ],
      "opinion_index": -1,
      "case_paths": [
        "/mass/125/0356-01"
      ]
    },
    {
      "cite": "24 S. W. 343",
      "category": "reporters:state_regional",
      "reporter": "S.W.",
      "opinion_index": -1
    },
    {
      "cite": "26 S. W. 813",
      "category": "reporters:state_regional",
      "reporter": "S.W.",
      "opinion_index": -1
    },
    {
      "cite": "57 Pa. 236",
      "category": "reporters:state",
      "reporter": "Pa.",
      "case_ids": [
        1010394
      ],
      "weight": 2,
      "opinion_index": -1,
      "case_paths": [
        "/pa/57/0236-01"
      ]
    },
    {
      "cite": "125 Mass. 263",
      "category": "reporters:state",
      "reporter": "Mass.",
      "case_ids": [
        730931
      ],
      "weight": 2,
      "opinion_index": -1,
      "case_paths": [
        "/mass/125/0263-01"
      ]
    },
    {
      "cite": "6 Ark. 109",
      "category": "reporters:state",
      "reporter": "Ark.",
      "case_ids": [
        8726686
      ],
      "opinion_index": -1,
      "case_paths": [
        "/ark/6/0109-01"
      ]
    },
    {
      "cite": "8 Ark. 302",
      "category": "reporters:state",
      "reporter": "Ark.",
      "case_ids": [
        8727401
      ],
      "opinion_index": -1,
      "case_paths": [
        "/ark/8/0302-01"
      ]
    },
    {
      "cite": "55 Am. Dec. 654",
      "category": "reporters:federal",
      "reporter": "Am. Dec.",
      "opinion_index": 0
    },
    {
      "cite": "4 Rich. Eq. 46",
      "category": "reporters:state",
      "reporter": "Rich. Eq.",
      "case_ids": [
        8713394
      ],
      "opinion_index": 0,
      "case_paths": [
        "/sc-eq/25/0046-01"
      ]
    },
    {
      "cite": "44 Am. Dec. 102",
      "category": "reporters:federal",
      "reporter": "Am. Dec.",
      "opinion_index": 0
    },
    {
      "cite": "4 Rich. Eq. 131",
      "category": "reporters:state",
      "reporter": "Rich. Eq.",
      "opinion_index": 0
    },
    {
      "cite": "91 U. S. 716",
      "category": "reporters:federal",
      "reporter": "U.S.",
      "case_ids": [
        5648507
      ],
      "opinion_index": 0,
      "case_paths": [
        "/us/91/0716-01"
      ]
    },
    {
      "cite": "8 Ark. 302",
      "category": "reporters:state",
      "reporter": "Ark.",
      "case_ids": [
        8727401
      ],
      "opinion_index": 0,
      "case_paths": [
        "/ark/8/0302-01"
      ]
    }
  ],
  "analysis": {
    "cardinality": 783,
    "char_count": 15676,
    "ocr_confidence": 0.477,
    "pagerank": {
      "raw": 6.579686750664741e-08,
      "percentile": 0.4028545679690206
    },
    "sha256": "4c7d23ea008c46c8fd77b33b73dd4eb36e58c66f63b67e0f60d3891068a655f2",
    "simhash": "1:03ad3c678ca3e21b",
    "word_count": 2834
  },
  "last_updated": "2024-02-27T19:06:18.304714+00:00",
  "provenance": {
    "date_added": "2019-08-29",
    "source": "Harvard",
    "batch": "2018"
  },
  "casebody": {
    "judges": [],
    "parties": [
      "Honnett v. Williams."
    ],
    "opinions": [
      {
        "text": "Riddick, J.,\n(after stating the facts.) This is an action to foreclose a mortgage. The main question presented for our consideration is whether the mortgagors had power to execute a valid mortgage upon the lands mortgaged. The land in question was owned by Willoughby Williams, Sr., who conveyed it to his son, Willoughby Williams, Jr., and Anna H. Williams, the wife of his son, in trust for their children, \u201cfree from the debts or liabilities\u201d of the said Willoughby Williams, Jr., and Anna H. Williams, \u201cor their control, farther than the use and appropriation of the rents and profits of said lands for the\u2019 sustenance of themselves and the support, education and maintenance of the children aforesaid.\u201d Four of the children and their mother, Anna Williams, joined in the execution of the mortgage to appellants. If they owned a vested interest in the land, they could mortgage it; for the general rule is that the beneficial interest of the cestui que trust in land may be sold and conveyed as other interests in property, legal or equitable. Speaking of this question, Mr. Pomeroy says that, \u201cwith the exception in reference to married women, the estate of the cestui que trust cannot, by any restrictions annexed to the trust, be rendered inalienable, nor can it be stripped of the other incidental rights of ownership. It is also liable for the debts of the beneficiary. It cannot be so created that, while it is subsisting, and enjoyed by the beneficiary, it shall be absolutely free from such liability. The trust may be so limited that it shall not take effect unless the beneficiary is free from debt, or that his estate shall cease upon his becoming insolvent, or upon a judgment being recovered against him, and shall thereupon vest in another person; but the cestui que trust cannot hold and enjoy his interest entirely free from the claims of creditors.\u201d 2 Pomeroy\u2019s Equity, \u00a7 989; Mebane v. Mebane, 4 Rich. Eq. 131; S. C. 44 Am. Dec. 102; Heath v. Bishop, 4 Rich. Eq. 46; S. C. 55 Am. Dec. 654; Brandon v. Robinson, 18 Vesey (Eng.), 429.\nWhile the rule, as thus announced by the learned author, is the settled law of England, and is followed in some of our states, it has been repudiated by the courts of other states, and also, it seems, by the supreme court of the United States. These latter courts uphold what are sometimes called spendthrift trusts, which restrain the power of the cestui que trust to alien or incumber the trust property. But, while the rule in favor of spendthrift trusts has now the sanction of many learned courts, it has been condemned by certain text-writers as an innovation that has added nothing of. value to the jurisprudence of those states that have adopted it. Gray, Restraints on Alienation; Wait, Fraud. Conv. \u00a7\u00a7 364-5. The question as to the validity of such trusts has never been decided by this court, but, so far as it has been alluded to, the intimations seem to favor the old rule that, if property, either legal or equitable, be vested in one, it becomes liable to the incidents of property, and capable of being sold or conveyed by the owner, or seized for his debts, \u2014subject, of course, to such protection as may be granted by homestead and exemption laws. Lindsay v. Harrison, 8 Ark. 302; Phillips v. Grayson, 23 ib. 769.\nWe are not required to decide the question in this case, for no restraints appear to have been placed by the deed under consideration upon the cestuis que trust in the matter of alienating the trust property. If, therefore, they had at the time of the mortgage any vested interests in this property under the trust deed of Willoughby Williams, Sr., there is nothing that restrains them from mortgaging the same.\nAt the time the mortgage which appellants ask to foreclose was executed, Willoughby Williams, Jr., was dead, and there was no possibility of further issue to the marriage of himself and Anna Williams. The beneficiaries under the deed of trust of Willoughby Williams, Sr., were determined, and each of the children of said Willoughby and Anna Williams had in equity a v\u00e9sted estate in fee simple in said lands, subject to the right of their mother, Mrs. Anna Williams, to a support out of the rents and profits of the same during her life. After they all become of age, the five children will, under the terms of the trust deed, be each entitled to a fifth share of the rents and profits of the estate conveyed by such deed, subject to the right of their mother to a sustenance out of same. The children are now all of age, except John N. Williams. He did not join in the mortgage, and we are of the opinion that the trustee had no power to mortgage his interests, and that he is not affected by such mortgage. He is entitled, not only to a support and maintenance, but also to be educated out of the income from the trust estate. Until he arrives of age, he should have set apart for him, out of the rents and profits of the estate, an amount equal to that of the adult beneficiaries, and even greater if necessary to maintain and educate him. As to Mrs. Anna Williams, the land was conveyed to her and her husband for \u201cthe sole and separate use, benefit and behoof\u201d of the children. If she had a beneficial interest in the land under this deed, it was a legal, and not an equitable, interest, and could be conveyed; but we are not certain that she had any interest that could have been mortgaged, had the children not joined in the deed; for her right to a sustenance out of the income seems to have been intended, not as an interest in the land, but as an emolument connected with her office of trustee. But she could join with any child in a conveyance, and thus release the share of such child from any charge for her support. Four of the five children joined with her in the execution of the mortgage under consideration, and we are of the opinion that the mortgagees have the right to foreclose such mortgage, and that the purchasers at such. foreclosure sale will take the shares- of such children freed from any charge for her sustenance; and this interest in the land, according to admissions of counsel for appellant, is more than sufficient to satisfy the mortgage debt.\nWe are also of the opinion that the personal judgment rendered against appellees is sustained by the evidence, though, in view-of our conclusion that the mortgage is valid, we suppose that this is now a matter of small importance, as the mortgaged property is worth more than the debt.\nWe concur in the ruling of the chancery court on the question of interest. The mortgage'does not, as counsel for appellant contend, provide that the account shall bear interest at the rate of ten per cent., but only that the items of money advanced shall bear such interest. Now these items of money constitute only a small portion of the account, and the amount of the money advanced is not set out in the complaint, nor separated in any way from the other items of the account. The fact that small sums of money were advanced furnished no reason why the whole account should bear interest at the rate of ten per cent, after maturity; and, as the amount of such items of money was not set out in the complaint, the court was not called on to distinguish these money items from other items in the account. The judgment as to the debt and interest is affirmed, but the judgment that the mortgage was invalid is reversed, with an order that a decree foreclosing said mortgage be entered in accordance with this opinion.\nNichols v. Eaton, 91 U. S. 716, and Gray, Restraints on Alienation, where the English and American cases are collected and ably discussed. .",
        "type": "majority",
        "author": "Riddick, J.,"
      }
    ],
    "attorneys": [
      "I. Reinberger and Oraivford & Hudson, for appellants:",
      "I). H. Rousseau and Austin & Taylor, for appellees."
    ],
    "corrections": "",
    "head_matter": "Honnett v. Williams.\nOpinion delivered January 28, 1899.\n1. Trust\u2014Bight or Beneficiary to Convey Interest.\u2014Where a grandfather conveyed certain land to his son and his wife as trustees for the sole separate use and benefit of their children then living, and of any issue they might thereafter have, free from the debts of such trustees, except that they might appropriate the rents and profits of the land for the support of themselves and their children, a mortgage executed by the surviving trustee and by such of the children as were of age will convey the shares of such adult children freed from any charge for such trustee\u2019s sustenance. (Page 152.)\n2. Bate or Interest\u2014Account.\u2014When a mortgage given to secure an account provided that the items of the account which were for money advanced should bear interest at the rate of 10 per cent., while other items should bear only 6, interest will be allowed at the latter rate only in a suit to foreclose the mortgage if the plaintiff fails to separate the items of money advanced from the other items of the account. (Page 155.)\nAppeal from Jefferson Chancery Court.\nJames F. Robinson, Chancellor.\nSTATEMENT BY THE COURT.\nThe facts in this ease are as follows: One Willoughby Williams, Sr., being the owner of land in Jefferson- county of this state, conveyed the same to his son, Willoughby Williams, Jr., and the wife of his son, Anna H. Williams, by the following deed:\n\u201cThis deed, made and entered into this, 29th day of May, A. D. 1877, by and between Willoughby Williams, Sr., of the county of Davidson, in the state of Tennessee, as party of the first part, and Willoughby Williams, Jr., Anna H. Williams, his wife, of the second part, and Andrew F. Williams, Nannie W. Williams, Harry MeLemore Williams, and Alex N. Williams, children of the parties of the second part, and any issue from them (the said parties of the second part) they may hereafter have, parties of the third part, witnesseth, that the said party of the first part, for and in consideration of love and affection to the parties of the third part, and the sum of five dollars to him in hand paid by the said parties of the second part, the receipt of which is hereby acknowledged, does by these presents give, gramt, bargain, sell and convey and assign to and with the said parties of the second part the following described real estate lying and being situated in Jefferson county in the state of Arkansas, and known as the southwest quarter of section 3, the northwest quarter of section 10, and that part of the southwest quarter of section 10 north of King\u2019s bayou, in township 6 south, of range 7 west, containing four hundred acres, more or less. To have and to hold the same, with all and singular the rights, privileges and appurtenances thereunto belonging or in any wise appertaining, unto the said parties of the second part, their heirs and assigns forever, in trust to and for the sole and separate use, benefit and behoof of Anne F., Nannie W., Harry MeLemore, and Alex N. Williams (and any issue they, the parties of the second part, may hereafter have), children of the said parties of the second part, free from debts, demands or liabilities of the said parties of the seco'nd part,' or their control, further than the use and appropriation of the rents and profits of the said land for the sustenance of themselves and the support, education and maintenance of the children aforesaid, and of any issue they may hereafter have. They, the said parties of the second part, may, however, whenever they may deem it wise to do so, without the intervention of any court, sell and convey in fee simple said real estate, and reinvest the proceeds of said sale for the sole separate use and benefit of said children of the said parties of the second part, and any issue they may hereafter have, free .from the debts and liabilities of the said parties of the second part. The said party of the first part hereby warrants and defends the title to said lands to the said parties of the second and of the third part against the lawful claims of all parties whomsoever. In testimony whereof the said party of the first part hereunto affixes his hand and seal this day and year above written. Willoughby Williams.\u201d\nAfter the execution'of this deed another child. John N. Williams, was born to Willoughby Williams, Jr., and Anna II. Williams, and is a beneficiary under the terms of the trust deed. Willoughby Williams, Jr., the husband of Anna H. Williams, died in 1892. . At the time of his death, he and his wife were indebted to appellants, Honnett & Weil, in the sum of about $500 for supplies and money furnished them for the use of themselves and f\u00e1mily, and for the cultivation of the lands held in trust by them. To secure the payment of this debt, and also to secure means to cultivate said land in 1893, and for their support and maintenance, the appellees, Anna H. Williams, Andrew F. Williams, Henry McLemore Williams, Alexander N. Williams and Nannie W. Williams, on March 24, 1893, executed a promissory note to Honnett & Weil for the sum of $500 due November 15, 1894, and also executed a mortgage on the lands mentioned to secure said note and supplies to be advanced. Honnett & Weil made advances of supplies and money during 1893, and afterwards, on 2d of January, 1895, brought this action to foreclose the mortgage, and to recover the sums on the note and account.\nThe chancery court gave judgment against the appellees for the sum of $1,385, the amount due on note and account, but adjudged that the mortgage was void by reason that appellees had no power to charge said land with the debts sued on.\nI. Reinberger and Oraivford & Hudson, for appellants:\nRestraints upon alienation are not countenanced now, and can not avail to give a man an estate free from claims of his creditors. Gray, Restraints on Alienation (2 Ed.), \u00a7 4; ib. pp. 105, 119; Const. Ark. (1874), art. 2, \u00a7 19; 4 Kent\u2019s Comm. 266; 8 Ark. 302; 6 Ark. 109; 125 Mass. 263; Lewin, Trusts, 97, 98; Perry, Trusts, \u00a7\u00a7 386, 386a; 2 Story, Eq. \u00a7 974, 974a; Underhill, Trusts, 67-73; 1 Dembitz, Land Tit. 103, 165; 57 Pa. 236; 26 S. W. 813; 12 ib. 1035; 24 S. W. 343; Sand. & H. Dig. \u00a7\u00a7 696, 3049. There being no express restraint on alienation in the deed, none can be implied. 125 Mass. 356; 71 Mass. 336. The right of the heirs was a vested one. Bouvier\u2019s Diet, title \u201cTo vest\u201d; Fearne, Rem. 2. There can be no inalienable equitable fee. 57 Pa. 236; 2 Am. & Eng. Dec. Eq. 634. The trustee had power to mortgage the trust estate. 27 Am. & Eng. Enc. Law, 138, note 2; ib. 136; 75 Ga. 130; 68 la. 255; 36 N. J. Eq. 169; 52 L. T. N. S. 494; 1 Rawle, 231; 151 Pa. St. 323; 14 W. N. C. (Pa.) 76; 22 Ont. Rep. 560; 160 Pa. St. 95. A future interest in lands can be conveyed, and is subject to the payment of debts. Sand. & H. Dig. \u00a7 701-2; 14 Ark. 489; 17 Ark. 674; 125 Mass. 263.\nI). H. Rousseau and Austin & Taylor, for appellees.\nThe owner of property has a right to provide that the rents and profits of his estate shall go to his children, and that the estate shall be not subject to the payment of their debts, if they should be improvident or unfortunate; and, in such a case, it is not necessary that the instrument declare in terms that the property is to be held free from creditors, if such intent is sufficiently manifest. 4 Fed. 136; 59 Fed. 923; 135 Pa. St. 585; 8 Bush, 661; 79 Ky. 5. The trustee and the adult beneficiaries had no power to, sell as long as there was a minor with an indefinite interest. Gray, Restraints or Alienation, \u00a7 116; 5 W. & S. 323; 36 Pa. St. 338; 2 W. N. C. 533; 133 Pa. St. 342; 46 Pa. St. 392; 59 Pa. St. 393; 67 Pa. St. 473; 49 Pa. St. 213; 80 Pa. St. 348; 2 Rawle, 33; 7 Watts, 547; 4 Allen, 566; 111 111. 247; 143 111. 301; 66 Md. 436; 30 Yt. 338; 45 Yt. 24; 59 Vt. 530; 20 Mo. App. 616; 96 Mo. 439; 10 Gratt. 336; 11 Gratt. 552; 28 Gratt. 192; 87 Ya. 758; 2 Lowell, 575; 91 U. S. 716. The note was given for a past consideration, and is unenforceable. Beach, Mod. Law, Cont. \u00a7160; 21 Ark. 18."
  },
  "file_name": "0148-01",
  "first_page_order": 164,
  "last_page_order": 171
}
