{
  "id": 1909769,
  "name": "Brown v. Toler",
  "name_abbreviation": "Brown v. Toler",
  "decision_date": "1899-04-15",
  "docket_number": "",
  "first_page": "361",
  "last_page": "363",
  "citations": [
    {
      "type": "official",
      "cite": "66 Ark. 361"
    }
  ],
  "court": {
    "name_abbreviation": "Ark.",
    "id": 8808,
    "name": "Arkansas Supreme Court"
  },
  "jurisdiction": {
    "id": 34,
    "name_long": "Arkansas",
    "name": "Ark."
  },
  "cites_to": [
    {
      "cite": "92 Am. Dec. 526",
      "category": "reporters:federal",
      "reporter": "Am. Dec.",
      "opinion_index": -1
    },
    {
      "cite": "116 Cal. 56",
      "category": "reporters:state",
      "reporter": "Cal.",
      "case_ids": [
        4390988
      ],
      "opinion_index": -1,
      "case_paths": [
        "/cal/116/0056-01"
      ]
    },
    {
      "cite": "40 La. Ann. 474",
      "category": "reporters:state",
      "reporter": "La. Ann.",
      "case_ids": [
        5296450
      ],
      "opinion_index": -1,
      "case_paths": [
        "/la-ann/40/0474-01"
      ]
    },
    {
      "cite": "8 Am. St. Rep. 544",
      "category": "reporters:state",
      "reporter": "Am. St. Rep.",
      "opinion_index": -1
    },
    {
      "cite": "22 Ark. 191",
      "category": "reporters:state",
      "reporter": "Ark.",
      "case_ids": [
        8726074
      ],
      "opinion_index": -1,
      "case_paths": [
        "/ark/22/0191-01"
      ]
    },
    {
      "cite": "31 Ark. 571",
      "category": "reporters:state",
      "reporter": "Ark.",
      "case_ids": [
        1879234
      ],
      "pin_cites": [
        {
          "page": "574"
        }
      ],
      "opinion_index": -1,
      "case_paths": [
        "/ark/31/0571-01"
      ]
    },
    {
      "cite": "33 Ark. 396",
      "category": "reporters:state",
      "reporter": "Ark.",
      "case_ids": [
        8724167
      ],
      "opinion_index": -1,
      "case_paths": [
        "/ark/33/0396-01"
      ]
    },
    {
      "cite": "37 Ark., 381",
      "category": "reporters:state",
      "reporter": "Ark.",
      "opinion_index": -1
    },
    {
      "cite": "56 Ark. 110",
      "category": "reporters:state",
      "reporter": "Ark.",
      "case_ids": [
        1326085
      ],
      "opinion_index": -1,
      "case_paths": [
        "/ark/56/0110-01"
      ]
    },
    {
      "cite": "36 Ark. 178",
      "category": "reporters:state",
      "reporter": "Ark.",
      "case_ids": [
        1872482
      ],
      "opinion_index": -1,
      "case_paths": [
        "/ark/36/0178-01"
      ]
    },
    {
      "cite": "103 U. S. 694",
      "category": "reporters:federal",
      "reporter": "U.S.",
      "opinion_index": -1
    },
    {
      "cite": "42 Am. St. Rep. 424",
      "category": "reporters:state",
      "reporter": "Am. St. Rep.",
      "opinion_index": -1
    },
    {
      "cite": "132 Mass. 89",
      "category": "reporters:state",
      "reporter": "Mass.",
      "case_ids": [
        2131683
      ],
      "opinion_index": -1,
      "case_paths": [
        "/mass/132/0089-01"
      ]
    }
  ],
  "analysis": {
    "cardinality": 338,
    "char_count": 5447,
    "ocr_confidence": 0.49,
    "pagerank": {
      "raw": 4.03580807328026e-08,
      "percentile": 0.06965908051009924
    },
    "sha256": "d39d26ee96a059dbfac5cba50bcfb360e5f875131e18312cf34c4a31936f3705",
    "simhash": "1:4837efa5700c808e",
    "word_count": 983
  },
  "last_updated": "2024-02-27T19:06:18.304714+00:00",
  "provenance": {
    "date_added": "2019-08-29",
    "source": "Harvard",
    "batch": "2018"
  },
  "casebody": {
    "judges": [],
    "parties": [
      "Brown v. Toler."
    ],
    "opinions": [
      {
        "text": "Riddick, J.,\n(after stating the facts.) The petition and exceptions filed by Brown in the county court raised the question whether he was entitled to be declared the purchaser of the lands, instead of Gates. His exception to the report on this point was based on the fact that Gates did not at once pay for the land so soon as it was struck off to him, but was allowed by the collector about \u00e1n hour to procure the money, and make the payment. We see nothing in this exception. It is true that the statute provides that sale shall be made for cash, and that if any bidder fails to perfect.his bid by paying the cash. the collector shall immediately resell. Sand. & H. Dig. \u00a7 7119. But whether the payment was made \u201cimmediately\u201d was a question of fact to be determined by the circuit court in connection with the circumstances in proof. The facts in this case are not such that we can say that the court erred in finding that the payment was made immediately, within the meaning of the statute. Within an hour after the sale, and before the collector had finished preparing his certificate of purchase, the purchaser paid the money. The meaning of the statute is that the payment shall be made promptly and without delay, and we think the court was justified in holding that it was so made in this case. Queen v. Justices of Berkshire, 4 Q. B. Div. 469.\nWhile Brown did not amend his petition and exceptions filed in the county court, he jundertook on the trial in the circuit court to raise a question as to the authority of the collector to make the sale. His exceptions not only do not raise such question, but he neither alleged nor proved that he was an inhabitant of the township or county in which the lands were situated. So far as the record discloses, he had no intei\u2019est in these, lands, and no right to object\u2019to the sale by the collector.\nWe are therefore of opinion that the judgment of the court was right, and should be affirmed. It is so ordered.",
        "type": "majority",
        "author": "Riddick, J.,"
      }
    ],
    "attorneys": [
      "Wood <& Henderson, for appellant.",
      "Hill <& Auten, for appellee."
    ],
    "corrections": "",
    "head_matter": "Brown v. Toler.\nOpinion delivered April 15, 1899.\n1. School Land\u2014Sale\u2014When Payment Immediate.\u2014Under Sand, & H. Dig. \\ 7119, providing thatif any bidder at a sale of sixteenth seetionland \u201cshall fail to perfect his bid by paying the cash, the collector shall immediately resell the land,\u201d a finding that payment was made immediately after the sale will be supported by proof that the highest bidder, with the collector\u2019s consent, went oft and procured the money, and, within an hour after the land was struck off to him, paid it to the collector before he had finished preparing the certificate of sale. (Page 362.)\n2. Same\u2014Who May Object to Sale.\u2014One who is not an inhabitant of the township -or county in which sixteenth section school lands are situated cannot object to the regularity of a sale of such lands. (Page 3'63.) '\nAppeal from Grant Circuit Court.\nAlexander M. Duefie, Judge.\nSTATEMENT BY THE COURT.\nThe appellee, B. B. Toler, sheriff and collector of Grant county, sold at public sale a portion of the sixteenth section or school land in said county. The only bidders at the sale were appellant, Brown, and one Gates, who bid for the Haywood Lumber Company. The lands were struck off and sold to Gates, as agent for such company, for the sum of $1,780, that being the highest bid offered. Gates did not pay for the land so soon as it was struck off to him, but while the collector was preparing the certificate of purchase he went off and procured the money, and in about one hour returned, and paid it to the collector before the collector had finished preparing such certificate. During Gates\u2019 absence Brown tendered the amount of his first bid $840 to the collector, and insisted that he be declared the purchaser, but the collector refused to accept it. When the collector reported the sale to the county court, Brown appeared, was made a party to the proceedings, filed objections and exceptions to the report, and asked that he be declared the purchaser, and that the collector be required to deliver him certificates of purchase for the land. His exceptions were overruled, and he appealed to the circuit court. He did not amend his exceptions in any way, but introduced evidence, and endeavored to show to the circuit court that there had been no petition filed for the sale of the land, and that the collector had no authority to sell. The circuit court gave judgment against him, and he appealed.\nWood <& Henderson, for appellant.\nThere was no lawful petition for the sale of school lands, because: (1) Said petition was signed by a majority only of the \u201cvoters\u201d of the township, whereas the statute says it shall be signed by \u201ca majority of the male inhabitants,\u201d which would include minors. Webst. Diet. \u201cInhabitants;\u201d 132 Mass. 89, S. C. 42 Am. St. Rep. 424; 103 U. S. 694; 36 Ark. 178; 40 Ai\u2019k. 290; 56 Ark. 110. (2) Said petition was presented to the \u201csheriff,\u201d and not to the \u201ccollector.\u201d 37 Ark., 381; 33 Ark. 396; 31 Ark. 571, 574. Since appellee did not pay cash on his bid, it should have been set .aside, and the land re-sold. Sand. & H. Dig. \u00a7 7119.\nHill <& Auten, for appellee.\nAppellant had no interest in this proceeding of the court, and cannot urge any objection thereto. 22 Ark. 191; 44 ib. 225; 8 Am. St. Rep. 544; 40 La. Ann. 474. The burden is on him who attacks an official act. 1 Jones, Ev. \u00a7\u00a7 38-40; 116 Cal. 56; 92 Am. Dec. 526; 64 ib. 680; 85 ib. 428. The petition, signed by a majority of the adult male inhabitants, was sufficient."
  },
  "file_name": "0361-01",
  "first_page_order": 377,
  "last_page_order": 379
}
