{
  "id": 1334081,
  "name": "Garland County v. Hot Spring County",
  "name_abbreviation": "Garland County v. Hot Spring County",
  "decision_date": "1900-04-07",
  "docket_number": "",
  "first_page": "83",
  "last_page": "93",
  "citations": [
    {
      "type": "official",
      "cite": "68 Ark. 83"
    }
  ],
  "court": {
    "name_abbreviation": "Ark.",
    "id": 8808,
    "name": "Arkansas Supreme Court"
  },
  "jurisdiction": {
    "id": 34,
    "name_long": "Arkansas",
    "name": "Ark."
  },
  "cites_to": [
    {
      "cite": "57 Ark. 125",
      "category": "reporters:state",
      "reporter": "Ark.",
      "opinion_index": -1
    },
    {
      "cite": "12 Ark. 125",
      "category": "reporters:state",
      "reporter": "Ark.",
      "case_ids": [
        8727763
      ],
      "opinion_index": -1,
      "case_paths": [
        "/ark/12/0125-01"
      ]
    },
    {
      "cite": "50 Ark. 416",
      "category": "reporters:state",
      "reporter": "Ark.",
      "case_ids": [
        8723368
      ],
      "opinion_index": -1,
      "case_paths": [
        "/ark/50/0416-01"
      ]
    },
    {
      "cite": "23 Vt. 581",
      "category": "reporters:state",
      "reporter": "Vt.",
      "case_ids": [
        4424757
      ],
      "opinion_index": -1,
      "case_paths": [
        "/vt/23/0581-01"
      ]
    },
    {
      "cite": "7 Mass. 169",
      "category": "reporters:state",
      "reporter": "Mass.",
      "case_ids": [
        1999484,
        1999422
      ],
      "opinion_index": -1,
      "case_paths": [
        "/mass/7/0142-01",
        "/mass/7/0142-02"
      ]
    },
    {
      "cite": "5 Rawle, 1068",
      "category": "reporters:state",
      "reporter": "Rawle",
      "opinion_index": -1
    },
    {
      "cite": "45 Fed. 445",
      "category": "reporters:federal",
      "reporter": "F.",
      "case_ids": [
        3722031
      ],
      "opinion_index": -1,
      "case_paths": [
        "/f/45/0445-01"
      ]
    },
    {
      "cite": "14 Ired. Eq. 209",
      "category": "reporters:state",
      "reporter": "Ired. Eq.",
      "opinion_index": -1
    },
    {
      "cite": "17 Me. 64",
      "category": "reporters:state",
      "reporter": "Me.",
      "case_ids": [
        631645
      ],
      "opinion_index": -1,
      "case_paths": [
        "/me/17/0064-01"
      ]
    },
    {
      "cite": "2 Rich. Eq. 15",
      "category": "reporters:state",
      "reporter": "Rich. Eq.",
      "case_ids": [
        8713516
      ],
      "opinion_index": -1,
      "case_paths": [
        "/sc-eq/19/0015-01"
      ]
    },
    {
      "cite": "107 N. .C. 300",
      "category": "reporters:state",
      "reporter": "N.C.",
      "opinion_index": -1
    },
    {
      "cite": "73 Wis. 211",
      "category": "reporters:state",
      "reporter": "Wis.",
      "case_ids": [
        8704240
      ],
      "opinion_index": -1,
      "case_paths": [
        "/wis/73/0211-01"
      ]
    },
    {
      "cite": "21 Ark. 329",
      "category": "reporters:state",
      "reporter": "Ark.",
      "case_ids": [
        1868234
      ],
      "opinion_index": -1,
      "case_paths": [
        "/ark/21/0329-01"
      ]
    },
    {
      "cite": "136 U. S. 211",
      "category": "reporters:federal",
      "reporter": "U.S.",
      "case_ids": [
        1217869
      ],
      "opinion_index": -1,
      "case_paths": [
        "/us/136/0211-01"
      ]
    },
    {
      "cite": "163 U. S. 440",
      "category": "reporters:federal",
      "reporter": "U.S.",
      "opinion_index": -1
    },
    {
      "cite": "51 Ark. 350",
      "category": "reporters:state",
      "reporter": "Ark.",
      "opinion_index": -1
    },
    {
      "cite": "17 Md. 212",
      "category": "reporters:state",
      "reporter": "Md.",
      "case_ids": [
        1867134
      ],
      "opinion_index": -1,
      "case_paths": [
        "/md/17/0212-01"
      ]
    },
    {
      "cite": "48 Ark. 453",
      "category": "reporters:state",
      "reporter": "Ark.",
      "opinion_index": -1
    },
    {
      "cite": "62 Miss. 337",
      "category": "reporters:state",
      "reporter": "Miss.",
      "opinion_index": -1
    },
    {
      "cite": "120 U. S. 517",
      "category": "reporters:federal",
      "reporter": "U.S.",
      "case_ids": [
        3468752
      ],
      "opinion_index": -1,
      "case_paths": [
        "/us/120/0517-01"
      ]
    },
    {
      "cite": "62 Miss. 325",
      "category": "reporters:state",
      "reporter": "Miss.",
      "case_ids": [
        368532
      ],
      "opinion_index": -1,
      "case_paths": [
        "/miss/62/0325-01"
      ]
    },
    {
      "cite": "65 Ark. 285",
      "category": "reporters:state",
      "reporter": "Ark.",
      "opinion_index": -1
    },
    {
      "cite": "55 Tex. 314",
      "category": "reporters:state",
      "reporter": "Tex.",
      "case_ids": [
        2181417
      ],
      "opinion_index": -1,
      "case_paths": [
        "/tex/55/0314-01"
      ]
    },
    {
      "cite": "13 Ore. 287",
      "category": "reporters:state",
      "reporter": "Or.",
      "case_ids": [
        2284387
      ],
      "opinion_index": -1,
      "case_paths": [
        "/or/13/0287-01"
      ]
    },
    {
      "cite": "64 Miss. 534",
      "category": "reporters:state",
      "reporter": "Miss.",
      "case_ids": [
        8836912
      ],
      "opinion_index": -1,
      "case_paths": [
        "/miss/64/0534-01"
      ]
    },
    {
      "cite": "51 Miss. 807",
      "category": "reporters:state",
      "reporter": "Miss.",
      "case_ids": [
        1648917
      ],
      "opinion_index": -1,
      "case_paths": [
        "/miss/51/0807-01"
      ]
    },
    {
      "cite": "52 Ark. 430",
      "category": "reporters:state",
      "reporter": "Ark.",
      "case_ids": [
        1913387
      ],
      "opinion_index": -1,
      "case_paths": [
        "/ark/52/0430-01"
      ]
    },
    {
      "cite": "92 U. S. 307",
      "category": "reporters:federal",
      "reporter": "U.S.",
      "case_ids": [
        8775
      ],
      "opinion_index": -1,
      "case_paths": [
        "/us/92/0307-01"
      ]
    },
    {
      "cite": "39 Ark. 238",
      "category": "reporters:state",
      "reporter": "Ark.",
      "case_ids": [
        1898706
      ],
      "opinion_index": 0,
      "case_paths": [
        "/ark/39/0238-01"
      ]
    },
    {
      "cite": "62 Miss. 325",
      "category": "reporters:state",
      "reporter": "Miss.",
      "case_ids": [
        368532
      ],
      "weight": 2,
      "opinion_index": 0,
      "case_paths": [
        "/miss/62/0325-01"
      ]
    },
    {
      "cite": "52 Ark. 430",
      "category": "reporters:state",
      "reporter": "Ark.",
      "case_ids": [
        1913387
      ],
      "opinion_index": 0,
      "case_paths": [
        "/ark/52/0430-01"
      ]
    }
  ],
  "analysis": {
    "cardinality": 792,
    "char_count": 21139,
    "ocr_confidence": 0.492,
    "pagerank": {
      "raw": 3.3176011401032553e-07,
      "percentile": 0.8728207706318013
    },
    "sha256": "a52cdbac24ceff1daee08e533ec381db050bf4449dcac281e9f65ca476974d8d",
    "simhash": "1:3a8e5714def4e2fb",
    "word_count": 3717
  },
  "last_updated": "2024-02-27T20:30:04.197902+00:00",
  "provenance": {
    "date_added": "2019-08-29",
    "source": "Harvard",
    "batch": "2018"
  },
  "casebody": {
    "judges": [],
    "parties": [
      "Garland County v. Hot Spring County."
    ],
    "opinions": [
      {
        "text": "Hughes, J.,\n(after stating the facts.) The judgment of the circuit court sufficiently states the facts in this case, without further statement of them by this court.-\nThe cause was tried before the Hon. John Fletcher, a special judge, sitting as a jury, and the findings of facts by the court, where there is evidence upon which they might be sustained, are conclusive upon this court. We therefore consider these findings of facts first.\nWe take it that there is no serious question upon the evidence or doubt that the bonds of Hot Spring county for $22,-000, numbered from 1 to 220', both inclusive, were issued, and! became a part of the indebtedness of Hot Spring county prior to the 5th of April, 1873, when the act was passed for the formation of Garland county out of territory taken from Hot Spring and other counties. While it seems not to be so certain that the bonds numbered from 221 to 320, both inclusive, were not issued till after the 5th of April, 1873, still there is some evidence to support the finding of the circuit court that said bonds were not issued and delivered so as to constitute a part of the indebtedness of Hot Spring county till after-April 5, 1873. The finding therefore must stand as to this. The finding that the territory taken from Hot Spring to form part of Garland county constituted on the 5th of April, 1873, 38.5 per cent, of the assessed value of all the real and personal property liable to taxation in Hot Spring county is supported by the evidence in the case. We cannot disturb this finding, nor the finding of the court that the value of the jail remaining in Hot Spring county after the 5th of April, 1873, was $3,600. The fact that it cost originally more than that is not evidence of its value on the 5th of April, 1873. We think the facts and circumstances as proved sustain the court\u2019s-finding as to its value; at all events, it is not without some evidence in the record to sustain it.\nThe court found that the court house in Hot Spring county-had been one-third completed on the 5th of April, 1873, and that it was of no value to Hot Spring county. The evidence shows that the court house was never turned over to Hot Spring county, but that it was sold in its unfinished condition to Emmerson and another, under a mortgage, and was torn down, and the material removed.\nBut, says the counsel for Garland county, Hot Spring county, through her board of supervisors, prevented the building of the court house to completion by releasing the contractor, and cancelling the contract; but for this the court house would have been completed, and Hot Spring county would have had it when completed. But the evidence tends to show that, owing to the condition of things in Hot Spring county, the court house, had it been completed, would have been of nominal value only, at most, to the county. A movement was pending to change the county site of Hot Spring county from Rockport to Malvern in said county, Malvern being on the St. Louis, Iron Mountain & Southern Railway, while Rockport was off the line of said railroad, then approaching completion through Hot Spring county. It was a foregone conclusion that the county seat would be moved from Rockport to Malvern, which was soon afterwards done.\nIn reality it seems that this decree releasing the sureties on the bond of the contractor Nickles was a nullity, for Hot Spring county was not a party to the proceedings in which this was done, as we think the record shows. This seems to have been an effort to rid the county of Hot Spring of these bonds, for the decree, while it purported to release Nickels and his sureties, directed the delivery of all the bonds issued and put in circulation, and the cancellation thereof, which however was never done.\nWe are of the opinion that there was no error in the finding of the court that the court house was of no value to Hot Spring county. If it can be said that this decree bound Hot Spring county, it also bound Garland county, for Hot Spring stood for and represented Garland county, so far as the territory in Garland that was taken from Hot Spring county is concerned. Board of Supervisors of Chickasaw County v. Board of Supervisors of Clay County, 62 Miss. 325.\nThe judgments of the United States circuit court against Hot Spring county settled the validity of these bonds, and the rate of interest recoverable upon them, and cannot be collaterally attacked, even if erroneous in the amount of interest recovered against Hot Spring county. Chollar v. Temple, 39 Ark. 238. Garland county is bound by these judgments. She was represented by Hot Spring county. Board of Supervisors of Chickasaw County v. Board of Supervisors of Clay County, 62 Miss. 325.\nThese judgments are res judicatae, and estop both Hot Spring and'Garland counties. 1 Herman on Estoppel \u00a7\u00a7 53, 54, 348, 349.\nThe evidence of- Latta and Sumpter that the territory-taken from Clark and Montgomery counties, and attached to Hot Spring county when Garland county was established, was intended by the legislature as a compensation to Hot Spring county for territory taken from Hot Spring county and attached to Garland county, was properly excluded by the circuit court. The act of the legislature speaks for itself, and the intention .is derived from a construction of the act by the courts. There was no error in refusing to allow Garland county credit for territory taken from Clark and Montgomery counties and attached to Hot Spring county at the time of the formation of Garland county. Why Garland county should claim credit on this account we ar\u00e9 unable to see.\nIt is not insisted that the act under consideration is unconstitutional, though this is made the third ground of the motion for a new trial by Garland county. It is waived in the 'argument of counsel, conceding that the constitutionality of the act was settled by this court in Perry County v. Conway County, which we think is correct (52 Ark. 430).\nThe appellee, in its second assignment of error in its motion for a new trial, says \u201cthat the court erred in refusing to include in the sum of the indebtedness part of which Garland county was, by the general assembly, made liable, to pay,, the costs incurred in the United States circuit court in mandamus proceedings to compel levy of taxes with which .to pay judgments on causes of action, which the court in this case held to be such indebtedness as said Garland county was so liable to discharge in part.\u201d Hot Spring county might have arranged.to meet her \u25a0 indebtedness without being compelled by mandamus, and it was no fault of Garland county that she had to be com - pelled by mandamus to do so. The coui\u2019t did not err in holding that Garland county was not liable for part of the costs of these mandamus proceedings, or for poundage paid the clerk of the United States court, or the fees paid the tax collector and treasurer of Hot Spring county for collecting and paying out.\nIn the sixth assignment of error in appellee\u2019s motion for a new trial it is said \u201cthat the court erred in refusing to allow interest to Hot Spring county on that part of the, indebtedness for which Garland county is now adjudged to be liable from the dates upon which Hot Spring county made the \u25a0 several payments that paid and discharged the same down to the date of the judgment of this circuit court adjusting the indebtedness between Hot Spring county and Garland county. We think there was no error in this ruling. Debts against counties do not bear interest as matter of law. There is no statute allowing interest on such debts in this state, and it seems that interest was not allowed at common law. 11 Am. & Eng. Enc. Law, 379, 380; Perley on Interest, 65 (1) and cases cited; 11 Am. & Eng. Enc Law (1 Ed.), 388d, note 3, and389 note 1'.\nThe judgment of the circuit court is in all things affirmed.'",
        "type": "majority",
        "author": "Hughes, J.,"
      }
    ],
    "attorneys": [
      "Wood <& Henderson and Greaves & Martin, for appellant.",
      "Jas. P. Clarice, for appellee."
    ],
    "corrections": "",
    "head_matter": "Garland County v. Hot Spring County.\nOpinion delivered April 7, 1900.\nI. Finding or Facts \u2014 Conclusiveness.\u2014Findings of facts, made by a trial judge sitting as a jury, are conclusive on appeal if based on evidence. (Pago 89.)\n1>. Judgment \u2014 Who Bound by. \u2014 Where a county is formed partly of territory detached from another county, and a subsequent act of the legislature makes the former county liable for such part of the letter county\u2019s indebtedness existing at the date of formation of the former county as would be a fair apportionment to the citizens of the territory detached from the latter county and attached to the former, a judgment against the latter county for a debt antedating the formation of the former county will be binding on the former county, and cannot be collaterally attacked, even if erroneous' in the amount of interest recovered. (Page 91.)\n'3. Statute \u2014 Parol Evidence as to Intent. \u2014 Parol evidence that the legislature, in detaching certain territory from a county and attaching other territory thereto, intended that the addition of the latter territory should compensate for the loss of the former is inadmissible, as the in- ' tent of the legislature must be derived from the act itself. (Page 92.)\n4. New County \u2014 Liability to Parent County. \u2014 Where a county, from which another county was in part created, was subsequently compelled by mandamus to pay an indebtedness for which the latter county was in part liable, the latter county will not be liable for any of the costs of such proceeding, nor for any part of the costs of collecting a \u25a0 tax to pay such judgment. (Page 92.)\n5. County \u2014 Liability for Interest. \u2014 Counties are not liable for interest on their debts. (Page 93.)\nAppeal from Garland Circuit Court.\nJohn Fletcher, Special Judge.\nSTATEMENT BY THE COURT.\nThis is a suit by Hot Spring county against Garland county for that part of the indebtedness of Hot Spring county, for which that part of Garland county taken from Hot Spring county was liable.\nThe findings and judgment of the court were as follows.:\n\u201cThis cause coming on to be heard de novo upon the appeal being taken by Hot Spring county from the order and judgment of the Garland county court dismissing her claim filed under the provisions of the act of the general assembly approved March 1, 1897, when Hot Spring county appeared by her attorney, James P. Clarke, Esq., and Garland county by her attorneys, Greaves & Martin and Wood & Henderson, and the court, having heard the evidence and the argument of parties, as well as .the argument of counsel for the respective parties, doth find as follows:\n\u201c1. That Garland county was formed under authority o\u00ed an act of the general assembly approved April 5, 1873, and of territory taken in part from Hot Spring county; that the part so taken constituted on said 5th day of April, 1873, 38.5 per cent, of the assessed value of all the property, real and personal, liable to taxation in Hot Spring county; that the said act of April 5, 1873, made no provision for the assumption b3r Garland county of the existing indebtedness of any of the counties from which territory and inhabitants were taken in the form\u00e1tion of said county.\n\u201c2. That on March 1, 1897, the general assembly passed an act making Garland county liable for such part of the indebtedness of Hot Spring county existing on the 5th .day \u00aef April, 1873, as would be a fair apportionment to the citizens of the territory detached from Hot Spring county and attached to Garland county.\n\u201c3. That on said 5th day of April, 1873, Hot Spring county was indebted on account of ordinary warrants in the sum of $4,957.26. That on the 12th day of February, 1873, the county court of that county entered into a contract with one E. A. Nickels for the erection of a court house at Roekport, in said county, under the terms of which( contract the contractor was to receive, on the execu'tion by him of said contract, and a bond for the proper compliance on his part, $22,000 in the bonds of said county, and when said court house had progressed to completion to the extent of two-thirds he was to receive $10,000 of s\u00e1id bonds additional, and upon its completion he was to receive $11,000 more, being the entire price named in said contract. About the date of the execution of the contract and the filing of his bond in the middle of February, 1873, the said Nickels received from the designated depository $22,000 in the bonds of the county, the said bonds being for $100 each and numbered 1 to 220, both inclusive, and bearing interest at the rate of ten per cent, per annum, payable annually, from the date thereof on the delivery of the interest coupons attached; that the court house never reached a stage of completion to the extent of two-thirds. That $10,000 of said bonds, in addition to said $22,-000 thereof, were, notwithstanding said failure to so partially complete said court house, issued, so that the same became and were enforced as liability against said Hot Spring county; these last-named bonds being in denomination of $100 each, and numbered from 221 to 320 both inclusive.\u201d\n\u201c4. That said last-mentioned bonds, so numbered from 221 to 320, both inclusive, were not issued and delivered so as to constitute a part of the indebtedness of Hot Spring county on April 5, 1873.\n\u201c5. That the validity of all of said bonds was disputed by Hot Spring county; and after litigation between said county and the holders of a part thereof as to the liability of said county on said bonds, the same, by the judgment of the United States circuit court for the Eastern district of Arkansas, were declared to be a valid liability of the county at the date of its said several judgments, these said judgments being entered subsequent to January 1, 1876. Judgment against said county on the account of the principal and interest of said bonds numbered from 1 to 220 for the aggregate sum of $45,191.37, and the county from time to time raised taxes under mandamus proceedings in the court in which said judgments were rendered, and paid on account of said judgments, and the interest thereon, the aggregate sum of $45,191.37, and, in addition thereto, paid the sum of $450 as costs that accrued in defense of said actions; and in the recovery of said judgments on the debt mentioned as bonds from 1 to 220 the county also paid in said actions on said bonds and the coupons thereof, as costs in the mandamus proceedings taken by the plaintiffs in said judgments to compel the levy and collection of taxes with which to satisfy said judgments and the interest thereon, the sum of $450; and also to the county collector for collecting the taxes to pay said judgments the sum of $1,335.75 as commissions allowed to him under the law; and to the county treasurer for receiving and disbursing said taxes to the custodian entitled to receive same $903.82, and to the clerk of the United States circuit court as poundage for receiving said fund to the several plaintiffs entitled thereto the sum of $451.90.\n\u201c6. That judgments were also recovered in said court against Hot Spring county upon the $10,000 in bonds numbered from 221 to 320 for the aggregate sum, on account of principal and interest thereof, of $20,148.63. That the costs of recovering said judgments were $450, the costs of mandamus proceedings therein were $450, the collector\u2019s commission $604.44; the county treasurer\u2019s commission $402.96; the poundage of the clerk of the United States court $201,48. That all of the judgments rendered against Hot Spring county on account of said bonds and interest on said judgments and all costs have been fully paid off by said county.\n\u201c7. That on the 5th day of April, 1873, Hot Spring county was also indebted on account of obligations known as jail bonds to the extent of principal and interest of $1,400, which has been fully paid off.\n\u201c8. That on said 5th day of April, 1873, there was in that part of the territory not taken to form Garland county a jail building of the value of $3,600. That there were no other buildings or property belonging to said county which remained in said county after said date, of value to said Hot Spring eounty.\u201d\n\u201c9, Of the ordinary county warrants outstanding on the 5th day of April, 1873, there was recovered against Hot Spring county, on account thereof, judgments for $827.26, for principal, and $243.42 for interest thereof, on account o\u00ed which said judgments and the interest thereon and cost of recovery said county paid the aggregate sum of $1,115.68.\n\u201cThe court thereupon declares that Hot Spring county is entitled to recover from Garland county 38.5 per cent of the aggregate sum of outstanding warrants, diminished by the sum included as principal in judgments on said warrants; the amount paid on account of said warrants, and the interest thereon so included in judgments, together with interest on said judgments, and the costs of recovery; the sum of all payments made on account of judgments for principal and interest of bonds from 1 to 220 both inclusive, and interest on the said judgments and cost of recovery. No interest being allowed to Hot Spring county on any payment made by her subsequently to the date of making such payment on account o\u00ed said judgment, nor will costs that accrued in any mandamus proceeding taken by any of the. plaintiffs in any of said judgments to secure the levy and collection of a tax with which to pay off said judgment be allowed to form a part of the claim upon which the liability of Garland county shall be computed, nor collector\u2019s commissions for collecting such taxes, nor treasurer\u2019s commissions for receiving and paying of same, nor poundage to the clerk of the United States circuit court for receiving and disbursing sums paid him in satisfaction of said judgments. The aggregate indebtedness thus shown shall be diminished as of the 5th day of April, 1873, by the value of the jail building in Hot Spring county $3,600. No liability rests upon Garland county for any part of the principal or interest of the bonds numbered from'221 to 320 both inclusive.\n\u201cIt is therefore by the court considered, ordered and adjudged that Hot Spring county do have and recover of and from Garland county the sum of $18,880.41 and all her costs in this behalf' expended. And the clerk of this court will certify a copy of-this judgment to the county court of Garland county, and the said court is hereby ordered to enter the same upon its-records; as: the judgment of that court in this cause, and that said co'urt caus\u00e9 to be issued in satisfaction thereof warrants on the treasurer in accordance with..the act of March 1, 1897.\u201d\n\u25a0 :Each side excepted to the findings of fact and declarations of law, and appealed.\nWood <& Henderson and Greaves & Martin, for appellant.\nIt was error for the court to refuse to consider the tax hooks, in evidence. Garland county was not responsible for interest and costs accruing on the Hot Spring county debt, after its formation. The legislature not having imposed any such responsibility, .the presumption is that it believed nothing was due. 92 U. S. 307. The board of supervisors had power , to compromise and settle the suit with the contractor for the court house. Gantt\u2019s Dig. \u00a7 595-and notes. .And the county is bound by its action. Herm. Est. \u00a7 435. Appellant county.is liable for only such equitable proportion of the debt as can..be established by evidence, taking into consideration the value of county property retained by the old county.- 52 Ark. 430. Interest must be authorized by statute, \u2019ll Am. & Eiig. Enc. Law, 379 \u2014 80. Interest is not allowable on claims against counties. 51 Miss. 807; 64 Miss. 534; 13 Ore. 287; 55 Tex. 314.\nJas. P. Clarice, for appellee.\nThe appellant fails to properly present to this court any of the matters alleged as errors in the findings of law and facts. 65 Ark. 285; 60, Ark. 250. Appellee is not estopped to insist upon appellant\u2019s liability to her for her ratable share of. the court house debt, by the so-called decree. The decree, if binding on one, binds both, and fixes on appellant the liability of which it sought exoneration. 62 Miss. 325; 120 U. S. 517. The court erred in finding that the bonds numbered 221 to 320 were not issued and delivered so as to constitute a part of the indebtedness of Hot Spring county on April 5, 1873. 62 Miss. 337. Appellant can not escape liability on the second $10,000 of bonds merely because the date upon which they got out is uncertain. The burden will be divided. 48 Ark. 453. Appellant is seeking equity, and must do equity. Bishp. Eq. \u00a7 43; 17 Md. 212. The court erred in declaring that appellee was not entitled, as against appellant, to interest upon payments made to satisfy debts existing on April 5, 1873, down to date of judgment adjusting the indebtedness. 51 Ark. 350; 163 U. S. 440; 136 U. S. 211; 5 L. C. P. Ed. U. S. Rep. 693n.; 21 Ark. 329; 73 Wis. 211. Even afterthe separation of the counties all were to be treated as citizens of the old county for the purpose of adjustment of its debts. 107 N. .C. 300. Each county must share the payments and all interest and costs. 2 Rich. Eq. 15; 4 J, J. MarSh. 463; 17 Me. 64; 14 Ired. Eq. 209; 45 Fed. 445; 5 Rawle, 1068; 7 Mass. 169; 3 Strobh. 184; 23 Vt. 581; 18 ib. 150; 50 Ark. 416; 12 Ark. 125; 57 Ark. 125."
  },
  "file_name": "0083-01",
  "first_page_order": 101,
  "last_page_order": 111
}
