{
  "id": 1334138,
  "name": "State v. Williams",
  "name_abbreviation": "State v. Williams",
  "decision_date": "1900-06-09",
  "docket_number": "",
  "first_page": "241",
  "last_page": "244",
  "citations": [
    {
      "type": "official",
      "cite": "68 Ark. 241"
    }
  ],
  "court": {
    "name_abbreviation": "Ark.",
    "id": 8808,
    "name": "Arkansas Supreme Court"
  },
  "jurisdiction": {
    "id": 34,
    "name_long": "Arkansas",
    "name": "Ark."
  },
  "cites_to": [
    {
      "cite": "53 Am. Dec. 137",
      "category": "reporters:federal",
      "reporter": "Am. Dec.",
      "opinion_index": -1
    },
    {
      "cite": "143 Mass. 568",
      "category": "reporters:state",
      "reporter": "Mass.",
      "case_ids": [
        772408
      ],
      "opinion_index": 0,
      "case_paths": [
        "/mass/143/0568-01"
      ]
    }
  ],
  "analysis": {
    "cardinality": 385,
    "char_count": 6187,
    "ocr_confidence": 0.504,
    "pagerank": {
      "raw": 1.5792246181710937e-07,
      "percentile": 0.6800753634671365
    },
    "sha256": "18bd7747a6ee1d5ac18364720d9062cc10ea3575fa3e7a2d6d707f2b041611d1",
    "simhash": "1:1f51f302875ad6ea",
    "word_count": 1117
  },
  "last_updated": "2024-02-27T20:30:04.197902+00:00",
  "provenance": {
    "date_added": "2019-08-29",
    "source": "Harvard",
    "batch": "2018"
  },
  "casebody": {
    "judges": [
      "Battle, J., absent."
    ],
    "parties": [
      "State v. Williams."
    ],
    "opinions": [
      {
        "text": "Bunn, C. J.\nThe material part of the indictment charges that \u201cthe said Josephus Williams, being a man, and May Hite, being a woman, in the county and state aforesaid, on the 1st day of November, 1898, did unlawfully cohabit together as husband and wife, without being married.\u201d Upon a plea of \u201cnot guilty,\u201d a jury was impaneled to try the issues, and the state offered the following testimony: Monroe Claxton testified that he was acquainted with defendant Williams; that he did not know a woman by the name of May Hite, but he knew May Hyde; that defendant and the woman Hyde lived together in the same house in the bottom during part of the year 1868. On being questioned by the court, witness said the woman\u2019s name was spelled \u201cHyde.\u201d The court then ruled, over the objections of the state, that the two names Hyde and Hite are not idem sonms, and refused further testimony on the part of the state, unless it could show that May Hite was in fact the same as May Hyde, the state having offered to prove by two other witnesses the acts of cohabitation, and by one other (the clerk of the county and probate court)that, so far as his records showed, the defendant had never been married to May Hyde or May Hite, all of which testimony the court refused to admit, because witnesses did not identify the woman as May Hite as named in the indictment, but referred to May Hyde only. The defendant objected to all testimony referring to May Hyde, and not to May Hite, for the same reason, and his objections were sustained by the court.\nThe foregoing being all the testimony in the case, the court gave the following charge to the jury: \u201cGentlemen of the jury: It is conceded by the state that, under the rulings of the court, the state has failed to make out a case, and your verdict will be \u2018Not guilty.\u2019 The thing falls simply from the ruling of the court that the name of the woman is wrong. The proof shows that the name of the woman is May Hyde, while the indictment charged May Hite, and for that reason defendant is not convicted.\u201d All proper exceptions were saved. The jury returned a verdict of not guilty, in obedience to the direction of the court, Motion for new trial was filed and overruled, and state took her bill of .exceptions and appealed.\nThe court directed the verdict because of a variance between the proof and allegation in the indictment as to the name of the woman jointly indicted with the defendant, who, however, was not arrested. It is well to state, also, that the doctrine of idem sonans may not necessarily have the same effect in the case against the woman as in this case, as the name of the woman in this case against Williams is merely descriptive of the offense, while in a case against her it would but denominate the pai\u2019ty defendant. The state sought to have the court declare that the two names are idem sonans, and therefore the same in law. This declaration the court declined to make, but, on the contrary, declared that the two names are not idem so-nans. The rule in questions like this is thus stated in the American Encyclopedia of Law, vol. 4, pp. 769 and 770: \u201cWhere two names, though spelled differently, necessarily sound alike, the court may, as matter of law, pronounce them to be idem sonans; but, if they do not necessarily sound alike, the question is for the jury. A literal variance in the spelling of the word is not alone fatal, when the omission or addition does not make it a different word; and this diversity in the spelling of a name is not material where it is idem sonans.\u201d This is the rule laid down also in Commonwealth v. Warren, 143 Mass. 568.\nThe letter \u201cd\u201d and the letter \u201ct\u201d are both dentals, but have not necessarily the same sound, by any means. The \u201cd\u201d has a broader and (we may say) a more lengthened sound, ordinarily, than \u201ct,\u201d which has a sharp, shorter sound, and yet the difference grows less, according to their places in a word or name. Thus Wadkins and Watkins have been held to be idem sonans, because in casual pronunciation there is scarcely any difference in the sounds. But this similarity of sound does appear in the words \u201cride\u201d and \u201crite,\u201d because there is a prominence given to the two letters which brings out their nominal difference in sound. So it is in the names involved in this case. There is not the same sound necessarily in Hyde and Hite, as there is in \u201cHyde\u201d and \u201cHide\u201d, where the play is upon \u2018y\u2019 and \u2018i,\u2019 two letters which have identically the same sound where used in such a connection.\nThere ai\u2019e many cases where it is held that, notwithstanding the doctrine of idem sonans does not strictly apply, yet the doctrine of interchangeability of names applies, as was applied in Commonwealth v. Warren, 143 Mass, supra, where the controversy arose as to the two names of \u201cOelestia\u201d and \u201cCeleste,\u201d\u2014 the name of one of the witnesses in the case, \u2014 as the first wife of defendant, in a trial for polygamy. That rule is not sought to be applied in this case, however, and is only applied in cases to be submitted to the jury to determine the fact of whether or not the person is known by one name as well as the other.\nOur conclusion is that Hyde and Hite are not idem sonans, and that the trial court did not err in that regard. The judgment is therefore affirmed.\nBattle, J., absent.",
        "type": "majority",
        "author": "Bunn, C. J."
      }
    ],
    "attorneys": [
      "Jeff Davis, Attorney General, Chas. Jacobson and 8. D. Campbell, Prosecuting Attorney Third Circuit, for appellant."
    ],
    "corrections": "",
    "head_matter": "State v. Williams.\nOpinion delivered June 9, 1900.\n1, Criminal Law \u2014 Variance Between Indictment and Proof. \u2014 Under an indictment for unlawful cohabitation with a woman named \u201cMay Hite,\u201d proof that defendant cohabited with a woman named \u201cMay Hyde\u201d is a fatal variance. (Page 242.)\n2. Name \u2014 Idem Sonans. \u2014 The names \u201cHite\u201d and \u201cHyde\u201d are not idem sonans. (Page 243.)\nAppeal from Independence Circuit Court.\nJas. W. Butler, Special Judge.\nJeff Davis, Attorney General, Chas. Jacobson and 8. D. Campbell, Prosecuting Attorney Third Circuit, for appellant.\nThe defect in the instrument was immaterial, since the offense was a joint one. Rap. Cr. Proc. \u00a7 83; Clark, Cr. Proc. 341. \u201cHyde\u201d and \u201cHite\u201d are idems sonans. Rap. Cr. Proc. \u00a7 83; Clark, Cr. Proc. 341; Whart. Cr. PI. & Pr. \u00a7 119. De minimis lex non curat. 53 Am. Dec. 137. Whether the names were idem sonans was for the jury. Authorities supra."
  },
  "file_name": "0241-01",
  "first_page_order": 259,
  "last_page_order": 262
}
