{
  "id": 1333941,
  "name": "Little Rock Traction & Electric Company v. Dunlap",
  "name_abbreviation": "Little Rock Traction & Electric Co. v. Dunlap",
  "decision_date": "1900-06-16",
  "docket_number": "",
  "first_page": "291",
  "last_page": "293",
  "citations": [
    {
      "type": "official",
      "cite": "68 Ark. 291"
    }
  ],
  "court": {
    "name_abbreviation": "Ark.",
    "id": 8808,
    "name": "Arkansas Supreme Court"
  },
  "jurisdiction": {
    "id": 34,
    "name_long": "Arkansas",
    "name": "Ark."
  },
  "cites_to": [
    {
      "cite": "57 Ark. 569",
      "category": "reporters:state",
      "reporter": "Ark.",
      "case_ids": [
        1324608
      ],
      "opinion_index": -1,
      "case_paths": [
        "/ark/57/0569-01"
      ]
    },
    {
      "cite": "60 Ark. 545",
      "category": "reporters:state",
      "reporter": "Ark.",
      "case_ids": [
        1903699
      ],
      "opinion_index": -1,
      "case_paths": [
        "/ark/60/0545-01"
      ]
    },
    {
      "cite": "57 Ark. 577",
      "category": "reporters:state",
      "reporter": "Ark.",
      "opinion_index": -1
    },
    {
      "cite": "40 Ark. 168",
      "category": "reporters:state",
      "reporter": "Ark.",
      "case_ids": [
        1897140
      ],
      "opinion_index": -1,
      "case_paths": [
        "/ark/40/0168-01"
      ]
    },
    {
      "cite": "98 Fed. 694",
      "category": "reporters:federal",
      "reporter": "F.",
      "case_ids": [
        6726333
      ],
      "opinion_index": -1,
      "case_paths": [
        "/f/98/0694-01"
      ]
    },
    {
      "cite": "4 Oh. St. 95",
      "category": "reporters:state",
      "reporter": "Ohio St.",
      "opinion_index": -1
    },
    {
      "cite": "87 Mo. 673",
      "category": "reporters:state",
      "reporter": "Mo.",
      "case_ids": [
        436407
      ],
      "opinion_index": -1,
      "case_paths": [
        "/mo/87/0673-01"
      ]
    },
    {
      "cite": "54 Conn. 574",
      "category": "reporters:state",
      "reporter": "Conn.",
      "case_ids": [
        516418
      ],
      "opinion_index": -1,
      "case_paths": [
        "/conn/54/0574-01"
      ]
    },
    {
      "cite": "57 Ark. 21",
      "category": "reporters:state",
      "reporter": "Ark.",
      "opinion_index": -1
    },
    {
      "cite": "55 Mo. 580",
      "category": "reporters:state",
      "reporter": "Mo.",
      "case_ids": [
        936934
      ],
      "opinion_index": -1,
      "case_paths": [
        "/mo/55/0580-01"
      ]
    },
    {
      "cite": "46 Ark. 207",
      "category": "reporters:state",
      "reporter": "Ark.",
      "case_ids": [
        1890463
      ],
      "weight": 3,
      "opinion_index": -1,
      "case_paths": [
        "/ark/46/0207-01"
      ]
    },
    {
      "cite": "6 Pa. St. 472",
      "category": "reporters:state",
      "reporter": "Pa.",
      "case_ids": [
        954615
      ],
      "opinion_index": -1,
      "case_paths": [
        "/pa/6/0472-01"
      ]
    },
    {
      "cite": "66 Mo. 325",
      "category": "reporters:state",
      "reporter": "Mo.",
      "case_ids": [
        962351
      ],
      "opinion_index": -1,
      "case_paths": [
        "/mo/66/0325-01"
      ]
    },
    {
      "cite": "37 Ark. 562",
      "category": "reporters:state",
      "reporter": "Ark.",
      "case_ids": [
        1871013
      ],
      "opinion_index": -1,
      "case_paths": [
        "/ark/37/0562-01"
      ]
    },
    {
      "cite": "48 Ark. 369",
      "category": "reporters:state",
      "reporter": "Ark.",
      "opinion_index": -1
    }
  ],
  "analysis": {
    "cardinality": 404,
    "char_count": 6302,
    "ocr_confidence": 0.499,
    "pagerank": {
      "raw": 6.184092211503607e-08,
      "percentile": 0.3836320187007042
    },
    "sha256": "0fa3524bbfa00748fae64a9e008e34941b676fa8cf217e16814933472b1f1cd1",
    "simhash": "1:cf1cc07d11b4f5e4",
    "word_count": 1125
  },
  "last_updated": "2024-02-27T20:30:04.197902+00:00",
  "provenance": {
    "date_added": "2019-08-29",
    "source": "Harvard",
    "batch": "2018"
  },
  "casebody": {
    "judges": [],
    "parties": [
      "Little Rock Traction & Electric Company v. Dunlap."
    ],
    "opinions": [
      {
        "text": "Riddick, J.,\n(after stating the facts.) The plaintiff contends that the company was guilty of negligence in failing to put railings along the side of the bridge constructed by it across the cut in the street, and that this negligence occasioned the injury. While the company was not required by any order of the city or its engin\u00e9er to put railings along the sides of the bridge, still there is nothing in the evidence to show that it was forbidden to do so, and the question presented is whether the jury were justified in finding that the company was guilty of negligence in failing to put up railings.\nIf one should, with the permission of the city, for his own advantage cut a ditch across a public street, and leave it unguarded and in a condition liable to injure those passing along the street, he would be guilty of negligence, and liable for injury occasioned thereby. It is also clear that if the city should dig the ditch, aud if one should alter or enlarge the ditch so as to make it still more dangerous, he might become liable for injury caused by such change in the character of the opening. 1 Shearman & Redfield on Neg. (5th Ed.) \u00a7 359, and eases cited.\nThe deep cut across the street, into which plaintiff\u2019s horse fell from the bridge constructed by defendant, was, if left unguarded, more or less likeh to cause injury; and, although the company did not make the ditch, and, is- not responsible for it, still it was bound to exercise due care not to increase the danger. If the bridge had not been erected, the city could have closed the ends of the street abutting on the cut, so as to prevent persons or animals from falling into it, but after the erection of the bridge the ends of the street could not be entirely closed, as a passage was necessary for the- cars of defendant. In other words, the bridge constructed by the company for its own convenience made it impossible to guard the cut, except by flooring the bridge and then placing railings along its sides. The bridge was in a suburb of the city, where the owners of stock were permitted to let them run at large upon the streets. In passing this street, stock would be apt at times to attempt to pass over this narrow bridge, and, if frightened while upon it, were in danger of falling from its unguarded sides into the cut below, as plaintiff\u2019s horse fell. This, bridge, in effect, extended the sides of the cut from which the animals could fall, aud, on account of its narrowness and unguarded sides, was more or less dangerous. Under these circumstances, we think it was a question for the jury to say whether this narrow unguarded bridge connecting the ends of the-street severed by the cut did not add to the danger of the cut, and whether the company was not guilty of negligence in leaving it with unguarded sides. Though the case is not free from doubt, we are of the opinion that the questions of negligence and contributory negligence were properly submitted to the jury.\nJudgment affirmed.",
        "type": "majority",
        "author": "Riddick, J.,"
      }
    ],
    "attorneys": [
      "Bose, Hemingway & Bose, for appellant.",
      "Built, Built & Built, for appellee."
    ],
    "corrections": "",
    "head_matter": "Little Rock Traction & Electric Company v. Dunlap.\nOpinion delivered June 16, 1900.\nNegligence \u2014 Unguarded Bridge. \u2014 A street-ear eompany built a narrow bridge over a cut in a street for its own convenience, by permission of the city, but according to plans furnished by the city engineer. The city did not require it to place railings along the sides of the bridge. The situation was such that it was impossible to guard the cut unless bridge' was railed. Plaintiff's horse, being frightened while on the bridge, fell from an unguarded side and was killed. Held, that whether the eompany was guilty of negligence in leaving the bridge with unguarded sides was a question for the jury. (Page 292.1\nAppeal from Pulaski Circuit Court, Second Division.\nJos. W. Martin, Judge.\nSTATEMENT BY THE COURT.\nThe Little Rock Traction & Electric Company operates a street railway in the city of Little Rock. A line of this railway passes along Eleventh street where that street crosses West Spring street. At that point there is a cut along West Spring street some ten or fifteen feet below the grade of Eleventh street, and the railway is carried on a bridge or trestle above West Spring street. The trestle is planked making a passageway Jior pedestrians along the center of Eleventh street, but is not used for passage of vehicles. This bridge was constructed by the street-car company for its own convenience, but in accordance with plans furnished by the -city engineer. The plaintiff, Geo. W. Dunlap, who lived two or three blocks away from this bridge, was the owner of a horse \u201cblind in one eye and moon-eyed in the other.\u201d The horse was not blind, but his vision was so defective that he could not see the ground at his feet, but could see objects some feet away with one eye. The bridge was beyond the stock limits of the city, and on the day of the accident Dunlap turned his 'horse out to gi\u2019aze. The horse, passing along the street, walked partly across the bridge, became frightened, and then attempted to turn, but in doing so he fell from the bridge, and was killed. Thereupon Dunlap brought this action against the company to recover damages. On the trial there was a verdict in favor of plaintiff for $25, and judgment accordingly, from which the company appealed.\nBose, Hemingway & Bose, for appellant.\nAt common law, the owner of cattle or horses could take them on the highway for no other purpose than mere passage. Elliott, Hoads & Streets, \u00a7 316. In this state the owner of cattle is not liable in trespass when they stray on the highway or another\u2019s enclosed land. 48 Ark. 369; 37 Ark. 562. But the landowner is under no obligation to expend money or labor in preparing the land for a convenient or safe enjoyment of it. 47 111. 333; 66 Mo. 325; 74 111. 435; 6 Pa. St. 472; 46 Ark. 207; 55 Mo. 580; 71 N. Oar. 222; 57 Ark. 21. For whatever defect there was in the plans of construction, the city is responsible. 54 Conn. 574; 87 Mo. 673; 4 Oh. St. 95; 98 Fed. 694.\nBuilt, Built & Built, for appellee.\nThe verdict is supported by evidence, and will not be reversed. 40 Ark. 168; 57 Ark. 577. Appellant was chargeable with knowledge that the bridge was dangerous, and was guilty of negligence. 60 Ark. 545; 46 Ark. 207. Appellee was not negligent. 46 Ark. 207; 57 Ark. 569; Thompson, Neg. 497-8; 46 111. 495."
  },
  "file_name": "0291-01",
  "first_page_order": 309,
  "last_page_order": 311
}
