{
  "id": 1333929,
  "name": "Roetzel v. State",
  "name_abbreviation": "Roetzel v. State",
  "decision_date": "1900-12-15",
  "docket_number": "",
  "first_page": "487",
  "last_page": "490",
  "citations": [
    {
      "type": "official",
      "cite": "68 Ark. 487"
    }
  ],
  "court": {
    "name_abbreviation": "Ark.",
    "id": 8808,
    "name": "Arkansas Supreme Court"
  },
  "jurisdiction": {
    "id": 34,
    "name_long": "Arkansas",
    "name": "Ark."
  },
  "cites_to": [],
  "analysis": {
    "cardinality": 263,
    "char_count": 5310,
    "ocr_confidence": 0.478,
    "pagerank": {
      "raw": 2.2074029545369884e-07,
      "percentile": 0.7758537273794727
    },
    "sha256": "ef954d7ddf95d95e66a8ba55efc1b229005e80967b676db9d5b325545c8348d0",
    "simhash": "1:2e3c2c17ea067090",
    "word_count": 995
  },
  "last_updated": "2023-07-14T16:45:47.755579+00:00",
  "provenance": {
    "date_added": "2019-08-29",
    "source": "Harvard",
    "batch": "2018"
  },
  "casebody": {
    "judges": [
      "Battle and Hughes, JJ., not participating."
    ],
    "parties": [
      "Roetzel v. State."
    ],
    "opinions": [
      {
        "text": "Wood, J.\nThe indictment charges that Frank Roetzel \u201con the 22d day of December, 1899, in the county of White aforesaid, then and there unlawfully did catch fish with a net in the waters of this state, to-wit: Horseshoe lake, said fish not then and there being caught for family use, nor for a picnic.\u201d\nThere was proof from which the jury might have found that defendant assisted in seining Horseshoe lake with a seine over 60 feet in length, and the meshes of which were less than 4 inches apart; that fish were taken from said lake; and that defendant took two of them home with him. There was evidence also to the effect that the meshes of the seine were 4 inches or over.\nThe court read to the jury the act of June 26, 1897, and gave the following instructions:\n\u201c1. The material allegations in the indictment are that the defendant, Frank Roetzel, in the county of White, on or about the time alleged in the indictment, or within one year next before the filing of the indictment, which was filed in this court on the 23d day of January, 1900, unlawfully caught fish, or aided and abetted or assented to the unlawful catching of fish, in Horseshoe lake.\n\u201c2. The first thing for the jury to determine is, did the defendant take fish from Horseshoe lake unlawfully, or aid or assist in doing so? The next question, did the defendant use a seine 60 feet in length? If you so find beyond a reasonable doubt, then the defendant would be guilty.\n\u201c3. Meshes 4 inches square applies to a lawful seine, and 60 feet is a lawful seine. Over that length is unlawful.\n\u201c4. The jury are instructed that one may use a seine not to exceed 60 feet in leugth, with meshes not less than 4 inches square, to catch fish for family use, or for picnics, or for stocking other waters or ponds.\n\u201c5. The jury are instructed that the use of a seine of more than 60 feet for taking or catching fish is unlawful without regard to the size of the meshes. To the giving of each of which instructions, the defendant excepted separately.\u201d\nThe defendant asked, but the court refused, to instruct the jury, as follows:\n\u201c1. Before the defendant, Frank Roetzel, can be convicted of the offense charged in this indictment, it must appear to the jury from the testimony, beyond a reasonable doubt, that the defendant caught fish with a net in Horseshoe lake, in White county, Arkansas, not for family use or picnic, and that the net used by him was so made that the meshes of the net were less than 4 inches square, or that he was aiding or abetting in such fishing.\u201d\n\u201c2. The court instructs the jury that it is not unlawful to catch fish in the waters of this state by use of a seine with meshes not less than 4 inches square.\u201d\nThe first section of the act of 1897 is as follows: \u201cNo person shall be allowed to place, erect, or cause to be placed or erected, or maintained in any of the waters of this state, * * * any seine, net, etc., or by any such means to take or catch any fish in the waters of this .state. * * * Provided, further, it may be lawful to use a very small seine not to exceed 15 feet, for catching very small fish, usually called minnows, which may be thus caught to be used for bait or for stocking other waters with fish, but for no other purposes. * * * Provided, further, it shall not be unlawful for any person or persons to use a seine with meshes not less than 4 inches square in width, and any person using a seine with meshes less than 4 inches in width shall be guilty of a misdemeanor, and upon conviction shall be fined in any sum not less than twenty-five dollars nor more than fifty dollars, etc.* * * Provided, further, it shall not be unlawful for any person or persons to use a seine or net not exceeding 60 feet in length in any unnavigable stream or lake in this state to catch fish for family use, or for picnics, and not for sale,\u201d etc.\nThe circuit court erred in its charge. It is not unlawful to use a seine of any length in any of the waters of this state to catch fish where the meshes of such seine are 4 or more inches square in width. One may use a seine not over 60 feet in length, regardless of the size of the meshes, in any unnavigable stream or lake to catch fish for family use, or for picnics, and not for sale. One may catch minnows to be used for bait or stocking other waters, but for no other purpose, with a seine not to exceed 15 feet in length.\nThe court should have granted appellant\u2019s prayer for instruction numbered two.\nReversed and remanded for a new trial.\nBattle and Hughes, JJ., not participating.",
        "type": "majority",
        "author": "Wood, J."
      }
    ],
    "attorneys": [
      "Grant Green, for appellant.",
      "Jeff Davis and GJias. Jacobson, for appellee."
    ],
    "corrections": "",
    "head_matter": "Roetzel v. State.\nOpinion delivered December 15, 1900.\nFish \u2014 Size op Seines. \u2014 Construing the aet of June 26, 1897, held:\n(1) It is not unlawful to use a seine of any length in any of the waters of this state to catch fish where the meshes of such seine are four or more inches square in width.\n(2) One may use a seine not over sixty feet in length, regardless of the size of the meshes, in any unnavigable stream or lake to eatch fish for family use or for picnics, and not for sale.\n(3) One may catch minnows to be used for bait or stocking other waters, but for no other purpose, with a seine not to exceed fifteen feet in length. (Page 489.)\nAppeal from White Circuit Court.\nHance N. Hutton, Judge.\nGrant Green, for appellant.\nJeff Davis and GJias. Jacobson, for appellee."
  },
  "file_name": "0487-01",
  "first_page_order": 505,
  "last_page_order": 508
}
