{
  "id": 1334150,
  "name": "North American Trust Company v. Burrow",
  "name_abbreviation": "North American Trust Co. v. Burrow",
  "decision_date": "1901-02-02",
  "docket_number": "",
  "first_page": "584",
  "last_page": "586",
  "citations": [
    {
      "type": "official",
      "cite": "68 Ark. 584"
    }
  ],
  "court": {
    "name_abbreviation": "Ark.",
    "id": 8808,
    "name": "Arkansas Supreme Court"
  },
  "jurisdiction": {
    "id": 34,
    "name_long": "Arkansas",
    "name": "Ark."
  },
  "cites_to": [
    {
      "cite": "18 Yt. 346",
      "category": "reporters:state",
      "reporter": "Vt.",
      "case_ids": [
        733828
      ],
      "opinion_index": -1,
      "case_paths": [
        "/vt/18/0346-01"
      ]
    },
    {
      "cite": "87 N. Y. 239",
      "category": "reporters:state",
      "reporter": "N.Y.",
      "opinion_index": -1
    },
    {
      "cite": "81 Va. 391",
      "category": "reporters:state",
      "reporter": "Va.",
      "opinion_index": -1
    },
    {
      "cite": "44 Vt. 601",
      "category": "reporters:state",
      "reporter": "Vt.",
      "case_ids": [
        11268593
      ],
      "opinion_index": -1,
      "case_paths": [
        "/vt/44/0601-01"
      ]
    },
    {
      "cite": "79 N. C. 497",
      "category": "reporters:state",
      "reporter": "N.C.",
      "case_ids": [
        8694505
      ],
      "opinion_index": -1,
      "case_paths": [
        "/nc/79/0497-01"
      ]
    },
    {
      "cite": "9 Conn. 216",
      "category": "reporters:state",
      "reporter": "Conn.",
      "opinion_index": -1
    },
    {
      "cite": "70 Me. 358",
      "category": "reporters:state",
      "reporter": "Me.",
      "case_ids": [
        649428
      ],
      "opinion_index": -1,
      "case_paths": [
        "/me/70/0358-01"
      ]
    },
    {
      "cite": "14 Pick. 525",
      "category": "reporters:state",
      "reporter": "Pick.",
      "case_ids": [
        2019008
      ],
      "opinion_index": -1,
      "case_paths": [
        "/mass/31/0525-01"
      ]
    },
    {
      "cite": "8 Pick. 460",
      "category": "reporters:state",
      "reporter": "Pick.",
      "case_ids": [
        2013248
      ],
      "opinion_index": -1,
      "case_paths": [
        "/mass/25/0474-01"
      ]
    },
    {
      "cite": "16 Mass. 280",
      "category": "reporters:state",
      "reporter": "Mass.",
      "case_ids": [
        2035309
      ],
      "opinion_index": -1,
      "case_paths": [
        "/mass/16/0233-01"
      ]
    },
    {
      "cite": "15 Mass. 268",
      "category": "reporters:state",
      "reporter": "Mass.",
      "case_ids": [
        2055328
      ],
      "opinion_index": -1,
      "case_paths": [
        "/mass/15/0247-01"
      ]
    },
    {
      "cite": "122 N. Y. 197",
      "category": "reporters:state",
      "reporter": "N.Y.",
      "case_ids": [
        2233719
      ],
      "opinion_index": -1,
      "case_paths": [
        "/ny/122/0197-01"
      ]
    },
    {
      "cite": "127 U. S. 494",
      "category": "reporters:federal",
      "reporter": "U.S.",
      "case_ids": [
        3532073
      ],
      "opinion_index": -1,
      "case_paths": [
        "/us/127/0494-01"
      ]
    },
    {
      "cite": "36 Ark. 29",
      "category": "reporters:state",
      "reporter": "Ark.",
      "opinion_index": -1
    },
    {
      "cite": "66 Ark. 572",
      "category": "reporters:state",
      "reporter": "Ark.",
      "case_ids": [
        1909779
      ],
      "pin_cites": [
        {
          "page": "573"
        }
      ],
      "opinion_index": -1,
      "case_paths": [
        "/ark/66/0572-01"
      ]
    },
    {
      "cite": "65 Ark. 125",
      "category": "reporters:state",
      "reporter": "Ark.",
      "opinion_index": -1
    },
    {
      "cite": "111 U. S. 242",
      "category": "reporters:federal",
      "reporter": "U.S.",
      "case_ids": [
        3506452
      ],
      "opinion_index": 0,
      "case_paths": [
        "/us/111/0242-01"
      ]
    },
    {
      "cite": "18 Yt. 346",
      "category": "reporters:state",
      "reporter": "Vt.",
      "case_ids": [
        733828
      ],
      "opinion_index": 0,
      "case_paths": [
        "/vt/18/0346-01"
      ]
    },
    {
      "cite": "127 U. S. 494",
      "category": "reporters:federal",
      "reporter": "U.S.",
      "case_ids": [
        3532073
      ],
      "opinion_index": 0,
      "case_paths": [
        "/us/127/0494-01"
      ]
    },
    {
      "cite": "36 Ark. 29",
      "category": "reporters:state",
      "reporter": "Ark.",
      "opinion_index": 0
    }
  ],
  "analysis": {
    "cardinality": 311,
    "char_count": 4251,
    "ocr_confidence": 0.483,
    "pagerank": {
      "raw": 2.5168084947440955e-07,
      "percentile": 0.8110949711739951
    },
    "sha256": "9de84177a31992fc0454af56332730191080fa3359d61c0a984374f274899308",
    "simhash": "1:9d050dff2a243ecb",
    "word_count": 764
  },
  "last_updated": "2024-02-27T20:30:04.197902+00:00",
  "provenance": {
    "date_added": "2019-08-29",
    "source": "Harvard",
    "batch": "2018"
  },
  "casebody": {
    "judges": [],
    "parties": [
      "North American Trust Company v. Burrow."
    ],
    "opinions": [
      {
        "text": "Wood, J.,\n(after stating the facts.) The rule is well settled \u201cthat a mortgagee is not entitled to demand of the owner of the equity of redemption the rents and profits of the mortgaged premises until he takes actual possession.\u201d Teal v. Walker, 111 U. S. 242; Greer v. Turner, 36 Ark. 29; Freedman\u2019s Saving & Trust Co. v. Shepherd, 127 U. S. 494; Mayo v. Fletcher, 14 Pick. Mass. 525. The purchaser at a sale under the mortgage, when a stranger to the mortgage, could certainly have no greater rights than the mortgagee when' he purchased. The mortgagee, after forfeiture and sale, having purchased, is certainly entitled to possession, and to the rents and profits, after notice to quit and a demand for rents and profits has been made. But even the mortgagee himself is not entitled to any more than this. Much less would a purchaser, not the mortgagee, during the period for redemption be entitled to rents and profits without demand, notice or suit for possession.\nThe question of the right to possession is not involved. Appellee concedes that to appellant. The .status of the owner of the equity of redemption in possession and during the period allowed for redemption is-that of a tenant by sufferance, who is not required to pay rent. Wood\u2019s Landlord and Tenant, \u00a7\u00a7 6, 11; 12 Am. & Eng. Enc. Law (1st Ed.), 668, 669; 1 Taylor, Landlord and Tenant, \u00a7 64; Stedman v. Gassett, 18 Vt. 346.\nAffirm.",
        "type": "majority",
        "author": "Wood, J.,"
      }
    ],
    "attorneys": [
      "Bulloch & Laivrence, for appellant.",
      "J. F. Sellers, for appellee."
    ],
    "corrections": "",
    "head_matter": "North American Trust Company v. Burrow.\nOpinion delivered February 2, 1901.\nMortgage Foreclosure Sale \u2014 Rights oe Purchaser. \u2014 One who purchased at a sale under a mortgage is not entitled to recover from the mortgagor in possession the rents and profits accrued during the year allowed for redemption where he gave the mortgagor no notice to quit, and made no demand for rents and profits. (Page 586.)\nAppeal from Pope Circuit Court.\nCharles C. Reid, Special Judge.\nAppellee was the owner and in possession of certain tracts of land; and, to secure a sum of money owed by him to the Jarvis-Conklin Mortgage Trust Company, conveyed said land to a trustee. After the mortgage debt fell due and on the 6th day of November, 1897, the laud ivas sold by a substitute trustee, and bought by appellant for the full amount of the debt, interest and costs. Appellee, having had possession all the time, remained in possession until the 27 th day of September, 1898, when this suit was begun against him for the land and $500, alleged to be the rental value of the land from the time \u2022of the sale until the suit was begun. The purchaser-appellaut was a stranger to the mortgage. There is no allegation that it was the assignee of, or otherwise interested in, the debt or mortgage. No allegation is made that any demand was made, either for possession or rents. There is no allegation that appellee even had notice that\u2022 appellant had acquired any interest in the debt, mortgage or land until the suit was begun.\nThe suit being the first intimation appellee had of appellant\u2019s claim to the land, he at once surrendered the possession \u25a0of the land, and at the trial voluntarily submitted to a judgment for costs, and demurred to so much of the complaint as sought to recover rents.\nThe court sustained the demurrer to the claim for rents, and adjudged appellant the land and costs, and it appealed..\nBulloch & Laivrence, for appellant.\nAppellant was entitled to the rents during the year \u25a0allowed for redemption. Gf. 65 Ark. 125; 66 Ark. 572, 573.\nJ. F. Sellers, for appellee.\nThe owner of an equity or redemption, while in unmolested possession of the land, is not accountable for rents. 36 Ark. 29; 127 U. S. 494; 15 Am. & Eng. Enc. Law, 819; 2 Washb. Real Prop. 532; 122 N. Y. 197; 15 Mass. 268; 16 Mass. 280; 8 Pick. 460; 14 Pick. 525; 4 McKay, 179; 111 TJ. S. 242; 70 Me. 358; 9 Conn. 216; 79 N. C. 497; 44 Vt. 601; 5.) Mo. App. 665; 81 Va. 391; 87 N. Y. 239; 4 Kent's Comm. IN; 1 Plug. Mortg. \u00a7 830, et seq. He is a tenant at sufferance. 12 Am. & Eng. Enc. Law, 668; 2 Mete. 26; 18 Yt. 346; 1 Wood, Landlord & Tenant, 21. A tenant at sufferance is not liable for rent. 1 Taylor, Landlord & Tenant, \u00a7 64; 12 Am. & Eng. Enc. Law, 669; 4 Kent\u2019s Comm. 117; 1 Wood, Landlord & Tenant, \u00a7 11. The complaint should show capacity to sue. Bliss, Code Pldg., \u00a7 246."
  },
  "file_name": "0584-01",
  "first_page_order": 602,
  "last_page_order": 604
}
