{
  "id": 8719941,
  "name": "Old City Iron Works v. Belmont",
  "name_abbreviation": "Old City Iron Works v. Belmont",
  "decision_date": "1928-05-07",
  "docket_number": "",
  "first_page": "223",
  "last_page": "227",
  "citations": [
    {
      "type": "official",
      "cite": "177 Ark. 223"
    }
  ],
  "court": {
    "name_abbreviation": "Ark.",
    "id": 8808,
    "name": "Arkansas Supreme Court"
  },
  "jurisdiction": {
    "id": 34,
    "name_long": "Arkansas",
    "name": "Ark."
  },
  "cites_to": [
    {
      "cite": "29 A. L. R. 1231",
      "category": "reporters:specialty",
      "reporter": "A.L.R.",
      "opinion_index": 0
    },
    {
      "cite": "110 S. W. 630",
      "category": "reporters:state_regional",
      "reporter": "S.W.",
      "opinion_index": 0
    },
    {
      "cite": "131 Mo. App. 540",
      "category": "reporters:state",
      "reporter": "Mo. App.",
      "case_ids": [
        1546784
      ],
      "opinion_index": 0,
      "case_paths": [
        "/mo-app/131/0540-01"
      ]
    },
    {
      "cite": "88 S. W. 929",
      "category": "reporters:state_regional",
      "reporter": "S.W.",
      "opinion_index": 0
    },
    {
      "cite": "76 Ark. 177",
      "category": "reporters:state",
      "reporter": "Ark.",
      "case_ids": [
        1501096
      ],
      "opinion_index": 0,
      "case_paths": [
        "/ark/76/0177-01"
      ]
    },
    {
      "cite": "115 S. W. 949",
      "category": "reporters:state_regional",
      "reporter": "S.W.",
      "opinion_index": 0
    },
    {
      "cite": "89 Ark. 108",
      "category": "reporters:state",
      "reporter": "Ark.",
      "case_ids": [
        1515212
      ],
      "opinion_index": 0,
      "case_paths": [
        "/ark/89/0108-01"
      ]
    },
    {
      "cite": "149 S. W. 518",
      "category": "reporters:state_regional",
      "reporter": "S.W.",
      "opinion_index": 0
    },
    {
      "cite": "104 Ark. 573",
      "category": "reporters:state",
      "reporter": "Ark.",
      "case_ids": [
        1350624
      ],
      "opinion_index": 0,
      "case_paths": [
        "/ark/104/0573-01"
      ]
    },
    {
      "cite": "194 S. W. 251",
      "category": "reporters:state_regional",
      "reporter": "S.W.",
      "opinion_index": 0
    },
    {
      "cite": "128 Ark. 425",
      "category": "reporters:state",
      "reporter": "Ark.",
      "case_ids": [
        1581890
      ],
      "opinion_index": 0,
      "case_paths": [
        "/ark/128/0425-01"
      ]
    },
    {
      "cite": "291 S. W. 77",
      "category": "reporters:state_regional",
      "reporter": "S.W.",
      "opinion_index": 0
    },
    {
      "cite": "172 Ark. 851",
      "category": "reporters:state",
      "reporter": "Ark.",
      "case_ids": [
        1407888
      ],
      "opinion_index": 0,
      "case_paths": [
        "/ark/172/0851-01"
      ]
    }
  ],
  "analysis": {
    "cardinality": 242,
    "char_count": 3008,
    "ocr_confidence": 0.509,
    "pagerank": {
      "raw": 1.2240919645422112e-07,
      "percentile": 0.6005103000213526
    },
    "sha256": "5c390cd48ee8fa4fd5a8914c1c4d87a4ac760970019427d14c830ebd8d024215",
    "simhash": "1:eaf8ece1fa380dec",
    "word_count": 513
  },
  "last_updated": "2024-02-27T22:14:07.667199+00:00",
  "provenance": {
    "date_added": "2019-08-29",
    "source": "Harvard",
    "batch": "2018"
  },
  "casebody": {
    "judges": [],
    "parties": [
      "Old City Iron Works v. Belmont."
    ],
    "opinions": [
      {
        "text": "Kirby, J.,\n(after stating the facts). Appellant contends that there was no express or implied warranty of the condition of the second-hand drilling rig sold to appellee, and that the court erred in holding otherwise and awarding appellee damages for \u00a1breach of an implied warranty, and offsetting the award against the amount which appellant was entitled to and allowed to recover upon its claim.\nThe note sued on recites that it is given for the purchase price of the following described property, this day delivered to H. B. Belmont, itemizing it, a reservation of title in the property till paid for, permitting it to be moved to a described location, but not elsewhere without written consent of appellant; also that, as additional security for the obligation, the maker is assigning to the appellant company an interest of $9,000 in a judgment and decree recovered in the Ouachita Chancery Court in the case of Belmont v. Johnson, 172 Ark. 851, 291 S. W. 77, on appeal to the Supreme Court; and \u201cit is further stipulated that said assignment of an interest in said judgment as additional security for the above obligation shall be executed as a separate instrument;\u201d purports to contain the entire contract or agreement of sale, and was signed and acknowledged by appellee, and contains no mention of a warranty of the .condition of the property sold. There is no allegation of the pleadings or claim made by appellee that the warranty was omitted by mistake, nor of misrepresentations made or fraud practiced inducing appellee to sign the contract, and the warranty cou'ld not be incorporated in the contract by parol evidence. Schneider v. Fairmon, 128 Ark. 425, 194 S. W. 251.\nIt is undisputed that the property, the drilling rig, was second-hand, known to be such by the parties; that it was examined and inspected by appellee before his purchase thereof, and, under the circumstances, there was no implied warranty as to the condition or quality of the property purchased. Yellow Jacket Mining Co. v. Tegarden, 104 Ark. 573, 149 S. W. 518; Case Threshing Machine Co. v. Bailey, 89 Ark. 108, 115 S. W. 949; Hartin Com. Co. v. Pelt, 76 Ark. 177, 88 S. W. 929; Colchord Machinery Co. v. Loy-Wilson Foundry & Machinery Co., 131 Mo. App. 540, 110 S. W. 630; note 29 A. L. R. 1231; 24 R. C. L. 1705; 35 Cyc. 408.\nIt follows that the court erred in holding otherwise and in adjudging damages to appellee for a breach of an implied warranty and setting-off the amount of such recovery against appellant\u2019s judgment for the balance of the purchase money due on the drilling rig and open account for machinery and supplies furnished the appel-lee.\nThe judgment on the cross-complaint is accordingly reversed, and the cause dismissed, and a judgment in appellant\u2019s favor for the said amount found to he due is affirmed, and judgment will he entered here accordingly. It is so ordered.",
        "type": "majority",
        "author": "Kirby, J.,"
      }
    ],
    "attorneys": [
      "J. R. Wilson, for appellant.",
      "Coulter & Coulter, for appellee."
    ],
    "corrections": "",
    "head_matter": "Old City Iron Works v. Belmont.\nOpinion delivered May 7, 1928.\nJ. R. Wilson, for appellant.\nCoulter & Coulter, for appellee."
  },
  "file_name": "0223-01",
  "first_page_order": 241,
  "last_page_order": 245
}
