{
  "id": 8721392,
  "name": "Martin v. State",
  "name_abbreviation": "Martin v. State",
  "decision_date": "1928-05-21",
  "docket_number": "",
  "first_page": "379",
  "last_page": "381",
  "citations": [
    {
      "type": "official",
      "cite": "177 Ark. 379"
    }
  ],
  "court": {
    "name_abbreviation": "Ark.",
    "id": 8808,
    "name": "Arkansas Supreme Court"
  },
  "jurisdiction": {
    "id": 34,
    "name_long": "Arkansas",
    "name": "Ark."
  },
  "cites_to": [
    {
      "cite": "268 S. W. 850",
      "category": "reporters:state_regional",
      "reporter": "S.W.",
      "opinion_index": 0
    },
    {
      "cite": "167 Ark. 502",
      "category": "reporters:state",
      "reporter": "Ark.",
      "case_ids": [
        1376987
      ],
      "opinion_index": 0,
      "case_paths": [
        "/ark/167/0502-01"
      ]
    },
    {
      "cite": "257 S. W. 376",
      "category": "reporters:state_regional",
      "reporter": "S.W.",
      "opinion_index": 0
    },
    {
      "cite": "161 Ark. 644",
      "category": "reporters:state",
      "reporter": "Ark.",
      "case_ids": [
        1388563
      ],
      "opinion_index": 0,
      "case_paths": [
        "/ark/161/0644-01"
      ]
    },
    {
      "cite": "42 Ark. 382",
      "category": "reporters:state",
      "reporter": "Ark.",
      "opinion_index": 0
    },
    {
      "cite": "34 Ark. 654",
      "category": "reporters:state",
      "reporter": "Ark.",
      "weight": 2,
      "opinion_index": 0
    },
    {
      "cite": "45 Ark. 165",
      "category": "reporters:state",
      "reporter": "Ark.",
      "case_ids": [
        1892059
      ],
      "opinion_index": 0,
      "case_paths": [
        "/ark/45/0165-01"
      ]
    }
  ],
  "analysis": {
    "cardinality": 257,
    "char_count": 3896,
    "ocr_confidence": 0.51,
    "pagerank": {
      "raw": 1.4440261140220596e-07,
      "percentile": 0.6537599296329631
    },
    "sha256": "2f5c4f15aef1537c480197cb6cdbfffaa490e12f1db061a133e78d928e0b2ff6",
    "simhash": "1:dbf97c671d4b38d4",
    "word_count": 661
  },
  "last_updated": "2024-02-27T22:14:07.667199+00:00",
  "provenance": {
    "date_added": "2019-08-29",
    "source": "Harvard",
    "batch": "2018"
  },
  "casebody": {
    "judges": [],
    "parties": [
      "Martin v. State."
    ],
    "opinions": [
      {
        "text": "McHaNey, J.\nAppellant was indicted, tried and convicted for manufacturing alcoholic 'liquor, and sentenced to one year in the penitentiary. He specifies one error of the court on which he relies for a reversal of this case, relating to the admission of certain testimony of Sheriff John C. Lee, wherein the witness Lee was permitted to testify, over appellant\u2019s objection, to a certain conversation he had at the still with one Tom Copeland, to the effect that 20 of the 26 (barrels of the. mash found at the still was appellant\u2019s mash, and that he had run two barrels of appellant\u2019s mash that morning. This testimony was objected to on the ground that the witness did not say positively that appellant heard the conversation. But the witness did testify positively that appellant was present, and that he could have heard the conversation.\nThe court refused to permit the sheriff to testify to another conversation with Tom Copeland, which was had to one side, and which appellant did not hear, but he permitted the witness to testify to that part of the conversation where appellant was present, and either did hear or could have heard it.\nTom Copeland and appellant were accomplices in the commission of crime, and it is a general rule that the statements of one accomplice made in the presence and hearing of another, which are not contradicted by him, are admissible in evidence against him as ah admission on his part for his failure to contradict them. Polk v. State, 45 Ark. 165; Ford v. State, 34 Ark. 654.\nIn Polk v. State, supra, this court said:\n\u201cOn the trial of both defendants, certain statements, in the nature of confessions, made by Henry Polk, were admitted against objections. Any voluntary statement made by Henry, and tending to show he knew something of the matter, was proper evidence against him. And if made in the presence of .Sylvester, and uncontradicted by him, they are also receivable against him, as a tacit admission inferred from his acquiescence in the verbal statement of another. But such implied admissions are to be received with-great caution, affording, at best, but a weak presumption of .guilt. Ford v. State, 34 Ark. 654; Williams v. State, 42 Ark. 382.\u201d\nIn Thomas v. State, 161 Ark. 644, 257 S. W. 376, a dying declaration by the deceased, to the effect that the shooting by defendant was not accidental, was held to be admissible; where it was shown to have been made in defendant\u2019s presence and defendant made no response thereto.\nIn Stroud v. State, 167 Ark. 502, 268 S. W. 850, this court held that the acts and declarations of a conspirator, done or made after the accomplishment of the enterprise, are not admissible against co-conspirators, unless done or made in their presence.\nHere the sheriff testified to that part of the conversation he had with the witness Copeland, which was made in the presence and hearing of appellant, and it was therefore admissible. Appellant did not deny that such conversation was had* between the sheriff and his co-conspirator or accomplice, Tom Copeland, and did not deny that he heard same. Moreover, the witness, Tom Copeland, testified as follows;\n\u201cQ. Did yon point out anything there? A. Yes sir; I showed Mr. Lee which were my barrels and which were Mr. Martin\u2019s. Q. How many were yours? A. Six. Q. How many were Mr. Martin\u2019s? A. Twenty-were Mr. Martin\u2019s. By the court: Where was Martin when you pointed to Mr. Lee the six that were yours, and the twenty that were Mr. Martin\u2019s? -A. He was. standing there. \u2019 \u2019\nTherefore, even though it might 'be said that the testimony was inadmissible, still it would not be prejudicial, as the witness Copeland testified to substantially the same thing, without objection from appellant.\nJudgment affirmed.",
        "type": "majority",
        "author": "McHaNey, J."
      }
    ],
    "attorneys": [
      "Clary & Ball, for appellant.",
      "II. W. Applegate, Attorney General, and John L. Carter, Assistant, for appellee."
    ],
    "corrections": "",
    "head_matter": "Martin v. State.\nOpinion delivered May 21, 1928.\nClary & Ball, for appellant.\nII. W. Applegate, Attorney General, and John L. Carter, Assistant, for appellee."
  },
  "file_name": "0379-01",
  "first_page_order": 397,
  "last_page_order": 399
}
