{
  "id": 8721875,
  "name": "Evans v. Roberston",
  "name_abbreviation": "Evans v. Roberston",
  "decision_date": "1928-05-28",
  "docket_number": "",
  "first_page": "419",
  "last_page": "424",
  "citations": [
    {
      "type": "official",
      "cite": "177 Ark. 419"
    }
  ],
  "court": {
    "name_abbreviation": "Ark.",
    "id": 8808,
    "name": "Arkansas Supreme Court"
  },
  "jurisdiction": {
    "id": 34,
    "name_long": "Arkansas",
    "name": "Ark."
  },
  "cites_to": [
    {
      "cite": "87 S. W. 1027",
      "category": "reporters:state_regional",
      "reporter": "S.W.",
      "opinion_index": 0
    },
    {
      "cite": "75 Ark. 551",
      "category": "reporters:state",
      "reporter": "Ark.",
      "case_ids": [
        1502526
      ],
      "opinion_index": 0,
      "case_paths": [
        "/ark/75/0551-01"
      ]
    }
  ],
  "analysis": {
    "cardinality": 433,
    "char_count": 8186,
    "ocr_confidence": 0.498,
    "pagerank": {
      "raw": 4.03580807328026e-08,
      "percentile": 0.2085374475500309
    },
    "sha256": "0c4d64f938d617a70f14f4cdf13bc7f1670ed332a393a6f7cdbd83cde90a3dcd",
    "simhash": "1:8f0f012b09befa71",
    "word_count": 1452
  },
  "last_updated": "2024-02-27T22:14:07.667199+00:00",
  "provenance": {
    "date_added": "2019-08-29",
    "source": "Harvard",
    "batch": "2018"
  },
  "casebody": {
    "judges": [],
    "parties": [
      "Evans v. Roberston."
    ],
    "opinions": [
      {
        "text": "Smith, J.\nOn April 4, 1925, J. A. Robertson owned certain lots in the city of Rogers, on which his residence stood and in which he resided with his wife, Zeva Robertson, and their infant son. They were in debt on the place to the extent of about seven hundred dollars, and applied to Ira D. Swearingen for a loan of that amount to discharge the indebtedness. Swearingen declined to make the loan, for the reason that he was unwilling to incur the expense of a possible foreclosure, but he agreed to take a warranty deed to the property and to execute an agreement to reconvey it at any time within one year after the date of the deed for a consideration of $770. This arrangement was consummated, and Robertson and his wife executed and delivered to Swearingen a warranty deed conveying- the property to him, and he, at the time of the delivery of the deed, executed the following contract:\n\u201cThis agreement certifies that Ira D. Swearingen agrees and binds himself to convey to J. A. Robertson, Jr., or his assigns, the following described lands in Benton 'County, Arkansas, to-wit (describing lots), at any time within one year from, this date, providing the said J. A. Robertson, or his assigns, shall pay to the said Ira D. Swearingen during said time the sum of $770.\n\u201cTime is made the essence of this agreement.\n\u201cThis 4th day of April, 1925.\n\u201c J. A. Robertson, Jr.\n\u2018 \u2018 Zeva' Robertson.\n\u201cAccepted: Ira I). Swearingen.\u201d\nRobertson was addicted to the excessive use of intoxicating liquors, and before the expiration of the year became almost non compos mentis, and suffered from delirium tremens, and so deported himself that his wife was compelled to leave their home and return to that of her father. She did this because she and her father thought it unsafe for her to live with her husband. Bob-ertson\u2019s condition was such that it became certain that be could not and would not redeem the property, and Mrs. Bobertson\u2019s father, acting for her and in her 'behalf,, applied to Swearingen to redeem the property, and offered to pay the'$770 for a deed. This offer was made before the expiration of the year.\nBobertson appeared to be much under the influence of appellant Evans, who, from time to time, loaned him small sums of money and sold him merchandise out of his store on credit. Evans knew that Mrs. Bobertson was negotiating for the redemption of the lots, and she knew that he also contemplated purchasing them, and she offered to permit him to buy the property, which was worth from seventeen hundred to two thousand dollars, provided he would pay her $500, and she testified that she would not agree for Evans to buy the property unless he would pay her that amount of money, 'but this he declined to do.\nOne year to a day after the date of the deed and the contract to reconvey, Swearingen executed a deed to Evans for the property. Swearingen testified that Mrs. Bobertson\u2019s father came to see him about redeeming the property, and that he would have permitted her to do so but, about the time the contract matured, Bobertson told him to make the deed to Evans, who was Bobertson\u2019s \u2018 \u2018 assigns. \u2019 \u2019 Witness examined his contract, and saw that it read that he should reconvey the property to Bobert-son or his assigns, and he therefore conveyed the property to Evans, who paid him $770 in cash for a deed. The contract to reconvey had not been assigned to Evans by Bobertson. Witness at first declined to execute a deed to Evans, but, when his attention was called to the language of the contract, he made a deed as. directed by Bobertson, because he thought his contract required him to do so.\nAfter executing the deed, Swearingen, on April 8, wrote appellee\u2019s father the following letter;\n\u201cDear friend: Robertson paid me, and as our contract read \u2018Robertson, Jr., or Ms assigns,\u2019 be made me make the deed to a man named Evans as his assign. I did not know that was in the contract until today.\n\u201cP. S. Am awfully sorry that it was in the contract that way.\u201d\nIt was shown that Evans borrowed the money with which he purchased the lots, and as security therefor executed a mortgage on the lots.\nRobertson died in June, 1928, and on July 1, 1926, Mrs. Robertson and her infant son brought this suit, and alleged that the money procured from Swearingen was a loan, and that the deed executed to him was in fact a mortgage, and that Robertson had procured the execution of the deed to Evans for the purpose of defeating the dower rights of his wife and the homestead rights of herself and their infant child.\nEvans filed an answer, alleging that the conveyance to Swearingen was in fact a deed, as it purported to be, and that the contract executed at the time of the delivery of the deed was a mere agreement to reconvey within one year, and that time was made of the essence of the contract to reconvey, and the right to repurchase was. not exercised within the time limited.\nThe court expressly found the fact to be that Evans was not an innocent purchaser, and the testimony appears to abundantly support that finding. The court further found that the deed was in fact a mortgage, and that it was executed to secure a loan of $700, and it was decreed that the right of redemption existed and might be exercised by plaintiffs paying $770 of the money which Evans \u25a0had borrowed from a third party to pay Swearingen, and to whom he had given a mortg*age, with interest at eight per cent, to date, and this appeal is from that decree.\nAppellant earnestly insists, upon the authority of the case of Hays v. Emerson, 75 Ark. 551, 87 S. W. 1027, that the deed from Robertson and wife to Swearing\u2019en was an absolute conveyance in consideration of $700 paid them., and not a mere security for a loan for that amount, and that the agreement to reconvey within a year did not create a mortgage, hut was a conditional sale, which became absolute upon the expiration of the year.\nWe think the decree was not an erroneous one, even though appellants were correct in the contention stated (a point we do not decide), for the reason that Mrs. Robertson had a very substantial interest in the property if it were redeemed, to-wit, that of dower and homestead, and she regarded that right as of sufficient value to warrant her in redeeming the lots by paying the sum required for that purpose. Within the time limited for that purpose her father, as her agent in her behalf, offered to redeem the property, and would have done so had Swearingen not misconceived it to be his duty, under his contract, to convey the property to Robertson\u2019s \u201cassigns.\u201d All parties knew, when Swearingen executed his deed to Evans, that Robertson could not and would not effect a redemption of the lots. Robertson and his wife were not divorced, and she had left his home only because her husband\u2019s misconduct had made it unsafe for her and her child to live there. Her rights of homestead and dower subsisted, and to protect these rights she was entitled to redeem the property, and especially so when it became apparent that her husband would not exercise the right of redemption.\nAt \u00a7 299 of the chapter on Mortgages, in 19 R. C. L., page 503, it is said that the equitable right to redeem a mortgage, after breach of condition, extends beyond the mortgagor to all who claim through or under him, and that a right of homestead gives the privilege of redemption. The cases collected in the annotator\u2019s note to the case of Mackenna v. Fidelity Trust Co., 6 A. & E. Ann. Cases 471, cited in the note to the above text, fully sustain the text.\nNow, although the agreement between Robertson and wife and Swearingen may have constituted a conditional sale, and not a mortgage, there was. a contractual right to redeem within a year, and the holder of a homestead right was entitled to exercise that right. The interposition of Evans, who, as the court found, was, not an innocent purchaser, defeated the attempt to exercise this right, and the court below was correct therefore in-holding1 that the right of redemption had not been destroyed.\nThe decree of the court below is correct, and is affirmed.",
        "type": "majority",
        "author": "Smith, J."
      }
    ],
    "attorneys": [
      "Duty & Duty, for appellant.",
      "Rice & Dichson, for appellee."
    ],
    "corrections": "",
    "head_matter": "Evans v. Roberston.\nOpinion delivered May 28, 1928.\nDuty & Duty, for appellant.\nRice & Dichson, for appellee."
  },
  "file_name": "0419-01",
  "first_page_order": 437,
  "last_page_order": 442
}
