{
  "id": 8723495,
  "name": "Turner v. Citizens' Bank of Hickory Ridge",
  "name_abbreviation": "Turner v. Citizens' Bank of Hickory Ridge",
  "decision_date": "1928-06-18",
  "docket_number": "",
  "first_page": "586",
  "last_page": "589",
  "citations": [
    {
      "type": "official",
      "cite": "177 Ark. 586"
    }
  ],
  "court": {
    "name_abbreviation": "Ark.",
    "id": 8808,
    "name": "Arkansas Supreme Court"
  },
  "jurisdiction": {
    "id": 34,
    "name_long": "Arkansas",
    "name": "Ark."
  },
  "cites_to": [
    {
      "cite": "268 S. W. 7",
      "category": "reporters:state_regional",
      "reporter": "S.W.",
      "opinion_index": 0
    },
    {
      "cite": "167 Ark. 326",
      "category": "reporters:state",
      "reporter": "Ark.",
      "case_ids": [
        1377053
      ],
      "opinion_index": 0,
      "case_paths": [
        "/ark/167/0326-01"
      ]
    },
    {
      "cite": "86 S. W. 281",
      "category": "reporters:state_regional",
      "reporter": "S.W.",
      "opinion_index": 0
    },
    {
      "cite": "74 Ark. 536",
      "category": "reporters:state",
      "reporter": "Ark.",
      "case_ids": [
        8723364
      ],
      "opinion_index": 0,
      "case_paths": [
        "/ark/74/0536-01"
      ]
    }
  ],
  "analysis": {
    "cardinality": 204,
    "char_count": 3099,
    "ocr_confidence": 0.424,
    "pagerank": {
      "raw": 5.8591662004228935e-08,
      "percentile": 0.36481586378201974
    },
    "sha256": "2b883317eea6e57b1747b13ef2c5f55eb11fcd0be00c7cea7067dc9a3daefed9",
    "simhash": "1:bb7ecdc767d02cf1",
    "word_count": 540
  },
  "last_updated": "2024-02-27T22:14:07.667199+00:00",
  "provenance": {
    "date_added": "2019-08-29",
    "source": "Harvard",
    "batch": "2018"
  },
  "casebody": {
    "judges": [],
    "parties": [
      "Turner v. Citizens\u2019 Bank of Hickory Ridge."
    ],
    "opinions": [
      {
        "text": "Hart, C. J.,\n(after stating the facts). Counsel for the defendant Turner earnestly insist that the circuit court erred in overruling his motion to dismiss the complaint. Counsel for defendant contend that the answer of the defendant to the suit instituted against him in the circuit court of Craighead County was also a counterclaim, and that the court erred in dismissing the cause of action. Counsel contend that, although the matter set up in his counterclaim constituted a defense to plaintiff\u2019s cause of action, it was also of a nature that entitled defendant to affirmative relief, and that the plaintiff could not affect the right of the defendant to a trial on his counterclaim by a dismissal of its complaint. They rely upon the principles decided in Lay v. Collins, 74 Ark. 536, 86 S. W. 281, and Church v. Jones, 167 Ark. 326, 268 S. W. 7, and other cases of like import.\nConceding that counsel for the defendant is right as to the law on this 'branch of the case, still the court did not err in refusing to sustain his motion to dismiss the complaint. It appears from the record that the circuit court of Craighead County for the Jonesboro District dismissed the whole cause of action in that court, and this included what the defendant Turner called his counterclaim. If the court erred in dismissing the cause o\u2019f action, the remedy of the defendant Turner was to appeal from the judgment. He could not allow a judgment to be entered dismissing\u2019 the cause without prejudice, and then plead it in bar of a subsequent action. The judgment of the circuit court was that the cause of action should be dismissed without prejudice, and this was tantamount to holding that the plaintiff could take a nonsuit, and that he had the right to bring a subsequent suit on the same cause of action.\nAt most, it could only be said that the judgment of the circuit court dismissing the cause of action in toto was erroneous. In doing this the court did not regard the plea of the defendant Turner as a counterclaim. To be .such, it must amount to an independent cause of action which the defendant, if he had not been sued, might have enforced as plaintiff against the bank. The circuit court had jurisdiction to determine that the plea of the defendant Turner was not a counterclaim by allowing the cause of action to be dismissed; and, as above stated, if Turner thought the judgment was erroneous, he shouid have appealed from it. Not having done so, he is bound by the terms of the judgment, and cannot in a subsequent action have it reviewed. It follows that the judgment of the circuit court in refusing to dismiss the complaint of the plaintiff was correct.\nThe notes sued on were introduced in evidence, and the record shows that they were duly transferred to the plaintiff bank. Hence the court correctly rendered judgment in favor of the bank against Turner on the notes. Therefore the judgment will be affirmed.",
        "type": "majority",
        "author": "Hart, C. J.,"
      }
    ],
    "attorneys": [
      "Cooley, Adams & Fuhr, for appellant.",
      "Ogam <& Shaver and Hawthorne, Hcmthorne & Wheatley, for appellee."
    ],
    "corrections": "",
    "head_matter": "Turner v. Citizens\u2019 Bank of Hickory Ridge.\nOpinion delivered June 18, 1928.\nCooley, Adams & Fuhr, for appellant.\nOgam <& Shaver and Hawthorne, Hcmthorne & Wheatley, for appellee."
  },
  "file_name": "0586-01",
  "first_page_order": 604,
  "last_page_order": 607
}
