{
  "id": 8723826,
  "name": "Holcomb & Hoke Manufacturing Company v. Fish",
  "name_abbreviation": "Holcomb & Hoke Manufacturing Co. v. Fish",
  "decision_date": "1928-06-18",
  "docket_number": "",
  "first_page": "631",
  "last_page": "637",
  "citations": [
    {
      "type": "official",
      "cite": "177 Ark. 631"
    }
  ],
  "court": {
    "name_abbreviation": "Ark.",
    "id": 8808,
    "name": "Arkansas Supreme Court"
  },
  "jurisdiction": {
    "id": 34,
    "name_long": "Arkansas",
    "name": "Ark."
  },
  "cites_to": [
    {
      "cite": "176 Ark. 356",
      "category": "reporters:state",
      "reporter": "Ark.",
      "case_ids": [
        1399955
      ],
      "opinion_index": 0,
      "case_paths": [
        "/ark/176/0356-01"
      ]
    },
    {
      "cite": "61 S. W. 372",
      "category": "reporters:state_regional",
      "reporter": "S.W.",
      "opinion_index": 0
    },
    {
      "cite": "69 Ark. 114",
      "category": "reporters:state",
      "reporter": "Ark.",
      "case_ids": [
        8720125
      ],
      "opinion_index": 0,
      "case_paths": [
        "/ark/69/0114-01"
      ]
    },
    {
      "cite": "33 Ark. 107",
      "category": "reporters:state",
      "reporter": "Ark.",
      "case_ids": [
        8722033
      ],
      "opinion_index": 0,
      "case_paths": [
        "/ark/33/0107-01"
      ]
    },
    {
      "cite": "1 S. W. 711",
      "category": "reporters:state_regional",
      "reporter": "S.W.",
      "opinion_index": 0
    },
    {
      "cite": "47 Ark. 493",
      "category": "reporters:state",
      "reporter": "Ark.",
      "case_ids": [
        1888753
      ],
      "opinion_index": 0,
      "case_paths": [
        "/ark/47/0493-01"
      ]
    },
    {
      "cite": "102 N. E. 980",
      "category": "reporters:state_regional",
      "reporter": "N.E.",
      "opinion_index": 0
    },
    {
      "cite": "54 Ind. App. 361",
      "category": "reporters:state",
      "reporter": "Ind. App.",
      "case_ids": [
        5124869
      ],
      "opinion_index": 0,
      "case_paths": [
        "/ind-app/54/0361-01"
      ]
    },
    {
      "cite": "233 S. W. 706",
      "category": "reporters:state_regional",
      "reporter": "S.W.",
      "opinion_index": 0
    },
    {
      "cite": "149 Ark. 566",
      "category": "reporters:state",
      "reporter": "Ark.",
      "case_ids": [
        8721531
      ],
      "opinion_index": 0,
      "case_paths": [
        "/ark/149/0566-01"
      ]
    },
    {
      "cite": "181 S. W. 273",
      "category": "reporters:state_regional",
      "reporter": "S.W.",
      "opinion_index": 0
    },
    {
      "cite": "121 Ark. 370",
      "category": "reporters:state",
      "reporter": "Ark.",
      "case_ids": [
        1559368
      ],
      "opinion_index": 0,
      "case_paths": [
        "/ark/121/0370-01"
      ]
    },
    {
      "cite": "129 S. W. 1081",
      "category": "reporters:state_regional",
      "reporter": "S.W.",
      "opinion_index": 0
    },
    {
      "cite": "95 Ark. 488",
      "category": "reporters:state",
      "reporter": "Ark.",
      "case_ids": [
        1543595
      ],
      "opinion_index": 0,
      "case_paths": [
        "/ark/95/0488-01"
      ]
    }
  ],
  "analysis": {
    "cardinality": 589,
    "char_count": 12690,
    "ocr_confidence": 0.464,
    "pagerank": {
      "raw": 6.770845263994211e-08,
      "percentile": 0.4113564149879008
    },
    "sha256": "511d7601b7391e57c579985ca883e62645c8373dce6e6f964069ae94c21e01c6",
    "simhash": "1:f32a1dc51b478ced",
    "word_count": 2259
  },
  "last_updated": "2024-02-27T22:14:07.667199+00:00",
  "provenance": {
    "date_added": "2019-08-29",
    "source": "Harvard",
    "batch": "2018"
  },
  "casebody": {
    "judges": [],
    "parties": [
      "Holcomb & Hoke Manufacturing Company v. Fish."
    ],
    "opinions": [
      {
        "text": "Smith, J.\nAppellant is a corporation engaged in the manufacture and sale of machines used in popping corn and roasting peanuts, and sold appellee two machines, one being a popcorn machine, for the sum of $337.50, the other a combination machine intended to pop com and roast peanuts, for the price of $895. This suit was brought bv appellant to collect the balance alleged to be due on each of the machines.\nAppellee did not question the balance due on the popcorn machine, but as to the other machine it was alleged that there had been a breach of the implied warranty under which it was sold that it was adapted to its intended nse. It was also alleged that, in an attempt to repair and adjust and nse the machine, a large expense had been incurred and much electricity wasted, as the machine was an electrical one. It was also alleged that the machine was worth $450 less than its purchase price or the sum it would have been worth had it been in good condition.\nNotwithstanding the fact that the plaintiff offered testimony to the effect that both machines were tested at the factory before they were shipped and were found to he in perfect condition, the jury was fully warranted, under the testimony in the case, in finding that the combination machine was in >a defective condition. The testimony was conflicting as to the extent of these defects, but that on the part of the defendant was to the effect that repeated attempts were made to repair and adjust the machine, but with only partial success, and that expenses amounting to about $75 were incurred in these attempts, including wasted electricity, and thalt ithey were never able to make it roast peanuts, although, after two electricians had worked on the machine, it could he used for popping corn, and that the machine was worth $450' less than its purchase price.\nThe .jury returned a verdict for appellant for the balance due upon each of the machines, but found also that the balance due upon the larger machine should be credited with the sum of $450, with interest from April 8, 1925, this being the date of the sale, and judgment was rendered accordingly. From this judgment the plaintiff has appealed and the defendant has cross-appealed.\nThe only error assigned by appellant (plaintiff below) for the reversal of the judgment is that the court erred in the instructions given on the measure of damages. On this question appellant asked the following instruction:\n\u201c6. In arriving at the measure of damages which defendant claims he is entitled to recover by reason of the defects in such'machine, the court tells you he would be entitled to the cost of correcting snoh defects if the machine could be corrected at reasonable expense, or the difference in value between the value of the defective machine and one which was free from defects, and such as was contracted for. \u2019 \u2019\nThe court modified this instruction by adding thereto the following clause:\n\u201cand also for the time of his employees, if any, lost in trying to operate and repair the said machine, and the cost of electricity ineffectively used in the operation caused by the defect, if any, and the sums paid out, if any, in an effort to repair same.\u201d\nAppellant excepted to this modification, also objected and excepted to the instruction given at the request of the defendant numbered 2, which was to the same effect as the modified 6th instruction set out above.\nUnder the issues joined in this case we think there was no error in modifying the instruction as indicated. If the machine was defective, and it appeared that these defects might be remedied at a reasonable cost, the purchaser had the right to affirm the sale and make the necessary adjustments, and to recoup the cost thereof when sued for the balance of the purchase money.\nIn the ease of E. A. Stevens Co. v. Whalen, 95 Ark. 488, 129 S. W. 1081, the purchaser of a pool table, when sued for the balance of the purchase price, sought to rescind the contract for a breach of warranty, after having elected, as the court held, to affirm the sale. It was there said:\n\u201cHe had no right to keep the property and use it, and at the same time insist on a rescission of the contract. By keeping the property and using it, he elected to pursue the other remedy \u2014 that of demanding damages sustained by reason of the defect, which would be the cost of correcting the defect, if it could be corrected at a reasonable expense, or the difference between the value of the defective table and one which was free of defect, such as was contracted for. If the damages found by the jury, by reason of the defective condition of the table, exceeded the amount of the mortgage notes, then the plaintiff could not recover judgment for possession of the property\u201d (Citing authorities).\nAt \u00a7 1826 of Mechem on Sales, vol. 2, page 1457, it is said:\n\u201cExpenses incurred in preparing for -what the seller is to do but fails to perform, or in doing that which the seller ought to have done, or in undoing thait which he did improperly, fall clearly within the doctrines of the preceding sections, and may be included within the damages to he recovered. For like reasons money expended in a reasonable endeavor to avoid or diminish the injury resulting from the breach of warranty, as, for example, to cure an animal sold as sound, but found to be diseased, may be recovered. Expenses, however, in an unreasonable, hopeless or useless endeavor, or losses caused by continuous use after the defects were patent and evidently incurable, could not be recovered. \u2019 \u2019\nThe testimony on the part of appellee is to the effect that, while the defects were not entirely remediable, they were partly so, and that, without the work done on the machine, it would neither pop corn nor roast peanuts, but, as a result of this work, the machine could be used to pop corn, although peanuts could not be roasted, and the machine was given a value as the result of the labor expended upon it which it would not otherwise have had.\nThis right to repair is upon the theory that, by making the repairs, the damages are not only minimized but the cost of the repairs which would place the machine in the condition it was warranted to be would properly measure the damages which the purchaser would be entitled to when sued for the balance of the purchase price. The purchaser would not be required to attempt the repair, and would n.ot be permitted to do so, at the expense of the seller, unless it reasonably appeared, in the exercise of an honest judgment, that the repairs would remedy the defect and at a reasonable cost. If, after such an attempt had been made without success, the machine did not conform to the warranty, the purchaser might, when sued for the balance of the purchase money, recoup, as damages for the breach of the warranty, the difference between the value of the machine as repaired and its sale price.\nIn the ease of Western Cabinet, etc., Co. v. Davis, 121 Ark. 370, 181 S. W. 273, a purchaser, who was sued for the balance of purchase money due upon a soda fountain, defended on the ground that there was a breach of the warranty of the fitness of the fountain, and in an attempt to repair the fountain certain expenses had been incurred. The trial court gave the following instruction, which was approved by this court:\n\u201c1. Plaintiff sues the defendant on a balance on a contract introduced in evidence. The execution of the contract is admitted, and also that there is a balance of $2,311.26 not paid of the amount agreed to be paid under the contract. Defendant, by way of counterclaim, asks damages against plaintiff for alleged defects in the soda fountain (one of the articles sold under the contract), and also damages for expenses in testing the fountain as a suitable article for the purpose for which it was purchased. The burden of proof is on the defendant to sustain his counterclaim by a preponderance of the evidence. \u2019 \u2019\nThe opinion in the case of Parrett Tractor Co. v. Brownfiel, 149 Ark. 566, 233 S. W. 706, supports the views here announced. In that case a tractor had been sold for $1,675, and $1,000 of the purchase price paid. In an attempt to repair and adjust the tractor so that it would do the work for which it was intended, the purchaser spent $600, and, when sued for the balance of the purchase price, $675, and the interest thereon, he defended upon the ground that there had been a breach of the warranty, and that he had incurred expense in the repair of the tractor. After announcing the options which a purchaser has where there is a breach of warranty the court said: \u2018 \u2018The proof showed that the defects in the machine could be corrected by reasonable expenditure, and the correct measure of damages was the expense of curing defects.\u201d (Citing Western Cabinet Co. v. Davis, supra.\nSuch is the measure of damages where the defect is remedied; hut if, notwithstanding the repair, the defect is not completely remedied so that the article as repaired conforms to the warranty under which it was sold, the purchaser may recoup the difference between the value of the article as repaired and its contract price, together with the cost of the repair. This was what was done in the Parrett case, supra, as appears from the statement of facts in that case, as the jury found the amount of damages for the breach of the warranty at an amount equaling the balance of the purchase money, and interest thereon, which amount substantially exceeded the cost of the repairs, and that judgment was affirmed.\nThe case of Edwards Mfg. Co. v. Stoops, 54 Ind. App. 361, 102 N. E. 980, announces the principles which are applicable here. It was there decided (to quote a syllabus) that:\n\u201cWhere metal shingles were warranted fit for use on a certain building, which warranty failed, and effort was made to repair the roof and thus make use of the shingles, but it was found necessary to remove them and supply another roof, the measure of damages was the cost of the metal shingle roof, including the cost of the shingles and the expense of putting them on, less their value after removal from the roof, to which should be added any reasonable expense incurred in attempting to repair and improve the roof so as to make it conform to the warranty, since it was the buyer\u2019s duty to minimize the damage as far as possible, and, where tilings are sold for a particular use, damages for breach of warranty are not confined to the difference of the value of the goods as they were and as they would have been if as warranted, but include all such consequential damages as are the direct, immediate and probable result of the breach. \u2019 \u2019\nAs to the cross-appeal but little need be said. Aippellee (the defendant below) alleged his damages on account of the defect in the machine to be $450 and Ms expense to be $75, and there was no reply to his cross-complaint. But he did not move for a judgment for the want of an answer in the court below, and he cannot now be heard to say that no issue was joined in that behalf.\nIn the case of Winters v. Fain, 47 Ark. 493, 1 S. W. 711, it was said:\n\u201cIt is further objected that the decree is wrong because Preddy\u2019s answer contained a set-off and counterclaim, which stood practically confessed, as no reply was filed. On the authority of Gibbs v. Dickson, 33 Ark. 107, we decline to allow Preddy any advantage from this slip in pleading. In that case it is said the correct practice is to move the court for judgment upon the undemed plea; and that if the defendant fails to move, and goes to trial as if the issue was made up, he loses his advantage.\u201d\nThe case of Young v. Gaut, 69 Ark. 114, 61 S. W. 372, is to the same effect.\n\u25a0 Appellee points out that the jury allowed him damages in the sum of $450, with interest from the date of the sale, thus showing that no credit was allowed him for repairs, and that he was allowed only for the difference between the actual value of the macMne and its sale price, as the testimony on Ms behalf was to the effect that this difference amounted to $450. We cannot determine the mental processes by which the jury arrived at its verdict or what sum was allowed on one account or the other. WMle the testimony supports the verdict returned, it cannot be said that the undisputed evidence would require a larger verdict, and we must therefore affirm the judgment on the cross-appeal, although the testimony would have supported a finding foir more damages. Fulbright v. Phipps, 176 Ark. 356, 3 S. W. (2d.) 49.\nAs no error appears, the judgment must be affirmed, and it is so ordered.",
        "type": "majority",
        "author": "Smith, J."
      }
    ],
    "attorneys": [
      "A. R. Cooper, for appellant.",
      "Patrick Henry, for appellee."
    ],
    "corrections": "",
    "head_matter": "Holcomb & Hoke Manufacturing Company v. Fish.\nOpinion delivered June 18, 1928.\nA. R. Cooper, for appellant.\nPatrick Henry, for appellee."
  },
  "file_name": "0631-01",
  "first_page_order": 649,
  "last_page_order": 655
}
