{
  "id": 8726432,
  "name": "Brown v. Arkansas Central Power Company",
  "name_abbreviation": "Brown v. Arkansas Central Power Co.",
  "decision_date": "1928-10-01",
  "docket_number": "",
  "first_page": "1064",
  "last_page": "1068",
  "citations": [
    {
      "type": "official",
      "cite": "177 Ark. 1064"
    }
  ],
  "court": {
    "name_abbreviation": "Ark.",
    "id": 8808,
    "name": "Arkansas Supreme Court"
  },
  "jurisdiction": {
    "id": 34,
    "name_long": "Arkansas",
    "name": "Ark."
  },
  "cites_to": [
    {
      "cite": "115 S. E. 827",
      "category": "reporters:state_regional",
      "reporter": "S.E.",
      "opinion_index": 0
    },
    {
      "cite": "185 N. C. 12",
      "category": "reporters:state",
      "reporter": "N.C.",
      "case_ids": [
        8655165
      ],
      "opinion_index": 0,
      "case_paths": [
        "/nc/185/0012-01"
      ]
    },
    {
      "cite": "294 S. W. 709",
      "category": "reporters:state_regional",
      "reporter": "S.W.",
      "opinion_index": 0
    },
    {
      "cite": "174 Ark. 177",
      "category": "reporters:state",
      "reporter": "Ark.",
      "case_ids": [
        8719371
      ],
      "opinion_index": 0,
      "case_paths": [
        "/ark/174/0177-01"
      ]
    }
  ],
  "analysis": {
    "cardinality": 399,
    "char_count": 7144,
    "ocr_confidence": 0.457,
    "pagerank": {
      "raw": 8.60456338049561e-08,
      "percentile": 0.4900866807292626
    },
    "sha256": "93718e46d1af43bb41a006ad3efcc8269b9e81a1facd7d103953ee7368aff6a1",
    "simhash": "1:1a85dd3f7063799a",
    "word_count": 1204
  },
  "last_updated": "2024-02-27T22:14:07.667199+00:00",
  "provenance": {
    "date_added": "2019-08-29",
    "source": "Harvard",
    "batch": "2018"
  },
  "casebody": {
    "judges": [],
    "parties": [
      "Brown v. Arkansas Central Power Company."
    ],
    "opinions": [
      {
        "text": "Smith, J.\nOn March 1, 1925, appellants brought separate suits against the appellee power company to recover damages to compensate the losses sustained by them through the negligent operation of appellee\u2019s power plant. The causes were consolidated, and demurrers to the Complaints were sustained and the causes dismissed upon the ground that they were barred by the statute o\u00ed limitations.\nUpon the appeal from this judgment it was held that the trial court erred in sustaining the demurrers. Brown v. Arkansas Central Power Co., 174 Ark. 177, 294 S. W. 709. The opinion on the former appeal copied in extenso the material allegations of the complaints, and need not he repeated here.\nUpon the remand of the consolidated cases there was a trial before a jury, under instructions conforming to the opinion on the former appeal, and a verdict and judgment for the defendant power company,.from which is this appeal.\nIt was shown by the undisputed evidence that the construction of the power plant was completed in 19'20, and that it was constructed (for the use of slack or soft coal, and was operated as constructed. To provide the necessary draft, a smokestack 278 feet high was erected as a part of the plant. The undisputed testimony also shows that, from the completion of the original construction, there was thrown off from the coal'and slack consumed in generating steam, soot, cinders and ashes, which fell upon plaintiff\u2019s property and greatly damaged it.\nAt the request of the plaintiffs the court directed the jury as follows:\n\u201c3. You are instructed that if you find from a preponderance of the evidence that the defendant caused the plaintiff to suffer damage from the operation of its plant within three years prior to the date of the filing of the complaint herein, plaintiff\u2019s cause of action is not barred by the .statute of limitations, unless you further find that the construction and operation of said plant was such that damage must necessarily result in such manner that the certainty, nature and extent of the damage could have been reasonably estimated and ascertained at the time of its construction and the beginning of operations. In other words, if it was known merely that damage was probable, or that, even though some damage was certain, the nature and extent of that damage could not be reasonably known and fairly estimated, but would be only speculative and conjectural, then the statute of limitation was not set in motion until injury occurred, and in such case there may be as many successive recoveries as there are injuries.\u201d\nAs we have said, this instruction conforms to the law as declared in the opinion on the former appeal.\n\u25a0Certain real estate agents testified that the damage to plaintiffs\u2019 property was such that it could have been estimated and ascertained at the time of the completion of appellee\u2019s plant, and, if this be true, the right of the plaintiffs to sue for damages commenced at that time, and the statute of limitations was then set in motion, and its running for three years operated .to bar the plaintiffs\u2019 right to sue for the damages which might have been ascertained and recovered when the plant was first put in operation.\nThere would therefore be no difficulty about affirming the judgment from which this appeal comes, under the finding of the jury, except for the assignment of error relating to the exclusion of certain offered testimony. This testimony wlas to the effect that the power company -might have used natural gas or hard coal, which would not produce so many cinders, or might have installed spark and cinder arresters, smoke consumers, or other well-known equipment, which would, at least, have minimized the damage.\nThe insistence is that this testimony, if admitted, would or might have shown that the damage to plaintiffs\u2019 property was temporary and recurrent, and not permanent and original, and that a continuing cause of action therefore existed, which could be maintained at any time when an injury was inflicted.\nThe undisputed testimony, however, shows that the power plant was constructed at a very great cost to consume 'soft and slack coal, and to use gas or other fuel would require a reconstruction of the plant. From the beginning the plant was operated by using soft and slack coal, without spark arresters or smoke consumers, and the jury has found, under the instructions quoted above, submitting that issue, that there was inflicted upon plaintiffs a damage which could have been ascertained and estimated land fully compensated at the time the injury first occurred.\nThe case of Dayton v. Asheville, 185 N. C. 12, 115 S. E. 827, presented the question here under consideration. In that case a city had built an incinerator, from, which ashes and grease were blown and oast upon plaintiff\u2019s property. It was there said that for an irregular, intermittent and variable trespass, if the city were liable for such a tort at all, the plaintiff would be entitled to recover any and all such damages as have accrued within the three years next immediately preceding the commencement of the action, but that where the injury is permanent, constant, 'and continuing in its nature, the cause of action accrues and the statute of limitations begins to run in such cases from the time the first substantial injury is sustained or when the first appreciable damage is done.\nWe think the jury in the instant case was warranted in finding that appellee\u2019s power pliant as constructed and operated inflicted an original and permanent injury, which might have been ascertained and compensated when the first appreciable damage was done; and, as more than three years had expired after that time before the institution of the suits, the jury was warranted in finding that the causes of action were barred.\nAppellants requested the court to give an instruction numbered 6, which reads as follows: \u201cYou are instructed that the fact that the defendant may have obtained a franchise from the city of Little Bock authorizing the construction of its light \u00a1plant in no way avails it 'anything as a defense in this case.\u201d\n'This instruction correctly declares an abstract proposition of law, but we think: no error was committed in refusing to give it, as it was not contended that the fact that appellee had a franchise to construct and operate its light plant availed it anything as a defense in this suit.\nThe controlling question in the case, and the one upon which the verdict of the jury was based, was whether the plaintiff's\u2019 cause of action was barred by the statute of limitations, and the jury was told to find for the plaintiffs unless the causes were barred by the statute of limitations. There is not involved in this ease any question about the right oif the city, in the exercise of its police power, to regulate the power company\u2019s plant.\nWe discover no error in the record, so the judgment of the court below must :be affirmed, and it is so ordered.",
        "type": "majority",
        "author": "Smith, J."
      }
    ],
    "attorneys": [
      "Charles S. Harley and W. R. Bonham, for appellant.",
      "Elmer Schoggen and Rose, Hemingway, Cantrell & Loughborough, for appellee."
    ],
    "corrections": "",
    "head_matter": "Brown v. Arkansas Central Power Company.\nOpinion delivered October 1, 1928.\nCharles S. Harley and W. R. Bonham, for appellant.\nElmer Schoggen and Rose, Hemingway, Cantrell & Loughborough, for appellee."
  },
  "file_name": "1064-01",
  "first_page_order": 1082,
  "last_page_order": 1086
}
