{
  "id": 1887773,
  "name": "Dickenson and Wife v. Harris & Cotham",
  "name_abbreviation": "Dickenson v. Harris & Cotham",
  "decision_date": "1886-11",
  "docket_number": "",
  "first_page": "355",
  "last_page": "359",
  "citations": [
    {
      "type": "official",
      "cite": "48 Ark. 355"
    }
  ],
  "court": {
    "name_abbreviation": "Ark.",
    "id": 8808,
    "name": "Arkansas Supreme Court"
  },
  "jurisdiction": {
    "id": 34,
    "name_long": "Arkansas",
    "name": "Ark."
  },
  "cites_to": [
    {
      "cite": "17 Ark., 609",
      "category": "reporters:state",
      "reporter": "Ark.",
      "opinion_index": -1
    },
    {
      "cite": "37 Ark., 115",
      "category": "reporters:state",
      "reporter": "Ark.",
      "case_ids": [
        1870965
      ],
      "opinion_index": -1,
      "case_paths": [
        "/ark/37/0115-01"
      ]
    },
    {
      "cite": "14 Ark., 363",
      "category": "reporters:state",
      "reporter": "Ark.",
      "opinion_index": -1
    },
    {
      "cite": "31 Ark., 379",
      "category": "reporters:state",
      "reporter": "Ark.",
      "case_ids": [
        1879224
      ],
      "opinion_index": -1,
      "case_paths": [
        "/ark/31/0379-01"
      ]
    },
    {
      "cite": "34 Ark., 691",
      "category": "reporters:state",
      "reporter": "Ark.",
      "case_ids": [
        1875653
      ],
      "opinion_index": -1,
      "case_paths": [
        "/ark/34/0691-01"
      ]
    },
    {
      "cite": "39 Ark., 344",
      "category": "reporters:state",
      "reporter": "Ark.",
      "case_ids": [
        1898698
      ],
      "opinion_index": 0,
      "case_paths": [
        "/ark/39/0344-01"
      ]
    },
    {
      "cite": "25 Ark., 510",
      "category": "reporters:state",
      "reporter": "Ark.",
      "case_ids": [
        1864499
      ],
      "opinion_index": 0,
      "case_paths": [
        "/ark/25/0510-01"
      ]
    },
    {
      "cite": "28 Mo., 358",
      "category": "reporters:state",
      "reporter": "Mo.",
      "case_ids": [
        8851767
      ],
      "opinion_index": 0,
      "case_paths": [
        "/mo/28/0358-01"
      ]
    },
    {
      "cite": "36 Ark., 561",
      "category": "reporters:state",
      "reporter": "Ark.",
      "case_ids": [
        1872484
      ],
      "opinion_index": 0,
      "case_paths": [
        "/ark/36/0561-01"
      ]
    },
    {
      "cite": "92 U. S., 171",
      "category": "reporters:federal",
      "reporter": "U.S.",
      "case_ids": [
        8771
      ],
      "opinion_index": 0,
      "case_paths": [
        "/us/92/0171-01"
      ]
    },
    {
      "cite": "36 Ark., 575",
      "category": "reporters:state",
      "reporter": "Ark.",
      "case_ids": [
        1872393
      ],
      "opinion_index": 0,
      "case_paths": [
        "/ark/36/0575-01"
      ]
    },
    {
      "cite": "44 Ark., 314",
      "category": "reporters:state",
      "reporter": "Ark.",
      "case_ids": [
        1893367
      ],
      "opinion_index": 0,
      "case_paths": [
        "/ark/44/0314-01"
      ]
    },
    {
      "cite": "30 Ark., 249",
      "category": "reporters:state",
      "reporter": "Ark.",
      "case_ids": [
        1881160
      ],
      "opinion_index": 0,
      "case_paths": [
        "/ark/30/0249-01"
      ]
    },
    {
      "cite": "58 Mo., 158",
      "category": "reporters:state",
      "reporter": "Mo.",
      "case_ids": [
        933302
      ],
      "opinion_index": 0,
      "case_paths": [
        "/mo/58/0158-01"
      ]
    },
    {
      "cite": "22 Iowa, 471",
      "category": "reporters:state",
      "reporter": "Iowa",
      "opinion_index": 0
    },
    {
      "cite": "12 Kan., 85",
      "category": "reporters:state",
      "reporter": "Kan.",
      "case_ids": [
        586506
      ],
      "opinion_index": 0,
      "case_paths": [
        "/kan/12/0073-01"
      ]
    },
    {
      "cite": "22 N. Y., 389",
      "category": "reporters:state",
      "reporter": "N.Y.",
      "case_ids": [
        2026286
      ],
      "opinion_index": 0,
      "case_paths": [
        "/ny/22/0389-01"
      ]
    }
  ],
  "analysis": {
    "cardinality": 496,
    "char_count": 8198,
    "ocr_confidence": 0.507,
    "sha256": "4197a705b1c5382b95db682d4b897faf25f7ceacefb8d7949a0952ee8bdea223",
    "simhash": "1:88363987c136f290",
    "word_count": 1486
  },
  "last_updated": "2024-02-27T21:32:13.764783+00:00",
  "provenance": {
    "date_added": "2019-08-29",
    "source": "Harvard",
    "batch": "2018"
  },
  "casebody": {
    "judges": [],
    "parties": [
      "Dickenson and Wife v. Harris & Cotham."
    ],
    "opinions": [
      {
        "text": "Cocicrill, O. J.\nThe appellants\u2019 complaint in equity ^ against the appellees, to compel them to account for the proceeds of cotton which it was alleged they purchased from the appellants\u2019 tenants with notice of the landlord\u2019s lien, wa3 dismissed by the court upon demurrer.\nl. parties: by\u00b0onetrfor another. \u00b0f\nThe suit was instituted within the life of the lien by J. W. Dickenson alone. The complaint discloses that the land belonged to his wife; that in leasing it for the year in question he acted as her agent; but that the contract was made by him with the tenants in his own naiiie. A note for the rent executed by the tenants and containing the terms of the lease is made a part of the complaint, and is payable to the \u201corder of J. W. Dickenson, attorney.\u201d\nAfter the time for instituting suit to enforce a landlord\u2019s lien had expired, Dickenson\u2019s wife, the real party in interest, was made a party plaintifi' with him, and the appellees\u2019 argument is that this must be regarded as the real date of beginning the suit, and that it is by the adjudged cases out of time.\nThe statute provides .that every action shall be prosecuted by the real party in interest, except that \u201c an executor, administrator, guardian, trustee of an express trust, a person with whom, or in whose name a contract is made for the benefit of another, or the state, or any officer thereof, or any person expressly authorized by the statute to do so, may bring an action without joining with him the person for whose benefit it is prosecuted.\u201d Mansf. Dig., sec. 4936.\nIt is apparent that J. W. Dickenson is not the real party in interest, but he is a party with whom and in whose name a contract is made for the benefit of another, and as such he comes within the limitation upon the general requirement as to interest made by the statute cited, and is authorized to sue in his own name, notwithstanding the beneficial interest is in another. This provision is found in the codes of other states, and it has generally received the construction which its language obviously indicates. Bliss Code Pldg., secs. 55, 53; Pomeroy's Remedies, sec. 175 ; Considwant v. Brisbone, 22 N. Y., 389; Pitney v. Glens Falls Ins. Co., 65 ib., 6-18; Scantlin v. Allison, 12 Kan., 85 ; Rice v. Lareny, 22 Iowa, 471; Ely v. Porter, 58 Mo., 158; Durfree v. Morris, 49 ib., 55; Pindall v. Trevor, 30 Ark., 249.\nIn Boyd, as trustee, v. Jones, 44 Ark., 314, it was held that the person to be beneficially interested was a necessary party to that suit because the object of the bill was not only to collect the fund, but to have the court administer or distribute it; but it is there said that if the only object was to recover the fund so as to enable the trustee afterwards to distribute it agreeably to the trust, it was unnecessary to bring before the court the parties beneficially interested.\n2. Same: Samo: Amendment.\nThe only object of J. W. Dickenson\u2019s suit was to collect the rent. The resort to equity was made necessary only by reason of the change in the form of the property upon which the lien was impressed. (Reavis v. Barnes, 36 Ark., 575; Anderson v. Bowles, 44 ib., 110.) This suit- in no wise affected his relations with his wife, who held the beneficial interest, and she was not a necessary party. Carey v. Brown, 92 U. S., 171.\nIt is not essential, however, that the party in whose name a contract is made should become plaintiff. The real party in interest may sue, as was done in the case similar to this, of Nolen v. Royston, 36 Ark., 561; Hunnicut v. Kirkpatrick, 39 ib., 172; Bliss Code Pldg., sec. 58. As this suit was legally instituted by J. W. Dickenson within the time prescribed by the statutes, the defendants could sustain no injury by permitting the person holding the beneficial interest, and who might have sued alone or as co-plaintiff with J. \"W. Dickenson, to be joined as party plaintiff at any time after the institution of the suit. Wilkelmaier v. Weaver, 28 Mo., 358; Price v. Wiley, 19 Texas, 142.\nIt is further insisted that the order of dismissal is right because the contract shows that the amount claimed is for rent and the hire of personal property combined without separating the two, but this fact does not destroy the equity of the bill to enforce whatever lien there may have been upon the cotton for rent of the land. Harris v. Hanks, 25 Ark., 510. The amount due as rent is a question of fact to be determined by the proof (Varner v. Rice, 39 Ark., 344 \u00a1 Roth v. Williams, 45 ib., 447), and the bill alleged that the hire of the property named was worth nothing, and the whole amount claimed was for rent of the demised premises.\n3. same: forcetoi!en for rent, &<i\nThe appellees could take nothing upon their demurrer.\nWe have avoided saying anything about the allegations in the bill seeking to compel the appellees to account for money collected by them upon a policy of insurance against loss by fire on a part of the crop. The facts are indefinitely set forth, and the question has not been argued by counsel. Sufficient is seen to reverse the decree and the parties can make their issues as to this question, if desired, in a more tangible form.\nReverse and remand, with directions to overrule demurrer.",
        "type": "majority",
        "author": "Cocicrill, O. J."
      }
    ],
    "attorneys": [
      "U. M. $ Q. B. Rose, for appellants.",
      "Wells \u00a3 Williamson, for appellees."
    ],
    "corrections": "",
    "head_matter": "Dickenson and Wife v. Harris & Cotham.\n1. Practice: Parties, when contract made with one for benefit of another.\nWhen a contract i= made hy one party in his own name for the benefit of another, suit for its enforcement may be brought in the name of either alone, or of both jointly; except that in suits by a trustee for the collection of a fund and its distribution by the court, the beneficiary is a necessary party with the trustee.\n2. Same : Same. Suit in equity to enforce lien for rent.\nIn an action in equity against the purchaser of a tenant\u2019s crop to enforce the landlord\u2019s lien for rent, the party with whom the contract of rent was made for the benefit of the landlord, may sue alone, or may join the landlord with him, either at the commencement of the suit, or afterwards by amendment, either before or after the time for commencing the suit has expired.\n3. Same: Same.\nA bill to enforce a landlord\u2019s lien for rent should not be dismissed on demurrer because the contract sued on shows that the amount claimed is for rent and the hire of personal property combined, without separating the two. The plaintiff has an equity to enforce the lien to the extent of the rent he may prove at the hearing.\nAPPEAL from Drew Circuit Court, in Chancery.\nHon. J. M. Bradley, Judge.\nU. M. $ Q. B. Rose, for appellants.\nThe bill in this case contained all the allegations essential to constitute a good ground for relief in equity, aud the demurrer should have been overruled. The right of plaintiff's to require the defendants to account for the cotton is clear, and their bill in equity was the proper form in which to bring the action. The lien of a landlord is not affected by a sale to a purchaser with notice. 34 Ark., 691. The remedy is by bill in equity. 36 ib., 675; 44 lb., 110.\nIf the complaint was imperfect, or insufficient in allegation, defendants\u2019 remedy was by motion to make more definite and specific, not by demurrer. 31 Ark., 379; ib., 657; S3 ib., 131; ib., 315; S3 ib., 405 ; 38 ib., 393.\nThe suit was properly brought in name of J. W. Dickenson. The contract was made in his name for the benefit of his wife. Pom. Rem., etc., sec. 175; Mansf. Dig., sec. 4936.\nWells \u00a3 Williamson, for appellees.\n1. Sec. 4333 Mansf. Dig. requires all actions to be brought in the name of the real party in interest.\n2. The amount sued for was for rent of land, horses, mules, gear, implements, etc., and is so combined that it is impossible to tell how much is for rent of land. Appellants had no lien for rent of mules, implements, etc. Story Eq. PL, secs. 371, 380, 378, and note 1; 14 Ark., 363; 33 ib., 337.\n3. It nowhere clearly appears in the complaint that appellees purchased the cotton with notice of appellants\u2019 lien. Story Eq. PL, secs. 357, 363.\n4. Appellants\u2019 lien was barred after six months. Sec. 4453, Mansf. Dig.; 37 Ark., 115. A new complaint with a\nnew party plaintiff should not have been allowed to be filed after the statute bar had run. 17 Ark., 609."
  },
  "file_name": "0355-01",
  "first_page_order": 359,
  "last_page_order": 363
}
