{
  "id": 1866021,
  "name": "Dicus vs. Bright",
  "name_abbreviation": "Dicus v. Bright",
  "decision_date": "1861-01",
  "docket_number": "No. 2",
  "first_page": "110",
  "last_page": "112",
  "citations": [
    {
      "type": "official",
      "cite": "23 Ark. 110"
    }
  ],
  "court": {
    "name_abbreviation": "Ark.",
    "id": 8808,
    "name": "Arkansas Supreme Court"
  },
  "jurisdiction": {
    "id": 34,
    "name_long": "Arkansas",
    "name": "Ark."
  },
  "cites_to": [
    {
      "cite": "16 Ark. 111",
      "category": "reporters:state",
      "reporter": "Ark.",
      "opinion_index": 0
    }
  ],
  "analysis": {
    "cardinality": 257,
    "char_count": 4086,
    "ocr_confidence": 0.424,
    "pagerank": {
      "raw": 2.909466233414591e-07,
      "percentile": 0.845691003606774
    },
    "sha256": "6588dbeb5643ac2529771098691e88c4fb2224e5f9192346568919bf7828f3b5",
    "simhash": "1:9ed9f52f2c900149",
    "word_count": 726
  },
  "last_updated": "2024-02-27T21:40:55.883694+00:00",
  "provenance": {
    "date_added": "2019-08-29",
    "source": "Harvard",
    "batch": "2018"
  },
  "casebody": {
    "judges": [],
    "parties": [
      "Dicus vs. Bright,"
    ],
    "opinions": [
      {
        "text": "Mr. Chief Justice English\ndelivered the opinion of the court.\nDicus sued Bright before a justice of the peace upon an account1 as follows;\n\u201c JOHN W. BRIGHT,\nTo Edward Dicus, Dr.\nTo one-half of lease on lands from John Foster to said Bright, as per deed of lease from said Foster to said Bright, at $50 per j'ear from the 1st of January, 1857, to the 1st of January, 1859, making two years, on the south-east fractional quarter of section twenty-six, in township twelve north, in range five west, containing one hundred and three acres, at the one half of $50, or $25 per year- \u2022 ..................... \u2022 $50.\u201d\nDicus obtained judgment against Bright before the justice for the amount claimed in the account, with interest, and Bright appealed to the Circuit Court of Independence county.\nOn the motion of Bright, the Circuit Court dismissed the case for want of juiisdiction in the justice of the peace, and\u2019 Dicus appealed to this court.\nIt (hies not appear that the suit was founded upon the lease from Foster to Bright, but upon an account for rent, in which the lease is referred to. The amount of the account, and the subject matter (rent) Were within the jurisdiction ofthe justice, there being no showing upon the face of the justice\u2019s transcript, upon which the court below acted in dismissing the case for want of jurisdiction, that the case falls within the ruling of this court in Fitzgerald et al. vs. Beebe, 2 Eng. R. 305.\nIf the suit had been founded on the lease from Foster to Bright, referred to in the account, and there had been no showing that Dicus had succeeded to the legal right of the lessor to sue upon the instrument, or'was in some way privy to the contract, the case would have fallen within the ruling of this court in Latham, vs. Jones, 1 Eng. 372, and Levy vs. Shurman, lb. 182,\nHad the Circuit Court pro\u2019ceeded to try the case de novo, instead of dismissing it for want of jurisdiction, we cannot undertake to say that Dicus could, by no manner of proof, have shown that he was entitled to recover of Bright the rent claimed lathe account which was,made the foundation of the suit. (Booth vs. Estes, 16 Ark. 111).\nThe judgment must be reversed, and the cause remanded for a trial de novo, and if, upon the trial, it should appear that the justice of the peace had no jurisdiction of the subject matter of the suit, or that (he suit should have been founded on the lease referred to in the account, or that Dicus has no cause of action against Bright, the Circuit Court, of course, will render the proper judgment upon the facts of the case as they may appear in evidence.",
        "type": "majority",
        "author": "Mr. Chief Justice English"
      }
    ],
    "attorneys": [
      "Stillwell & Woodruff, for appellant.",
      "Rose, for the appellee."
    ],
    "corrections": "",
    "head_matter": "Dicus vs. Bright,\nNo. 2.\nA justice of the peace has jurisdiction of an account for rent not exceeding one hundred dollars.\nWhere a written lease is made the foundation of the suit, it should appear that the legal right of action upon it is in the plaintiff.\nBut the recital of a lease in an account filed for rent, doe3 not necessarily make the lease the foundation of the suit. .\nIf by any manner of proof the plaintiff might have shown, on 'the trial before the justice, that he was entitled to recover on the account,, the judgment in his favor should not be quashed on certiorari for want of jurisdiction.\nAppeal /rom. Independence Circuit Court.\nHon. William C. Bevens, Circuit'Judge.\nStillwell & Woodruff, for appellant.\nThe account, upon its face, showed an indebtedness by the-defendant to-the plaintiff, and the court could not know, except by a trial de novo, whether the title to. land was involved. It was therefore error to dismiss for want of jurisdiction under the decision in Beebe vs. Fitzgerald, 2 Eng. 308. The court could not look beyond the record of the justice in determining the question of jurisdiction. Redmond vs. Anderson, 18 Ark-449. ^\nRose, for the appellee.\n1. The account filed showed that if there were any cause of action it Was evidenced by an agreement in writing, which-should have been made the foundation of the suit.\n2. The account did not show any legal liability on the part . of the defendant to the plaintiff. Levy vs. Shurman, 1 Eng 182."
  },
  "file_name": "0110-01",
  "first_page_order": 118,
  "last_page_order": 120
}
