{
  "id": 1866068,
  "name": "McDermott vs. Cable et al.",
  "name_abbreviation": "McDermott v. Cable",
  "decision_date": "1861-01",
  "docket_number": "",
  "first_page": "200",
  "last_page": "203",
  "citations": [
    {
      "type": "official",
      "cite": "23 Ark. 200"
    }
  ],
  "court": {
    "name_abbreviation": "Ark.",
    "id": 8808,
    "name": "Arkansas Supreme Court"
  },
  "jurisdiction": {
    "id": 34,
    "name_long": "Arkansas",
    "name": "Ark."
  },
  "cites_to": [
    {
      "cite": "17 Ark. 279",
      "category": "reporters:state",
      "reporter": "Ark.",
      "case_ids": [
        8725698
      ],
      "opinion_index": -1,
      "case_paths": [
        "/ark/17/0279-01"
      ]
    },
    {
      "cite": "17 Ark. 27",
      "category": "reporters:state",
      "reporter": "Ark.",
      "opinion_index": -1
    },
    {
      "cite": "15 Ark. 235",
      "category": "reporters:state",
      "reporter": "Ark.",
      "case_ids": [
        8728179
      ],
      "opinion_index": 0,
      "case_paths": [
        "/ark/15/0235-01"
      ]
    },
    {
      "cite": "15 Ark. 487",
      "category": "reporters:state",
      "reporter": "Ark.",
      "opinion_index": 0
    },
    {
      "cite": "17 Ark. 279",
      "category": "reporters:state",
      "reporter": "Ark.",
      "case_ids": [
        8725698
      ],
      "opinion_index": 0,
      "case_paths": [
        "/ark/17/0279-01"
      ]
    }
  ],
  "analysis": {
    "cardinality": 317,
    "char_count": 5685,
    "ocr_confidence": 0.534,
    "pagerank": {
      "raw": 2.7772892387450513e-07,
      "percentile": 0.8348697163425358
    },
    "sha256": "74cb4b3ec2ba43a5512e9044d2423f87133339928cf52807e13b60f153e00b17",
    "simhash": "1:23722e29eef452c7",
    "word_count": 1012
  },
  "last_updated": "2024-02-27T21:40:55.883694+00:00",
  "provenance": {
    "date_added": "2019-08-29",
    "source": "Harvard",
    "batch": "2018"
  },
  "casebody": {
    "judges": [],
    "parties": [
      "McDermott vs. Cable et al."
    ],
    "opinions": [
      {
        "text": "Mr. Justice Compton\ndelivered the opinion of the court.\nThis was an action of assumpsit, brought by Mrs. Cable, as administratrix of the estate of Westley L. Maulding, deceased, on a promissory note for $300, payable to her intestate.\nThe defendant pleaded non-assumpsit, to w\u2019hich issue was joined; and also a special plea of total failure of consideration, in which it was averred, that the note sued on was executed for the residue of the purchase money for a certain tract of land which the defendant had contracted to purchase from the plaintiff\u2019s\u201dintestate and one Alexander Rudd, who agreed and were to convey the land to the defendant by deed, with covenants of warranty, immediately, and for no other consideration; and the plea further averred, that Maulding and Rudd never conveyed the land to the defendant; and that neither at the time the note was executed, nor at any time afterward, had they, or either of them, any title to the land, and were not able to convey the same. To this plea the plaintiff demurred, assigning for causes of demurrer:\n1st. \u201c It is not alleged that the contract for the\u2019 purchase of the land was not in writing, and no profert of the same is made.\n2d. It is not alleged whether Maulding and Rudd executed a deed of conveyance to the defendant.\u201d\nThe court sustained the demurrer, found for the plaintiff on the issue joined to the plea of non-assumpsit, and rendered judgment accordingly; to reverse which, the defendant has appealed to this court, and assigns for error the decision of the court in sustaining the plaintiff\u2019s demurrer.\nWe think the demurrer was well taken. The contract set up in the plea is not alleged to be in parol; and being such, as by the statute of frauds, is required to be in writing, the presumption is that it is so; and being in writing, it should have been pleaded with profert, under the provisions of our statute, in order that the court, in the exercise of- its appropriate function \u2014the construction of a written contract \u2014 might determine whether the contract furnished the defence claimed under it. Duncan vs. Clements, 17 Ark. 279.\nIt is insisted, however, that because the plea alleges the inability of the vendors to make title, it is distinguishable from that in Duncan vs. Clements, supra, which alleged the failure merely of the vendor to make, or offer to make a deed before suit brought. We cannot perceive how this distinction dispenses with the necessity of profert. For instance: Suppose it had appeared on oyer, in the case now before us, that by the terms of the contract between the parties, the vendors were to make a quit-claim deed only, would their inability to make a. valid title have been a failure of consideration? Certainly not. And without profert, how could the court know., in making up the issues upon the pleadings, whether the contract was as we have put it for illustration, or whether it was as alleged in the plea? But the plea is also defective upon another ground. It is not distinctly alleged \u2014 as it should have been \u2014 whether or not a deed to the land was executed by the vendors; because, if a deed was so executed and accepted by the defendant, then, though no title passed, the defendant could not avail himself of the plea of total failure of consideration, unless there had been an eviction, or its equivalent. Grace vs. McDaniel, 15 Ark. 487; Lewis vs. Davis, 15 Ark. 235. All that is alleged might be'true, though a deed was executed. The language of the plea, in this particular, is, especially in the connection in which it is employed, equivocal and insufficient.\nLet the judgment be affirmed.",
        "type": "majority",
        "author": "Mr. Justice Compton"
      }
    ],
    "attorneys": [
      "Harrison, for appellant.",
      "Garland dr Randolph, for the appellee."
    ],
    "corrections": "",
    "head_matter": "McDermott vs. Cable et al.\nWhere a plea sets up a contract for the sale of land without averring that it was in parol, the presumption is that it was in writing.\nA plea of failure of consideration, setting up that the consideration of the note sued on, was a contract for the sale of land, and that the vendors were unable to make title to the land, is defective unless it make profert of the contract; and allege \u2019 whether a deed for the lands was executed by the vendors.\nAppeal from Drew Circuit Court.\nHon. John C. Murray, Circuit Judge.\nHarrison, for appellant.\nIf any right or title was claimed under the contract, the objection that.there was no profert of it, might be good; but the plea sets up none. It merely denies the plaintiff\u2019s right to recover on the note, because of a failure of the consideration and the contract is alleged as one of the facts arid circumstances showing how, or in what manner it had failed, and the legal effect is the same, whether it was in parol or in writing. This cause is different from that of Duncan et al. vs. Clements, 17 Ark. 27&, where a want of title was not alleged, or an Inability to make title, but that the conveyance should be made before payment of the purchase money. The failure of consideration of the note, then, and not the agreement to convey the land 'being the bar pleaded, no profer\u00ed of the agreement was necessary. Gould\u2019s PI. ch. 8, secs. 32, 38, 39, 40; Ch. PL 365.\nGarland dr Randolph, for the appellee.\nThe plea does not deny the fact that the plaintiff\u2019s intestate and Rudd'made the defendant a deed for the land; it only denies that they \u201c conveyed\u201d it to him, which might be true, and yet the \u201c warranty deed\u201d have been executed.\nBut there is a fatal objection to the plea pointed out by the second ground of the demurrer. It is not alleged whether the agreement for the purchase of the land was, or was not, in writing; the statute of frauds requires, and will presume it was in writing, and such being the fact, the plea ought to have made profer\u00ed of it. Duncan vs. Clements, 17 Ark. 279."
  },
  "file_name": "0200-01",
  "first_page_order": 208,
  "last_page_order": 211
}
