{
  "id": 1866132,
  "name": "Ferguson et al. vs. McCain",
  "name_abbreviation": "Ferguson v. McCain",
  "decision_date": "1861-01",
  "docket_number": "",
  "first_page": "210",
  "last_page": "211",
  "citations": [
    {
      "type": "official",
      "cite": "23 Ark. 210"
    }
  ],
  "court": {
    "name_abbreviation": "Ark.",
    "id": 8808,
    "name": "Arkansas Supreme Court"
  },
  "jurisdiction": {
    "id": 34,
    "name_long": "Arkansas",
    "name": "Ark."
  },
  "cites_to": [],
  "analysis": {
    "cardinality": 179,
    "char_count": 2689,
    "ocr_confidence": 0.459,
    "sha256": "595cddc939c16e323abd5d6cbbcaf492e3a994ac5ddc0afdd4fbe9b77834cac7",
    "simhash": "1:d2f322d14e8ad6e8",
    "word_count": 468
  },
  "last_updated": "2023-07-14T20:15:02.560591+00:00",
  "provenance": {
    "date_added": "2019-08-29",
    "source": "Harvard",
    "batch": "2018"
  },
  "casebody": {
    "judges": [],
    "parties": [
      "Ferguson et al. vs. McCain."
    ],
    "opinions": [
      {
        "text": "Mr, Justice Fairchild\ndelivered the opinion of the Court.\nMcCain brought an action upon two bonds against Ferguson and another person. As a defense to one of the bonds, Fergu-' son pleaded that it was given in consideration of the settlement and improvement of McCain, upon the north-east quarter of section twenty-three, in township three, north of range fourteen west, and for his right to the land; that McCain represented to Ferguson that the land was swamp land belonging to the State, by which McCain, or any owner of his settlement or improvement, would be entitled to a pre-emption of the land, upon making the proper proof under the laws of the State, whereby Ferguson was induced to purchase the settlement and improvement; that the land was not swamp land, but railroad land, being included in the grant of lands for constructing'the Cairo and Fulton railroad.\nAlthough the plea avers that the consideration for the bond was McCain\u2019s right to the land, as well as his settlement and improvement thereon, it also shows that McCain had no title to the land, that his only interest was the privilege of becoming its owner by purchase from the State. All that was sold to Ferguson was McCain\u2019s improvement. The plea does not show but that Ferguson obtained, and keeps possession of all that he bought, although he may be disappointed in his expectation of acquiring title to the land by purchase from the State. If McCain had known that the land was railroad land, and had falsely represented it to be swamp land, and had thereby induced Ferguson to buy it, the plea vrould have presented another case. No fraudulent representation of McCain is alleged; for all we know by the plea, he believed 1 he land on which he had settled was swamp land. Whether it was so or not, -was a matter about which Ferguson might have had as correct information as McCain. The means of knowledge were accessible to both, or to one as much as the other.\nThe plea is not good as a plea of failure of the consideration of the bond in the first count of the declaration, and the circuit court rightly sustained the demurrer of McCain, quashed the plea and rendered judgment against Ferguson and his co-defendant for the amount of the bond.",
        "type": "majority",
        "author": "Mr, Justice Fairchild"
      }
    ],
    "attorneys": [
      "Bertrand, for the appellants.",
      "Williams & Martin,'for appellee."
    ],
    "corrections": "",
    "head_matter": "Ferguson et al. vs. McCain.\nA plea that tlie consideration of the note sued on was an improvement on, and right to land, represented as swamp land belonging to the State, the owner of which improvement would be entitled to a pre-eruption; and that the land was not swamp land, is not good as a ploa of failure of consideration.\nAppeal from Pulaski Circuit Court.\nHon. John J. Clendenin Circuit Judge.\nBertrand, for the appellants.\nWilliams & Martin,'for appellee."
  },
  "file_name": "0210-01",
  "first_page_order": 218,
  "last_page_order": 219
}
