{
  "id": 1866128,
  "name": "Kelly vs. Dooling",
  "name_abbreviation": "Kelly v. Dooling",
  "decision_date": "1861-12",
  "docket_number": "",
  "first_page": "582",
  "last_page": "586",
  "citations": [
    {
      "type": "official",
      "cite": "23 Ark. 582"
    }
  ],
  "court": {
    "name_abbreviation": "Ark.",
    "id": 8808,
    "name": "Arkansas Supreme Court"
  },
  "jurisdiction": {
    "id": 34,
    "name_long": "Arkansas",
    "name": "Ark."
  },
  "cites_to": [
    {
      "cite": "21 Ark. 235",
      "category": "reporters:state",
      "reporter": "Ark.",
      "case_ids": [
        1868332
      ],
      "opinion_index": -1,
      "case_paths": [
        "/ark/21/0235-01"
      ]
    },
    {
      "cite": "20 Ill. 529",
      "category": "reporters:state",
      "reporter": "Ill.",
      "opinion_index": 0
    },
    {
      "cite": "1 Swan 124",
      "category": "reporters:state",
      "reporter": "Swan",
      "opinion_index": 0
    },
    {
      "cite": "21 Ark. 235",
      "category": "reporters:state",
      "reporter": "Ark.",
      "case_ids": [
        1868332
      ],
      "opinion_index": 0,
      "case_paths": [
        "/ark/21/0235-01"
      ]
    }
  ],
  "analysis": {
    "cardinality": 417,
    "char_count": 8077,
    "ocr_confidence": 0.501,
    "pagerank": {
      "raw": 2.4773351117091387e-07,
      "percentile": 0.8071642400773172
    },
    "sha256": "69ac13e09afbcfa231e4334cf42c2e36a0a62095cdc6af906060c4f071d0400a",
    "simhash": "1:9333d6b909d4dcd2",
    "word_count": 1413
  },
  "last_updated": "2024-02-27T21:40:55.883694+00:00",
  "provenance": {
    "date_added": "2019-08-29",
    "source": "Harvard",
    "batch": "2018"
  },
  "casebody": {
    "judges": [],
    "parties": [
      "Kelly vs. Dooling."
    ],
    "opinions": [
      {
        "text": "Mr. Chief Justice English\ndelivered the opinion of the court.\nThis was an action of debt, brought by Thomas J. Dooling against Joshua M. Kelly, on a writing obligatory for \u00a71,625, bearing date 16th November, 1857, and due 1st January, 1860.\nThe defendant filed two pleas, the first, in substance, is as follows:\nThat on the 16th November, 1857, the date of the obligation sued on, the plaintiff sold and agreed to convey to the defendant a plantation, embracing certain lands (which are described) for the sum of \u00a76,250, on which the defendant was to pay, and did pay, \u00a73,000 cash in hand, and the remainder in two equal annual instalments, for which he executed two obligations for \u00a71,625 each, due 1st January, 1859, and 1st January, 1860, the first of which he had paid. That the plaintiff, at the time of the sale, 16th November, 1857, by his contract and agreement in writing, of which profer\u00ed is made, agreed that when the defendant paid said obligations, he would make him a good an.d sufficient deed for said lands. That the plaintiff purchased the lands from one Wm. Cail, leaving a portion of the purchase money unpaid, and took from him an obligation, as follows: sory notes in two equal instalments, the one payable on the 1st day of January, 1854, for the sum of one thousand dollars, the other and remaining thousand dollars due and payable on the 1st day of January, 1855, the following tracts of land, lyingj situate and being in said county of Phillips, and State of Arkansas, and designated on the plats of public surveys, as the south-west quarter, etc., etc., [here the lands are described,] with all the rights, privileges and appurtenances thereto belonging, to have and to hold the aforegranted premises, with the improvements thereon, and appurtenances thereto belonging,unto the said Thomas J. Dooling, his heirs and assigns, in fee simple for ever; provided, that the said Dooling, his heirs and assigns, shall pay, or cause to be paid unto the said William Cail, his heirs or assigns, at their maturity, the aforesaid two promissory notes for two dollars, bearing even date herewith, then, and in that case, the said William Cail, for himself, his h.eirs and assigns, hereby covenants to, and with the said Thomas J. Dooling, his heirs and assigns, to convey said above tracts of land to the said Thomas J. Dooling, his heirs or assigns, by general warranty deed, said Dooling to have possession of the premises and tracts of land at and from the date hereof, and to have and enjoy all the rights and profits to the same belonging or in any manner appertaining. In testimony whereof the said William Cail has hereunto set his hand and seal, the day above and before written.\n\u201c Know all men by these presents, that I William Cail, of the county of Phillips, and State of Arkansas, have, this 1st day of February, 1853, bargained, sold and conveyed, and by these presents do grant, bargain, sell and convey unto Thomas J! Dooling, of the county and State aforesaid, for and in considetion of the sum of three thousand dollars, to be paid as follows, to wit: one thousand dollars before the signing, sealing and delivery of this instrument, and the said Thomas J. Dooling has, for the remaining two thousand dollars, given his promis-\nWILLIAM CAIL, [seal.]\u201d\nWhich agreement and obligation (the plea continues) was duly acknowledged and recorded, etc., etc. And defendant further avers that he has never received from the said plaintiff any sufficient deed for said lands, or any part thereof; that the said Wm. Cail has departed this life, and defendant has been notified by the legal representatives of said Cail not t.o pay to said plaintiff the said sum sued for in this suit, and the said plaintiff hath not paid to said Cail or bis said representatives, the purchase money for said lands, and that they will not make to said Dooling, or to this defendant, any title or deed of conveyance for or to said lands, or any part thereof: and so this defendant says that he has not received, and cannot receive from the said plaintiff any sufficient deed of conveyance or title to or for said lands, or any part thereof, and that the consideration for which said writing obligatory was given and executed has failed: and this defendant is ready to verify, etc.\nTo this plea the plaintiff interposed a general demurrer, which the court sustained.\nThe second plea averred a tender on the - day of February, 1800, on condition that Dooling would make a good and sufficient title, with allegation that he did not make such title, and had since failed to do so. Replication, that he did execute, acknowledge and tender on the 11th of February, 1860, a good and sufficient deed in fee simple, whereof proiert is made, and the same filed in court, and that Kelly refused to accept it and pay the debt. Rejoinder, confessing all this, and avoiding by the allegation that he did not tender a good and sufficient title, because he had not such title, for the same reasons stated in the first plea, to which reference is tnade for the title from Cail, with positive averment that the legal representatives of Cail absolutely refuse to make Dooling any further title, on the ground that he had not paid the purchase money; and with a further averment that Kelly is ready and willing to pay, whenever Dooling can make him a good and sufficient title.\nA demurrer was sustained to the rejoinder, the defendant declined to plead over, and final judgment was given in favor of the plaintiff for the amount of the obligation sued on, and the defendant appealed.\nThe pleadings present but one question for decision, and that is, whether the instrument executed by Gail to Dooling, as set out in the first plea, and referred to in the rejoinder-to the replication to the second plea, is to be construed to be a deed, vesting in Dooling the legal title to the lands, or as a mere bond for title.\nLooking at the whole instrument, and deriving the intention of the parties from all of its provisions construed together (Sheppard\u2019s Touchstone, 87), we think it can be regarded as nothing more than a bond for title, or agreement to convey, on payment of the remainder of the purchase money, such instruments being in common use, in our system of conveyancing, where lands are sold upon credit, though it is not usual to find them so unskilfully drafted.\nIf the parties intended the instrument as an absolute conveyance of the land, why insert the proviso for the payment of the remainder of the purchase money? Or if the instrument was intended as a deed upon condition, to become absolute, and vest the legal title in the purchaser, upon the payment of the remainder of the purchase money, without any further act to be done by the vendor, why insert the clause that the vendor, upon full payment, etc., was to convey the lands to ths vendee by deed with general warranty?\nSimilar instruments have been construed to be bonds for title. Lafferty vs. Whiteside's Lessec, 1 Swan 124; Curtis vs. Root et al., 20 Ill. 529; Ellis vs. Jeans et al., 7 California 409.\nDooling having no legal title to the land, was not in a condition to make title to Kelly; hence the defence to the action was good, upon general demurrer, according to the principles settled in Lewis vs. Davis et al., 21 Ark. 235.\nThe judgment must be reversed, and the cause remanded, with instruction to the court to overrule the demurrer, etc.",
        "type": "majority",
        "author": "Mr. Chief Justice English"
      }
    ],
    "attorneys": [
      "Pike & Son, for appellant."
    ],
    "corrections": "",
    "head_matter": "Kelly vs. Dooling.\nWhether an instrument of writing is a deed, or bond for title, must be determined by the intentions of the parties derived from the whole instrument \u2014 one containing words of grant with a proviso for payment of the remainder of the purchase money, and a covenant to convey, on such payment, by deed'with general warranty, declared a bond for title, or agreement to convey.\nIt is a good defence to an action for the purchase money that the vendor had no legal title to the land, and it may be made by general demurrer. (Lewis vs. Davis, 21 Ark. 235.)\nAppeal from Phillips Circuit Court.\nlion. Mark W. AlexandeR, Circuit Judge.\nPike & Son, for appellant."
  },
  "file_name": "0582-01",
  "first_page_order": 590,
  "last_page_order": 594
}
