{
  "id": 1866035,
  "name": "Keeler et al. vs. Harding",
  "name_abbreviation": "Keeler v. Harding",
  "decision_date": "1861-12",
  "docket_number": "",
  "first_page": "697",
  "last_page": "699",
  "citations": [
    {
      "type": "official",
      "cite": "23 Ark. 697"
    }
  ],
  "court": {
    "name_abbreviation": "Ark.",
    "id": 8808,
    "name": "Arkansas Supreme Court"
  },
  "jurisdiction": {
    "id": 34,
    "name_long": "Arkansas",
    "name": "Ark."
  },
  "cites_to": [],
  "analysis": {
    "cardinality": 201,
    "char_count": 3013,
    "ocr_confidence": 0.391,
    "pagerank": {
      "raw": 4.719567370958748e-08,
      "percentile": 0.2955890478556858
    },
    "sha256": "08aec05a22b49ca5275dc77037091e548ff2680f2ba44e54ad1435ba8b4521e8",
    "simhash": "1:fe5d0af9c8eafccc",
    "word_count": 526
  },
  "last_updated": "2023-07-14T20:15:02.560591+00:00",
  "provenance": {
    "date_added": "2019-08-29",
    "source": "Harvard",
    "batch": "2018"
  },
  "casebody": {
    "judges": [],
    "parties": [
      "Keeler et al. vs. Harding."
    ],
    "opinions": [
      {
        "text": "Mr. Justice Fairchild\ndelivered the opinion of the court. \u25a0\n\u2022 Harding conveyed to Keeler and Woodall certain lands for a term of years. The object of the lease, on the part of the lessees, was to have the use of a saw and grist mill on the premises ; the lands not seeming to be important only as yielding timber for the consumption of the saw-mill. \u25a0 The original lease was by indenture, and simply described by their numbers the lands that were the subject.of the lease, the duration of the term, the amount and mode of payment of the rent reserved. This suhffwas an action of covenant upon the lease, and complained that Keeler and Woodall had not paid the stipulated rent.\nThe term of the lease began upon the 1st of January, 1857, and about the 1st of June, 1857, the mill was burned, when a misunderstanding occurred between the parties, and to settle the matters of difference they submitted to arbitrators. They awarded that Keeler and Woodall should pay the same amount of rent, and in the manner provided for in the original lease, and that if they should rebuild the mill, under other provisions in the award, they should, for the same rent, have the lease extendedtwo years beyond the duration of the original 'term. Keeler and Woodall rebuilt the mill.\nJudgment was rendered against the defendants in the Circuit Court, and, having appealed, the defendants below ask a reversal of the'judgment, on the ground that the action should have been brought on the award, and not on the original conveyance.\nIf the action, had beeen founded on any thing that was newly stated in the award, as for the use of fire-wood during the two years that were added to the original term, it must have been brought upon the bond submitting to the award, on the principle that an award, being an adjustment and merger of the matters submitted to arbitration, is itself the foundation of any actions intended to enforce its provisions. But in this case, the award does not differ from the lease, but- expressly confirms its stipulations of the payment of rent, both in amount and time of payment. It cannot then be held that the contract for payment of rent contained in the lease is in ..any way affected by the award, and when the former is in full life, we cannot see the force of the argument that would forbid it to be the ground of an action.\nThis being the' only matter presented by the appellants for our consideration, the judgment is affirmed.",
        "type": "majority",
        "author": "Mr. Justice Fairchild"
      }
    ],
    "attorneys": [
      "Bell & Carlton, for appellants.",
      "Watkins, for the appellee."
    ],
    "corrections": "",
    "head_matter": "Keeler et al. vs. Harding.\nA misunderstanding having arisen between a lessor and lessee, where the lease was by indenture, the matters of difference were submitted to arbitrators, who made their award, stating, among other things, that the lessee should pay the same amount of rent and in the same manner ns provided for in the original lease: Held, that an action on the covenant in the lease for the rent reserved was well brought.\nAppeal from, Jefferson Cvrcuit Court.\nlion. JonN C. Murray, Circuit Judge.\nBell & Carlton, for appellants.\nWatkins, for the appellee."
  },
  "file_name": "0697-01",
  "first_page_order": 705,
  "last_page_order": 707
}
