{
  "id": 1388539,
  "name": "Clear Creek Oil & Gas Company v. Fort Smith Spelter Company",
  "name_abbreviation": "Clear Creek Oil & Gas Co. v. Fort Smith Spelter Co.",
  "decision_date": "1923-11-05",
  "docket_number": "",
  "first_page": "12",
  "last_page": "19",
  "citations": [
    {
      "type": "official",
      "cite": "161 Ark. 12"
    }
  ],
  "court": {
    "name_abbreviation": "Ark.",
    "id": 8808,
    "name": "Arkansas Supreme Court"
  },
  "jurisdiction": {
    "id": 34,
    "name_long": "Arkansas",
    "name": "Ark."
  },
  "cites_to": [
    {
      "cite": "212 U. S. 114",
      "category": "reporters:federal",
      "reporter": "U.S.",
      "opinion_index": -1
    },
    {
      "cite": "212 U. S. 19",
      "category": "reporters:federal",
      "reporter": "U.S.",
      "case_ids": [
        5711677
      ],
      "opinion_index": -1,
      "case_paths": [
        "/us/212/0019-01"
      ]
    },
    {
      "cite": "48 L. R. A. (N. S.) 1151",
      "category": "reporters:federal",
      "reporter": "L.R.A.N.S.",
      "opinion_index": 0
    },
    {
      "cite": "230 U. S. 352",
      "category": "reporters:federal",
      "reporter": "U.S.",
      "case_ids": [
        3664215
      ],
      "opinion_index": 0,
      "case_paths": [
        "/us/230/0352-01"
      ]
    },
    {
      "cite": "160 Ark. 1",
      "category": "reporters:state",
      "reporter": "Ark.",
      "case_ids": [
        8719024
      ],
      "opinion_index": 0,
      "case_paths": [
        "/ark/160/0001-01"
      ]
    },
    {
      "cite": "60 Ark. 221",
      "category": "reporters:state",
      "reporter": "Ark.",
      "case_ids": [
        1903752
      ],
      "opinion_index": 0,
      "case_paths": [
        "/ark/60/0221-01"
      ]
    },
    {
      "cite": "244 U. S. 564",
      "category": "reporters:federal",
      "reporter": "U.S.",
      "case_ids": [
        343255
      ],
      "weight": 2,
      "opinion_index": 0,
      "case_paths": [
        "/us/244/0564-01"
      ]
    },
    {
      "cite": "206 U. S. 441",
      "category": "reporters:federal",
      "reporter": "U.S.",
      "case_ids": [
        6931791
      ],
      "opinion_index": 0,
      "case_paths": [
        "/us/206/0441-01"
      ]
    },
    {
      "cite": "175 U. S. 648",
      "category": "reporters:federal",
      "reporter": "U.S.",
      "case_ids": [
        1239469
      ],
      "opinion_index": 0,
      "case_paths": [
        "/us/175/0648-01"
      ]
    },
    {
      "cite": "253 U. S. 287",
      "category": "reporters:federal",
      "reporter": "U.S.",
      "case_ids": [
        189354
      ],
      "opinion_index": 0,
      "case_paths": [
        "/us/253/0287-01"
      ]
    },
    {
      "cite": "153 Ark. 170",
      "category": "reporters:state",
      "reporter": "Ark.",
      "case_ids": [
        1362233
      ],
      "opinion_index": 0,
      "case_paths": [
        "/ark/153/0170-01"
      ]
    },
    {
      "cite": "148 Ark. 260",
      "category": "reporters:state",
      "reporter": "Ark.",
      "case_ids": [
        8719460
      ],
      "weight": 2,
      "opinion_index": 0,
      "case_paths": [
        "/ark/148/0260-01"
      ]
    },
    {
      "cite": "212 U. S. 19",
      "category": "reporters:federal",
      "reporter": "U.S.",
      "case_ids": [
        5711677
      ],
      "opinion_index": 0,
      "case_paths": [
        "/us/212/0019-01"
      ]
    }
  ],
  "analysis": {
    "cardinality": 624,
    "char_count": 15396,
    "ocr_confidence": 0.467,
    "pagerank": {
      "raw": 2.7014885348432003e-07,
      "percentile": 0.8285133612036841
    },
    "sha256": "3f7a25b0db2dcc089d71975e2e1f5c084abe62b001fe55bdd528feec675d7cfa",
    "simhash": "1:8fae5c045016e355",
    "word_count": 2627
  },
  "last_updated": "2024-02-27T21:32:42.656819+00:00",
  "provenance": {
    "date_added": "2019-08-29",
    "source": "Harvard",
    "batch": "2018"
  },
  "casebody": {
    "judges": [],
    "parties": [
      "Clear Creek Oil & Gas Company v. Fort Smith Spelter Company."
    ],
    "opinions": [
      {
        "text": "Hart, J.\nThis is the third appeal in this case. The opinions on the former appeals dealt with questions of law and of practice, and reference is made to the opinions for the particular- questions decided. Clear Greek Oil & Gas Co. v. Fort Smith Spelter Co., 148 Ark. 260, and Fort Smith Spelter Co. v. Clear Creek Oil & Gas Co., 153 Ark. 170.\nThe present appeal is prosecuted to reverse a judgment of the circuit court overruling the rate established by the tribunal or commission which was vested with the power to establish rates.\nThe Legislature of 1921 abolished the Arkansas Corporation Commission, which had the power to regulate public service corporations and to establish rates therefor, and created the Arkansas Railroad Commission. General Acts of 1921, p. 177.\n, The rates involved in- this appeal were established by the Arkansas Corporation Commission, which had jurisdiction to establish rates for pipe line companies for the transportation of oil, gas, or water. In the former appeal it was held that the Clear Creek Oil & Gas Company was a public service corporation engaged in the transportation and sale of natural g*as. It was also held that the Corporation Commission in establishing the rates at which the gas should be transported and sold to customers acted in a g-wa-si-judicial capacity and that its orders establishing rates were subject to review by the court in the manner prescribed by statute. Clear Creek Oil & Gas Co. v. Fort Smith Spelter Co., 148 Ark. 260.\nWhen the rates established by the Commission came on for hearing in the circuit court, the Arkansas Corporation Commission had been abolished and the present Railroad Commission created. The new act gave the Railroad Commission authority to establish rates for common carriers, including pipe line companies for the transportation of oil, gas,- or water. The act also provides for an appeal from the Railroad Commission to the Pulaski Circuit Court from any order made by the Railroad Commission.\nSection 20 of the act provides that, when the appeal is taken, the secretary of the Commission shall at once ' make a full and complete transcript of all proceedings had before such Commission in such matter, and of all the evidence before it, including all files therein, and \u25a0 deposit the same forthwith in the office of the clerk of the circuit court. Continuing, the section provides as follows:\n\u201cThe said circuit court shall thereupon review said order upon the record presented as aforesaid in the case and enter its finding and order thereon and cause to be certified' forthwith to such Commission the said order, therein directing that action be taken by said Commission in conformity therewith, unless an appeal from said order to the Supreme Court of this. State shall be taken within the time hereinafter specified, and, in case of such appeal, to. await further orders of said circuit' court.\u201d General Acts of 1921, p. 177.\nThus it will be seen that the statute provides a fair opportunity for submitting the reasonableness of the rates established by the Commission to a judicial tribunal for determination upon its own independent judgment as to both the law and the facts, and it cannot be said that the order in establishing the rates was void because it is in conflict with the \u2018due process\u2019 clause of the Constitution of the United States. Ohio Valley Water Co. v. Ben Avon Borough, 253 U. S. 287.\nThis brings us to a discussion of what consideration the circuit court should have given to the finding of fact by the Commission. It will be noted that the statute does not fix any rule of evidence to govern the court in the premises.\nIn Louisville & N. Railroad Co. v. Behlmer, 175 U. S. 648, Chief Justice White, speaking for the court in a discussion of the weight to be given to the finding of the Interstate Commerce Commission, said:\n\u201cBut the law attributes prima facie effect to the ' findings of fact made by the Commission, and that body, from the nature of its organization and the duties imposed upon it by the statute, is peculiarly competent to pass upon questions of fact of the character here arising.\u201d\nAgain, in Illinois Central Railroad Company v. Inter. Com. Com., 206 U. S. 441, it was said that the finch ings of the Commission are made by law prima facie true, and that the Supreme Court of the United States ascribed to them the strength due to the judgments of a tribunal appointed by law and informed by experience. In Darnell v. Edwards, 244 U. S. 564, it was said that it is well established that, in a question of rate-making, there is a strong presumption in favor of the conclusion reached by an experienced administrative body after a full hearing.\nIn Railway Co. v. Smith, 60 Ark. 221, it was held that the courts can inquire into the reasonableness of passenger rates, and that, in such cases, the presumption is that they are reasonable, and that the burden is on those contesting them to affirmatively show that, as to them, they are not.\n\u25a0Therefore the presumption is that the rates fixed by the Commission are reasonable, and the burden of proof is upon the company contesting the rates to show to the contrary. Our statute contemplates a judicial review by the circuit court of the law and the facts as presented to the Commission, and it is the duty of the circuit court to try the questions of law and fact upon the same record as the Commission, bearing in mind that the Commission is a rate-making body created by the Legislature, and its orders are prima facie correct, and that this presumption in their favor will yield only to the probative force of the evidence in the record. It is not the duty of the court to establish the rates, but to determine whether the rates as established by the Commission, when considered in the light of the evidence, are reasonable.\nUpon appeal to this court we are called upon to inquire into the weight of the evidence for the purpose of determining whether or not the judgment of the circuit court is against the preponderance of the evidence. In other words, on appeal the findings of fact by the circuit court are allowed to stand unless they are against the preponderance of the evidence when tested by the presumption in favor of the finding\u2019s of the Commission, as outlined above. Fort Smith Light & Traction Co. v. Bourland, 160 Ark. 1.\nIn this connection it may be stated that neither the' circuit court nor this court sits as a board of revision to substitute our judgment for that of the Commission. Minnesota Rate Cases, 230 U. S. 352; 48 L. R. A. (N. S.) 1151.\nThis brings ns directly to a consideration of whether the judgment of the circuit court overruling the finding of the Commission and establishing a new rate should be allowed to stand. No special finding of fact was made either by the Commission or by the circuit court. The testimony introduced by appellant was directed to showing what rates yielded a proper return upon the fair value of the property which was.used in the service of the public in this case at the time it was so used. The accountants, in making up their statements as to the fair value of the property, took into consideration the testimony of experts as to the deterioration from year to year of the gas fields and the hazardous character of the business. No hard and fast rule in determining the value of the property can be laid down, and each case must be determined, to some extent, by its own peculiar facts, taking into consideration the nature of the business devoted to the service of the public and all the surrounding circumstances.\nAs a general rule the company is entitled to ask a fair return upon the value of the property which it employs for the public convenience. On the other hand, the public is entitled to demand that no more be exacted from it than the services given by the public corporation are-reasonably worth. Wilcox v. Consolidated Gas Co., 212 U. S. 19, and Darnell v. Edwards, 244 U. S. 564.\nThe Commission made a sliding scale of rates, the higher rates being made for small consumers and the lower ones for factories and other large consumers, like the Fort Smith Spelter Company.\nNo useful purpose could be served by making a detailed statement of the evidence in the case. The life and extent of gas fields are very uncertain. What promases a fine field one year may fail the next. New fields maybe discovered from time to time in the same locality. This element of uncertainty would make it unprofitable for us to set out a statement of facts so that it might be used as a precedent 'in another case. If the Commission or the circuit court had made a finding of facts upon which their respective conclusions were reached, this would have been of great advantage to us in testing the correctness thereof.\nIn the absence of a special finding on the* part of the Commission or of the circuit court, we will presume that each acted within its appropriate sphere as outlined above, or, at least, we have considered the matter from that viewpoint in weighing the evidence\u2019 and reaching our conclusion in the matter.\nAs above stated, the Clear Creek Oil & Gas Company introduced evidence before the Commission tending to show the fair value of its property, the probable length of time its fields could be profitably worked, and all the surrounding circumstances which could be considered in estimating the fair value of its property and the reasonable value of its service. An attack was made on its testimony by the Fort Smith Spelter Company and evidence was introduced by it 'before the Commission tending to show that the evidence of appellant did not correctly establish the value of the property of the public utility in question.\nWhen we have considered all the evidence in the record, bearing in mind the deference, as indicated above, which should be given to the decision of the Commission, we are of the opinion that the circuit court erred in finding that the rates established by the Commission were unreasonable and in establishing a lower rate.\nThe evidence for appellee was too general and not sufficiently definite and certain to overcome the presumption in favor of the finding of the Commission and to show that the rates established by it were unreasonable.\nThe finding Of the circuit court in this regard is not supported by the preponderance of the evidence, and its judgment, based upon such, finding, must therefore be reversed. In this connection it may be stated that the establishment of rates is the making of a rule for the future, and is therefore an act legislative in character, whether exercised by the Legislature itself or by some subordinate body created for that purpose by it.\nTherefore the power of the Commission to establish or change rates is continuous, and, npon application of either party, showing a material change in tbe conditions from those existing at the time the rates were established, there will he ground for new action in the premises by the Commission. The result of our views is that the judgment of the circnit court will he reversed,- and the cause remanded, with directions to it to certify forthwith to the Arkansas Railroad Commission an order directing that it put into effect the rates established in this case by the Arkansas Corporation Commission until the further action of the Arkansas Railroad Commission in the premises, upon a new application, as indicated above.\nIt is so ordered.",
        "type": "majority",
        "author": "Hart, J."
      }
    ],
    "attorneys": [
      "Bill & Fitshugh, for appellant.",
      "Mehaffy, Donham< & Mehaffy and Daily & Woods, for appellee."
    ],
    "corrections": "",
    "head_matter": "Clear Creek Oil & Gas Company v. Fort Smith Spelter Company.\nOpinion delivered November 5, 1923.\n1. Constitutional law \u2014 reasonableness of pipe-line charges \u2014 due process. \u2014 An order o\u00ed a public service commission, fixing the maximum rates to be charged by a pipe-line company for transporting gas, is not in violation of the due process clause of the Constitution of the United States where the statute provides for submitting the reasonableness of such rates to a judicial tribunal for determination upon its own independent judgment as to both the law and the facts.\n2. Public service commission \u2014 presumption as to rates fixed.\u2014 On a question of the reasonableness of rates fixed by the Corporation Commission for the transportation of gas by a pipeline company, there is a prima, facie presumption in favor of such rates.\n3. Public service commission \u2014 order fixing rates \u2014 appeal.\u2014On appeal from an order of the Corporation Commission fixing rates to be charged by a pipe-line company for transportating gas, it is not the duty of the circuit court to establish rates, but to determine whether the rates so established, when considered in the light of the evidence, are reasonable.\n4. Public service commission \u2014 order fixing rates \u2014 review.\u2014On appeal from judgment of the circuit court upon the reasonableness of rates fixed by the Corporation Commission, the Supreme Court is called upon to inquire into the weight of the evidence for the purpose of determining whether such judgment is against the preponderance of the evidence when tested by the presumption in favor of the findings of the Corporation Commission.\n5. Gas and oil \u2014 reasonableness of pipe-line charges. \u2014 As a general rule, a natural gas pipe-line company is entitled to ask a fair return upon the value of the property employed for the public convenience, taking into consideration the nature of the business devoted to the public service and all the surrounding circumstances, while the public is entitled to demand that no more be extracted from it than the services given by such company are reasonably worth.\n6. Gas and oil \u2014 pipe-line charges \u2014 review.\u2014On appeal from a judgment of the circuit court setting aside rates for pipe-line charges fixed by the Corporation Commission, evidence held too general and indefinite to overcome the presumption in favor of the commission\u2019s finding.\n7. PUBL\u00cdC SERVICE COMMISSION \u2014 FIXING OF CHARGES \u2014 REHEARING.\u2014: The power of the Railroad Commission to establish or change rates for pipe-line charges is continuous, and an application by either party showing a material change in conditions from those existing at the time the rates were established by the Corporation Commission will he ground for a rehearing as to the reasonableness of such rates.\nAppeal from Pulaski Circuit Court, Second Division; It. M. Mann, Judge;\nreversed.\nBill & Fitshugh, for appellant.\nThere is no particular rate of compensation which, must, in all cases and all parts of the country, he regarded as sufficient for capital invested in business enterprises. Such compensation depends upon circumstances, i. e., the locality, the amount of risk in the business, and the rate expected. 212 U. S. 19. Bate cases must be tried as of the date of the filing of the petition. Southwestern Bell Tel. Co. v. Public Service Corporation Commission of Mo., 262 IT. S. 276.\nMehaffy, Donham< & Mehaffy and Daily & Woods, for appellee.\nWhere a company fails to perform its plain duty and to exact sufficient returns to keep its investment unimpaired, the fault is its own. 53 Law. ed. 371. Past losses are not to be capitalized as property on which the fair return is based. 212 U. S. 114, 53 Law. .ed. 371; 258 TJ. S. 388, 66 Law. ed. 678. The action of the Corporation Commission in fixing the rate for gas other than the contract price impaired1 the obligation of the contract entered into between the gas company and the spelter company, and was violative of \u00a7 10, art. 1, of the Constitution."
  },
  "file_name": "0012-01",
  "first_page_order": 40,
  "last_page_order": 47
}
