{
  "id": 1388508,
  "name": "Floyd v. Booker",
  "name_abbreviation": "Floyd v. Booker",
  "decision_date": "1923-11-12",
  "docket_number": "",
  "first_page": "87",
  "last_page": "90",
  "citations": [
    {
      "type": "official",
      "cite": "161 Ark. 87"
    }
  ],
  "court": {
    "name_abbreviation": "Ark.",
    "id": 8808,
    "name": "Arkansas Supreme Court"
  },
  "jurisdiction": {
    "id": 34,
    "name_long": "Arkansas",
    "name": "Ark."
  },
  "cites_to": [
    {
      "cite": "152 Ark. 452",
      "category": "reporters:state",
      "reporter": "Ark.",
      "case_ids": [
        1364081
      ],
      "opinion_index": -1,
      "case_paths": [
        "/ark/152/0452-01"
      ]
    },
    {
      "cite": "153 Ark. 587",
      "category": "reporters:state",
      "reporter": "Ark.",
      "case_ids": [
        1362262
      ],
      "opinion_index": -1,
      "case_paths": [
        "/ark/153/0587-01"
      ]
    },
    {
      "cite": "156 Ark. 473",
      "category": "reporters:state",
      "reporter": "Ark.",
      "case_ids": [
        1358405
      ],
      "opinion_index": -1,
      "case_paths": [
        "/ark/156/0473-01"
      ]
    },
    {
      "cite": "96 Ark. 316",
      "category": "reporters:state",
      "reporter": "Ark.",
      "case_ids": [
        1541972
      ],
      "opinion_index": 0,
      "case_paths": [
        "/ark/96/0316-01"
      ]
    },
    {
      "cite": "58 Ark. 110",
      "category": "reporters:state",
      "reporter": "Ark.",
      "case_ids": [
        1329170
      ],
      "opinion_index": 0,
      "case_paths": [
        "/ark/58/0110-01"
      ]
    },
    {
      "cite": "53 Ark. 415",
      "category": "reporters:state",
      "reporter": "Ark.",
      "case_ids": [
        1911651
      ],
      "opinion_index": 0,
      "case_paths": [
        "/ark/53/0415-01"
      ]
    }
  ],
  "analysis": {
    "cardinality": 288,
    "char_count": 4755,
    "ocr_confidence": 0.486,
    "pagerank": {
      "raw": 1.3241036453448957e-07,
      "percentile": 0.6273776965375202
    },
    "sha256": "45b64d7f2c52195d7b67c95ca839b1a7107e3660b7efa9a0c44e813eb2d16212",
    "simhash": "1:9e895142b21b40c5",
    "word_count": 837
  },
  "last_updated": "2024-02-27T21:32:42.656819+00:00",
  "provenance": {
    "date_added": "2019-08-29",
    "source": "Harvard",
    "batch": "2018"
  },
  "casebody": {
    "judges": [],
    "parties": [
      "Floyd v. Booker."
    ],
    "opinions": [
      {
        "text": "Humphreys, J.\nAppellee instituted suit against appellant in the chancery court of Miller County to recover $4,712.65 borrowed money, upon five separate promissory notes, and to foreclose the several mortgages given upon personal property and real estate to secure same.\nThe cause was submitted to the court upon the pleadings, exhibits thereto, and the testimony taken ore tenus before the court, which resulted in a finding for appellees for the amount sued for and a decree of foreclosure and sale of the lands and chattels to apply upon the indebtedness. From this finding and decree an appeal has been duly prosecuted to this court. Appellees insist upon an affirmance of the decree because the testimony has not been preserved and properly incorporated in the record.\nThe testimony heard by the trial court and taken down in shorthand was transcribed by the stenographer, and an attempt was made to- bring\u2019 a transcription thereof into the record five months after the rendition of the decree, by the following agreement of counsel.\n\u201cIt is agreed by and between counsel of record for the plaintiff and defendant in the above entitled cause that the foregoing pages, numbered from one to seventy-one, contain all of the evidence heard or offered in the trial of said cause, and all the exceptions thereto, and all proceedings had and done in the trial of this cause, and that the same is correct, and that, when filed by the clerk of the chancery court, shall become a part of the record in said cause as fully, completely and effectually as if approved, signed and ordered filed by order of the judge trying said cause.\n\u201cWitness our hands this 12th day of February, 1923.\n\u201cW. H. Arnold, Jr.\n\u201cCounsel for plaintiff.\n\u201cM. E. Sanderson,\n\u201cCounsel for defendants.\u201d\nThe decree did not allow appellant any time within which to prepare and file the bill of exceptions, and it does not appear that the request for time to do so was made. This privilege was accorded to them by \u00a7 1318 of Crawford & Moses\u2019 Digest. The substance and language of the agreement set out above reflects that the oral and documentary evidence was attempted to be brought into the record as an agreed bill of exceptions by authority of \u25a0\u00a7 1323 of Crawford & Moses\u2019 Digest, which is as follows:\n\u201cIn all cases, except indictments charging a felony, where the parties to an action agree in writing upon the correctness of a bill of exceptions by indorsement thereon, \u201e signed by one or more counsel of record of the respective parties, it shall be the duty of the clerk of the court in which the case is pending to at once file such agreed bill of exceptions, and the same shall be a part of the record as fully, completely and effectively as though approved, signed and ordered filed by the order of the court or judge trying the cause. Provided, said bill of exceptions is filed within the time fixed by the court for filing the same. \u2019 \u2019\nNo time having been requested or obtained within which to file the bill of exceptions beyond the term at which the decree was rendered, the judge trying the case could not have approved, signed, and ordered the bill of exceptions to be filed as a part of the record after the adjournment of the court. Under our statute, in order for a bill of exceptions,'prepared and filed after adjournment of court, to become a part of tbe record, it was necessary .for a day certain to have been fixed for tbe filing of same and for tbe bill to bave been approved and signed by the trial judge or agreed upon by tbe parties, and filed .with tbe clerk within tbe tbe time allowed by the court. Watson v. Watson, 53 Ark. 415; Stinson v. Shafer, 58 Ark. 110; Springfield v. Fulk, 96 Ark. 316.\nAs tbe oral and documentary evidence was not brought into the record by any method recognized by our practice, and, as tbe errors, complained of arise out of the testimony, tbe decree herein must be affirmed, without determining tbe issues upon their merits.\nIt is so ordered.",
        "type": "majority",
        "author": "Humphreys, J."
      }
    ],
    "attorneys": [
      "M. E. Sanderson, for appellants.",
      "W. H. Arnold, W. H. Arnold, Jr., and David G. Arnold, for appellee."
    ],
    "corrections": "",
    "head_matter": "Floyd v. Booker.\nOpinion delivered November 12, 1923.\nAppeal and error \u2014 time for filing bill of exceptions. \u2014 Where a decree allowed no time for filing a hill of exceptions, and no such time was requested, a transcript of the testimony, which the parties agreed should become a part of the record, did not become such by being filed after the adjournment of the court.\nAppeal from Miller Chancery Court; James D. Shaver, Chancellor;\naffirmed.\nM. E. Sanderson, for appellants.\nW. H. Arnold, W. H. Arnold, Jr., and David G. Arnold, for appellee.\nThe evidence' was not brought into the record by bill of exceptions filed within time fixed by the court, or in any other manner required by \u00a7 1323, C. & M. Digest, and is not properly before this court. 156 Ark. 473; 153 Ark. 587; 152 Ark. 452'."
  },
  "file_name": "0087-01",
  "first_page_order": 115,
  "last_page_order": 118
}
