{
  "id": 8728812,
  "name": "Byrd against Cummins",
  "name_abbreviation": "Byrd v. Cummins",
  "decision_date": "1841-07",
  "docket_number": "",
  "first_page": "592",
  "last_page": "594",
  "citations": [
    {
      "type": "official",
      "cite": "3 Ark. 592"
    }
  ],
  "court": {
    "name_abbreviation": "Ark.",
    "id": 8808,
    "name": "Arkansas Supreme Court"
  },
  "jurisdiction": {
    "id": 34,
    "name_long": "Arkansas",
    "name": "Ark."
  },
  "cites_to": [],
  "analysis": {
    "cardinality": 275,
    "char_count": 5097,
    "ocr_confidence": 0.508,
    "pagerank": {
      "raw": 6.770845263994211e-08,
      "percentile": 0.41122667769433663
    },
    "sha256": "b82dcad7177a390e5a2ad4cc112e86a574b376d727734e626714539fba86906a",
    "simhash": "1:0b9fed77082b621e",
    "word_count": 916
  },
  "last_updated": "2023-07-14T17:02:27.156536+00:00",
  "provenance": {
    "date_added": "2019-08-29",
    "source": "Harvard",
    "batch": "2018"
  },
  "casebody": {
    "judges": [],
    "parties": [
      "Byrd against Cummins."
    ],
    "opinions": [
      {
        "text": "Dickinson, J.,\ndelivered the opinion of the Court:\nThe declaration is in assumpsit, and upon this a writing, \u201cRec\u2019d April 11, 1832, of Richard C. Byrd, by credit of my accounts and by cash in hand paid, the sum of three hundred and fifty dollars, and which I bind myself to refund to said Byrd, or cause to be placed to his credit on a judgment when obtained against him as security for A. W. Cotton, in favor of Sarah Chandler. Wm. Cummins, attorney for Sarah Chandler.\u201d\nCummins held the money subject to the order of Byrd, to be refunded to him if he demanded it, or appropriated to the payment of the judgment if obtained against him. It was for Byrd to determine whether he would wait for the happening of the contingency, or require it to be refunded to him; the latter he could have done at once. But until it shall appear that Cummins was requested to refund the amount received, or place it to Byrd\u2019s credit, no right of action 6an accrue.\nThere is no averment in the declaration of a special request by Byrd of Cummins; such request is the gist of the action) and must be averred before any complete right of action can appear from the declaration. Com. Dig. Plead. C. 69, 73; 1 Saund. 33; 1 Str. 88; 5 T. R. 409; Com. Dig. Condition 10, 11. The general averment \u201c although often requested so to do,\u201d being matter of form and not traversable, is not sufficient when actual request is necessary to be stated.\nThe' argument, that the defendant below could not avail himself of the oyer given, is untenable. It was granted by the plaintiff, and the defendant is entitled to take the whole instrument as part of the plaintiff's pleading. Doug. 476; 6 Com. Dig. 199. Whether there was a variance or not, between the instrument as set out on oyer and the declaration, is wholly immaterial in the decision of the case, as the omission of the averment of special request is fatal on demurrer.\nThe judgment of the Circuit Court must be affirmed with costs.",
        "type": "majority",
        "author": "Dickinson, J.,"
      }
    ],
    "attorneys": [
      "Pike, for plaintiff in error:",
      "\"W. and E. Cummins, Contra :"
    ],
    "corrections": "",
    "head_matter": "Byrd against Cummins.\nERROR to Pulaski Circuit Court.\nIn a declaiation upon'the following instrument; \u201cReceived April 11, 1839, of R. C. Byrd by credit of my accounts and by cash in hand paid $350, which I bind myself jo refund to said Byrd or cause to be placed to his credit on a judgment when obtained against him, as security for C. D. in favor &c.,\u201d a special request to refund or place to the credit of A. B. is necessary.\nAnd this, though the declaration avers that Byrd has had judgment in his favor in the suit, and though the declaration contains the common averment, \u201calthough often requested.\u201d\nThe money was Held, on such a contract, to be refunded on request, or appropriated to payment of the judgment. 'It was for Byrd to determine whether he would wait for the happening of the contingency, or require the money to be refunded, which he might have done at once.\nAlthough the defendant has no right to oyer, yet if he demands and the plaintiff grants it, the defendant is entitled to take the whole instrument as part of the declaration.\nThis was an action of assumpsit. Byrd complained that Cummins, having brought suit, as attorney for Sarah Chandler, in Pulaski Circuit Court, against Byrd as security for Alexander W. Cotton, together with John H. Cocke as security for Cotton, in an action of debt on a bail bond, became indebted to Byrd by credit allowed him on his accounts with Byrd, and by cash, in the sum of $350, made a certain writing, dated-April 11, 1832, and thereby acknowledged to have received of Byrd the sum of $350 by credit on accounts and cash, and bound himself to'refund to Byrd, or cause to be placed to his credit on the judgment, when the same should be obtained in the suit aforesaid, the said sum of $350. The declaration then stated, that Byrd obtained judgment in the Circuit Court against Said Sarah Chandler, who sued her writ of error, and at the July Term, 1S38, of the Supreme Court the judgment was affirmed : So that Cummins became liable to- repay the money &c., but has not paid, though often requested &c.\nNo profer\u00ed was made of the writing mentioned.\nThe defendant craved oyer of the writing mentioned in the declaration, which the record states was granted by filing the original. At the next term Cummins demurred for a supposed variance between \u201csaid supposed writing filed on oyer,\u201d and the declaration. The writing was not set out in, or copied into, the demurrer, or any other pleading. But the clerk copied in the record a paper in the following words: \u201cRec\u2019d April 11,1832, of Richard C. Byrd, by credit of my accounts, and by cash in hand paid, the sum of three hundred and fifty dollars, and which I bind myself to refund to said Byrd, or cause to be placed to his credit, on a judgment, when obtained, against him as security for A. W. Cotton, in favor of Sarah Chandler. Wm. Cummins, attorney for SaraK Chandler.\u201d And on the margin of this paper on the transcript the clerk endorsed, \u201cCummins receipt filed Nov. 16, 1840.\u201d\nThe Court sustained the demurrer.\nArgued, upon points not involved in the decision, by\nPike, for plaintiff in error:\n\"W. and E. Cummins, Contra :"
  },
  "file_name": "0592-01",
  "first_page_order": 600,
  "last_page_order": 602
}
