{
  "id": 1868319,
  "name": "Kellums vs. Richardson et al.",
  "name_abbreviation": "Kellums v. Richardson",
  "decision_date": "1860-01",
  "docket_number": "",
  "first_page": "137",
  "last_page": "139",
  "citations": [
    {
      "type": "official",
      "cite": "21 Ark. 137"
    }
  ],
  "court": {
    "name_abbreviation": "Ark.",
    "id": 8808,
    "name": "Arkansas Supreme Court"
  },
  "jurisdiction": {
    "id": 34,
    "name_long": "Arkansas",
    "name": "Ark."
  },
  "cites_to": [
    {
      "cite": "4 Gill 583",
      "category": "reporters:state",
      "reporter": "Gill",
      "pin_cites": [
        {
          "page": "600"
        }
      ],
      "opinion_index": -1
    },
    {
      "cite": "2 Scam. 219",
      "category": "reporters:state",
      "reporter": "Scam.",
      "pin_cites": [
        {
          "page": "220"
        }
      ],
      "opinion_index": -1
    },
    {
      "cite": "3 Gill 140",
      "category": "reporters:state",
      "reporter": "Gill",
      "pin_cites": [
        {
          "page": "157"
        }
      ],
      "opinion_index": -1
    },
    {
      "cite": "9 Ala. 756",
      "category": "reporters:state",
      "reporter": "Ala.",
      "pin_cites": [
        {
          "page": "764"
        }
      ],
      "opinion_index": -1
    },
    {
      "cite": "4 Blackf. 383",
      "category": "reporters:state",
      "reporter": "Blackf.",
      "case_ids": [
        1388312
      ],
      "pin_cites": [
        {
          "page": "385"
        }
      ],
      "opinion_index": -1,
      "case_paths": [
        "/blackf/4/0383-01"
      ]
    },
    {
      "cite": "14 Johnson 15",
      "category": "reporters:state",
      "reporter": "Johnson",
      "opinion_index": -1
    },
    {
      "cite": "1 Ark. 418",
      "category": "reporters:state",
      "reporter": "Ark.",
      "weight": 3,
      "opinion_index": -1
    },
    {
      "cite": "1 Bibb 203",
      "category": "reporters:state",
      "reporter": "Bibb",
      "case_ids": [
        6682763,
        6682823
      ],
      "opinion_index": -1,
      "case_paths": [
        "/ky/4/0203-01",
        "/ky/4/0203-02"
      ]
    },
    {
      "cite": "1 A. K. Marsh. 437",
      "category": "reporters:state",
      "reporter": "A.K. Marsh.",
      "opinion_index": -1
    },
    {
      "cite": "1 Ark. 417",
      "category": "reporters:state",
      "reporter": "Ark.",
      "opinion_index": -1
    },
    {
      "cite": "15 Ark. 315",
      "category": "reporters:state",
      "reporter": "Ark.",
      "opinion_index": 0
    }
  ],
  "analysis": {
    "cardinality": 395,
    "char_count": 5502,
    "ocr_confidence": 0.536,
    "pagerank": {
      "raw": 3.128542623775485e-07,
      "percentile": 0.861129741540916
    },
    "sha256": "25996cbda04359efff6217786dad83bee6f6d0dfae13c269bac574c508d47a76",
    "simhash": "1:bf5f26333d28dde8",
    "word_count": 947
  },
  "last_updated": "2024-02-27T21:16:50.046538+00:00",
  "provenance": {
    "date_added": "2019-08-29",
    "source": "Harvard",
    "batch": "2018"
  },
  "casebody": {
    "judges": [],
    "parties": [
      "Kellums vs. Richardson et al."
    ],
    "opinions": [
      {
        "text": "Mr. Chief Justice English\ndelivered the opinion of the Court.\nThis was a bill for the specific performance of a contract for the conveyance of land, determined in the Circuit Court of Mississippi county.\nThe complainants were Thomas and John Richardson, minor heirs of Aaron Richardson, deceased, suing by their next friend, Thomas J. Blackmore. The defendant was Thomas Kellums, who appealed from the decree of the court below.\nThe material facts of the case, as they appear from the pleadings and evidence, are that about the year 1840, Aaron Richardson, the father of complainants, entered upon the northwest quarter of section 25, township 13 north, range 10 east, situate in Mississippi county, which was public land, and upon which there was an improvement, which he purchased. That he resided upon, improved and cultivated a portion of the land until about the year 1845, when he left the county, and remained absent for two years. That during his absence, the appellant, who was his step-father, having married his mother, proved up a pre-emption right to the land, and entered it at the government land office, declaring, at the time, that his intention in entering it was to secure it for the use and benefit of said Aaron, and to prevent its being entered by some other person. That upon the return of Aaron (with his wife, the mother of complainants, whom he had married while absent,) the appellant informed him that he had entered the. land, and promised to make him a title to it, upon his paying to appellant the entrance money, and the expenses necessarily incurred by him in making the entry. That Aaron again entered upon the land with the consent of appellant (taking possession of his former improvement) and continued to reside thereon improving and cultivating a portion of it, until his death in 1853. That sometime prior to his death he paid to the appellant the entrance money, expenses, etc., by assuming and arranging, to the satisfaction of the parties, a debt which the appellant owed to another person. That after the payment of the money, as aforesaid, the appellant, both before and after the death of Aaron, acknowledged himself fully satisfied, and delared his readiness to make the title to him, and to his heirs, according to his agreement, etc., but that he had subsequently' neglected and refused to do so.\nAlthough Aaron Richardson settled upon and improved the land in controversy, the pleadings and proof fail to show that he brought himself within the provisions of the pre-emption laws, so as to acquire an equitable title to the lands, as against the appellant, who purchased the legal title of the government. For any thing that appears in this case, therefore, the appellant, if he had thought proper to do so, under the circumstances, might have claimed, and retained to his own use, the title which he so purchased.\nBut the depositions read upon the hearing, conduce to prove, with reasonable certainty, that after he entered the land, and after the return of Aaron, the appellant promised to make him a title to it, upon his refunding the entrance money, etc., and that, in consequence of this agreement, Aaron went upon the land, and continued in possession of it, improving and cultivating, until his death, paying to the appellant, in the meantime, and in a mode satisfactory to him, the entrance money, etc., which w\u2019as a sufficient part performance of. the contract to take it out of the statute of frauds, and to entitle the'appellees to a specific performance of it, as decreed by the Court below. See Cain vs. Leslie, 15 Ark. 315; Morris vs. Peay, ante.\nThe decree is affirmed.",
        "type": "majority",
        "author": "Mr. Chief Justice English"
      }
    ],
    "attorneys": [
      "S. H. Hempstead, for the appellant.",
      "Watkins & Gallagher, for the appellees."
    ],
    "corrections": "",
    "head_matter": "Kellums vs. Richardson et al.\nA court of equity will decree a specific performance of a verbal contract for the sale of land, where the purchaser has entered into -possession and paid the consideration agreed upon.\nAppeal from Mississippi Circuit Court in Chancery.\nS. H. Hempstead, for the appellant.\nCourts of equity have no power or right to decree specific performance of a verbal contract respecting lands, although admitted, where the statute of frauds is insisted on in the answer. 1 Ark. 417; 8 N. ffamp. 9; 9 lb. 385; 1 A. K. Marsh. 437; 1 Bibb 203.\nNeither payment nor possession obtained not in reference to the contract, will be sufficient to take-a case out of the statute. 1 Ark. 418; 1 Sch. <$\u2022 Lef. 40; 2 Story's Eq. 760, 763.\nWatkins & Gallagher, for the appellees.\nIn this State, as in almost every other, the rule is well settled that, in equity, part performance takes a parol agreement out of the statute of frauds. Keattsvs. Rector, 1 Ark. 418; Blakency vs. Ferguson et al., 3 Eng. 272. \u201e\nDelivery of possession, or the vendee\u2019s entry, with the vendor\u2019s consent, and the making of valuable improvements, will be such part performance as will entitle the vendee to a specific execution. Parkhurst vs. Van Courtland, 14 Johnson 15; Whit-more vs. Whites, 2 Caines' Cases, 87,109; Moreland vs. Lemasters, 4 Blackf. 383, 385; Byrd vs. Oden, 9 Ala. 756, 764; Finucane vs. Kearney et al., 1 Freem. 65, 69; Simmons vs. Hill et al., 4 Harris dy McHennj 252; Newton vs. Swazy et al., 8 New Hampshire 9, 14; Keatts vs. Rector, 1 Ark. 418.\nIn like manner payment of the purchase money and being let into possession are sufficient. Dugan et al. vs. Gettings et al., 3 Gill 140, 157; Thornton vs. Heirs of Henry, 2 Scam. 219, 220; Shirley vs. Spencer, 4 Gill 583, 600; Finucane vs. Kearney et al., Freem. 65,68; Lessee of Billington vs. Welsh, 5 Binney 129."
  },
  "file_name": "0137-01",
  "first_page_order": 139,
  "last_page_order": 141
}
