{
  "id": 1868298,
  "name": "Brown & wife vs. Wm. & Benjamin Hardin",
  "name_abbreviation": "Brown v. Hardin",
  "decision_date": "1860-07",
  "docket_number": "",
  "first_page": "324",
  "last_page": "328",
  "citations": [
    {
      "type": "official",
      "cite": "21 Ark. 324"
    }
  ],
  "court": {
    "name_abbreviation": "Ark.",
    "id": 8808,
    "name": "Arkansas Supreme Court"
  },
  "jurisdiction": {
    "id": 34,
    "name_long": "Arkansas",
    "name": "Ark."
  },
  "cites_to": [
    {
      "cite": "3 Ark. 57",
      "category": "reporters:state",
      "reporter": "Ark.",
      "opinion_index": 0
    },
    {
      "cite": "13 Ark. 129",
      "category": "reporters:state",
      "reporter": "Ark.",
      "case_ids": [
        8727937
      ],
      "opinion_index": 0,
      "case_paths": [
        "/ark/13/0129-01"
      ]
    }
  ],
  "analysis": {
    "cardinality": 472,
    "char_count": 9195,
    "ocr_confidence": 0.554,
    "pagerank": {
      "raw": 1.4226576682782934e-07,
      "percentile": 0.6493326444900842
    },
    "sha256": "840ca78ca192adac63090dec7fe93c22a9a7b79ef5c9d18badd9c637e9a21226",
    "simhash": "1:f8ae02b2d7258fa9",
    "word_count": 1610
  },
  "last_updated": "2024-02-27T21:16:50.046538+00:00",
  "provenance": {
    "date_added": "2019-08-29",
    "source": "Harvard",
    "batch": "2018"
  },
  "casebody": {
    "judges": [],
    "parties": [
      "Brown & wife vs. Wm. & Benjamin Hardin."
    ],
    "opinions": [
      {
        "text": "Mr. Justice Fairchild,\ndelivered the opinion of the court.\nWilliam McNeill of Davidson county, Tennessee, by his last will, divided between his two children, all his property except one section of land, on the Mississippi river, which he gave to the defendants, William Hardin and Benjamin Hardin, to be selected by them out of any of his lands in this state.\nThe will was made and took effect by the death of the testator, in April, 1844, and in 1849 the Hardins proceeded to make their selection of the section of land devised to them, by appropriating to themselves of the testator\u2019s lands in Phillips county, the N. W. frl. quarter, the S. W. frl. quarter and the S. E. frl. quarter of frl. section 21, and the East frl. half of section 20, in Township one North of Range six East. These tracts of lands contained respectively \u2014 142 45-100 acres, 158 57-100' acres,-34 91-100 acres, and 301 99-100 acres, as estimated by the United States surveys, making an aggregate of 639 86-100 acres.\nThe east half of section 20, and the west half of section 2 1 would have composed a section of land of adjacent half or quarter sections, according to the system of the United States surveys, but the Hardins, in passing beyond the subdivisional lines to take in the S. E. frl. quarter of section 21, that parcel which contained 34 91-100 acres, acted upon a construction of the devise to them, which would make the section of land mentioned in the will denote six hundred and forty acres, no more and no less.\nWith this meaning of the term fixed in their minds, as there was not, by actual survey made when their selection was going on, as much area in the aforenamed pieces of land, as the government estimate would make out, owing, probably, to the washings of the river, the Hardins proceeded to make up the deficiency from lands adjacent, west and south of that already selected, and in the north-west quarter of section 28, and northeast of section 29.\nFrom their selection in 1849, the defendants have been in possession of the lands, claiming them solely under the will, and occupying them as a plantation and wood-yard. And the only legal question between the parties is, as to what constitutes a section of land, as the term was used in the will.\nThe construction of the Hardins, as acted upon by them, has been seen, while the plaintiffs in the bill, who are the appellants here, and who represent the general devisees of the will claimed in their bill, and now insist that the selection should have been of land contained within the surveyed lines of a single section, whether that were a fractional or an entire section.\nThere is another matter controverted between the parties, the objection of the Hardins to account to the appellants for cord wood cut from lands within the limits of the Hardin selection, and from the McNeill lands, outside of it; yet in the view we take of this, it is but a matter of fact, and incidental to the main question.\nThe case is brought here by the plaintiffs below, upon a dismissal of their bill.\nWe do not think that the appellees were obliged to make their selection within the lines of a single section, but think they could well select adjacent lands in different sections by the usual subdivisions of half and quarter sections. This was the construction put by the land department upon the grant of seminary lands to this state, which were to be located in tracts not less than an entire section. The State vs. Paup, 13 Ark. 129. And although there was a further clause in-the grant, that the locations might correspond with any of the legal divisions into which the public lands are authorized to be surveyed, we think that to be rather declaratory of an existing custom, than creative of a new right, taking into consideration the usual construction, and practice, both before and since the act of 1827, observed in the location of New Madrid grants, of pre-emption rights, of land warrant and land scrip locations. If, however, the construction of the general land department might not be as has been intimated, we think the usage of the country, if we may take notice of if, would not restrict the definition of a section of land to be a single tract within surveyed lines, but would permit it to be made of the legal divisions of half and quarter sections.\nAnd we are clearly of the opinion that the selection of the Hardins was not properly made. It was not the quantity of six hundred and forty acres that was devised to them, but such quantity as might be embraced within an entire section, within two half or four quarter sections, according to the United States surveys.\nThe principle of the New Madrid grants was to give to sufferers, the same quantity of land that they had lost by the earthquakes, yet to preserve untouched the system of surveys. The loser of any quantity of land less than one hundred and sixty acres, though but a town lot, was to have 160 acres; and he who had lost any quantity, however much it might exceed 640 acres, was only to be indemnified in a grant for that amount. 1 Opinions of Attorney Generals, 362.\nThe terms of the devise may refer to two qualities of description, quantity and boundary lines. And whether the lines are to be traced by course and distance, or by marks and natural objects, it still results that the quantity being the least certain element, must yield to the lines as the more certain mode of description. Phillips vs. Porter, 3 Ark. 57.\nThe general and proper acceptation of the terms \u201c section,\u201d \u201c half\u201d and \u201c quarter section,\u201d as well as their construction by the general land department, denotes the land in the sectional and subdivisional lines, and not the exact quantity which a perfect admeasurement of an unobstructed surface would declare. >\nThe selection of the Hardins of the west half of section twenty-one, and the east half of section twenty is approved, while that of the south-east fractional quarter of section twenty-one and of the parts of sections twenty-eight and twenty-nine is disallowed.\nEach of the four quarter sections are fractional, and contain each less than 160 acres, but 'must stand for entire quarters. 3 Opinions Atty. Geni. 148.\nIt is equitable for an account to be taken between the parties, of the cord wood that has been taken from the rejected parts of the locations of the appellees, but any infringement made by them upon the McNeill lands, outside of the location, are mere trespasses, and are not the subject of equitable cognizance.\nBoughless, a witness for the appellees, shows that upon sections twenty-eight, and twenty-nine, within the location fifteen hundred cords of wood have been cut by the Hardins and the evidence is uniform that wood in the timber was worth twenty-five cents a cord.\nLet the decree of the Phillips Circuit Courtin Chancery be reversed, a decree be entered in this court that the locations of the west half of section twenty-one, and-the east half of section twenty, of township one north of range six east, made by the appellees, be confirmed to them as properly made under the will of William McNeill, and that the south-east fractional quarter of section 21, and the selected parts of sections 28 and 29, in the same township, are of right the property of the appellants; that the appellees pay to the appellants the sum of three hundred and seventy-five dollars, and that each party pay one half of the costs in this court and in the court below.",
        "type": "majority",
        "author": "Mr. Justice Fairchild,"
      }
    ],
    "attorneys": [
      "Watkins & Gallagher, for the appellants.",
      "Hanly & Alexander, for appellees."
    ],
    "corrections": "",
    "head_matter": "Brown & wife vs. Wm. & Benjamin Hardin.\nUpon a devise of one section of land to be selected by the devisees, they are not restricted to one entire section, but may select adjacent lands, indilfcrent sections, by the usual subdivisions of half and quarter sections; but if. the half or quarter sections selected, do not contain sis hundred and forty acres, they will not be allowed to select parts of other quarters to supply the deficiency in quantity.\nUpon a bill to set aside the selection of lands, made by devisees, with power of selection, the court of chancery will take cognizance of injuries to, or trespasses upon such of the lands as were improperly selected, but not of trespasses committed upon other lands of the testator.\nAppeal from Phillips Circuit Couit in Chancery.\nHon. George W. Beazley, Circuit Judge.\nWatkins & Gallagher, for the appellants.\n\u201c Section \u201d is a tract of land described by one number; and under the devise to the defendants of one section of land, they were required to select by sectional lines, and could not cross them to make up the quantity. See Gavin\u2019s case, Ins. \u00bfp Opns. 180; Noah Wall\u2019s case, ib.pt. 2,207; 1 Opns 'Atty. Geni. \u00fc. S. 862; Opns Sp Inst.'pt. 2, 434.\nHanly & Alexander, for appellees.\nThe term section of land as applied to the congressional divisions of townships, means a mile square of land, or the equivalent of a mile square of land, that is: six hundred and forty acres. \u25a0 Vide 1 Story\u2019s Laws of U. S., 422; Public Lands, Laws, Instructions and opinions, 11, 12, 13; An act entitled \u201c An ordinance for ascertaining the mode of disposing of lands in the western territory.\u201d IZ>. 34, 54. Fractional sections are not embraced in the term section, but a section is more than a fractional section, lb."
  },
  "file_name": "0324-01",
  "first_page_order": 326,
  "last_page_order": 330
}
