{
  "id": 1868331,
  "name": "Clegg vs. Roane",
  "name_abbreviation": "Clegg v. Roane",
  "decision_date": "1860-07",
  "docket_number": "",
  "first_page": "361",
  "last_page": "363",
  "citations": [
    {
      "type": "official",
      "cite": "21 Ark. 361"
    }
  ],
  "court": {
    "name_abbreviation": "Ark.",
    "id": 8808,
    "name": "Arkansas Supreme Court"
  },
  "jurisdiction": {
    "id": 34,
    "name_long": "Arkansas",
    "name": "Ark."
  },
  "cites_to": [],
  "analysis": {
    "cardinality": 226,
    "char_count": 3684,
    "ocr_confidence": 0.546,
    "pagerank": {
      "raw": 7.317852702137001e-08,
      "percentile": 0.43895126704298204
    },
    "sha256": "841ce7eb8b0a747f67d098586e7fd9273f239acb721465181b7f4f3f6d488585",
    "simhash": "1:f3b11a915cce614c",
    "word_count": 636
  },
  "last_updated": "2023-07-14T19:46:32.809826+00:00",
  "provenance": {
    "date_added": "2019-08-29",
    "source": "Harvard",
    "batch": "2018"
  },
  "casebody": {
    "judges": [],
    "parties": [
      "Clegg vs. Roane."
    ],
    "opinions": [
      {
        "text": "Mr. Chief Justice English\ndelivered the opinion of the Court.\nRoane sued Clegg in the Jefferson Circuit Court., on two writings obligatory. Clegg pleaded that the obligations were executed without any consideration whatever. Issue was taken to the plea, submitted to the court sitting as a jury, and finding for the plaintiff. Defendant moved for a new trial, which was refused, and he excepted and appealed.\nThe material facts agreed upon at the trial, are, that Clegg was the proprietor of the south bank of the Arkansas river, at the town of Pine Bluff, where a public highway crossed the river, and had a license to keep a ferry from his shore. That Roane was the owner of the land on the opposite side of the river, and had obtained an order of the county court for a ferry from his shore; but before taking out license he leased to Clegg for a term of years, all the ferry rights, privileges and advantages belonging to him, by virtue of his ownership and possession of the land on the river opposite to Pine Bluff; and the obligations sued on were executed to him for the lease.\nIt is insisted for appellant, and the court below was asked to declare the law to be, that by virtue of his ferry license, he had the right to carry passengers and freight, not only from his own shore, but to cross them from the opposite bank; and hence the lease of Roane\u2019s ferry privilege vested in appellant no new or additional right, and therefore he received no consideration whatever for the obligations sued on.\nIt would be a difficult task to reconcile the premises, thus assumed, with the 2d section of the 70th chapter of the Digest, relating to the ferry privilege of a riparian proprietor; but, conceding the truth of the premises, for the purposes of this case, it does not follow as a legitimate deduction therefrom, that the obligations were executed without consideration. If it be true that the appellant had the right, by virtue of his ferry license, to cross freight and passengers from both banks of the river, it is equally true, that if Roane had taken out the license granted to him by the county court, and exercised his ferry privilege, he would have run his boat in competition with appellant\u2019s, and lessened the profits of his ferry. But appellant having leased Roane\u2019s ferry privilege for a term of years, thereby avoided such competition, and availed himself of the entire profits of accommodating the public, by crossing passengers and freight from both shores of the river, which, surely, was some consideration for the obligations sued on. Roane surrendered a privilege which was of value to him, and appellant derived benefit from the right surrendered.\nIt is deemed unnecessary to decide other questions discussed by counsel, and involved in the propositions which the court below was asked to declare to be the law of the case, relating to ferry privileges under our statute, etc.\nThe facts agreed on failing to prove that the bonds sued on were executed without any consideration whatever, as alleged by the plea, Roane was entitled to judgment.\nAffirmed.",
        "type": "majority",
        "author": "Mr. Chief Justice English"
      }
    ],
    "attorneys": [
      "Hutchinson, for the appellant.",
      "Bell & Carlton, contra."
    ],
    "corrections": "",
    "head_matter": "Clegg vs. Roane.\nA plea alleging that the writings obligatory sued on were executed without any consideration whatever, is not sustained, where it appears that the obligor being the proprietor of one bank of a river, where a public highway crossed, and having a license to keep a ferry, executed the obligation for a lease of the ferry rights, etc., of the owner of the opposite side of the river, who had obtained, from the county court, an order for a ferry from iris shore.\nAppeal from Jefferson Circuit Court.\nHon. John C. Murray, Circuit Judge.\nHutchinson, for the appellant.\nBell & Carlton, contra."
  },
  "file_name": "0361-01",
  "first_page_order": 363,
  "last_page_order": 365
}
