{
  "id": 1868207,
  "name": "McClelland et al. vs. Lowry",
  "name_abbreviation": "McClelland v. Lowry",
  "decision_date": "1860-07",
  "docket_number": "",
  "first_page": "452",
  "last_page": "453",
  "citations": [
    {
      "type": "official",
      "cite": "21 Ark. 452"
    }
  ],
  "court": {
    "name_abbreviation": "Ark.",
    "id": 8808,
    "name": "Arkansas Supreme Court"
  },
  "jurisdiction": {
    "id": 34,
    "name_long": "Arkansas",
    "name": "Ark."
  },
  "cites_to": [],
  "analysis": {
    "cardinality": 223,
    "char_count": 3466,
    "ocr_confidence": 0.442,
    "sha256": "17e676aaf5b5d2d54bfe2a62f669508cd8340aa5123e2d181ee7ca802d0b4944",
    "simhash": "1:dbe1e482c8b3c6f7",
    "word_count": 587
  },
  "last_updated": "2023-07-14T19:46:32.809826+00:00",
  "provenance": {
    "date_added": "2019-08-29",
    "source": "Harvard",
    "batch": "2018"
  },
  "casebody": {
    "judges": [],
    "parties": [
      "McClelland et al. vs. Lowry."
    ],
    "opinions": [
      {
        "text": "Mr. Justice B\u2019AiRcntLD\ndelivered the opinion of the court.\nWhile the appellants, six in number, were proceeding to make distribution of the effects of James McClelland, deceased, among themselves as the only heirs, the appellee appeared among them, setting up by petition to the Probate Court of Union county, then engaged in the distribution, that, in 1852 he married Elizabeth McClelland, a daughter and heir of James McClelland, deceased, by her had a son named James Andrew Pearce, that his wife died in January, 1856, leaving her son her heir, and that the son died in February, 1856, that no part of her father\u2019s estate ever came to the hands of the petitioner\u2019s wife or son. James McClelland, deceased, died, about or before 1854. Claiming then as heir of his son, the petitioner asked that the pending proceedings for the disposition of the estate might be stayed or that he be declared to be entitled to one-seventh part thereof.\nTo this petition the appellants demurred, and the Probate Court sustained the demurrer, and the petitioner appealed to the Circuit Court.\nThe Circuit Court reversed the judgment of the Probate Court, and setting the case for trial anew, gave leave to the appellants to answer the petition, but they refused to do so, \u25a0preferring to rest upon their demurrer.\nThe Circuit Court further proceeded a.s follows:\n\u201c It is considered by the court that petitioner be, and he is entitled to one heir\u2019s part, that is, one-seventh part of the said estate of the said James McClelland, deceased, as heir to James Andrew Pearce Lowry. But this court not being advised as to the portion which would be coming to the said petitioner\u2014 whereupon, to save costs, etc., the defendants not admitting that petitioner is legally entitled to recover any part of said estate, but denying the same, but admit that if said petitioner be entitled to recover, that said estate amounts to the sum of four thousand nine hundred dollars, and his portion, if entitled to recover, is seven hundred dollars as his part of such estate, as said heir.\u201d\nThe court then gave judgment in favor of the appellee against the appellants for seven hundred dollars.\nThe Circuit Court was right in reversing the judgment of the -Probate Court, and in its declaration of the interest of the appellee in the estate of James McClelland, deceased. And, although it might have been better to have proceeded as it began, to have one-seventh part of the estate passed over to the appellee by some legal and usual course of distribution; after the concession, and we may say request of the appellants, that the judgment should be personal against them, and for the amount of seven hundred dollars, and as no contrary intimation on their part has been made in this court, we affirm the judgment, with the belief that substantial, though informal justice will thereby be done.",
        "type": "majority",
        "author": "Mr. Justice B\u2019AiRcntLD"
      }
    ],
    "attorneys": [
      "Quillin & Marr, for appellant.",
      "Carleton for appellee."
    ],
    "corrections": "",
    "head_matter": "McClelland et al. vs. Lowry.\nUpon the death of the wife leaving an only child, her distributive share in the personal estate of her father, not reduced into possession, descends to her child, and upon his death to his father.\nA personal judgment in favor of one distributee of an estate being rendered against the other distiibutecs, at their request, by the Circuit Court and not objected to in this court, affirmed in the belief that substantial though informal justice will be done.\nAppeal from, Union Circuit Court.\nHon. Len B. Green, Circuit Judge.\nQuillin & Marr, for appellant.\nCarleton for appellee."
  },
  "file_name": "0452-01",
  "first_page_order": 454,
  "last_page_order": 455
}
