{
  "id": 1868256,
  "name": "Darby et al. vs. The State",
  "name_abbreviation": "Darby v. State",
  "decision_date": "1860-10",
  "docket_number": "",
  "first_page": "523",
  "last_page": "525",
  "citations": [
    {
      "type": "official",
      "cite": "21 Ark. 523"
    }
  ],
  "court": {
    "name_abbreviation": "Ark.",
    "id": 8808,
    "name": "Arkansas Supreme Court"
  },
  "jurisdiction": {
    "id": 34,
    "name_long": "Arkansas",
    "name": "Ark."
  },
  "cites_to": [
    {
      "cite": "1 Ark. 651",
      "category": "reporters:state",
      "reporter": "Ark.",
      "opinion_index": 0
    },
    {
      "cite": "5 Ark. 265",
      "category": "reporters:state",
      "reporter": "Ark.",
      "case_ids": [
        8727113
      ],
      "opinion_index": 0,
      "case_paths": [
        "/ark/5/0265-01"
      ]
    },
    {
      "cite": "3 Ark. 313",
      "category": "reporters:state",
      "reporter": "Ark.",
      "case_ids": [
        8728486
      ],
      "opinion_index": 0,
      "case_paths": [
        "/ark/3/0313-01"
      ]
    }
  ],
  "analysis": {
    "cardinality": 284,
    "char_count": 4448,
    "ocr_confidence": 0.562,
    "pagerank": {
      "raw": 3.738561639876004e-07,
      "percentile": 0.894633432296632
    },
    "sha256": "f07aeeae93323b8c69e744136a062314855dd85c59e06da10e3aed9f4dac351e",
    "simhash": "1:81b9b0ab5a7b2fda",
    "word_count": 796
  },
  "last_updated": "2024-02-27T21:16:50.046538+00:00",
  "provenance": {
    "date_added": "2019-08-29",
    "source": "Harvard",
    "batch": "2018"
  },
  "casebody": {
    "judges": [],
    "parties": [
      "Darby et al. vs. The State."
    ],
    "opinions": [
      {
        "text": "Mr. Justice Compton\ndelivered the opinion of the Court.\nThis was a scire facias issued from the Circuit Court of Monroe county, and directed to and served in the county of Prairie.\nAt the return term, Bridges not being served, discontinuance as to him; Darby and Johnson defaulted, and judgment against them.\nThe first objection taken to the proceedings in the court below is, that the scire facias was not sufficient in law to sustain the judgment by default.\nAfter the decision of this court in Hicks vs. The State, 3 Ark. 313, and in Gray vs. The State, 5 Ark. 265, the Legislature, for greater convenience in practice, passed an act, approved 2d February 1843, which prescribes the form for a scire facias on recognizance of bail in criminal cases. Gould's Dig. ch. 52, sec. 63. In this case the form prescribed was not substantially followed. The scire facias recites that \u201c Clinton H. Bridges was bound with W. J. Darby, and William Johnson, as his securities, in a bond for the sum of two hundred and fifty dollars, conditioned for his appearance,\u201d etc., to answer an'indictment for assault and battery, etc. Thus failing to show that the recognizance was entered into before the court in which the prosecution was had. or before any of the several officers authorized by law to take it; or that the recognizors were bound to the State for the sum mentioned in the obligation recited, as in order to show a right of action in the State, it should have done. The scire facias occupying the place of both writ and declaration, should have set forth all the facts necessary to show a right of action in the plaintiff. Failing in this, it does not sustain the judgment by default against the defendants.\nIt is further objected, that the issuance of the scire facias to Prairie county, and its service there upon the defendants, was erroneous.\nIt is provided by statute, that in all actions deemed local at common law, the original writ may be issued from the county, where the injury was committed, to any other county where the defendant may be found; but in declaring in any such action the plaintiff shall not set forth any matter which would be the subject of a transitory action.\nIn a proceeding by scire facias on a recognizance of bail, the venue is local at common law. Smith vs. Clarke, 1 Ark. 651. 1 Chit. Plead. 269. The scire facias is also regarded as an original writ, and as the institution of a new suit. Gray vs. The Slate, supra. We think, therefore, that such a proceeding is within the provision of the statute, and that the writ may well issue to any county in the State.\nFor the error, however, above indicated, the judgment must be reversed,",
        "type": "majority",
        "author": "Mr. Justice Compton"
      }
    ],
    "attorneys": [
      "B. D. Turner, for plaintiffs.",
      "Hempstead, Solicitor General, contra."
    ],
    "corrections": "",
    "head_matter": "Darby et al. vs. The State.\nThe scire facias on a recognizance of bail in a criminal ease should set forth all the facts necessary to show a right of action \u2014 and if it fail to show that the recognizance was entered into before the c.ourt or officer authorized to take it, or that the recognizors were bound to the State for the sum mentioned in it, it will not sustain a judgment by default.\nA scire facias upon recognizance of bail in a criminal case may issue from the county in which the prosecution was had to any county in the state.\nWrit of Error to Monroe Circuit Court.\nHon. George W. Beazley, Circuit Judge.\nB. D. Turner, for plaintiffs.\nA scire Jadas will lie only upon'recognizances taken in strict compliance with sections 57 to 62, chap. 52 Dig.\nIt was error to issue the scire facias out of the Circuit Court of Monroe county to the sheriff of Prairie county \u2014 all the defendants resided in Prairie county. The scire facias should have issued to Monroe county, and if not served should have been re-issued as required by sec. 62 chap. 52 Dig.\nThe scire facias does not-show that the \u201c bond\u201d was payable to \u201cthe State of Arkansas,\u201d as required by sections 57, ch. 52 Dig.', nor does it disclose when, or by whom, or by what authority it was taken. Ib.; 5 Ar/c. 265.\nHempstead, Solicitor General, contra.\nThe writ discloses the liability of the plaintiffs in error, and states sufficient facts to bring the case within the law. Gould\u2019s Dig. 401.\nWrits in criminal cases may issue to any part of the State; and this, although in form a civil, is yet in its nature a. criminal proceeding or growing out of a criminal proceeding. The provision as to two nihils being equal to service was intended to apply where parties are not residents of the State. Gould\u2019s Dig. 402."
  },
  "file_name": "0523-01",
  "first_page_order": 525,
  "last_page_order": 527
}
