{
  "id": 8727485,
  "name": "Goodrich as adr. vs. Fritz",
  "name_abbreviation": "Goodrich v. Fritz",
  "decision_date": "1849-01",
  "docket_number": "",
  "first_page": "440",
  "last_page": "441",
  "citations": [
    {
      "type": "official",
      "cite": "9 Ark. 440"
    }
  ],
  "court": {
    "name_abbreviation": "Ark.",
    "id": 8808,
    "name": "Arkansas Supreme Court"
  },
  "jurisdiction": {
    "id": 34,
    "name_long": "Arkansas",
    "name": "Ark."
  },
  "cites_to": [],
  "analysis": {
    "cardinality": 162,
    "char_count": 2813,
    "ocr_confidence": 0.456,
    "pagerank": {
      "raw": 4.204985631468752e-08,
      "percentile": 0.2680127296996852
    },
    "sha256": "11fedc4f6e86696f56d56d10430c47b081eea08dcd557d4869024cb43caf0a75",
    "simhash": "1:6ded52a78496d312",
    "word_count": 470
  },
  "last_updated": "2023-07-14T21:13:27.946252+00:00",
  "provenance": {
    "date_added": "2019-08-29",
    "source": "Harvard",
    "batch": "2018"
  },
  "casebody": {
    "judges": [],
    "parties": [
      "Goodrich as adr. vs. Fritz."
    ],
    "opinions": [
      {
        "text": "Scott, J.\nThe only question presented in this case relates to the affidavit prescribed by the 88 th sec. (Digest, p. 126,) o\u00ed the administration statute. During the lifetime of the intestate a judgment was recovered against him, in the circuit court of Johnson county, which, on appeal to this court, was affirmed. Pending this appeal, the intestate departed this life. After this affir-mance, but before a revivor, this judgment was allowed and classed in the probate court, and, on appeal to the circuit court, that allowance and classification was reversed. Afterwards the judgment was revived, in the Johnson circuit court, against the administrator, and, being certified down to the probate court, was classed in that court against the objection of the administrator, who moved for non-suit, urging the want of the affidavit prescribed by the statute. That classification, on appeal to the circuit court, was affirmed, and must be affirmed here. There was no necessity for an affidavit. The action was pending against the intestate on his appeal at the time of his death.' The revivor against the administrator, in the circuit court, allowed the claim, and the overruling of the appellant\u2019s motion for non-suit, and subsequent classification in the probate court, were proper. Digest, 126, sec. 86.\nFinding no error in the judgment of the circuit court, it must be affirmed with costs.",
        "type": "majority",
        "author": "Scott, J."
      }
    ],
    "attorneys": [
      "Batson, for the appellant.",
      "Watkins & Curran, contra."
    ],
    "corrections": "",
    "head_matter": "Goodrich as adr. vs. Fritz.\nWhore judgment is obtained against a party, he appeals to this court, the judgment ia affirmed, but, pending the appeal, he dies, and afterwards the judgment is revived against his administrator, and certified to the Probate Court for classification and allowance, the affidavit prescribed by sec. 88, chap, 4, Digest, is not a prerequisite to the allowance in the Probate Court.\nIt is a case of action pending at the death of the party, within the meaning of sec. 86, chap. 4, Digest, and the revivor against the administrator was an allowance of Hie claim.\nAppeal from the Johnson Circuit Court.\nThe facts are stated in the opinion of this court.\nBatson, for the appellant.\nThe appellee failed to make an affidavit as required by sec. 88, chap. 4, Digest, wherefore the motion for judgment of non-suit against him ought to have been sustained, lb. sec. 93. Ryan etcd.use, &c. vs. Lemon as ad. 2 Eng. 78.\nWatkins & Curran, contra.\nThere was no necessity for an affidavit. The action was pending in this court against the intestate at the time of his death, and subsequently revived in the circuit court against the administrator, and ordered to be paid. Digest, chap. 4, sec. 86, 87. If the administrator had any defence, he should have made it in the circuit court; when that court rendered judgment against him, bis rights were precluded, and the probate court was bound to class the claim."
  },
  "file_name": "0440-01",
  "first_page_order": 440,
  "last_page_order": 441
}
