{
  "id": 8718127,
  "name": "Mayhue v. Matthews",
  "name_abbreviation": "Mayhue v. Matthews",
  "decision_date": "1927-05-16",
  "docket_number": "",
  "first_page": "24",
  "last_page": "26",
  "citations": [
    {
      "type": "official",
      "cite": "174 Ark. 24"
    }
  ],
  "court": {
    "name_abbreviation": "Ark.",
    "id": 8808,
    "name": "Arkansas Supreme Court"
  },
  "jurisdiction": {
    "id": 34,
    "name_long": "Arkansas",
    "name": "Ark."
  },
  "cites_to": [
    {
      "cite": "222 S. W. 705",
      "category": "reporters:state_regional",
      "reporter": "S.W.",
      "opinion_index": 0
    },
    {
      "cite": "144 Ark. 473",
      "category": "reporters:state",
      "reporter": "Ark.",
      "case_ids": [
        1587976
      ],
      "opinion_index": 0,
      "case_paths": [
        "/ark/144/0473-01"
      ]
    },
    {
      "cite": "260 S. W. 432",
      "category": "reporters:state_regional",
      "reporter": "S.W.",
      "opinion_index": 0
    },
    {
      "cite": "163 Ark. 377",
      "category": "reporters:state",
      "reporter": "Ark.",
      "case_ids": [
        1383795
      ],
      "opinion_index": 0,
      "case_paths": [
        "/ark/163/0377-01"
      ]
    }
  ],
  "analysis": {
    "cardinality": 265,
    "char_count": 4333,
    "ocr_confidence": 0.464,
    "pagerank": {
      "raw": 1.0326393611922347e-07,
      "percentile": 0.5486319858802579
    },
    "sha256": "69a3d407e325282166df71aa3aa430bb46069829298c4358836be9644ce6e8d1",
    "simhash": "1:984711cd9b0b2dfd",
    "word_count": 718
  },
  "last_updated": "2024-02-27T16:23:40.975481+00:00",
  "provenance": {
    "date_added": "2019-08-29",
    "source": "Harvard",
    "batch": "2018"
  },
  "casebody": {
    "judges": [],
    "parties": [
      "Mayhue v. Matthews."
    ],
    "opinions": [
      {
        "text": "Smith, J.\nAppellee brought suit in the court of a justice of the peace in Lincoln County against M. and Dan Silbernagel, who were partners doing business as Silbernagel & Company, and against Ambrose Mayhue, their traveling salesman, to recover the sum paid Silber-nagel & Company for fifty sacks of oats. Service of summons was had on Mayhue in Lincoln County, but the members of the firm of Silbernagel & Company were served with process in Jefferson County, in which county they reside and have their place of business.\nThe Silbernagels filed a motion to quash the service on the ground that they lived in and were served with process in Jefferson County, commanding them to appear and answer a cause of action pending in another county. This motion was overruled, and judgment was rendered by the justice, of the peace in plaintiff\u2019s favor, and an appeal was duly prosecuted to the circuit court, where the motion to quash was renewed and again overruled, and exceptions saved.\nTestimony was offered in the circuit court by the plaintiff to the effect that he bought from Mayhue 50 sacks of white oats, whereas there was sold and delivered a lot of oats.which had been bleached and which, when thus treated, were white oats, but were sold as \u201csulphurized bleached,\u201d that name being stamped upon the sacks containing.them. The testimony was also to the effect that the oats were dark and moldy, and that the stock would not eat them. It was admitted by plaintiff, however, that he knew, when he bought the oats, that Mayhue was merely the agent and was acting for Sil-bernagel & Company, his principals.\nUpon this testimony being- offered, the motion to quash the service upon the' ground that plaintiff had contracted with an agent whose principal was disclosed, and the agent was therefore not liable for the damages sued for and was not a proper party thereto, and this being the case there was no authority to maintain the suit against the Silbernagels, who were served in an adjoining county. The motion to quash was again overruled.\nThe case was submitted to the jury under instructions which required a finding, before returning a verdict for the plaintiff, that Mayhue had intentionally misrepresented to plaintiff the kind and quality of oats sold and that Matthews had relied upon these false representations.\nThe testimony was sufficient to warrant the submission of this issue, and the verdict returned in plaintiff\u2019s favor reflects the essential finding\u2019 that Mayhue had fraudulently procured the contract, of sale, and, this being true, he was liable, although he had acted only as agent and had disclosed the name of his principal. Cleveland v. Biggers, 163 Ark. 377, 260 S. W. 432.\nMayhue was properly sned and served with process in Lincoln County, and, this being true, the right existed to sue the Silbernagels there also, although they were served with process in another county. Hoyt v. Ross, 144 Ark. 473, 222 S. W. 705.\nUnder the allegations of the complaint, plaintiff was entitled to judgment against both the agent and his principals, and the testimony sufficiently supports these allegations to sustain the verdict of the jury.\nThe testimony on behalf of plaintiff tends to show that the oats delivered were not the oats purchased, and were valueless, as the stock would not eat them, and there was an offer to return them as soon as their character was discovered, which was within a few days after their delivery, and that this offer was declined.\nThere appears to be no error, so the judgment is affirmed. \u2022",
        "type": "majority",
        "author": "Smith, J."
      }
    ],
    "attorneys": [
      "Bemberger & Beinberger, for appellant.",
      "A. J. Johnson,-for appellee."
    ],
    "corrections": "",
    "head_matter": "Mayhue v. Matthews.\nOpinion delivered May 16, 1927.\n1. Fraud \u2014 sufficiency of evidence. \u2014 Evidence held to justify submission of the issue of fraud in the sale of oats.\n2. Principal and agent \u2014 fraud of agent of disclosed principal.\u2014 Though an agent disclosed his principal, he will he liable for fraudulent misrepresentations in the sale of oats.\n3. Venue \u2014 transitory action \u2014 several defendants. \u2014 In an action against principals and agent for alleged fraudulent representations, where service was obtained on the agent in one county, the principals were properly joined and sued in the same county though they were served with process in another county.\nAppeal from Lincoln Circuit Court; T. G. Parham, Judge;\naffirmed.\nBemberger & Beinberger, for appellant.\nA. J. Johnson,-for appellee."
  },
  "file_name": "0024-01",
  "first_page_order": 42,
  "last_page_order": 44
}
