{
  "id": 8721319,
  "name": "Southern Insurance Company v. Floyd",
  "name_abbreviation": "Southern Insurance Co. v. Floyd",
  "decision_date": "1927-06-13",
  "docket_number": "",
  "first_page": "372",
  "last_page": "377",
  "citations": [
    {
      "type": "official",
      "cite": "174 Ark. 372"
    }
  ],
  "court": {
    "name_abbreviation": "Ark.",
    "id": 8808,
    "name": "Arkansas Supreme Court"
  },
  "jurisdiction": {
    "id": 34,
    "name_long": "Arkansas",
    "name": "Ark."
  },
  "cites_to": [
    {
      "cite": "218 S. W. 371",
      "category": "reporters:state_regional",
      "reporter": "S.W.",
      "opinion_index": 0
    },
    {
      "cite": "142 Ark. 240",
      "category": "reporters:state",
      "reporter": "Ark.",
      "case_ids": [
        1590534
      ],
      "opinion_index": 0,
      "case_paths": [
        "/ark/142/0240-01"
      ]
    },
    {
      "cite": "244 S. W. 719",
      "category": "reporters:state_regional",
      "reporter": "S.W.",
      "opinion_index": 0
    },
    {
      "cite": "155 Ark. 450",
      "category": "reporters:state",
      "reporter": "Ark.",
      "case_ids": [
        1360544
      ],
      "opinion_index": 0,
      "case_paths": [
        "/ark/155/0450-01"
      ]
    },
    {
      "cite": "255 S. W. 6",
      "category": "reporters:state_regional",
      "reporter": "S.W.",
      "opinion_index": 0
    },
    {
      "cite": "160 Ark. 571",
      "category": "reporters:state",
      "reporter": "Ark.",
      "case_ids": [
        8724262
      ],
      "opinion_index": 0,
      "case_paths": [
        "/ark/160/0571-01"
      ]
    },
    {
      "cite": "266 S. W. 449",
      "category": "reporters:state_regional",
      "reporter": "S.W.",
      "opinion_index": 0
    },
    {
      "cite": "166 Ark. 490",
      "category": "reporters:state",
      "reporter": "Ark.",
      "case_ids": [
        1378610
      ],
      "opinion_index": 0,
      "case_paths": [
        "/ark/166/0490-01"
      ]
    },
    {
      "cite": "279 S. W. 15",
      "category": "reporters:state_regional",
      "reporter": "S.W.",
      "opinion_index": 0
    },
    {
      "cite": "169 Ark. 968",
      "category": "reporters:state",
      "reporter": "Ark.",
      "case_ids": [
        1373924
      ],
      "opinion_index": 0,
      "case_paths": [
        "/ark/169/0968-01"
      ]
    },
    {
      "cite": "16 L. R. A. (N. S.), 1180",
      "category": "reporters:federal",
      "reporter": "L.R.A.N.S.",
      "opinion_index": 0
    },
    {
      "cite": "96 S. W. 365",
      "category": "reporters:state_regional",
      "reporter": "S.W.",
      "opinion_index": 0
    },
    {
      "cite": "79 Ark. 315",
      "category": "reporters:state",
      "reporter": "Ark.",
      "case_ids": [
        1495616
      ],
      "opinion_index": 0,
      "case_paths": [
        "/ark/79/0315-01"
      ]
    },
    {
      "cite": "196 S. W. 792",
      "category": "reporters:state_regional",
      "reporter": "S.W.",
      "opinion_index": 0
    },
    {
      "cite": "129 Ark. 450",
      "category": "reporters:state",
      "reporter": "Ark.",
      "case_ids": [
        1580489
      ],
      "opinion_index": 0,
      "case_paths": [
        "/ark/129/0450-01"
      ]
    },
    {
      "cite": "293 S. W. 1045",
      "category": "reporters:state_regional",
      "reporter": "S.W.",
      "opinion_index": 0
    },
    {
      "cite": "173 Ark. 921",
      "category": "reporters:state",
      "reporter": "Ark.",
      "case_ids": [
        8725185
      ],
      "opinion_index": 0,
      "case_paths": [
        "/ark/173/0921-01"
      ]
    }
  ],
  "analysis": {
    "cardinality": 516,
    "char_count": 10281,
    "ocr_confidence": 0.491,
    "pagerank": {
      "raw": 1.4758397059601995e-07,
      "percentile": 0.6601433133746407
    },
    "sha256": "39438c2aca44f238fe5a64d6bf65fb49212d5412913bcab3fae8606fd2e314e1",
    "simhash": "1:2623f3ee4a34b442",
    "word_count": 1738
  },
  "last_updated": "2024-02-27T16:23:40.975481+00:00",
  "provenance": {
    "date_added": "2019-08-29",
    "source": "Harvard",
    "batch": "2018"
  },
  "casebody": {
    "judges": [],
    "parties": [
      "Southern Insurance Company v. Floyd."
    ],
    "opinions": [
      {
        "text": "Smith, J.\nAppellant insurance company issued a policy of insurance to W. M.. Floyd, payable to bis wife, for the sum of $100, and increasing $20 per month until a maximum of $1,000 was reached. The insured died August 5, 1925, and the policy at that time, if valid, was worth $580, and the beneficiary brought suit for that amount, together with penalty and attorney\u2019s fee. The policy was written July 8, 1923, and the insured was not required t\u00f3 submit to a medical examination to obtain it. \u2018 He was required, however, to make an application in which numerous questions were asked concerning the existing and previous condition of his health.\nThe question was asked: \u201cGive the name and address of doctor last consulted and date,\u201d to which question the applicant answered: \u201cDoctor Downey, of Cecil, Arkansas \u2014 9 years' ago.\u201d\nCertain diseases were specifically inquired about, one of these being rheumatism, and the' applicant answered: \u201cI had one attack of rheumatism about--6 years ago.\u201d\nThe application contained the question: \u201cHave you ever had any disease of the following organs -. lungs\u2014 tuberculosis?\u201d and to each of these questions the applicant answered: \u201cNo.\u201d\nAfter answering the various questions asked, the applicant signed the following statement:\n\u201cIt is hereby understood and agreed that each and all of the foregoing statements and answers were made by me to ..obtain a policy of insurance in the Southern Mutual Life Association, and in consideration of the reduced- rate of the policy which may \u25a0 be issued 'me hereon, and the fact that no medical examination is required; the Southern'Mutual Life Association, relying solely on my statements and answers, to questions contained herein for information as to -my eligibility, I do hereby warrant and declare said answers and statements to be absolutely full, tru\u00e9 and complete. It is hereby covenanted, declared and agreed that all statements answers and provision's contained in this application shall, together with the by-laws governing said association (now in force or which may hereafter be adopted) be the basis of and form a part of the contract between the applicant and said association, and the policy which may be issued upon this application shall be accepted by said applicant upon the express condition that, if any statements or answers in said application are untrue or are in violation of any term or condition or covenant of said policy or by-laws (now in force or which may hereafter be adopted), then said policy shall be null and void, and all benefits thereunder shall be forfeited. \u2019 \u2019\nThe testimony shows that the insured died of tuberculosis on the 5th day of August, 1925, and it is insisted by the insurance company that the insured was suffering frqm that disease at the time the policy was issued, and that this condition constituted a breach of the warranty to the contrary, which invalidated the policy. It is also insisted by the .insurance company that the applicant falsely stated that the last physician consulted by- him was Dr. Downey, nine years prior to the date of the application, whereas the insured had consulted and been treated by Dr. Hill, of Mulberry, Arkansas, six years before the date of the application.-\nThe court gave, at appellant\u2019s request; an instruction which told the jury that the answers contained in the application were warranties, and that, if the answers were false, there could be no recovery on the policy sued on, but appellant insists that, under the undisputed testimony, a verdict should have been directed in its favor, for the reason that the insured had tuberculosis at the time of his application, and made a false statement as to the date when he had last consulted a physician.\nThe following testimony was offered tending,, to show that the insured had tuberculosis at the date of his application: The father of the insured, made an affidavit to that effect, but, when called as a witness by appellant, he repudiated the affidavit and testified that he could not read or write, and that the affidavit had not been read over to him, and that he did not state that his son, the insured, had tuberculosis. An attempt was made to offer in evidence an affidavit mad\u00a7 by Dr., Hill, who attended the insured in his last,, illness. In Dr. Hill\u2019s affidavit he stated that he had. treated .the insured for tuberculosis in 1920 and 1922, which was prior to the application for the policy. Dr. Hill was dead at the time of the trial, and an objection was sustained to the introduction of his affidavit upon the ground that the matter was privileged and that the affidavit was hearsay. There was no error in this ruling. This affidavit was not a deposition, and was properly, excluded by the court. .\nDr. J. E. Johnson, a physician in charge of a hospital devoted to the treatment of tuberculosis in Fort Smith, testified that he treated the insured for. tuberculosis in June, 1924, and that the case was then chronic. This, however, was practically a year after the date of the application, and Dr. J. B. Trice, who was called as a witness for appellee, testified that the disease of. tuberculosis could become chronic in that time. .\nA. B. Henderson, a druggist, testified that, in the fall and winter of 1921 and 1922, the insured was about five feet eight inches tall, weighed only about 135 pounds, arid was stoop-shouldered and thin-chested and had a sallow complexion, and that he saw Dr. Hill give the insured a medicine which was used in the treatment of tuberculosis. The witness could not state, however, that the medicine- had been prescribed for the insured himself.\nWe cannot say that the jury , must necessarily have found, from this testimony that the insured had tuber-ciilosis at the. date of his application.\nIn the very recent case of Modern Woodmen of America v. Whittaker, 173 Ark. 921, 293 S. W. 1045, it was held that the statement, of an applicant for insurance, which was made a warranty by the provisions of the application, that he was in good health, should be construed as meaning only that the insured believed himself to he in good health.\nIt is also insisted for the.reversal of the judgment, in the plaintiff\u2019s favor that the insured falsely answered that he had last been treated by Dr' Downey nine years before the date of the application, whereas the testimony showed he had. been treated six years prior to that date by Dr. Hill for rheumatism.\nThis last testimony was elicited from the beneficiary in the policy, who testified in her own behalf. She testified that she was present, when the application for the. insurance was made, and that her husband stated to the agent of the insurance coihpany, who filled the blanks, that Dr. Hill had treated h\u00e9r husband for rheumatism, six years prior to that date, but that' it appeared the agent had not written clown the answer in full.\nIn the case of Mutual Aid Union v. Blackmall, 129 Ark. 450, 196 S. W. 792, it was held that \u201cknowledge affecting the rights of the insured which comes to the agent of the insurance company while he is performing the duties of his agency in receiving applications for insurance and delivering policies, becomes the knowledge of the company; and the insurance company is bound thereby, in spite of a provision in the policy to the contrary, where the agent who solicited the business was charged with the duty of asking the applicant questions ' concerning his physical condition. \u201d - See \u25a0 also People's Fire Ins. Assn. of Ark. v. Goyne, 79 Ark. 315, 96 S. W. 365, 16 L. R. A. (N. S.), 1180; Springfield Mutual Assn. v. Atnip, 169 Ark. 968, 279 S. W. 15; Ark. State Life Ins. Co. v. Allen, 166 Ark. 490, 266 S. W. 449; Old Am. Ins. Co. v. Wexman, 160 Ark. 571, 255 S. W. 6; Home Mut. Ben. Assn. v. Rowland, 155 Ark. 450, 244 S. W. 719; Home Mut. Ben. Assn. v. Mayfield, 142 Ark. 240, 218 S. W. 371.\nThe testimony of - the beneficiary is to the effect that the applicant correctly and truthfully answered the questions as to the. names of the physicians who had treated her husband, and is. to the effect that there was no collusion between the company\u2019s agent and the insured. Moreover, the application contains the answer that the applicant had an attack of rheumatism six years before the date of the application, so that the insurance company was advised of that fact when the policy was written, this being the occasion. when the. beneficiary testified her husband had been treated by Dr. Hill. \u25a0 In the' application. the. insured was asked to give the names of two doctors who.knew him, and the name, and- address -of Dr.-Hill was. given, in ansiver to-this .question.,\n\u25a0 \u2022 \u25a0 Under the facts stated we cannot say, that the jury was not warranted in finding that ther.e ,-bad, been no breach of the Avarranty in either of the particula-rs stated, and the judgment-must therefore be affirmed, and it -is so ordered. . \u25a0 . \u25a0 . \u25a0 \u2022",
        "type": "majority",
        "author": "Smith, J."
      }
    ],
    "attorneys": [
      "John L. Crank, for appellant.",
      "George G. Stoekard, for appellee."
    ],
    "corrections": "",
    "head_matter": "Southern Insurance Company v. Floyd.\nOpinion delivered June 13, 1927.\n1. \u2022 Insurance \u2014 jury question. \u2014 In an action on a policy of life insurance, evidence held to raise'the question for the jury whether insured had tuberculosis at the time of his application, in which he made the statement that he had never had tuberculosis.\n2. Evidence \u2014 hearsay \u2014 privileged matter. \u2014 In an action on a life insurance policy in which the insurer contended that insured had tuberculosis at the time of the application and affidavit of deceased doctor, who attended, insured in his last illness, that he treated insured for tuberculosis prior to application, was inadmis- . sible both as being privileged matter and as matter of hearsay.\n3. Insurance \u2014 knowledge of agent.' \u2014 Knowledge relating to the physical condition of the insured which comes to the agent of the \u2022 insurance company, while he is performing the duties of his agency in receiving applications for insurance and delivering, policies, becomes the knowledge of the company, and the insurance company is bound thereby, in spite of a provision in the policy to the contrary, where the agent who solicited the business was charged with the duty of asking the applicant questions concerning his physical condition.\nAppeal from Crawford Circuit Court; James Cochran, Judge;\naffirmed.'\nJohn L. Crank, for appellant.\nGeorge G. Stoekard, for appellee."
  },
  "file_name": "0372-01",
  "first_page_order": 390,
  "last_page_order": 395
}
