{
  "id": 8721552,
  "name": "Hopkins v. State",
  "name_abbreviation": "Hopkins v. State",
  "decision_date": "1927-06-13",
  "docket_number": "",
  "first_page": "391",
  "last_page": "396",
  "citations": [
    {
      "type": "official",
      "cite": "174 Ark. 391"
    }
  ],
  "court": {
    "name_abbreviation": "Ark.",
    "id": 8808,
    "name": "Arkansas Supreme Court"
  },
  "jurisdiction": {
    "id": 34,
    "name_long": "Arkansas",
    "name": "Ark."
  },
  "cites_to": [
    {
      "cite": "281 S. W. 369",
      "category": "reporters:state_regional",
      "reporter": "S.W.",
      "opinion_index": 0
    },
    {
      "cite": "170 Ark. 1192",
      "category": "reporters:state",
      "reporter": "Ark.",
      "opinion_index": 0
    },
    {
      "cite": "279 S. W. 997",
      "category": "reporters:state_regional",
      "reporter": "S.W.",
      "opinion_index": 0
    },
    {
      "cite": "170 Ark. 329",
      "category": "reporters:state",
      "reporter": "Ark.",
      "case_ids": [
        1371578
      ],
      "opinion_index": 0,
      "case_paths": [
        "/ark/170/0329-01"
      ]
    },
    {
      "cite": "291 S. W. 85",
      "category": "reporters:state_regional",
      "reporter": "S.W.",
      "opinion_index": 0
    },
    {
      "cite": "172 Ark. 983",
      "category": "reporters:state",
      "reporter": "Ark.",
      "case_ids": [
        1407896
      ],
      "opinion_index": 0,
      "case_paths": [
        "/ark/172/0983-01"
      ]
    },
    {
      "cite": "49 S. W. 815",
      "category": "reporters:state_regional",
      "reporter": "S.W.",
      "opinion_index": 0
    },
    {
      "cite": "66 Ark. 206",
      "category": "reporters:state",
      "reporter": "Ark.",
      "case_ids": [
        1909794
      ],
      "opinion_index": 0,
      "case_paths": [
        "/ark/66/0206-01"
      ]
    },
    {
      "cite": "178 S. W. 914",
      "category": "reporters:state_regional",
      "reporter": "S.W.",
      "opinion_index": 0
    },
    {
      "cite": "119 Ark. 152",
      "category": "reporters:state",
      "reporter": "Ark.",
      "case_ids": [
        8718273
      ],
      "opinion_index": 0,
      "case_paths": [
        "/ark/119/0152-01"
      ]
    },
    {
      "cite": "42 N. W. 185",
      "category": "reporters:state_regional",
      "reporter": "N.W.",
      "opinion_index": 0
    },
    {
      "cite": "3 A. L. R. 1694",
      "category": "reporters:specialty",
      "reporter": "A.L.R.",
      "opinion_index": 0
    },
    {
      "cite": "175 Pac. 190",
      "category": "reporters:state_regional",
      "reporter": "P.",
      "case_ids": [
        8577584
      ],
      "opinion_index": 0,
      "case_paths": [
        "/nev/42/0185-01"
      ]
    },
    {
      "cite": "198 Pac. 288",
      "category": "reporters:state_regional",
      "reporter": "P.",
      "case_ids": [
        4944555
      ],
      "weight": 3,
      "opinion_index": 0,
      "case_paths": [
        "/ariz/22/0418-01"
      ]
    }
  ],
  "analysis": {
    "cardinality": 602,
    "char_count": 11296,
    "ocr_confidence": 0.474,
    "pagerank": {
      "raw": 2.2621332983208638e-07,
      "percentile": 0.782750654574842
    },
    "sha256": "df781388451fb808f69dde88190b0b755264b6e9d57bfb7017401e29aaeaef45",
    "simhash": "1:8321ad53f236fdb9",
    "word_count": 1925
  },
  "last_updated": "2024-02-27T16:23:40.975481+00:00",
  "provenance": {
    "date_added": "2019-08-29",
    "source": "Harvard",
    "batch": "2018"
  },
  "casebody": {
    "judges": [],
    "parties": [
      "Hopkins v. State."
    ],
    "opinions": [
      {
        "text": "Smith, J.\nAppellant was tried-under an indictment charging Mm with the crimes of burglary and grand larceny. He was acquitted on the larceny charge, but was convicted on the burglary -count of. the indictment and given a sentence .in the State Penitentiary.\nA .bank at Altus had been entered by burglars, who, after entering the vault where the Safety deposit boxes were kept, broke into several of these boxes. \u201cWhen the sheriff arrived at the scene he observed finger !prints -on the boxes, and he caused photographs of these finger prints to be made. Appellant had been confined in the State Penitentiary, and while there his finger prints had been taken, and at his trial W. H. Bennett, who testified that he was an expert in the comparison and identification of finger prints, having devoted many years to that study, further testified that the finger prints on the boxes were identical with those of appellant made at the penitentiary.\nThe witness Bennett .was subjected to a searching cross-examination by counsel for appellant, in the course of which he stated that the finger prints of no two persons .were identical. After eliciting this opinion, counsel for appellant moved to exclude it, and assigned as error the refusal of the court so to do.\nWe think that no error was committed in this ruling, for the reason, first, that counsel\u2019s cross-examination brought out the answer. A second reason is that the witness stated that his answer was not an opinion, but was a fact, which had been demonstrated to be true after multiplied thousands of tests, and. that he himself had made innumerable tests without finding any finger prints of different individuals to be identical.\nThe case of Moon v. State of Arizona, 198 Pac. 288, 22 Ariz. 418, annotated in 16 A. L. B. 362, gives an interesting review of the development of the study of finger prints, and in the annotator\u2019s note it is said that the courts have uniformly held that evidence as to the correspondence of finger prints is admissible to prove identity.\nThe cross-examination of the witness Bennett was devoted to an attempt to discredit the ability of the witness to distinguish between different finger prints, and, upon the redirect examination of the witness by the prosecuting attorney, the record contains the following-recitals : \u2018 \u2018 At this point the prosecuting attorney requested the court to permit the -witness to make a demonstration to the jury of his ability to compare finger prints. The court granted the request over the objections and exceptions of the defendant. Whereupon the witness, in the presence of the jury and with the assistance of the sheriff, had each of the jurors to place his left thumb on a piece of paper and sign his name thereto. Witness left the room, and the sheriff had Mr. W. T. Blaylock, one of the jurors, to place his left thumb on a piece of paper Avithout his name. Witness was called back and given these pieces of paper. After a few minutes, he said it was Mr. Blaylock\u2019s finger print.\u201d\nCounsel for appellant asked the court to exclude from the consideration of the jury this demonstration, and to admonish the jury to disregard.it, and an exception was saAmd to the refusal of the court to so instruct the jury.\nIn the case of Moon v. State of Arizona, supra, the exact demonstration permitted in this case was made, and that action Avas assigned as error, but the Supreme Court of Arizona, after saying that there Avas no pretense that any trick or device had been employed, held that the test Avas proper to determine the skill of the witness in identifying finger prints.\nIn holding that no error had been committed, the court quoted from the brief of counsel for the State as follows: \u201cTo a layman, unsophisticated and incredulous, the idea that a finger laid on a clean sheet of paper, leaving no visible trace, thereby leaves a signature upon that paper, absolutely and positively, is a fact startling enough, but to see that finger print development under the finger-print powder is a demonstration impressive and convincing. It might well be that, until a juryman Avitnessed this demonstration, he Avould never believe that a plain porcelain slab would reveal the incriminating finger print, but, having seen their own finger prints developed from invisible impressions on sheets of paper, it was no longer a question of speculation; it was to the juryman a fact as commonplace as radium, or Avireless, or flying in the air.\u201d\nThe court further said that, \u201cfor obvious reasons, the admission of experimental testimony must largely rest in. the discretion of the trial judge, and the exercise of this discretion will not he controlled, unless it is manifestly-abused.\u201d- ... . .\nSee also the annotated case of State of Nevada v. Kuhl, 175 Pac. 190, 3 A. L. R. 1694, 42 N. W. 185, where a somewhat similar demonstration-..was made in the. presence of the jury, and the- testimony held admissible, after an extensive review of the authorities. . .\nIt has always been held competent to examine a witness who proposes to testify as an .expert, touching his qualifications as such.\nAt \u00a7 62 of the -chapter on \u201cExpert and Opinion Evidence,\u201d in 11 R. C. L. page 646, it is.said that: \u201cHe (the expert) may also 'be subjected to tests to determine the value of his opinion. Thus a handwriting expert has often, been required to pass. .on. other signatures submitted to him on the witness stand,-though, they were not relevant to the case.\u201d There is;a. conflict in the authorities, however, as to. whether this exarnination should be confined to writings already in evidence. .\nThe presiding judge wrote, into the bill of exceptions-the following statement :\u2022 - \u25a0\n\u2022 \u201cWhile the jury-were deliberating on the case of the State of Arkansas v. Willard Hopkins, and after the same had been submitted to them and after they had been deliberating for -a considerable period of time, without h\u00e1ving reached a verdict,- one of their number, Mr. Will Mullens, as I understand his name, came to me and asked me if they could find the defendant guilty and recommend in their verdict that his sentence be suspended during the time he remained within the jurisdiction of the court and supported his widowed mother. I told- him they could do this, but that it was not binding on the court.- This was in the absence of the defendant, his'counsel and the other jurors. Later in that day another member of the jury on this case, Mr. Eli Turner, as I understood his name, came t\u00f3 me and asked me practically the same question that Mr. Mullens did, and I -told him that they could. This was also in the absence of the defendant, his counsel, and the other members of the jury. I further certify .that, shortly thereafter, the jury brought into open, court a verdict finding the. defendant guilty of burglary and not .guilty of grand larceny, with the recommendation in accordance with what I told them they could do.\u201d . , .\nThe Attorney General has virtually confessed-that this proceeding was erroneous, and such we think it w\u00e1s.\nIn the cas\u00e9 of Pearson v. State, 119 Ark. 152, 178 S. W. 914, a member of the jury addressed the following note to the presiding judge: \u201cIf.the jury should find the defendant guilty as \u00a1charged in the indictment with a recommendation for leniency, has your Honor the authority and will you assess his punishment at twenty-one years in the State Penitentiary, or for life?\u201d The judge answered the above note by writing thereon the word \u201cNo.\u201d When this communication was had between the court and the jury, neither the defendant nor his attorneys were present, and they knew nothing about the incident. It was there said:\n\u201cTherefore, treating the exception as true, the court erred in communicating with the jury ifi the manner set up in this exception, in the absence of the defendant and his counsel. This inquiry on the part of the jury and the answer thereto by the court was tantamount to giving instructions to the jury in the absence of the defendant and his counsel. If the appellant or his . counsel had been present, then they might have objected to the court\u2019s answering the inquiry in any manner :at all, and they might have objected to the answer that the court gave. It is unnecessary to determine whether the answer was correct. In Kinnemer v. State, 66 Ark. 206, 49 S. W. 815, the court re-read the instructions to the jury in the absence of the defendant exactly as at first given before the jury retired to consider of their verdict. Of this procedure, we said: \u2018 The instructions could not be re-read in his absence, for, although they were read exactly as at first given, the defendant had the right to know and see that such was- the case, and to he present for that purpose\u2019 \u201d (citing authorities).\nIn the recent case of Wacaster v. State, 172 Ark. 983, 291 S. W. 85, it was said:\n\u201cSection 3192, Crawford & Moses\u2019 Digest, provides how a jury, after it has retired for deliberation, shall acquire information on any point of law or about any part of the evidence, if there is a disagreement, that they must require the officer to conduct them into court, where the information required must be given in- the presence of, or after notice to, the counsel of the parties. Its provisions are mandatory. \u2019 \u2019\nSee also Wawak and Vaught v. State, 170 Ark. 329, 279 S. W. 997, and Aydelotte v. State, 170 Ark. 1192, 281 S. W. 369.\nThe court should not have charged the individual jurtfrs as to the law of the case in the absence of the accused and his counsel, and, for this error, the judg*ment must be reversed, and the cause will be remanded for a new trial.",
        "type": "majority",
        "author": "Smith, J."
      }
    ],
    "attorneys": [
      "J. D. Ne\u00abso\u00ab, for appellant.",
      "B. W. Applegate, Attorney General, and Darden Moose, Assistant, for appellee."
    ],
    "corrections": "",
    "head_matter": "Hopkins v. State.\nOpinion delivered June 13, 1927.\nCriminal law \u2014 testimony brought out on cross-examination, \u2014In a prosecution for burglary,, it \u25a0 was not error, to refuse defendant\u2019s motion to exclude evidence of the State\u2019s witness that finger prints of no two persons were identical where such testimony- was elicited1 by defendant nn cross-examination. \u2022 .\nCriminal law \u2014 opinion -op expert ' witness. \u2014 In a prosecution for burglary, \u00e1 motion by defendant to exclude the testimony of \u25a0an. expert witness on- behalf of the State, that finger prints of no two persons were identical, was properly refused, where the witness stated that his' answer .was not a matter of opinion but one of fact, as demonstrated by multiplied thousands of tests.\nCriminal law \u2014 -demonstration of witness\u2019 ability to distinguish finger prints. \u2014 In' a prosecution for burglary,\u2019 refusal to-exclude from consideration of the . jury a demonstration of the ability of a witness to distinguish finger prints, and refusal to admonish the jury to disregard it, held not-error, since it is competent to examine the witness who proposes to testify as \u2018 an expert touching his qualifications.\nCriminal law \u2014 charge to jurors in defendant\u2019s absence1. \u2014 id a prosecution for burglary, it' was reversible- error for' the court to charge individual jurors as to the law of the case in. the absence of accused and his. counsel, and after the jury had been deliberating for a considerable period of time without reaching a verdict. \u25a0 -\nAppeal from Franklin Circuit Court, Ozark District ; J. 0. Kinccmnon, Judge;\nreversed.\nJ. D. Ne\u00abso\u00ab, for appellant.\nB. W. Applegate, Attorney General, and Darden Moose, Assistant, for appellee."
  },
  "file_name": "0391-01",
  "first_page_order": 409,
  "last_page_order": 414
}
