{
  "id": 8725711,
  "name": "St. Louis-San Francisco Railway Company v. Oxford",
  "name_abbreviation": "St. Louis-San Francisco Railway Co. v. Oxford",
  "decision_date": "1927-10-03",
  "docket_number": "",
  "first_page": "966",
  "last_page": "971",
  "citations": [
    {
      "type": "official",
      "cite": "174 Ark. 966"
    }
  ],
  "court": {
    "name_abbreviation": "Ark.",
    "id": 8808,
    "name": "Arkansas Supreme Court"
  },
  "jurisdiction": {
    "id": 34,
    "name_long": "Arkansas",
    "name": "Ark."
  },
  "cites_to": [
    {
      "cite": "217 U. S. 524",
      "category": "reporters:federal",
      "reporter": "U.S.",
      "case_ids": [
        407818
      ],
      "weight": 2,
      "opinion_index": 0,
      "case_paths": [
        "/us/217/0524-01"
      ]
    },
    {
      "cite": "55 S. E. 965",
      "category": "reporters:state_regional",
      "reporter": "S.E.",
      "opinion_index": 0
    },
    {
      "cite": "126 Ga. 794",
      "category": "reporters:state",
      "reporter": "Ga.",
      "case_ids": [
        446443
      ],
      "opinion_index": 0,
      "case_paths": [
        "/ga/126/0794-01"
      ]
    },
    {
      "cite": "126 Miss. 693",
      "category": "reporters:state",
      "reporter": "Miss.",
      "case_ids": [
        773595
      ],
      "weight": 2,
      "opinion_index": 0,
      "case_paths": [
        "/miss/126/0693-01"
      ]
    },
    {
      "cite": "247 S. W. 53",
      "category": "reporters:state_regional",
      "reporter": "S.W.",
      "opinion_index": 0
    },
    {
      "cite": "157 Ark. 27",
      "category": "reporters:state",
      "reporter": "Ark.",
      "case_ids": [
        1357206
      ],
      "opinion_index": 0,
      "case_paths": [
        "/ark/157/0027-01"
      ]
    }
  ],
  "analysis": {
    "cardinality": 525,
    "char_count": 10076,
    "ocr_confidence": 0.497,
    "pagerank": {
      "raw": 2.38648277059564e-07,
      "percentile": 0.7973800789157978
    },
    "sha256": "67b40b4f6b401052ff550a13b0e988987cc31fe497a576c9a165a7bb056ad558",
    "simhash": "1:dd63c042a7eeb558",
    "word_count": 1710
  },
  "last_updated": "2024-02-27T16:23:40.975481+00:00",
  "provenance": {
    "date_added": "2019-08-29",
    "source": "Harvard",
    "batch": "2018"
  },
  "casebody": {
    "judges": [],
    "parties": [
      "St. Louis-San Francisco Railway Company v. Oxford."
    ],
    "opinions": [
      {
        "text": "Humphreys, J.\nThese are appeals from five judgments .rendered in the circuit court of Mississippi County against appellant, four of them for $2,500 each in favor of Florence Oxford, for the death of her four minor children, resulting from a collision of .appellant\u2019s train with an automobile in which the children were riding, through the alleged negligence of appellant\u2019s employees in operating the train, and one in favor of Theodore Oxford .for $1,500, for the death of his father and mother and injuries received by himself in the same collision. The separate judgments were rendered upon five separate complaints and answers in response to five separate verdicts returned in a single trial of the five separate cases, under an order of the trial court consolidating them for the purpose of expediting and saving time and costs, pursuant to the provisions of \u00a7 1081 of Crawford & Moses\u2019 Digest, which is as follows:\n\u201cWhen causes of action of a like nature or relative to the same question are pending before any of the circuit or chancery courts of this State, the court may make such orders and rules concerning the proceedings therein as may he conformable to the usages of courts for avoiding unnecessary costs or delay in the administration of justice, and may consolidate said causes when it appears reasonable to do so.\u201d\nA motion for a new trial was filed in each case, and, when overruled, separate appeals were prayed and granted, but, by order of court and agreement of the parties, one hill of exceptions was prepared and filed as part of the record to be used on appeal in each case. After the several suits were filed and service obtained, appellant filed a petition and bond in due form in each of Florence Oxford\u2019s cases to transfer them to the Federal court, because of a diversity in citizenship, and upon the alleged ground that said appellee had split her cause of action to reduce the amount for the fraudulent purpose of preventing a removal. The court overruled each petition, over the separate objections and exceptions of appellant. After the trial court consolidated the four cases with the Theodore Oxford case for the purposes set out above, appellant again filed a.petition and bond for the removal of the Florence Oxford cases to the Federal court, for the reason that the consolidated cases constituted one suit for $12,000. The court overruled the motion, to which appellant entered an objection and saved an' exception. The grounds of negligence alleged in each complaint and denied in each answer are as follows:\n\u201c (1) . Failing to keep a lookout as required by law. (2) Failing to give warning of the approach of the train by sounding the whistle and ringing the bell. (3) Failing to signal for said crossing as required by law. .(4) Failing to stop the train after discovering the peril of deceased-. (5) Operating the train at a dangerous and excessive rate of speed over- the crossing and in nearing the station.\u201d\nA supplementary motion for a new trial was filed, assailing the integrity of the trial on account of the alleged disqualification of one of the jurors, in part as follows:\n\u201cDefendant (appellant), for a further ground upon which the verdict of the jury should be set aside and' defendant (appellant) be granted a new trial, is that' one Ira Crawford was selected as a juror was selected to try this cause of action. While being examined touching his qualifications as a juror, he stated he knew nothing of the facts of the case, had not talked to any one else who knew the facts, and, if chosen as a juror, he would try the case without bias or prejudice. As a matter of fact, \u2019 defendant (appellant) charges that the said Ira Crawford, on the evening following* the collision, the subject-matter of this suit was' discussed by him with an eye-witness to the said collision, land interrogated said eye-witness, Mrs. Maggie Hawkins, who told the said Ira Crawford the details of the collision as witnessed by her.' Later, lat night, about April 20, 1926, the said Ira Craw-' ford 'again visited the said Maggie Hawkins at her home, at which time he talked over the details of said collision with the said Maggie Hawkins. The said Ira Crawford made two other visits, between his first and last visit above mentioned, to the home of Maggie Hawkins for the purpose of soliciting and receiving detailed information of the said.collision from said Maggie Hawkins.\u201d The allegations relative to the disqualification of the juror were supported by the affidavits of Clarence and Maggie Hawkins and Andrew and Lucy Smith. The attorneys for appellant made and filed affidavits that the matters and things set out in the affidavits of the Hawkins and Smiths were unknown to them and all of them until after the submission of the case to the jury, and that they never obtained definite information until after the verdicts were returned.\nAppellant seeks a reversal of the judgments because the trial court overruled its motion to remove Florence Oxford\u2019s four cases to the Federal court. It contends that the four cases were in fact one cause or right of action split in four amounts of $3,000, less than the amount necessary to give the Federal court jurisdiction. The rule contended for by appellant pertains when personal property is damaged, lost or destroyed through the negligence of another. St. Louis & San Francisco Railroad Co. v. Davis, 157 Ark. 27, 247 S. W. 53. Not so \u201cwhere two or more' persons are killed through the negligence of another, and the cause of action for the death of each inures to the same parties.\u201d Payne v. Moore, 126 Miss. 693, 89 So. 225; King v. Ray Co., 126 Ga. 794, 55 S. E. 965; So. Ry. Co. v. King, 217 U. S. 524, 30 S. Ct. 594, 54 L. ed. 868.\nThe consolidation of the causes for the purpose of trial only did not have the effect of merging the separate causes of action into a single cause of action. The identity of the separate causes of action was maintained throughout the trial. The complaint, answers, verdicts, judgments and motions for a new trial were all separate.\nAppellant also seeks a reversal of the judgments because the trial court refused to instruct the. jury as follows in the Theodore Oxford case: \u201cYou. are instructed that Theodore Oxford cannot, even if the defendant was negligent, recover for the death of his mother, for the reason that his right vests in the father or husband only, and does not survive the father or husband.\u201d\nSection 1075 of Crawford & Moses\u2019 Digest vests the right of action in children of parents who have been killed through the negligence of others. In the instant case the father, mother, brother and sister of Theodore Oxford were killed in the collision, leaving Theodore, an eight-year-old child,'the only heir and next of kin .of both his father and mother. Of course a child of tender age must necessarily suffer pecuniary loss if deprived of the care and association of his mother.\nAppellant also seeks a reversal of the judgments because the trial court overruled the last ground of its' motion for a new trial, to the effect that the juror, Ira Crawford, was disqualified to act. The evidence fully sustains. the charge that the juror was a partisan of appellees: In order to render a fair and impartial verdict, jurors\u2019 minds must be unbiased and free from prejudice, else the stream of justice will be impure. Equal and exact justice cannot be administered to all save by impartial minds. In the instant case the juror\u2019s activity in behalf of appellees revealed a condition of mind clearly precluding him from sitting in judgment on the case. He was wholly and entirely disqualified, and his disqualification destroyed the integrity of the trial. The verdicts and judgments will have to be reversed for this reason, if no other.\nThe reversal of the judgments will, eliminate the necessity of considering and discussing the alleged exces-siveness of the judgment in favor of Theodore Oxford, and, as there must be a remand of the causes for a new trial on account of the error indicated, we deem it inappropriate to discuss the sufficiency of the testimony to support the verdicts and consequent judgments. There may be additional testimony on a new trial of the cause.\nThe judgments are reversed, and the causes are remanded for a new trial.",
        "type": "majority",
        "author": "Humphreys, J."
      }
    ],
    "attorneys": [
      "E. T. Miller, E. L. Westbroohe, Jr., and E. L. West-broohe, for appellant.",
      "Harrison, Smith & Taylor, for appellee."
    ],
    "corrections": "",
    "head_matter": "St. Louis-San Francisco Railway Company v. Oxford.\nOpinion delivered October 3, 1927.\n1. Removal op causes \u2014 separate, causes op action. \u2014 The rule requiring' the removal to the Federal court of cases constituting one cause of action, split into the separate amounts, less than necessary to give such court jurisdiction, pertains when personal property is damaged, lost, or destroyed through another\u2019s negligence, hut not so when two or more persons are killed through the negligence of another, and the cause of action for each death inures to the same parties.\n2. Removal op causes^-consolidation of cases. \u2014 For the purpose of the right to removal to the Federal court, the consolidation for trial of separate causes of action against a railroad company for the death of four persons did not have effect of merging them into a single cause of action, where the identity of each cause of action was maintained throughout the trial.\n3. Death \u2014 Recovery ry minor son for mother\u2019s death. \u2014 An eight-year-old boy, whose parents, .brother and sister were killed in a railroad crossing collision, leaving him the only heir and next of kin of both parents, could recover for the mother\u2019s death, under Crawford & Moses\u2019 Dig., \u00a7 1075.\n4. New trial \u2014 bias, of jurors. \u2014 To render a fair and impartial verdict, jurors\u2019 minds must be unbiased and free from prejudice.\n5. New trial \u2014 disqualification of juror. \u2014 The juror who was told the details of a collision, causing the death sued for, in several conversations with eye-witnesses, was so disqualified as to destroy the integrity of the trial.\nAppeal from Mississippi Circuit Court, Chickasawba District; G. E. Keck, Judge;\nreversed.\nE. T. Miller, E. L. Westbroohe, Jr., and E. L. West-broohe, for appellant.\nHarrison, Smith & Taylor, for appellee."
  },
  "file_name": "0966-01",
  "first_page_order": 984,
  "last_page_order": 989
}
