{
  "id": 8725975,
  "name": "Hinton v. Brown",
  "name_abbreviation": "Hinton v. Brown",
  "decision_date": "1927-06-27",
  "docket_number": "",
  "first_page": "1025",
  "last_page": "1029",
  "citations": [
    {
      "type": "official",
      "cite": "174 Ark. 1025"
    }
  ],
  "court": {
    "name_abbreviation": "Ark.",
    "id": 8808,
    "name": "Arkansas Supreme Court"
  },
  "jurisdiction": {
    "id": 34,
    "name_long": "Arkansas",
    "name": "Ark."
  },
  "cites_to": [
    {
      "cite": "189 S. W. 668",
      "category": "reporters:state_regional",
      "reporter": "S.W.",
      "opinion_index": 0
    },
    {
      "cite": "126 Ark. 14",
      "category": "reporters:state",
      "reporter": "Ark.",
      "case_ids": [
        1551736
      ],
      "opinion_index": 0,
      "case_paths": [
        "/ark/126/0014-01"
      ]
    },
    {
      "cite": "237 S. W. 440",
      "category": "reporters:state_regional",
      "reporter": "S.W.",
      "opinion_index": 0
    },
    {
      "cite": "152 Ark. 1",
      "category": "reporters:state",
      "reporter": "Ark.",
      "case_ids": [
        1364129
      ],
      "opinion_index": 0,
      "case_paths": [
        "/ark/152/0001-01"
      ]
    },
    {
      "cite": "273 S. W. 1",
      "category": "reporters:state_regional",
      "reporter": "S.W.",
      "opinion_index": 0
    },
    {
      "cite": "168 Ark. 1019",
      "category": "reporters:state",
      "reporter": "Ark.",
      "case_ids": [
        8726446
      ],
      "opinion_index": 0,
      "case_paths": [
        "/ark/168/1019-01"
      ]
    },
    {
      "cite": "35 S. W. 430",
      "category": "reporters:state_regional",
      "reporter": "S.W.",
      "opinion_index": 0
    },
    {
      "cite": "62 Ark. 370",
      "category": "reporters:state",
      "reporter": "Ark.",
      "case_ids": [
        1905644
      ],
      "opinion_index": 0,
      "case_paths": [
        "/ark/62/0370-01"
      ]
    }
  ],
  "analysis": {
    "cardinality": 472,
    "char_count": 10064,
    "ocr_confidence": 0.457,
    "pagerank": {
      "raw": 4.686672031491877e-07,
      "percentile": 0.9283008391608931
    },
    "sha256": "ce5a70a0f884f78bcd38a0a935b2f3b27ddbba7539529384e4b5045c18a57aca",
    "simhash": "1:bd2dfc8b606159fd",
    "word_count": 1711
  },
  "last_updated": "2024-02-27T16:23:40.975481+00:00",
  "provenance": {
    "date_added": "2019-08-29",
    "source": "Harvard",
    "batch": "2018"
  },
  "casebody": {
    "judges": [],
    "parties": [
      "Hinton v. Brown."
    ],
    "opinions": [
      {
        "text": "Smith, J.\nThis suit was brought by appellee, Brown, against appellant, Hinton, to recover on notes signed \u201cHinton Garage, L. T. Hinton,\u201d dated July 24, 1923, it being alleged that \u201cHinton Garage\u2019\u2019 -was a copart-nership of whicli appellant Hinton was a member. Tlie notes sued on were renewals of prior notes, which had been executed by \u201cHinton Garage\u201d to appellee\u2019s order.\nAn answer was filed, in which it was denied that appellant was a partner at the time of the execution of the original notes or the renewal notes, and it was alleged that the notes sued on were usurious and void.\nOn the question of usury the following testimony was offered: In April, 1920, appellee loaned the Hinton Garage $3,400 in cash to pay for a carload of automobiles. This indebtedness was evidenced by two notes for $1,100 each and one for $1,200. There were certain credits on these notes, and one of them was paid in full by the sale of one of the automobiles. Appellee left the notes at the bank to be renewed by the execution of two new notes. It appears that the bookkeeper in the bank, in calculating the interest, compounded it, with periods of annual rest, and in this way interest at a greater rate than ten per cent, per annum was embraced in the renewal notes. It was shown, however, by the undisputed evidence, that appellee had not ordered this done and was not aware that it had been done, until it was shown by calculation at the trial that such was the case. Appellee disclaimed any intention of charging more than ten per cent., and appellant did not testify that there was any agreement to that effect. It appears therefore that the execution of the renewal notes in a sum which exceeded ten per cent, per annum was a mere mistake.\nThe court below was correct therefore in refusing to submit the question of usury to the jury, as the testimony shows only a mistake in the calculation, of which neither party was apparently aware when the renewal notes were executed, and the law is well settled that a mistake in the calculation of interest does not constitute usury.\nIn the case of Garvin v. Linton, 62 Ark. 370, 35 S. W. 430, 37 S. \"W. 569, Mr. Justice Battle said:\n\u201cIf the lender, by mistake of fact, by error in calculation, or by inadvertence in the insertion of a date, contracts to receive an illegal rate of interest, such mistake, error or inadvertence will not stamp the taint of usnry on such engagement, nor cause to be visited upon him who did not knowingly and intentionally disregard the law in this behalf the highly penal consequences of an usurious offense.\u201d\nThe deposition of one Riley had been taken on interrogatories, by consent of parties, and at the trial this deposition was stricken from the files on motion of appel-lee, and that action is assigned as error. Inasmuch as the deposition was taken by agreement, either party had the right to offer it in evidence, and it would be error therefore for the court to refuse either party the right, but careful examination of the question and answers there contained discloses no competent and material testimony, and there was therefore no error in striking the deposition from the files.\nAppellee testified that, while appellant denied owing the notes sued on, he offered to pay them if appellee would purchase appellant\u2019s residence at the price of $10,000. This testimony was incompetent, as it appears to be an offer of compromise, and, as it was admitted over appellant\u2019s objection, the judgment must be reversed on that account.\nAfter the admission of this testimony over appellant\u2019s objection, appellee was cross-examined concerning it, but this did not waive the error, as appellant had the right, after objecting and saving an exception, to attempt to remove the prejudicial effect of the incompetent testimony by cross-examining the witness who gave it. Pine. Bluff Co. v. Bobbit, 168 Ark. 1019, 273 S. W. 1.\nAppellant admitted that-he had been in partnership with his son, L. T. Hinton, under the firm name of ITinton Garage, but he testified that he retired from the partnership in November, 1919, and it is admitted that the indebtedness to appellee evidenced by the original notes was not contracted until April, 1920. Appellant therefore insists that he is not liable, as the indebtedness was contracted after the date he ceased to be a member of the copartnership.\nAppellee testified that he had had previous transactions with the firm, and that he made the loan upon the faith of appellant\u2019s credit as a member of the partnership, and that he had no notice to the contrary at the time of the execution of either the original or the renewal notes.\nAppellant admitted that no notice of a dissolution was published, but he offered in evidence a newspaper containing a warning order in which the name of the plaintiff was stated as \u201cL. T. Hinton, under the firm name of Hinton Garage. \u201d This warning- order was published March 19,1923.\nIt will be observed that the date of this warning-order was long after the execution of the original notes, and what was said of a somewhat similar notice in the case of Anglin v. Marr Canning Co., 152 Ark. 1, 237 S. W. 440, is applicable here. In that case a partnership had been dissolved, and a local newspaper made editorial comment upon that fact. It was there said:\n\u201cThere is no testimony tending to prove that they had published in a newspaper any notice of the dissolution of the partnership and their retirement from the firm. The editorials appearing in the paper were not such notice, and besides, there is no testimony to prove that these editorials were brought home to the appellant. Ho testified that he had not seen them.\u201d\nThe cause was submitted under an instruction in which the jury-was told that, if appellee made the loan \u201con the faith of his belief that defendant was such a partner, then and in that event the defendant would be liable for the amount due on the notes sued on and interest, unless he gave actual notice to the plaintiff of (he dissolution of the firm, or gave notice generally of such dissolution by advertisement in some newspaper or otherwise, before said indebtedness was incurred, that, defendant had retired from said partnership.\u201d\nThis instruction conforms to the law as announced in the case of Anglin v. Marr Canning Co., supra.\nIt is objected that tlie instruction made no distinction between the knowledge of appellee on the date of the original notes and the knowledge possessed by him on the date of the renewals. In other words, appellant insists that, if appellee had notice of the withdrawal of appellant at the time the notes were renewed, he cannot recover, although he did not have that notice when the original indebtedness was incurred.\nWe do not agree with counsel in this contention. If appellant was liable for the original notes, he is also liable for the renewal notes, because both sets of notes evidenced the same indebtedness. In the case of Dodd v. Axle-Nut Sign Co., 126 Ark. 14, 189 S. W. 668, it was said that \u201cthe time \"when the debt was contracted was not when the renewal note was executed, but when the original debt was made and the original note given. \u2019 \u2019\nIn Gilmore on Partnership, page 267, it is said that: \u201cNotwithstanding a dissolution, each partner has the implied power to do all acts necessary to settle demands against the firm and to complete transactions uncompleted at the time of the dissolution.\u201d\nWe think the court was correct therefore in refusing to make the test of appellee\u2019s right to recover the knowledge possessed by him at the time of the execution of the renewal notes, although appellee testified that he did not have this knowledge at that time. If appellant was liable on the original notes, the renewal thereof to cover the same indebtedness did not discharge the liability. N\nFor the error in admitting the incompetent evidence, proving an offer of compromise, the judgment of the court belowr must be reversed, and it is so ordered.",
        "type": "majority",
        "author": "Smith, J."
      }
    ],
    "attorneys": [
      "E. F. McFaclclin, for appellant.",
      "O. A. Graves and W. 8. Atkins, for appellee."
    ],
    "corrections": "",
    "head_matter": "Hinton v. Brown.\nOpinion delivered June 27, 1927.\n1. USURY \u2014 MISTAKE IN CALCULATING interest. \u2014 Where a mistake was made in the calculation of interest in making renewal notes, so that unintentionally a greater rate than 10 per cent, was embraced in the renewal notes, held that the notes were not usurious.\n2. Depositions \u2014 incompetent evidence. \u2014 A deposition taken by agreement was properly stricken from the files where the questions and answers disclosed no competent and material testimony.\n3. Evidence \u2014 offer of compromise. \u2014 In an action on promissory notes, testimony of the offer to pay them on condition, amounting to an offer of compromise, was incompetent, and its admission over the defendant\u2019s objection was error.\n4. Trial \u2014 when error not waived. \u2014 After incompetent evidence was admitted over appellant\u2019s objection, the error was not waived by appellant\u2019s cross-examination concerning it, since he had the right to attempt to remove the prejudicial effect of such testimony.\n5. Partnership \u2014 sufficiency of warning order after notice of dissolution. \u2014 A warning order published in a newspaper in which the name of the firm of which defendant was a member was stated so as to show defendant\u2019s withdrawal, held not notice of partnership dissolution relieving defendant from liability on partnership notes, especially where it was published long after the execution of the original notes.\n6. Partnership \u2014 notice of withdrawal of member. \u2014 -Where the payee of promissory notes took them from a firm in which defendant had been a former partner, without actual or constructive notice that defendant had withdrawn, defendant was held liable.\n7. Partnership \u2014 notice of dissolution. \u2014 Where the payee of notes had no knowledge that defendant was no longer a member of the firm when he accepted the original notes, his possible knowledge that defendant had withdrawn from the firm at the time when renewal notes were made held immaterial.\nAppeal from Hempstead Circuit Court ;\u2022 James H. McCollum, Judge;\nreversed.\nE. F. McFaclclin, for appellant.\nO. A. Graves and W. 8. Atkins, for appellee."
  },
  "file_name": "1025-01",
  "first_page_order": 1043,
  "last_page_order": 1047
}
