{
  "id": 8726480,
  "name": "Hill v. Brittain",
  "name_abbreviation": "Hill v. Brittain",
  "decision_date": "1927-10-17",
  "docket_number": "",
  "first_page": "1163",
  "last_page": "1166",
  "citations": [
    {
      "type": "official",
      "cite": "174 Ark. 1163"
    }
  ],
  "court": {
    "name_abbreviation": "Ark.",
    "id": 8808,
    "name": "Arkansas Supreme Court"
  },
  "jurisdiction": {
    "id": 34,
    "name_long": "Arkansas",
    "name": "Ark."
  },
  "cites_to": [],
  "analysis": {
    "cardinality": 448,
    "char_count": 6290,
    "ocr_confidence": 0.451,
    "pagerank": {
      "raw": 7.317852702137001e-08,
      "percentile": 0.4359725219501214
    },
    "sha256": "0e5332ed841519a73544628e293b4d010b8a6b95c0840bbf714c466e0530832f",
    "simhash": "1:22e4670c5243ec57",
    "word_count": 1026
  },
  "last_updated": "2024-02-27T16:23:40.975481+00:00",
  "provenance": {
    "date_added": "2019-08-29",
    "source": "Harvard",
    "batch": "2018"
  },
  "casebody": {
    "judges": [],
    "parties": [
      "Hill v. Brittain."
    ],
    "opinions": [
      {
        "text": "\u2018HhMPSR,ETS-'T.-1\nrhih'stiit'whs'bhoiight'p the'\u2018chancery -co\u00f1rt \u2022 of 'Conway; Ccitoity b^, appellee ,agaihs!lrS.,'!Fi Stob\u00e1ti^\u2019h/N; p.^Stqbahgk'iahd'h\u00eds rwifb\u2018:]k\u00ed 'J:\u00a1r Sirob\u00e9\u00ediigii; F\u00ed B. C'dllins T\u00f1v\u00e9bt\u00edh\u00e9nt;'Company !ahd/\u2019T:'f]Vl.T\u2018Mill\u00e9x^ \u00dcpon.not\u00e9s aggreg\u00e1t'i\u00edi^ $2,73-8, 'si-gme.d^by'^.'\u00d1.'St\u00f3'b^\u00f1gli \u00e1\u00f1d F. O. jSt\u00f3ban'gihj andbfo^fqrdcl\u00f3'se aVimbittghgfe ce\u00edtain' redi' estate' in shid'-cotixit^' \u00e9xS\u00c9h\u00ede\u2019\u00edf'-by^F.'. 0. iSt\u00f3b\u00e1ngh andhM.1J'.' '.Stob\u00e1ugh t^f \u2019 seohre \u00dcie 'last^foNr ndtesNa^fegating-thd'gtiin'bf $2\u201c53\u00cd7\"!\nIt was alleged that prior mortgages had been given upon a part of said land to F. B. Collins Investment Company and T. M. Miller, but that the mortgage to F. B. Collins Investment Company was usurious and void, and that the mortgage given to T. M. Miller was without consideration, and void. The complaint alleged a mis-description of certain of the lands in the mortgage, and sought reformation of the mortgage so as to correctly describe the lands intended to be conveyed.\nNo answer was filed on behalf of B. F. Stobaugh. who had left the country.\nF. 0. Stobaugh and his wife, M. J. Stobaugh, denied every material allegation in the complaint, and, by way of affirmative defense, alleged:\n\u201cThat no part of the indebtedness alleged to be due by plaintiff for which the notes were given is an indebtedness due this plaintiff bj^ these defendants, but that whatever indebtedness is due plaintiff on notes sued on herein was created and is the indebtedness of the defendant, B. F. Stobaugh; that defendant, B. F. Stobaugh, is an adult person, a son of these defendants, F. 0. Stobaugh and M. J. Stobaugh; that, during the year 1923, the defendant, B. F. Stobaugh, was living in Faulkner County, Arkansas; that he had various and sundry dealings with the plaintiff, A. J. Brittain, during said year, the exact amount and the kind these defendants are unable to set out, but a part of same was created by plaintiff selling' to said defendant, B. F. Stobaugh, a lot of personal property, including mules, wagons and plow tools, and also by selling to defendant, B. F. Stobaugh, a tract of land in Faulkner County, Arkansas, the exact amount and the price to be paid by defendant, B. F. Stobaugh, to plaintiff these defendants are unable to set out, but -whatever indebtedness due by defendant, B. F. Stobaugh, to plaintiff for said personal property and lands was included in the notes purported to be signed by these defendants to plaintiff, A. J. Brittain, and for which the mortgage sought to be foreclosed by plaintiff was given to secure; that defendant, B. F. Stobaugh, on or about August, 1924, disappeared from this county, and, so far as these defendants are informed, he has left the State of Arkansas; that these defendants do not know the whereabouts of defendant, B. F. Stobaugh, and they are unable to locate him; that, after the said B. F. Stobaugh suddenly left the State of Arkansas, which was before any of said notes were due, the plaintiff, A. J. Brittain, took possession of all the personal property and the lands sold by him to said B. F. Stobaugh, and has unlawfully, surreptitiously and illegally disposed of same without process of law, which action is a fraud on the rights of these defendants. That the proceeds of six bales of cotton of defendant, B. F. Stobaugh, were received by plaintiff, for which credit has not been given, and, about December' 1, 1924, R. E. Hill, a son-in-law of the defendant, paid plaintiff $300, for which credit has never been given. Wherefore defendants pray that plaintiff, A. J. Brittain, be required to produce to this court all his books, ledgers and accounts pertaining to the dealings with defendant, B. F. Stobaugh, and he be required to give an account of all personal property taken by him and of the real estate now in his possession which was conveyed by him to said B. F. Stobaugh, to the end that these defendants and this court might know the exact amount due, if any, by these defendants on notes for which the mortgage sought to be foreclosed secured, and that, upon a failure to produce said accounts and books showing the business transactions between him and B. F. Stobaugh, plaintiff\u2019s complaint be dismissed, and for all other proper and equitable relief.\u201d\nAppellee filed a reply to the answer of appellant, making a general denial of the allegations of the answer, and stating that he was ready and willing to surrender all books, papers and notes he had for the inspection of defendants and court.\nDuring the pendency of the suit F. 0. Stobaugh died, and the cause was revived in the name of R. E. Hill, administrator of his estate. The cause was submitted to the court upon the pleadings and testimony, resulting in a judgment and decree of foreclosure for the full amount \u00f3\u00edjfii\u2019e-iit\u00ed'f\u00e9\u00e1 \u00e1|\u00ed\u00e1li\u00cd!tbi,0Wt\u00ed'M,G\u00cdMMI,\u2019fr'b\u00bfx,^'Iiicli4i\u00edif\u00e1[)l[i\u00fci\u00fc ii\u00e1s ^beirbT\u00faiy'p'i\u2019o^b\u00fatil\u00e9^ td!\u2019tlii;s b'b.\u00fcrt:'-\u2019'1 '* Uii\n,7\u00edH!/T\u00cd\u00edbs ju'dgTO\u00e9iil^'\u00e1\u00edA^'dOt\u00edl\u00e9b Pf;'*f\u00f3rebfoM'\u00ed;\u00e9\u2018 whs'i'bi\u00ed-\u00a17 //tK/\u00ed 7 Ai'? 7 l-t r\u00ed ' (-'-\u00a1-/T i' \u2018: \u00f3 YV\u00edl-n \u00edlf- .\u00a1 A'P * 4-IVA 7' .viV--* \u00da iv'/V 1 !s '\u25a0 <\u00cd C\u00cdOC' clerfed 'at \u00a1 or ^l\u00ed\u00e9\u00ed4>!t^\u00e1s\\\u00ed\u00edB:!k\u00edTO\u00bfi\u00e9r\u00e1t\u00ed\u00eda\u00edg; 'fei\u00e1ti.ye} bith'b\u00ed'\u00e1i* tlie!\u2018i__ \u2018iho\u00edtgd^\u00e9;\u2018 \u2018\u00e1\u00edM,' x\u00f3r'^tHkt\u2018 \u2019r\u00e9\u00e1s'\u00f3'li; .\u2018tlid1 -'B'otfft c\u00f3int\u00edi\u00edtted tr8fe\u00bfs\u00edbr\u00e9\u2019 yfr\u00f3kV!i[n\u00ed \u00ed;bi\u00edcl'e'rj.ng'\u2018'a j\u00fci\u00edg;ni\u00e9\u00edlt!\u00cd!\u00e1!i\u00edd!.d!\u00e96r\u00e9e!'!\u00f3t 'm B! &r 6#\u00bfWd '\u00e9$$\u00e9$tj \u00cd^IM'JL / (A \u00ed 3^l| \u00ed\u00ed\u00ed\u00edf \u00ed .\u00ed S \u00a1i <;) >h'\u00ed \u00a1 a) h\u00ed vj\u00edi\u2019/v'\u00ed\n'.Ol\u00ed\u2018;,\u00e1!([o\u00f3u\u00ed\u00edt o\u00ed .tlVe '\u00e9jr\u00ed\u20180,5?\u2019' m\u2019&cd\u00edfecl\u2019*'fice \"},c(4(\u00e9r^\"\u00edfe iev'ers\u00e9'c\u00edj '\u2018\u00e1fid!* tH'\u00e91, \u00bfHuse' l^i^ma\u00edid'\u00e9d !\u00ed\u00f3rt\u2018\u00ediirtlie\u00edr'ipr6-ceetl\u00ed\u00edi^k \u00ed\u00edot inconsistent5 with: thjs\u2019 ppi\u00ed\u00edi\u00f3lif",
        "type": "majority",
        "author": "\u2018HhMPSR,ETS-'T.-1"
      }
    ],
    "attorneys": [
      "\"' \u2019 Edw'ard'Gordon1and'De'anl \u00edio'\u00f3're &'\u00ed>'r\u2019\u00e1klt\u00a1loli\u00f1fet\u00edeF l\u00e1nt. \u2018 N",
      "; Gl'A. Holland' \u00e1iid\u2019iJi W. 5?o Z\u00edi\u00edisV'f,o\u00edJ 5^"
    ],
    "corrections": "",
    "head_matter": "Hill v. Brittain.\nOpinion delivered October 17, 1927.\nMoetgages \u2014 PREMATURE\" foreclosure gf notes. \u2014 Error, \u00bf\"rendering \" judgment for the,full amount of notes'and in de.creping, a fore- \u2022 ' closure of \u2019a\" mortgage, givfen tose\u00e9ure\" \u2018ffiy\u2019\u00f1it\u00f3\u00e1'at \u2018\u00bf'time when a- large part of th\u00e9 n\u00f3tes\u2019-'hadm'\u00f3t- \u00a1matured, \u25a0keld,\u00ed\u00edevers\u00edbT\u00e9\u2018e^it\u00a1t .wher\u00e9ithere; was-no accelerating:claus:e, either dri'dhe, notes* \u00a1of ^ . , the;mortgage,, ,;j T,, j, \u00ed:\u00a1 ,.\u00a1!; j| ri'.v \u00bf-.mi\n\u2018 App\u00e9:\u00e1l'fi'on\u00ed'Cc>rL'wky!'\u00e9h\u2018anrcery!Coiir\u00ed\u00ed,lT\u2019. Wr'AtMt\u00f3-s\u00f3n, Ohan'celTor;\nreversed,\n\"' \u2019 Edw'ard'Gordon1and'De'anl \u00edio'\u00f3're &'\u00ed>'r\u2019\u00e1klt\u00a1loli\u00f1fet\u00edeF l\u00e1nt. \u2018 N\n; Gl'A. Holland' \u00e1iid\u2019iJi W. 5?o Z\u00edi\u00edisV'f,o\u00edJ 5^"
  },
  "file_name": "1163-01",
  "first_page_order": 1181,
  "last_page_order": 1184
}
