{
  "id": 1913408,
  "name": "Bledsoe v. Mitchell",
  "name_abbreviation": "Bledsoe v. Mitchell",
  "decision_date": "1889-05",
  "docket_number": "",
  "first_page": "158",
  "last_page": "159",
  "citations": [
    {
      "type": "official",
      "cite": "52 Ark. 158"
    }
  ],
  "court": {
    "name_abbreviation": "Ark.",
    "id": 8808,
    "name": "Arkansas Supreme Court"
  },
  "jurisdiction": {
    "id": 34,
    "name_long": "Arkansas",
    "name": "Ark."
  },
  "cites_to": [],
  "analysis": {
    "cardinality": 159,
    "char_count": 2955,
    "ocr_confidence": 0.707,
    "pagerank": {
      "raw": 1.3399644609087052e-07,
      "percentile": 0.6309327300549182
    },
    "sha256": "2adf3e0b97bf3f20e2cacfbadfc3d0cacac9d842c72f70f7948c63251c32d0b1",
    "simhash": "1:933d7280c767524a",
    "word_count": 532
  },
  "last_updated": "2023-07-14T20:24:40.922971+00:00",
  "provenance": {
    "date_added": "2019-08-29",
    "source": "Harvard",
    "batch": "2018"
  },
  "casebody": {
    "judges": [],
    "parties": [
      "Bledsoe v. Mitchell."
    ],
    "opinions": [
      {
        "text": "Per Curiam.\nThe decree in this cause cannot be sustained, because the proof fails to show notice to the defendants of the lien of Mitchell.\nReverse and dismiss the bill.",
        "type": "majority",
        "author": "Per Curiam."
      }
    ],
    "attorneys": [
      "Sanders & Watkins and J. D. Block, for appellants."
    ],
    "corrections": "",
    "head_matter": "Bledsoe v. Mitchell.\n\u25a0Landlord\u2019s Lien : Bill to enforce against tenant's vendee.\nOn a bill against a tenant\u2019s vendees to enforce a landlord\u2019s lien on the proceeds of certain cotton alleged to have been purchased with notice of the lien, theie was no evidence to show that the defendants knew that the cotton was produced on land belonging to or rented from the plaintiff, and they testified that they purchased without notice of the tenancy, or that the rent was unpaid. The only evidence .tending to prove that defendants bought with notice of a lien of any kind was that of one witness, who testified that he told them that he thought the plaintiff had a mortgage or lien on all the tenant owned, but that he did not tell them there was any claim on the cotton for rent. Held : That the evidence was not sufficient to show notice to defendants of the plaintiff\u2019s lien.\nAPPEAL from Poinsett Circuit Court in Chancery.\nJ. E. Riddick, Judge.\nThis is a suit in equity to enforce a landlord\u2019s lien on the \u25a0proceeds of two bales of cotton. The complaint alleges that the cotton was produced on lands rented by the plaintiff to one Haner, and that the latter owed the plaintiff a balance of about .$60 on the rent. That the defendant purchased the cotton from Haner with notice of the plaintiff\u2019s lien, and that the rent \u2022\u2022was unpaid.. The answer admitted the purchase of two bales of cotton from Haner, but denied that the plaintiff had any lien thereon, and also denied that the defendants had any notice or knowledge of such lien at the time of the purchase, and alleged that they paid for the cotton before they were notified of the plaintiff\u2019s lien, or of his claim for rent. It was shown that part of the cotton was produced on land rented from the plaintiff, and that the proceeds of the two bales amounted to about $80. There was no evidence to show that the defendants knew that the cotton was produced on land belonging to the plaintiff, or that the relation of landlord and tenant existed between the plaintiff and Haner. The only evidence tending to prove that the defendants bought with notice of a lien of any kind was that of one witness, who testified that he told them that he thought the plaintiff had a mortgage or lien on all that Haner owned, but did not tell them that the plaintiff had any claim on the cotton for rent. The defendants both testified that they bought and paid for the cotton without any kind of notice of the tenancy of Haner, or of the unpaid rent. The court found that one bale of cotton was purchased with notice of the plaintiff\u2019s lien, and gave judgment in his favor for $40.00. The defendants appealed.\nSanders & Watkins and J. D. Block, for appellants.\nThe proof fails to show notice of Mitchell\u2019s lien. Jones on Liens, sec. 580; JJ III., 206."
  },
  "file_name": "0158-01",
  "first_page_order": 186,
  "last_page_order": 187
}
