{
  "id": 1913452,
  "name": "French v. Watson",
  "name_abbreviation": "French v. Watson",
  "decision_date": "1889-05",
  "docket_number": "",
  "first_page": "168",
  "last_page": "171",
  "citations": [
    {
      "type": "official",
      "cite": "52 Ark. 168"
    }
  ],
  "court": {
    "name_abbreviation": "Ark.",
    "id": 8808,
    "name": "Arkansas Supreme Court"
  },
  "jurisdiction": {
    "id": 34,
    "name_long": "Arkansas",
    "name": "Ark."
  },
  "cites_to": [
    {
      "cite": "113 U. S., 447",
      "category": "reporters:federal",
      "reporter": "U.S.",
      "opinion_index": -1
    },
    {
      "cite": "32 Ark., 77",
      "category": "reporters:state",
      "reporter": "Ark.",
      "opinion_index": -1
    },
    {
      "cite": "16 Ark., 671",
      "category": "reporters:state",
      "reporter": "Ark.",
      "case_ids": [
        8726243
      ],
      "opinion_index": -1,
      "case_paths": [
        "/ark/16/0671-01"
      ]
    },
    {
      "cite": "46 Ark., 23",
      "category": "reporters:state",
      "reporter": "Ark.",
      "opinion_index": -1
    },
    {
      "cite": "33 Ark., 375",
      "category": "reporters:state",
      "reporter": "Ark.",
      "opinion_index": -1
    },
    {
      "cite": "47 Ark., 413",
      "category": "reporters:state",
      "reporter": "Ark.",
      "case_ids": [
        1888731
      ],
      "opinion_index": -1,
      "case_paths": [
        "/ark/47/0413-01"
      ]
    },
    {
      "cite": "10 How., 187",
      "category": "reporters:scotus_early",
      "reporter": "How.",
      "case_ids": [
        3358376
      ],
      "opinion_index": -1,
      "case_paths": [
        "/us/51/0187-01"
      ]
    },
    {
      "cite": "46 Ark., 32",
      "category": "reporters:state",
      "reporter": "Ark.",
      "opinion_index": -1
    },
    {
      "cite": "46 Ark., 25",
      "category": "reporters:state",
      "reporter": "Ark.",
      "case_ids": [
        1890464
      ],
      "opinion_index": 0,
      "case_paths": [
        "/ark/46/0025-01"
      ]
    }
  ],
  "analysis": {
    "cardinality": 347,
    "char_count": 4424,
    "ocr_confidence": 0.73,
    "pagerank": {
      "raw": 1.0932419375234343e-07,
      "percentile": 0.5661501886789538
    },
    "sha256": "d6378b5490a29ef31e6c466459d059970ad40988d3d1f716d6cc477ec4fe5865",
    "simhash": "1:ac6753f15a06375c",
    "word_count": 777
  },
  "last_updated": "2024-02-27T21:49:13.359511+00:00",
  "provenance": {
    "date_added": "2019-08-29",
    "source": "Harvard",
    "batch": "2018"
  },
  "casebody": {
    "judges": [],
    "parties": [
      "French v. Watson."
    ],
    "opinions": [
      {
        "text": "Per Curiam.\nThis is a suit by the heirs of Watson to set .aside a deed made in the course of administration by the executors of his estate, upon the ground that one of the executors had caused the lands to be purchased with his means for the benefit of his wife.\nThe defense made by the wife\u2019s heirs was the statute of limitations.\nThe sale was made' in 1869, and the executors were discharged in 1873. The plaintiffs sought to evade the force of the statute of limitations by the fact of their minority until within three years of the institution of the suit, which was-begun in 1883.\nThe ancestor, whose estate the executors administered, died in September, 1861 \u2014 more than twenty-one years before the institution of the suit. The complaint alleges that the ancestor died, leaving the plaintiffs him surviving. The youngest child was, therefore, past twenty-one when this suit was brought,, but as the youngest child was a female, and came of age at eighteen, the suit was not brought within three years after' reaching her majority. Only one witness testified to the fact of the plaintiffs\u2019 ages, and he did not undertake to give more than an approximate estimate of the age of each. Moreover, it is shown that his estimates are of but little value. He gives the date of the marriage of Mrs. French in the same same general way that he testified to the other dates, as being about i860 or 1861; when-the will under which the plaintiffs claim shows that she was married at the time it was executed in 1859; and the date of the birth of the youngest child must be placed more than nine months after the death of her father to reach the witness\u2019 lowest estimate of her.age.\nThe affirmative showing of non-age is required of the plaintiffs to bring them within the exception to the statute of limitations.\nThere is little doubt, from the affluent circumstances of the ancestor and the intelligence of the members of the family, that the exact ages of the plaintiffs could have been readily established. The burden was upon the plaintiffs to do that. We will not disturb rights that have remained so long unquestioned upon mere conjectures as to age.\nEvery question of law mooted by the appellant was determined adversely to their contention in the case of McGauhey v. Brown, 46 Ark., 25, and the judgment will be affirmed.",
        "type": "majority",
        "author": "Per Curiam."
      }
    ],
    "attorneys": [
      "W. G. Weatherford, for appellant.",
      "X. J. Pindall and James Murphy, for appellees."
    ],
    "corrections": "",
    "head_matter": "French v. Watson.\n1. Statute of Limitations : Exception in favor of infants: Proof of non-age.\nWhere a plaintiff relies upon the fact of his minority to evade the force of the statute of limitations, he must affirmatively show his non-age at such time as will bring him within the exception of the statute.\n2. Same: As against trusts: Administrators, etc.\nMcGatighey v. Brown, 4b Ark., 23, approved as to the running of the statute of limitations against actions for frauds committed by administrators, and as to the operation of that statute against trusts.\nAPPEAL from Desha Circuit Court in Chancery.\nJohn A. Williams, Judge.\nW. G. Weatherford, for appellant.\nThe proof in this case tends to show that the executor agreed with his brother-in-law, that the latter should purchase the lands, pay for them with the executor\u2019s money, and then \u25a0convey them to the executor\u2019s wife, and that this agreement was carried out. This created a trust. 46 Ark., 32; 48 id., 248.\nThe testimony shows the plaintiffs were within the limit for -minors to sue, and especially because of the concealed fraud in the purchase and its non-discovery until a few months before suit. Mrs. French was covert, absent and non-resident. Perry on Trusts, sec. 230; 10 How., 187; 4 How. Me chin v. Gravil.\nA judicial sale passes no title until confirmed, and confirmation must be proven. 47 Ark., 413. So Stroud had no -title when he conveyed to Mrs. Watson, who took with notice of all irregularities, illegalities and void proceedings.\nX. J. Pindall and James Murphy, for appellees.\nThe omission of the executor to make oath to his report was a mere irregularity, and cured by the confirmation of the sale. 33 Ark., 375; 31 id., 74.\nThe evidence shows that Stroud paid his own money, and that he was amply able to buy.\nThe testimony shows that the youngest of the plaintiff\u2019s mtist have been at least 24 years of age, and that hence they are all barred. 46 Ark., 23. Married women are not excepted. 16 Ark., 671; 32 Ark., 77; 113 U. S., 447.\nA confirmation relates back to the date of sale. 3 Wash. Real Prop. {3d ed.), p. 276."
  },
  "file_name": "0168-01",
  "first_page_order": 196,
  "last_page_order": 199
}
