{
  "id": 1913319,
  "name": "Harmon v. Kline",
  "name_abbreviation": "Harmon v. Kline",
  "decision_date": "1889-05",
  "docket_number": "",
  "first_page": "251",
  "last_page": "252",
  "citations": [
    {
      "type": "official",
      "cite": "52 Ark. 251"
    }
  ],
  "court": {
    "name_abbreviation": "Ark.",
    "id": 8808,
    "name": "Arkansas Supreme Court"
  },
  "jurisdiction": {
    "id": 34,
    "name_long": "Arkansas",
    "name": "Ark."
  },
  "cites_to": [
    {
      "cite": "16 Ark., 311",
      "category": "reporters:state",
      "reporter": "Ark.",
      "opinion_index": -1
    },
    {
      "cite": "14 Ark., 431",
      "category": "reporters:state",
      "reporter": "Ark.",
      "case_ids": [
        1862619
      ],
      "opinion_index": -1,
      "case_paths": [
        "/ark/14/0431-01"
      ]
    }
  ],
  "analysis": {
    "cardinality": 194,
    "char_count": 2835,
    "ocr_confidence": 0.688,
    "pagerank": {
      "raw": 9.660446531242206e-08,
      "percentile": 0.5282053123560485
    },
    "sha256": "8a998cf3259067abea1da38d8dd8a2e38c680abdbb5f097d83b34e839015edad",
    "simhash": "1:4c8351af68daf3c8",
    "word_count": 496
  },
  "last_updated": "2024-02-27T21:49:13.359511+00:00",
  "provenance": {
    "date_added": "2019-08-29",
    "source": "Harvard",
    "batch": "2018"
  },
  "casebody": {
    "judges": [],
    "parties": [
      "Harmon v. Kline."
    ],
    "opinions": [
      {
        "text": "Sandels, J.\nThe parties, plaintiff and defendants, live at the Town of Coal Hill. They, with other citizens, subscribed to a fund to build a city jail. Plaintiff (who was then a member of the town council) and defendants, with other citizens, determined to locate said jail on' school land belonging to the State, adjoining the town, and agreed that whenever the State sold said land they would move the house off to other land, to be provided by the town. At the sale of the lot the Sheriff announced that the house did not go with the land, and plaintiff bought the land with that understanding. Subsequently he acquiesced in the use of the jail by the town. At length he announced that he intended tearing down the jail and constructing near his residence a \u201c storm house.\u201d Defendants thereupon, at night, moved the jail off plaintiff\u2019s land, and he brought this suit for the alleged trespass. There was verdict and judgment for the defendants, and the plaintiff appealed.\nA house built upon the land of another, without permission and agreement, becomes part of the realty, but where permission is first obtained and agreement had to that effect, the building remains personalty. Under the facts of this case, plaintiff is estopped to treat the building otherwise than as personalty belonging to the Town of Coal Hill.\nAffirmed.",
        "type": "majority",
        "author": "Sandels, J."
      }
    ],
    "attorneys": [
      "A. S. McKennon, for appellant.",
      "The appellees pro se."
    ],
    "corrections": "",
    "head_matter": "Harmon v. Kline.\nEstoppel: To claim house as part of realty.\nThe plaintiff and defendants with other citizens of a town \u2014 of the council of which the plaintiff was a member \u2014 having subscribed to a fund for building a city jail, located it on school land adjoining the town, and agreed that whenever the State sold the land they would move the building to a lot to lie provided by the town. The land was subsequently sold by the Sheriff, who, in making the sale, announced that the jail building did not go with it, and the plaintiff bought the land with that understanding. Held : That the plaintiff was estopped to treat the building otherwise than as personalty belonging to the town.'\nAPPEAL from Johnson Circuit Court.\nG. S. Cunningham, Judge.\nA. S. McKennon, for appellant.\nThe calaboose was part of the realty and passed to plaintiff when he purchased from the State the land upon which it was situated. Tie deman on Real Property, secs. 2, 3 and 4. He became the owner of everything thereon and then attached to the freehold. 14 Ark., 431; 23 Ark., ig; The Sheriff had no power to reserve anything attatched to the freehold in making the sale, and no agreement or understanding between the town authorities and citizens of Coal Hill, could change the nature of the property. The State was not a party to this agreement and was not bound by it.\nThe appellees pro se.\nThe appellant is estopped from claiming the structure. 16 Ark., 311; 32 Am. Rep , 32g; 33 id., 622; m III., 202; 33 Kans., 20\u2021."
  },
  "file_name": "0251-01",
  "first_page_order": 279,
  "last_page_order": 280
}
