{
  "id": 1913443,
  "name": "Crumpton v. State",
  "name_abbreviation": "Crumpton v. State",
  "decision_date": "1889-11",
  "docket_number": "",
  "first_page": "273",
  "last_page": "274",
  "citations": [
    {
      "type": "official",
      "cite": "52 Ark. 273"
    }
  ],
  "court": {
    "name_abbreviation": "Ark.",
    "id": 8808,
    "name": "Arkansas Supreme Court"
  },
  "jurisdiction": {
    "id": 34,
    "name_long": "Arkansas",
    "name": "Ark."
  },
  "cites_to": [
    {
      "cite": "34 Ark., 484",
      "category": "reporters:state",
      "reporter": "Ark.",
      "opinion_index": -1
    },
    {
      "cite": "1 Parker Cr. Rep., 134",
      "category": "reporters:state",
      "reporter": "Park. Cr.",
      "opinion_index": -1
    },
    {
      "cite": "64 Ind., 400",
      "category": "reporters:state",
      "reporter": "Ind.",
      "case_ids": [
        1518767
      ],
      "opinion_index": -1,
      "case_paths": [
        "/ind/64/0400-01"
      ]
    },
    {
      "cite": "30 Penn. St., 313",
      "category": "reporters:state",
      "reporter": "Pa.",
      "opinion_index": -1
    },
    {
      "cite": "30 Ark., 306",
      "category": "reporters:state",
      "reporter": "Ark.",
      "opinion_index": -1
    },
    {
      "cite": "77 Ark., 433",
      "category": "reporters:state",
      "reporter": "Ark.",
      "opinion_index": -1
    },
    {
      "cite": "34 Ark., 480",
      "category": "reporters:state",
      "reporter": "Ark.",
      "case_ids": [
        1875707
      ],
      "opinion_index": -1,
      "case_paths": [
        "/ark/34/0480-01"
      ]
    },
    {
      "cite": "34 Ark., 480",
      "category": "reporters:state",
      "reporter": "Ark.",
      "case_ids": [
        1875707
      ],
      "opinion_index": 0,
      "case_paths": [
        "/ark/34/0480-01"
      ]
    }
  ],
  "analysis": {
    "cardinality": 208,
    "char_count": 2704,
    "ocr_confidence": 0.677,
    "pagerank": {
      "raw": 1.4752427567405787e-07,
      "percentile": 0.6600483271418527
    },
    "sha256": "1a0facc1a0524654a4cfd515e40232bbd4efa784619d4845b0de65e9a71f70a3",
    "simhash": "1:94d51e27b210d114",
    "word_count": 490
  },
  "last_updated": "2024-02-27T21:49:13.359511+00:00",
  "provenance": {
    "date_added": "2019-08-29",
    "source": "Harvard",
    "batch": "2018"
  },
  "casebody": {
    "judges": [],
    "parties": [
      "Crumpton v. State."
    ],
    "opinions": [
      {
        "text": "Per Curiam.\nDuring the trial of the appellant, a witness introduced by him was asked if he had not made certain statements, which, if made, tended to show that he felt an interest in the defendant\u2019s behalf. He denied that he had made the statements, and the State was permitted, against his objection, to prove that he had made them. The bias of one called to testify in a case is not a collateral matter. The testimony was competent. Butler v. State, 34 Ark., 480; Whar. Cr. Ev., sec. 483.\nIt is urged that the court erred in instructing the jury as to the law of manslaughter, against the appellant\u2019s objection. We cannot say there was no testimony to justify a conviction of manslaughter. Affirm.",
        "type": "majority",
        "author": "Per Curiam."
      }
    ],
    "attorneys": [
      "N. W. Norton, for appellant.",
      "W. E. Atkinson, Attorney General, for appellee."
    ],
    "corrections": "",
    "head_matter": "Crumpton v. State.\n1. Witnesses: Bias of, not a collateral matter.\nThe bias of a witness is not a collateral matter; and where on cross-examination he denies making a statement which, if made, tends to show an interest in behalf of the party introducing him, it is competent for the opposing party to prove that he did in fact make such statement.\n2. Criminal Procedure : Trial for murder: Instruction as to lower offense.\nOn a trial for murder in the first degree it is not error to instruct the jury as to the law of manslaughter if there is any evidence to justify a conviction of the latter offense.\nERROR to Craighead Circuit Court.\nJ. E. Riddick, Judge.\nThe appellant was convicted of voluntary manslaughter on an indictment for murder in the first degree.\nN. W. Norton, for appellant.\n1. The evidence is insufficient to support the verdict, especially of manslaughter, and the court erred in instructing the jury as to the law of manslaughter, ffj Ark., 436; 30 id., 506.\n2. It was error to admit the evidence of Clears and New-comb to contradict the witness King. The State was bound by the answer of King. Wharf. Cr. Ev. (8 ed.), sec. \u20218\u2021; / Greenl. Ev. (13 ed.), sec. 44Q; ii S. W. Rep., 106; 34 Ark., 480; Mans/. Dig., sec. 2Q02.\nW. E. Atkinson, Attorney General, for appellee.\n1. It was entirely proper for the court to submit to the jury the entire question, and it was for them to say whether the killing being found, it was murder or manslaughter. 77 Ark., 433; 30 Ark., 306.\n2. Though enmity or bias be the issue, the court may permit particular facts or conditions to be shown, to prove bias or interest of the witness after the predicate has been laid on his cross-examination, and he had denied their existence. 30 Penn. St., 313; 64 Ind., 400; 1 Parker Cr. Rep., 134; Greenl. Ev., sec. 430. See the rule in 34 Ark., 484, and 13 id., 800, 801. It' is not a collateral question, but a very important one to prove the motives or temper of the witness, and not the reason for the motive."
  },
  "file_name": "0273-01",
  "first_page_order": 301,
  "last_page_order": 302
}
