{
  "id": 1913387,
  "name": "Perry County v. Conway County",
  "name_abbreviation": "Perry County v. Conway County",
  "decision_date": "1889-11",
  "docket_number": "",
  "first_page": "430",
  "last_page": "433",
  "citations": [
    {
      "type": "official",
      "cite": "52 Ark. 430"
    }
  ],
  "court": {
    "name_abbreviation": "Ark.",
    "id": 8808,
    "name": "Arkansas Supreme Court"
  },
  "jurisdiction": {
    "id": 34,
    "name_long": "Arkansas",
    "name": "Ark."
  },
  "cites_to": [
    {
      "cite": "57 Ark., 339",
      "category": "reporters:state",
      "reporter": "Ark.",
      "opinion_index": -1
    },
    {
      "cite": "93 U, S., 644",
      "category": "reporters:federal",
      "reporter": "U.S.",
      "case_ids": [
        5645504
      ],
      "opinion_index": -1,
      "case_paths": [
        "/us/93/0644-01"
      ]
    },
    {
      "cite": "28 Cal., 449",
      "category": "reporters:state",
      "reporter": "Cal.",
      "case_ids": [
        2221004
      ],
      "opinion_index": -1,
      "case_paths": [
        "/cal/28/0449-01"
      ]
    },
    {
      "cite": "34 Ala., 639",
      "category": "reporters:state",
      "reporter": "Ala.",
      "opinion_index": -1
    },
    {
      "cite": "77 N. C., 298",
      "category": "reporters:state",
      "reporter": "N.C.",
      "opinion_index": -1
    },
    {
      "cite": "95 U. S., 654",
      "category": "reporters:federal",
      "reporter": "U.S.",
      "opinion_index": 0
    },
    {
      "cite": "15 Pa. St., 166",
      "category": "reporters:state",
      "reporter": "Pa.",
      "case_ids": [
        408843
      ],
      "opinion_index": 0,
      "case_paths": [
        "/pa/15/0166-01"
      ]
    },
    {
      "cite": "12 La. Ann., 515",
      "category": "reporters:state",
      "reporter": "La. Ann.",
      "case_ids": [
        573373
      ],
      "opinion_index": 0,
      "case_paths": [
        "/la-ann/12/0515-01"
      ]
    },
    {
      "cite": "42 Cal., 446",
      "category": "reporters:state",
      "reporter": "Cal.",
      "case_ids": [
        1933422
      ],
      "opinion_index": 0,
      "case_paths": [
        "/cal/42/0446-01"
      ]
    },
    {
      "cite": "16 Kan., 489",
      "category": "reporters:state",
      "reporter": "Kan.",
      "opinion_index": 0
    },
    {
      "cite": "16 Mass., 75",
      "category": "reporters:state",
      "reporter": "Mass.",
      "opinion_index": 0
    },
    {
      "cite": "100 U. S., 514",
      "category": "reporters:federal",
      "reporter": "U.S.",
      "case_ids": [
        4617
      ],
      "opinion_index": 0,
      "case_paths": [
        "/us/100/0514-01"
      ]
    },
    {
      "cite": "92 U. S., 307",
      "category": "reporters:federal",
      "reporter": "U.S.",
      "case_ids": [
        8775
      ],
      "opinion_index": 0,
      "case_paths": [
        "/us/92/0307-01"
      ]
    },
    {
      "cite": "33 Ark., 497",
      "category": "reporters:state",
      "reporter": "Ark.",
      "case_ids": [
        8724824
      ],
      "opinion_index": 0,
      "case_paths": [
        "/ark/33/0497-01"
      ]
    }
  ],
  "analysis": {
    "cardinality": 391,
    "char_count": 6384,
    "ocr_confidence": 0.701,
    "pagerank": {
      "raw": 1.43122816835389e-07,
      "percentile": 0.651325038641249
    },
    "sha256": "1f68c94eb18a0ff15110b0ec54b406fffaa0b8006f3afb250dc50e27fdde4c49",
    "simhash": "1:65b5be0e4c0373f4",
    "word_count": 1118
  },
  "last_updated": "2024-02-27T21:49:13.359511+00:00",
  "provenance": {
    "date_added": "2019-08-29",
    "source": "Harvard",
    "batch": "2018"
  },
  "casebody": {
    "judges": [],
    "parties": [
      "Perry County v. Conway County."
    ],
    "opinions": [
      {
        "text": "Sandels, J.\nIt is objected by defendant county that the claim of Perry County was not authenticated, as required by the general statute in case of ordinary demands against counties. The special statute giving the right to sue upon this claim does not require it, and no principle of statutory construction makes it necessary. The only other question presented is-whether the act of 1885 is constitutional.\nThe power of the Legislature to alter and abolish counties ; to erect new corporations in the place of the old; to divide and dispose of the property held by counties; to charge portions of the debt of the old county upon that receiving its detached territory, is everywhere conceded, and nowhere more emphatically than in this State. Eagle v. Beard, 33 Ark., 497,. and cases there cited.\nUpon general principles of law, if a part of the territory and inhabitants of a county be separated from it by annexation to another, or by the creation of a new county, the remaining part of the county retains all its property, and remains subject to all its obligations and duties. Laramie Co. v. Albany Co., 92 U. S., 307, and cases cited ; 100 U. S., 514.\nThe only debatable question is as to whether the act segregating the territory must impose such proportion of the debt of the old county upon the new one, or upon the county receiving the detached territory, as is equitable and just, or whether,, where such act is silent as to this, subsequent legislation may make the imposition. This has been ruled differently in the courts.\nThe earlier doctrine (still followed by some courts) was that the act detaching the territory must apportion the debt, and that it could not be subsequently taken from the old and imposed upon the new county. Hampshire v. Franklin, 16 Mass., 75; Bowdoinham v. Richmond, 6 Greenl., 112.\nThe better doctrine is, that the power of the Legislature to-impose the debt of the one county upon another, depending upon the existence of a moral obligation from the new county, or the county receiving new territory, to pay part of the old debt, the Legislature may so ordain whenever it finds the moral obligation to exist. Stone v. Bird, 16 Kan., 489; Creighton v. San Francisco, 42 Cal., 446; Layton v. New Orleans, 12 La. Ann., 515; Laramie County v. Albany County, 2 Otto, 307; Ly coming v. Union, 15 Pa. St., 166; Guilford v. Supervisors, 3 Kernan, 143; New Orleans v. Clark, 95 U. S., 654; 1 Dillon Municipal Corp., sec. 189.\nThe act in this case is less open to objection than those usually passed, since it makes Conway County liable for only such equitable proportion of the debt as can be established by legal evidence. The field is open to show, as against a proportion of the debt, the value of county property retained by the old county, and the equity of the imposition of any burden at all.\nThe demurrer should have been overruled.\nReverse and remand for further proceedings.",
        "type": "majority",
        "author": "Sandels, J."
      }
    ],
    "attorneys": [
      "J F. Sellers, for appellant.",
      "E. B. Henry, for appellee."
    ],
    "corrections": "",
    "head_matter": "Perry County v. Conway County.\n,i. Counties: Claims against under special statutes.\nUnder a special statute providing that a county which has received territory detached by a previous act from another county, shall he liable to the latter for a just proportion of its debt, existing at the date of the segregating act, to be allowed on a claim presented to the County Court, it is not necessary to authenticate such claim in the manner required by the general statute, in case of ordinary demands against counties, if the special statute does not require it.\n\u20222. Same: Detaching territory of: Apportionment of debt.\nA county, by receiving territory detached by an act of the General Assembly from that of another county, is placed under a moral obligation to pay a just and equitable proportion of the latter\u2019s debt, existing at the time the act is passed ; and where the act segregating the territory is silent as to such payment, the Legislature has power to provide for enforcing it by a subsequent enactment.\nAPPEAL from Conzvay Circuit Court.\nG. S. Cunningham, Judge.\nIn 1873 the Legislature in creating the County of Faulkner, and fixing the boundaries of Conway County, attached to the latter territory formerly lying in Perry County. The act .made no provision for the imposition of any part of the debt of Perry County upon Conway County.\nBy an act approved March 17, 1885, the General Assembly provided that Conway County should be liable to Perry County for a fair proportion of the debt of Perry County existing at the time its territory was given to Conway County. It was further provided that within two years from the date of the act Perry County, by its agent or attorney, might file its claim against Conway County in the Conway County Court, and it was made the duty of said court to examine the claim, upon legal testimony, and to allow so much thereof as was proven to be justly due Perry County, within the time allowed by the act. Perry County filed the claim in the Conway County Court. It was not authenticated, as required by the general statute govering the presentation of demands against counties. * The County Court rejected the claim, and on appeal to the Circuit Court a demurrer to the plaintiff\u2019s claim was sustained, and judgment rendered against it. From this judgment it appeals.\nJ F. Sellers, for appellant.\n1. The Legislature has power by enactment to provide for an adjustment, in the same act, of the prior indebtedness between the counties interested, and to provide the remedies for carrying the act into effect, jy Ark., 339, and cases cited; 77 N. C., 298; 34 Ala., 639; 2 Otto, 307, and many others.\n2. When the Legislature fails in the original act to so provide, as in this case (Acts 1873, p. 86), they may do so by subsequent act. Acts 1883, p. 83; 16 Kans.,498; 28 Cal., 449; 42 ib., 446; 16 Gray {Mass.), 244; 93 U, S., 644; / Dill. Mun. Corp., secs. 63, \u00bf6, 189; Acts 1881, p. 102; Cooley Const. Dim. {4th ed.), top p. 81.\nE. B. Henry, for appellee.\nThe Legislature, when the original act does not so provide, cannot make an adjustment of the indebtedness of one county to another by subsequent act. It must be done in the act changing the boundaries, or creating the new county. 57 Ark., 339, and the cases cited by appellant, are not applicable.\nThe act is unconstitutional. Art. 3, sec. 23, Const. 1834; ib., art. 16, sec. 3. This was a clear attempt on the part of the Legislature to exercise judicial functions."
  },
  "file_name": "0430-01",
  "first_page_order": 458,
  "last_page_order": 461
}
