{
  "id": 1913365,
  "name": "Arkansas Midland Railway v. Canman",
  "name_abbreviation": "Arkansas Midland Railway v. Canman",
  "decision_date": "1889-11",
  "docket_number": "",
  "first_page": "517",
  "last_page": "528",
  "citations": [
    {
      "type": "official",
      "cite": "52 Ark. 517"
    }
  ],
  "court": {
    "name_abbreviation": "Ark.",
    "id": 8808,
    "name": "Arkansas Supreme Court"
  },
  "jurisdiction": {
    "id": 34,
    "name_long": "Arkansas",
    "name": "Ark."
  },
  "cites_to": [
    {
      "cite": "23 Cal., 360",
      "category": "reporters:state",
      "reporter": "Cal.",
      "opinion_index": -1
    },
    {
      "cite": "33 Iowa, 103",
      "category": "reporters:state",
      "reporter": "Iowa",
      "opinion_index": -1
    },
    {
      "cite": "42 Ind., 133",
      "category": "reporters:state",
      "reporter": "Ind.",
      "opinion_index": -1
    },
    {
      "cite": "32 Ind., 303",
      "category": "reporters:state",
      "reporter": "Ind.",
      "opinion_index": -1
    },
    {
      "cite": "30 Ark., 314",
      "category": "reporters:state",
      "reporter": "Ark.",
      "opinion_index": -1
    },
    {
      "cite": "22 N. E. Rep., 14",
      "category": "reporters:state_regional",
      "reporter": "N.E.",
      "weight": 2,
      "opinion_index": -1
    },
    {
      "cite": "23 Kans., 236",
      "category": "reporters:state",
      "reporter": "Kan.",
      "opinion_index": -1
    },
    {
      "cite": "42 N. W. Rep., 632",
      "category": "reporters:state_regional",
      "reporter": "N.W.",
      "opinion_index": -1
    },
    {
      "cite": "21 Mo. App., 618",
      "category": "reporters:state",
      "reporter": "Mo. App.",
      "opinion_index": -1
    },
    {
      "cite": "13 N. E. Rep., 223",
      "category": "reporters:state_regional",
      "reporter": "N.E.",
      "opinion_index": -1
    },
    {
      "cite": "30 Ind., 103",
      "category": "reporters:state",
      "reporter": "Ind.",
      "case_ids": [
        1503831
      ],
      "weight": 2,
      "opinion_index": -1,
      "case_paths": [
        "/ind/30/0103-01"
      ]
    },
    {
      "cite": "12 Pac. Rep., 312",
      "category": "reporters:state_regional",
      "reporter": "P.",
      "opinion_index": -1
    },
    {
      "cite": "16 Kans., 200",
      "category": "reporters:state",
      "reporter": "Kan.",
      "case_ids": [
        58755
      ],
      "weight": 2,
      "opinion_index": -1,
      "case_paths": [
        "/kan/16/0200-01"
      ]
    },
    {
      "cite": "104 Ind., 264",
      "category": "reporters:state",
      "reporter": "Ind.",
      "case_ids": [
        1360672
      ],
      "opinion_index": -1,
      "case_paths": [
        "/ind/104/0264-01"
      ]
    },
    {
      "cite": "31 Ark., 439",
      "category": "reporters:state",
      "reporter": "Ark.",
      "opinion_index": -1
    },
    {
      "cite": "38 Me., 187",
      "category": "reporters:state",
      "reporter": "Me.",
      "opinion_index": -1
    },
    {
      "cite": "117 Ind., 433",
      "category": "reporters:state",
      "reporter": "Ind.",
      "opinion_index": -1
    },
    {
      "cite": "10 S. W. Rep., 741",
      "category": "reporters:state_regional",
      "reporter": "S.W.",
      "opinion_index": -1
    },
    {
      "cite": "34 Ark., 614",
      "category": "reporters:state",
      "reporter": "Ark.",
      "weight": 3,
      "opinion_index": -1
    },
    {
      "cite": "48 Ark., 396",
      "category": "reporters:state",
      "reporter": "Ark.",
      "case_ids": [
        1887778
      ],
      "opinion_index": -1,
      "case_paths": [
        "/ark/48/0396-01"
      ]
    },
    {
      "cite": "34 Ark., 613",
      "category": "reporters:state",
      "reporter": "Ark.",
      "case_ids": [
        1875688
      ],
      "opinion_index": -1,
      "case_paths": [
        "/ark/34/0613-01"
      ]
    },
    {
      "cite": "38 N. Y, 178",
      "category": "reporters:state",
      "reporter": "N.Y.",
      "case_ids": [
        500823
      ],
      "opinion_index": -1,
      "case_paths": [
        "/ny/38/0178-01"
      ]
    },
    {
      "cite": "7 S. W. Rep., 492",
      "category": "reporters:state_regional",
      "reporter": "S.W.",
      "opinion_index": -1
    },
    {
      "cite": "3 Bush., 8",
      "category": "reporters:state",
      "reporter": "Bush",
      "opinion_index": -1
    },
    {
      "cite": "40 Ark., 298",
      "category": "reporters:state",
      "reporter": "Ark.",
      "case_ids": [
        1897121
      ],
      "weight": 2,
      "opinion_index": -1,
      "case_paths": [
        "/ark/40/0298-01"
      ]
    },
    {
      "cite": "38 N. W. Rep., 132",
      "category": "reporters:state_regional",
      "reporter": "N.W.",
      "weight": 3,
      "pin_cites": [
        {
          "page": "133"
        }
      ],
      "opinion_index": -1
    },
    {
      "cite": "13 Pac. Rep., 499",
      "category": "reporters:state_regional",
      "reporter": "P.",
      "weight": 2,
      "opinion_index": -1
    },
    {
      "cite": "12 Pac. Rep., 103",
      "category": "reporters:state_regional",
      "reporter": "P.",
      "weight": 3,
      "opinion_index": -1
    },
    {
      "cite": "21 Kans., 484",
      "category": "reporters:state",
      "reporter": "Kan.",
      "case_ids": [
        609367
      ],
      "opinion_index": -1,
      "case_paths": [
        "/kan/21/0484-01"
      ]
    },
    {
      "cite": "99 Ind., 331",
      "category": "reporters:state",
      "reporter": "Ind.",
      "opinion_index": -1
    },
    {
      "cite": "93 U. S., 293",
      "category": "reporters:federal",
      "reporter": "U.S.",
      "opinion_index": -1
    },
    {
      "cite": "48 N. H., 316",
      "category": "reporters:state",
      "reporter": "N.H.",
      "opinion_index": -1
    },
    {
      "cite": "48 Iowa, 236",
      "category": "reporters:state",
      "reporter": "Iowa",
      "case_ids": [
        2329871
      ],
      "opinion_index": -1,
      "case_paths": [
        "/iowa/48/0236-01"
      ]
    },
    {
      "cite": "44 N. Y, 438",
      "category": "reporters:state",
      "reporter": "N.Y.",
      "case_ids": [
        2335801
      ],
      "opinion_index": -1,
      "case_paths": [
        "/ny-2d/44/0438-01"
      ]
    },
    {
      "cite": "93 U. S., 291",
      "category": "reporters:federal",
      "reporter": "U.S.",
      "case_ids": [
        5646655
      ],
      "weight": 2,
      "opinion_index": -1,
      "case_paths": [
        "/us/93/0291-01"
      ]
    },
    {
      "cite": "23 Hun., 114",
      "category": "reporters:state",
      "reporter": "Hun.,",
      "opinion_index": 0
    },
    {
      "cite": "22 N. E. Rep., 15",
      "category": "reporters:state_regional",
      "reporter": "N.E.",
      "opinion_index": 0
    },
    {
      "cite": "96 N. Y., 614",
      "category": "reporters:state",
      "reporter": "N.Y.",
      "case_ids": [
        556151
      ],
      "opinion_index": 0,
      "case_paths": [
        "/ny/96/0614-01"
      ]
    },
    {
      "cite": "56 Ill., 138",
      "category": "reporters:state",
      "reporter": "Ill.",
      "case_ids": [
        817766
      ],
      "opinion_index": 0,
      "case_paths": [
        "/ill/56/0138-01"
      ]
    },
    {
      "cite": "97 Mass., 361",
      "category": "reporters:state",
      "reporter": "Mass.",
      "case_ids": [
        706989
      ],
      "opinion_index": 0,
      "case_paths": [
        "/mass/97/0361-01"
      ]
    },
    {
      "cite": "14 How., 486",
      "category": "reporters:scotus_early",
      "reporter": "How.",
      "opinion_index": 0
    },
    {
      "cite": "37 Ark., 589",
      "category": "reporters:state",
      "reporter": "Ark.",
      "opinion_index": 0
    },
    {
      "cite": "93 U. S., 291",
      "category": "reporters:federal",
      "reporter": "U.S.",
      "case_ids": [
        5646655
      ],
      "opinion_index": 0,
      "case_paths": [
        "/us/93/0291-01"
      ]
    }
  ],
  "analysis": {
    "cardinality": 928,
    "char_count": 23937,
    "ocr_confidence": 0.712,
    "pagerank": {
      "raw": 5.748765047720374e-07,
      "percentile": 0.9504440220259945
    },
    "sha256": "07c859a67c3226b07e87f9f3a13f24d12a56dfef54b51c4e2afd2184f3849a41",
    "simhash": "1:ad36194f6604c59b",
    "word_count": 4196
  },
  "last_updated": "2024-02-27T21:49:13.359511+00:00",
  "provenance": {
    "date_added": "2019-08-29",
    "source": "Harvard",
    "batch": "2018"
  },
  "casebody": {
    "judges": [],
    "parties": [
      "Arkansas Midland Railway v. Canman."
    ],
    "opinions": [
      {
        "text": "Battle, J.\nThe Arkansas Midland Railroad Company is a corporation owning and operating a railroad between Helena and Clarendon, in this State, for the carriage of passengers and freight to and from its termini and intervening points. It has never run trains, exclusively, for transporting passengers, but the trains on which it has carried them were composed of passengers and freight cars, and carried freight. On the 12th of January, 1888, for a valuable consideration, it undertook to -carry O. G. Canman, as a passenger, on a train composed of two box cars, a baggage car and two passenger coaches, from Helena to Clarendon. The box and baggage cars were placed in front of the coaches. The train was not provided with air-brakes nor with bell pulls, but was furnished with hand-brakes and two brakemen. Canman took a seat in one of the coaches. The train moved out and was running at the rate of about eight miles an hour, and had gone a short distance when the coach in which Canman was seated left the track, turned over, and severely injured him. For the damages he suffered in consequence of the injuries received he brought this action, and alleged that they were caused by the negligence of the railroad company.\nThe foregoing facts were provqn in the trial. It was also proved that the road-bed of the defendant was ballasted with dirt, and evidence was adduced tending to prove, that it was impracticable to use a bell-rope and air-brakes on a train composed of freight and passenger cars; that the coach that was overturned was derailed at a point where the rail in the track, on the east side, was slightly bent out of line, and \u201ca spike seemed to be pushed towards the east; \u201d and that in leaving the track the wheels on the east side of the coach went between the rails, and the others, on the outside and west of the track.\nAmong other instructions the couit gave the following, over the objections of the defendant, to the jury:\n\u201c I. Where a passenger for hire being carried on the train of a railroad company, is injured without fault of his own, the law presumes that the railroad company has been guilty of negligence, which presumption the railroad must remove by evidence, and if the jury find that plaintiff, while a passenger as aforesaid on defendant\u2019s train, was injured without any fault of his own, and the defendant has failed to satisfy you by the evidence introduced, that it was not through its fault that the accident occurred, or that it was caused by plaintiff\u2019s own or contributory negligence, the verdict must be for the plaintiff.\n\u201c2. If the jury find from the evidence that there was a spread' or bent rail at the time and place of derailment, the jury may infer negligence from that fact, and the burden of disproving it is on the defendant.\u201d\nThe defendant asked and the court refused to give the following instructions: \u201c If the jury find from the testimony that the train on which plaintiff was a passenger at the time he was injured was a mixed train for carrying passengers and freight, and that such train at the time when such injury was received, was not provided with air-brakes or a bell-cord, and if they further find from the testimony that it is not practicable to use air-brakes and bell-cord on such trains, then the jury are instructed that the want of such appliances was not negligence in defendant.\u201d\nThe defendant asked for further instructions as to the degree of diligence, care, skill and prudence it was bound to exercise in the construction, maintenance and operation of its railroad, which the court refused to give.\nThe result of the trial was a verdict and judgment in favor of plaintiff, and an appeal by the defendant to this court.\nThe first instruction, construed in connection with other instructions given, contained no error. More appropriate words, however, and words adapted to express the idea tended, should have been used instead of the word \u201csatisfy.\u201d In order to overcome the presumption of negligence it was not necessary for the defendant to introduce evidence sufficient to convince the jury, beyond a reasonable doubt, that it had not been negligent. \u201c It is never necessary,\u201d says the court in Shinn v. Tucker, 37 Ark., 589, \u201cin a civil case that a jury should be satisfied of the truth of their verdict, in the sense of resting upon it, confidently. That principle belongs to criminal law. Civil verdicts should be given on preponderance alone, for the party whose evidence, considered altogether, outweighs that of the other as to the facts in issue; or, against the one having the onus, if, on the whole, the weight seems balanced.\u201d\nThe second instruction given was erroneous. It assumes any spread or bend in a rail is negligence, without regard to its sufficiency to cause the derailment of a car, or in some way J 1 J or manner impair the safety of the train. It is true that the court instructed the jury, that, if they found that the accident to the train was occasioned by a defect in the road-bed or track, and \u201c that defendant had taken all the means which would have been taken by a cautious and prudent person in the exercise of the utmost prudence to prepare and maintain its road-bed and'track where the car was derailed,\u201d the defendant would not be liable ; but, at the same time, it told the jury, in effect, that, if they found that there was a spread or bent rail at the time and place of derailment, they might infer that the defendant had not used such means and prudence, and was guilty of negligence.\nRailroad companies \u201c are bound to the most exact care and diligence, not only in the management of trains and cars, but ajgQ -a struc\u00a1-ure ancj care Qf the track, and in all the subsidiary arrangements necessary to the safety of the passengers.\u201d While the law demands the utmost care for the safety of the passenger it'does not require railroad companies to exercise all the care, skill and diligence of which the human mind can conceive, nor such as will free the transportation of passengers from all possible peril. They are not required, for the purpose of making their roads perfectly safe, to incur such expenses as would make their business wholly impracticable, and drive prudent men from it. They are, however, independently of their pecuniary ability to do so, required to provide all things necessary to the security of the passenger reasonably consistent with their business \u201c and appropriate to the means of conveyance employed by them,\u201d and to adopt the .highest degree of practicable care, diligence and skill that is consistent with the operating of their roads, and that will not render their use impracticable or inefficient for the intended purposes of the same. Philadelphia & C. R. R. Co. v. Derby, 14 How., 486; Simmonds v. New Bedford & Steamboat Co., 97 Mass., 361; P. C. & St. L. R. R. v. Thompson, 56 Ill., 138; Pershing v. Chicago & R. R. Co., 34 Am. & Eng. R. R. Cases, 405; 2 Wood\u2019s Railway Law, sec. 301, pp. 1074, 1079, and cases cited; Hutchinson on Carriers, secs. 502, 529, and cases cited; Patterson on Railway Accident Law, sec. 247.\nIn Indianapolis & St. Louis Railroad Company v. Horst, 93 U. S., 291, which was an action against a railroad company for injuries received by the plaintiff while riding on a cattle train,, the court, after saying, \u201c the highest degree of carefulness and diligence is expressly exacted \u201d of railway companies, said: \u201c The terms in question do not mean all the care and diligence the human mind can conceive of, nor such as will render the transportation free from all possible peril, nor such as would drive the carrier from his business. It does not, for instance, require in respect to either passenger or freight trains, steel rails and iron or granite cross-ties because such ties are less liable to decay and hence safer than those of wood; nor upon freight trains air-brakes, bell-pulls and a brakemen upon every car; but it does emphatically require everything necessary to the security of the passenger upon either, and reasonably consistent with the business of the carrier, and the means of conveyance employed.\u201d\nWas appellant required to run separate passenger trains on its road? All carriers are not required to adopt a like expensive provision for the safety of passengers. The business of a road might render it unsafe to use a single track, and necessary to the safety of the passengers to use a double one. It would, unquestionably, be safer for all railroads to have two tracks and run all trains going in the same direction over the same track, but this does not make it the duty of all railroads to have double tracks. The provisions required to be adopted by passenger carriers for the safety of their passengers vary as the exigencies of the traffic and its remunerative character demand and justify. A railway constructed through a thinly-settled country, moving but little freight and few passengers, and running its trains at a slow rate of speed, cannot be expected to be equipped and operated in the same manner as is necessary in the case of a railway running through a densely populated territory, and moving a large volume of traffic. So the line of a railroad may be short and the business done by it so small as to make it unreasonable to require it to run separate trains for freight and passengers. If the business done does not warrant it, it would be unreasonable and oppressive to demand it, and it would not be required. But on the other hand, if the business was sufficiently large and profitable to warrant it, and the safety of the passengers was endangered of diminished by having the passenger coaches mixed in the same train with freight cars, it would clearly be the duty of the railway company to run separate trains.\nIf it was not the duty of appellant to run separate passenger trains, then, under the statutes of this State, it was its duty, in forming trains, to place the baggage and freight cars in front of the passenger coaches. (Mansf. Dig., sec. 5477.) Under such circumstances the law would not require bell-pulls and air-brakes to be used on such trains if it was impracticable to do so. But, on the other hand, if the rule as to care and diligence already laid down required them to be used, it was the duty of the appellant to have done so.\nAnother question is presented for our consideration. The statutes of this State provide that the court may require the jury \u201cin any case in which they render a general verdict, to find specially upon particular questions of facts to be stated in writing,\u201d and that \u201cwhen the special findings of facts is inconsistent with the general verdict the former controls the latter, and the court may give judgment accordingly.\u201d (Mansf, Dig., secs. 5142, 5143.) In pursuance of these statu tes the court propounded interrogatories and gave instructions to the jury, on motion of the appellant, as follows:\n\u201c 1. Was the derailment of the coach in which plaintiff was a passenger caused by the insufficient skill and care of the defendant in constructing its road-bed ?\n\u201c 2. Was the derailment of the coach in which plaintiff was a passenger caused by the want of skill and prudence of defendant in maintaining its road-bed?\n\u201c 3. Was such derailment caused by the defect in the rolling stock in the defendant\u2019s train or any of its appliances?\n\u201c4. Was such derailment caused by any negligence in operating such train ?\n\u201c 5. If the jury find negligence in either case they will state in what said negligence consisted.\n\u201c6. If the jury find that after the derailment of the car the track was torn up and the ties broken, they will state whether the tearing up of the track and the breaking of the ties contributed to the injury of the plaintiff, and if so, in what way and to what extent.\u201d\nAnd against the objection of the defendant, instructed the jury as follows:\n\u201cIf the jury find negligence and cannot agree what the particular negligence was which caused the derailment of the car, they may so state.\u201d\n\u201c If the jury find that the derailment was caused by a bent rail or spreading of the track, say so.\u201d\nTo each of the interrogatories the jury responded : \u201cWe fail to agree,\u201d and further said : \u201cWe find negligence on the part of the defendant, but fail to agree as to what particular neglect caused the derailment of the train.\u201d\n' The appellant contends that the court erred in instructing the jury that if they found that the appellant had been guilty of negligence, and could not agree as to what the negligence which caused the derailment was, they might so state; and insists, that befor\u00e9 a verdict could have been legally returned against it, there must have been an agreement of the minds of the twelve jurors as to the existence of some particular fact constituting negligence, and that they must have agreed on an affirmative answer to one of the interrogatories. The correctness of this contention depends on the evidence. It is not necessary that a jury, in order to find a verdict, should, in ail cases, concur in a single view of a transaction or occurrence disclosed by the evidence. If the verdict is sustained by any one of two or more interpretations of the evidence, it cannot be impeached by showing that a part of the jury proceeded upon one interpretation and a part upon the others. Murray v. New York Life Ins. Co., 96 N. Y., 614; Chicago & N. W. Ry. Co. v. Dunleavy, 22 N. E. Rep., 15. But if they must necessarily agree upon the answer to any particular question before they can find a verdict, they would be guilty of a violation of duty if they returned a general verdict without doing so. Ebersole v. Northern Central Railroad Co., 23 Hun., 114. If they should reply to such a question, to the effect they cannot agree, the court ought not to receive their verdict, as the reply and verdict, in that case, would be in irreconcilable conflict. As to the consistency of the verdict, and the answers of the jury to the interrogatories in this case, we express no opinion.\nReversed.",
        "type": "majority",
        "author": "Battle, J."
      }
    ],
    "attorneys": [
      "John J. and 'E. C. Hornor, for appellant.",
      "E. W. Kimball and Stephenson & Trieber, for appellee."
    ],
    "corrections": "",
    "head_matter": "Arkansas Midland Railway v. Canman.\n1. Instructions: In civil cases.\nIn charging the jury in civil cases the word \u201c satisfy \u201d should not be used in an instruction, in such connection that it may be taken to mean that a verdict cannot be given on a preponderance of the evidence.\n2. Railroad Companies : Negligence: Instructions.\nIn an action against a railway company for injuries to a passenger caused by the derailment of a car, the court instructed the jury that if they found \u201c there was a spread or bent rail at the the time and place of derailment,\u201d they might \u201cinfer negligence from that fact,\u201d and that the burden of disproving it was on the defendant. Held : That the instruction was erroneous, as it assumed that any spread or bend in a rail is negligence, without regard to its sufficiency to cause the derailment of a car, or otherwise impair the safety of a train.\n3. Same : Care required for safety of passengers.\nRailway companies are required to provide for the safety of passengers all such things as are reasonably consistent with their business and appropriate to the means of conveyance they employ, but they are not required in order to make their roads perfectly safe to incur such expenses as would render the business of carrying passengers wholly impracticable.\nSame : Same : Separate trains for passengers.\nIt is not the duty of a railway company to run-separate passenger trains where its business is not sufficient to warrant it in doing so. But if the business of the company is sufficiently large and profitable to warrant such trains, and the safety of passengers is endangered by having the passenger coaches mixed in the same train with freight cars, then it is the duty of the company to run separate trains.\n5. Same : Same.\nWhere it is not the duty of a railway company to run separate passenger trains, the statute \\_Mansf. Dig., sec. SfJT\\ requires it, in forming mixed trains, to place the baggage and freight cars in front of the passenger coaches; and if the use of bell-pulls and air-brakes on trains thus formed is impracticable, the law will not require it. But if the use of such appliances on mixed trains is practicable, and is necessary to the safety of passengers, then the law will demand it.\n6. Verdicts: Special finding of facts.\nSecs. 5142, 5143 Mansf. Dig. provide that the court may require the jury \u201cin any case in which they render a general verdict, to find specially upon particular questions of fact to be stated in writing,\u201d and that when the special finding of facts is inconsistent with the general verdict the former controls the latter, and the court may give judgment accordingly. Held : That where such special finding is required, if the general verdict is sustained by any one of two or more interpretations of the evidence, it cannot be impeached by showing that part of the jury proceeded upon one interpretation and part upon others. But if the jury must necessarily agree upon the answer to a particular question before they can find a verdict, and their reply to such question is that they cannot agree, then the reply and the verdict being irreconcilably in conflict, the latter ought not to be received.\nAPPEAL from Phillips Circuit Court.\nM. T. Sanders, Judge.\nJohn J. and 'E. C. Hornor, for appellant.\n1. Prima facie, where a passenger is injured without fault of his own, there is a legal presumption of negligence, which the railway company must rebut. 3\u2021 Ark., 613.\nThe testimony shows beyond question that the appellant was guilty of no negligence. The road was properly and skilfully constructed and maintained; there was no defect in the machinery of the train; no negligence in the method of operating the road ; the train was sufficiently and properly officered by competent men; all was done that could have been done. The accident was simply an inevitable casualty against which human skill and prudence could not provide. The presumption of negligence was rebutted, and appellee must make out his case by a preponderance of testimony. 23 A. & E. R. Cas., \u202192; 28 id., 130.\n2. The preponderance of the testimony is that there was no bent rail; no loose spikes at the point of derailment; and that gravel ballast would not have added to the safety of the passengers if it had been practicable to have ballasted this road with gravel.\n3. A failure to provide bell-cord and air-brakes was not negligence. This was a mixed train, and its speed only eight miles an hour. Under these circumstances, even were it practicable to use air-brakes and bell-cord, their absence was not negligence. Whittaker-Smith Neg. p. 1; Patterson R. Ac. Law, 2\u2021\u2021; ib., 239; 93 U. S., 291; nor would their use have contributed in any way to prevent the injury. 93 U. S\u201e 130. Having exercised the highest degree of prudence and skill which human foresight could effect, the railroad was not liable. 44 N. Y, 438; 33 III., 194; 48 Iowa, 236; 24 A. & E. R. Cases, 4-05-\n4. The first instruction is erroneous. The rule of law-only requires the defendant to rebut the presumption by a preponderance of testimony, not to satisfy the jury. It is only in criminal cases that the jury must be satisfied, etc.\n5. The second instruction is erroneous in assuming that any spread or bend in a rail is negligence; and then in casting the burden on defendant of \u201c disproving \u201d it.\n6. Review the other instructions and contend they were erroneous and misleading.\n7. The court erred in refusing instructions 6, 7, 8 and 9 asked by defendant. The utmost degree of diligence which htiman skill and foresight can effect means the utmost care and diligence for very cautious persons under like circumstances and conditions. The law only requires that all companies must provide a safe track and sound machinery and cars, and capable and trustworthy operatives, but they are not required to use every appliance or machine that, may be found valuable in diminishing the danger in railroad travel and which may come into general use on the great trunk lines, or lines connecting great cities, or carrying thousands of passengers, etc. Such a rule would bankrupt many railroads. 1 A. & E. R. Cases, 39; 48 N. H., 316; 93 U. S., 293; 28 A. & E. R. Cases, 130; 23 id., 492; 99 Ind., 331; 33 A. & E. R. Cases, 133.\nA railroad is bound to exercise the highest degree of care and diligence which is reasonably consistent with the practical operation of its railroad and the conducting of its business. 34 A. & E. R. Cases 4.03; 26 id., 229; Story Bailments, sec. 601; 28 A. & E. Cases, 163; 3 id., 343; Patt. R. Ac. Law, sec. 243.\n8. It was error to instruct the jury that if they found negligence on the part of defendant and could not agree what the particular negligence was, they might so state. 21 Kans., 484; 2 Thomps. Trials, sec. 2670; 12 Pac. Rep., 103 ; 13 Pac. Rep., 499; 17 id., 791; 38 N. W. Rep., 132.\n9. The answers to the special interrogatories were inconsistent with the general verdict, and the general verdict should have been set aside. 40 Ark., 298.\n10. The verdict was excessive, and instead of allowing a remittitur, the court should have awarded a new trial. 13 Pac. Rep., 499,-3 Bush., 8/ ; 7 S. W. Rep., 492 ; 38 N. Y, 178.\nE. W. Kimball and Stephenson & Trieber, for appellee.\n1. The instructions for appellee are copied from instructions approved by this court. 34 Ark., 613; 40 id., 298; 37 id., 319 ; 31 id., 439. And as to the measure of damages, see 48 Ark., 396.\n2. Instructions 6 to 9 asked by appellant, were properly refused. They seek to change the rule by substituting \u201cpracticability\u201d for \u201c the highest skill and utmost diligence.\u201d The rule laid down in 34 Ark., 614, has been approved in every case since. 36 Ark'., 431; 40 id., 298 ; 31 id., 439 ; 10 S. W. Rep., 741. See, also, 117 Ind., 433.\nRailroads are responsible for the slightest negligence. 40 Ark., 298; 14 How., U. S., 486.\nThe 8th instruction asked by appellant, that this was a mixed train, and for that reason the company was not bound to exercise the same diligence as would have been required of it, had it been a passenger train only, is against the great preponderance of authority. 38 Me., 187; 33 Wise., 4; 93 U. S., 291; Thompson Car., 328; 26 III., 373; 30 III., 9; 31 Ark., 439; 39 N. V, 227; 23 A. & E. Cases, 498; 104 Ind., 264.\n3. The burden of proving negligence is not shifted back upon plaintiff by the introduction of testimony in rebuttal. 31 ArJe.j 4S9; 16 Kans., 200. But the legal presumption of negligence in this case, was reinforced by direct testimony, that the track spread.\n4. Conceding that appellant had a right to have the special interrogatories answered, yet having failed to object to the reception of the verdict at the time, it waived this right. 12 Pac. Rep., 312 ; 30 Ind., 103 ; no id., 223 ; 13 N. E. Rep., 223 ; gg Ind., 331; ig Abb. Pr., 314.; 21 Mo. App., 618; 42 N. W. Rep., 632; Thomps. on Trials, sec. 2683.\nBut it is not necessary that a jury must agree in every case \u25a0on all the special interrogatories, before its general verdict \u2022can be received. It is within the discretion of the court whether a jury will be required to answer any special interrogatories. Mansf. Dig., sec. 3142. The entire matter is within the control of the court. Its acceptance of the general verdict was a tacit withdrawal of the special interrogatories. 23 Kans., 236; ig Abb. Pr., 314.\nSee, also, Thompson on Trials, sec. 2688; 16 Kans., 200; 22 N. E. Rep., 14; 30 Ark., 314; 32 Ind., 303.\nIf special findings can, upon any hypothesis, be reconciled with the general verdict, the general verdict will be upheld. .42 Ind., 133; 3g id., 342; 22 N. E. Rep., 14. The conflict must be irreconcilable. 33 Iowa, 103; 3g Ind., 321; 103 Ind., .483; 113 id., 460; 23 Cal., 360; 12 Pac. Rep., 103; 13'id., 4go ; 13 id., 3gi; 38 N. W. Rep., 132; 4 George (Miss.), 43.\n5. The verdict is not excessive. If it was, the remittitur \u2022cured that, jp Ark., 4gi; 33 Wise., 121; 62 id., 133; Doyle v. Dickson, g3 Mass."
  },
  "file_name": "0517-01",
  "first_page_order": 545,
  "last_page_order": 556
}
