{
  "id": 8724377,
  "name": "Williams v. Petty",
  "name_abbreviation": "Williams v. Petty",
  "decision_date": "1925-04-20",
  "docket_number": "",
  "first_page": "642",
  "last_page": "645",
  "citations": [
    {
      "type": "official",
      "cite": "168 Ark. 642"
    }
  ],
  "court": {
    "name_abbreviation": "Ark.",
    "id": 8808,
    "name": "Arkansas Supreme Court"
  },
  "jurisdiction": {
    "id": 34,
    "name_long": "Arkansas",
    "name": "Ark."
  },
  "cites_to": [
    {
      "cite": "138 Ark. 33",
      "category": "reporters:state",
      "reporter": "Ark.",
      "case_ids": [
        1566928
      ],
      "opinion_index": 0,
      "case_paths": [
        "/ark/138/0033-01"
      ]
    },
    {
      "cite": "128 Ark. 277",
      "category": "reporters:state",
      "reporter": "Ark.",
      "case_ids": [
        1581880
      ],
      "weight": 2,
      "opinion_index": 0,
      "case_paths": [
        "/ark/128/0277-01"
      ]
    },
    {
      "cite": "33 Ark. 682",
      "category": "reporters:state",
      "reporter": "Ark.",
      "case_ids": [
        8725789
      ],
      "opinion_index": 0,
      "case_paths": [
        "/ark/33/0682-01"
      ]
    },
    {
      "cite": "31 Ark. 296",
      "category": "reporters:state",
      "reporter": "Ark.",
      "case_ids": [
        1879277
      ],
      "opinion_index": 0,
      "case_paths": [
        "/ark/31/0296-01"
      ]
    }
  ],
  "analysis": {
    "cardinality": 310,
    "char_count": 6222,
    "ocr_confidence": 0.48,
    "pagerank": {
      "raw": 7.226684795779869e-08,
      "percentile": 0.43140661868703545
    },
    "sha256": "e1023d61047371092f5f3186795d55de91e2d33d9168adf05da7f8372095fb8b",
    "simhash": "1:48206c019efce20a",
    "word_count": 1089
  },
  "last_updated": "2024-02-27T20:53:15.452133+00:00",
  "provenance": {
    "date_added": "2019-08-29",
    "source": "Harvard",
    "batch": "2018"
  },
  "casebody": {
    "judges": [],
    "parties": [
      "Williams v. Petty."
    ],
    "opinions": [
      {
        "text": "Hart, J.,\n(after stating the facts). The circuit court was right in holding that the plaintiffs were not entitled to maintain the action. The action of forcible entry and unlawful detainer lies only in the cases pointed out by the statute, and the main purpose of the statute is to give a speedy remedy to a landlord against his tenant, who holds possession without right.\nIn this case the facts do not show that the plaintiffs were ever in the possession of the land, or that the defendant held under them by virtue of any contract, or that the relation of landlord and tenant in any manner, express or implied, existed between them.\nWe have held that the action of unlawful detainer will not lie on the right of possession merely, but the relation of landlord and tenant, express or implied, must exist in order to maintain the action. Dortch v. Robinson, 31 Ark. 296; Necklace v. West, 33 Ark. 682; and White River Land & Timber Co. v. Hawkins, 128 Ark. 277.\nThe plaintiffs, under the evidence, were entitled to the possession of the premises, but should have brought ejectment instead of unlawful detainer, or should have demanded that their landlord put them in possession of the premises, and, if he failed to do so, they might have maintained an action against him for a breach of their rent contract.\nThe case of Cherry v. Kirkland, 138 Ark. 33, has no bearing on this case, and is not in conflict with the 'views we have expressed. In that case the plaintiff in the action acqnired title from the lawful owner, and stood in his shoes as owner of the land for all purposes. The court expressly recognized that the relationship of landlord and tenant must exist, but said that the statute was broad enough to include the grantee of the owner. In other words, by acquiring the legal title to the property, the grantee took the place of the original owner, who was the landlord, and succeeded to his rights under the statute. Not so with the lessee of the original landlord, who, as we have already seen, only acquired the right of possession during the term of his lease, and did not become owner of the legal title to the land.\nTherefore we are of the opinion that the court was right in dismissing the action of the plaintiffs.\nThe court was wrong, however, in submitting the question of damages to the jury. In the case of White River Land & Timber Co. v. Hawkins, 128 Ark. 277, it was held that, under our statute, the defendant in an action for unlawful detainer, where his occupancy is without right, cannot recover\u2019 damages from the true owner. The reason is that the statute does not authorize such recovery, and the court said that it is only where the defendant disputes the right of possession that he can introduce before the .jury evidence showing damages he has sustained by reason of being dispossessed.\nAccording to the uncontradicted evidence, the defendant was not entitled to the possession of the land in controversy, and the failure of the plaintiffs to recover possession was due entirely to the form of the action in which they sought relief.\nIt follows that the judgment in the defendant\u2019s favor should only have been for the restitution of possession of the land and for the recovery of the costs of the action. To that extent only will the judgment be affirmed, and the judgment for recovery-of damages will be reversed and dismissed. It is so ordered.",
        "type": "majority",
        "author": "Hart, J.,"
      }
    ],
    "attorneys": [
      "J. H. Black, for appellant."
    ],
    "corrections": "",
    "head_matter": "Williams v. Petty.\nOpinion delivered April 20, 1925.\n1. Forcible entry ani> detainer \u2014 when unlawful detainer lies. \u2014The action of unlawful detainer will not lie on the right of possession merely, but the relation of landlord and tenant, express or implied, must exist in order to maintain the action.\n2. Forcible entry and detainer \u2014 unlawful detainer not remedy when. \u2014 Where lessees failed to show that they were ever in possession of the land, or that the defendant held under them by virtue of any contract, or that the relation of landlord and tenant existed between them and defendant, they were not entitled to maintain unlawful detainer, but might bring ejectment or pursue their remedy against the landlord.\n3. Forcible entry and detainer \u2014 damages.\u2014Where lessees though entitled to possession, failed in unlawful detainer, the defendant, though having no right to possessin, was entitled to recover the land and his costs, but not to recover damages for being wrongfully dispossessed\nAppeal from Marion Circuit Court; J. II. Shinn, Judge;\naffirmed.\nSTATEMENT OF FACTS.\nThis is an action of unlawful -detainer brought by Ambrose Williams and ;iA.rvie Ingram against W. J Petty.\nThe suit was defended on the ground that the plaintiffs had never been in possession of the land, and that the relation of landlord and tenant had never existed between the plaintiffs and the defendant.\nThe record shows that Ambrose Williams and Arvie Ingram rented a farm in Marion County, Arkansas, for the year 1923, known as the Hill Fontaine land. For two years prior thereto the land had been rented to J. F. Williams, the father of Ambrose Williams. J. F. Williams had rented a part of the farm to W. J. Petty for the year 1922. After the plaintiffs rented the land they gave Petty a written notice to quit for the time provided by the statute.\nW. J. Petty was a witness for himself. According to his own testimony, he went into possession of a part of the Hill Fontaine farm, about the first of the year 1922, as a tenant of J. F. Williams. He admitted that he held oyer for the year 1923 until he was dispossessed, and that he informed the plaintiffs that he was holding under J. P. Williams, and that this holding was under the contract which he had made with J. P. Williams. He knew that J. P. Williams had not rented the land for the year 1923. Petty also testified as to the amount of damages suffered by him when he was dispossessed of the land.\nThe court instructed the jury that the plaintiffs wore not entitled to recover, and submitted to the jury the question of damages suffered by Petty on account of being wrongfully dispossessed of the land.\nThe jury returned a verdict for $50' in favor of the defendant, and from the judgment rendered the plaintiffs have duly prosecuted an appeal to this court.\nJ. H. Black, for appellant."
  },
  "file_name": "0642-01",
  "first_page_order": 660,
  "last_page_order": 663
}
