{
  "id": 8724803,
  "name": "Perkins v. State",
  "name_abbreviation": "Perkins v. State",
  "decision_date": "1925-04-27",
  "docket_number": "",
  "first_page": "710",
  "last_page": "713",
  "citations": [
    {
      "type": "official",
      "cite": "168 Ark. 710"
    }
  ],
  "court": {
    "name_abbreviation": "Ark.",
    "id": 8808,
    "name": "Arkansas Supreme Court"
  },
  "jurisdiction": {
    "id": 34,
    "name_long": "Arkansas",
    "name": "Ark."
  },
  "cites_to": [
    {
      "cite": "115 Ark. 566",
      "category": "reporters:state",
      "reporter": "Ark.",
      "case_ids": [
        1533821
      ],
      "opinion_index": 0,
      "case_paths": [
        "/ark/115/0566-01"
      ]
    },
    {
      "cite": "162 Ark. 116",
      "category": "reporters:state",
      "reporter": "Ark.",
      "case_ids": [
        1385560
      ],
      "opinion_index": 0,
      "case_paths": [
        "/ark/162/0116-01"
      ]
    },
    {
      "cite": "146 Ark. 201",
      "category": "reporters:state",
      "reporter": "Ark.",
      "case_ids": [
        1585019
      ],
      "opinion_index": 0,
      "case_paths": [
        "/ark/146/0201-01"
      ]
    },
    {
      "cite": "99 Ark. 604",
      "category": "reporters:state",
      "reporter": "Ark.",
      "case_ids": [
        1314523
      ],
      "opinion_index": 0,
      "case_paths": [
        "/ark/99/0604-01"
      ]
    }
  ],
  "analysis": {
    "cardinality": 330,
    "char_count": 5838,
    "ocr_confidence": 0.458,
    "pagerank": {
      "raw": 1.774062359641608e-07,
      "percentile": 0.7125156717631028
    },
    "sha256": "2dd2d1fbc9b76865002228b92ede1098a4380da542471f9c50224b5f8fd98411",
    "simhash": "1:bb7e72a71211f537",
    "word_count": 1020
  },
  "last_updated": "2024-02-27T20:53:15.452133+00:00",
  "provenance": {
    "date_added": "2019-08-29",
    "source": "Harvard",
    "batch": "2018"
  },
  "casebody": {
    "judges": [],
    "parties": [
      "Perkins v. State."
    ],
    "opinions": [
      {
        "text": "HaRt, J.\nJ. IT. Perkins prosecutes this appeal to reverse a judgment of conviction against him for' the crime of assault with intent to kill.\nBriefly stated, the facts are that, in January, 1924, J. TJ. Perkins shot Malvin Hudson three times with a pistol, at the railroad station at Foreman, in Little Biver County, Arkansas. Both parties were engaged in operating service cars, and both solicited the same passengers as they alighted from the train. Hudson secured a passenger which Perkins was trying to get. After Hudson had helped the passenger in his car,' Perkins commenced to shoot at him. The first shot struck Hudson in the hack, and two others also lodged in his body. Perkins afterwards stated that, if he had a better pistol, he would have killed Hudson. Hudson, at the time, was unarmed and was making no attempt whatever to assault Perkins. The jury fixed the punishment of Perkins at three years in the State Penitentiary. No reversal of the judgment is asked on the ground that the evidence is not legally sufficient to support the verdict, or that Ms punishment is excessive.\nThe only ground relied upon by the defendant for a reversal of the judgment is that the court erred in admitting and excluding evidence.\nIn the first place it is earnestly insisted that the court erred in excluding the testimony of Malvin Hudson with reference to killing his brother, to assaulting a deputy sheriff, and as to cutting off his own fingers in order to avoid the draft.\nOn cross-examination Hudson was asked if he had not killed his brother. He replied that he had not; hut that, when he was a little boy about nine years old, he had gone hunting with his brother and, while going through a fence, his gun was accidentally discharged and killed his brother. He was then asked if he did not assault a certain deputy sheriff, and he replied that he had not. He was then asked if he had not cut off some of his fingers in order to avoid the draft during the World War. He answered that he had not. These were all collateral matters, and the defendant was bound by the answers of the witness. McAlister v. State, 99 Ark. 604; Pearrow v. State, 146 Ark. 201; and Tullis v. State, 162 Ark. 116.\nThe object of cross-examining a witness in collateral matters is to enable the jury to comprehend just what sort of a person they are called upon to believe. The defendant being bound by the answers of the witness on these collateral matters, it is manifest that he was not prejudiced by withdrawing the testimony from the jury.\nIn this connection it is also insisted that the court erred in. excluding all the testimony with reference to the antecedents and associates of the prosecuting witness, Malvin Hudson. The only other matters that were excluded were where the witness had answered no to the questions propounded to him, and his answers in the negative show that his character was not in the least affected by the questions' and answers. Hence no prejudice resulted to the defendant, and it is well settled that this court only reverses for prejudicial errors.\nThe next assignment of error urged for a reversal of the judgment is that the court erred in not allowing Mrs. J. C. Ward to state the particular matter which caused her to have ill feeling against the defendant. She had been asked whether or not she had any ill feeling against the defendant, and had answered no. She was then asked if she disliked him, and replied that she did. This was snfficient, and the court did not err in refusing to allow her to he asked the particular matter which caused her to dislike the defendant. Her dislike of him, and not the reason for it, would he the cause which might affect her credibility as a witness.\nThe next assignment of error is that the court erred in allowing Mrs. J. C. Ward and Mrs. Jennie Prichett to state that, two months after the shooting, the defendant told them that he intended to kill Malvin Hudson, and, if he had had the pistol that he was then carrying, he 'would have killed him.\nOne of the essential ingredients of the offense of assault with intent to kill is the specific intent to take life, and this testimony was competent, with the other evidence, t\u00f3 show that the defendant intended to kill Hudson when he shot him. Davis v. State, 115 Ark. 566. No other assignment of error is relied upon for a reversal of the judgment.\nIt follows that the judgment will he affirmed.",
        "type": "majority",
        "author": "HaRt, J."
      }
    ],
    "attorneys": [
      "James S. Steel, DuLaney & Steel, and Otis Gilleylen, for appellant.",
      "H. W. Applegate, Attorney General, and Barden Moose, Assistant, for appellee."
    ],
    "corrections": "",
    "head_matter": "Perkins v. State.\nOpinion delivered April 27, 1925.\n1. Criminal law \u2014 withdrawal of evidence \u2014 prejudice.\u2014Where defendant in a prosecution for assault with intent to kill, asked the .prosecuting1 witness concerning such collateral matters as whether the witness 'had killed his brother, assaulted a deputy sheriff, or cut off some of his fingers to avoid draft during the war, he was bound by the negative answer of the witness, and was not prejudiced by court -withdrawing such testimony from the jury.\n2. Witnesses \u2014 cross-examination as to bias. \u2014 It was not error on cross-examination of a State\u2019s witness, who had testified that she disliked the defendant, to refuse to permit her to be asked why she disliked him.\n3. Homicide \u2014 assault to kill \u2014 intent.\u2014Specific intent to take life is an essential ingredient of an assault with intent to kill.\n4. Homicide \u2014 intent\u2014statement of defendant. \u2014 In a prosecution for assault with, intent to kill-, a statement made by defendant two months after the shooting that he intended to kill the iposecuting witness, and if he had had the pistol that he wias then carrying he would have killed him, was competent to show defendant\u2019s intent at the time of the shooting.\nAppeal from Little Biver Circuit Court; B. E. Isbell, Judge;\naffirmed.\nJames S. Steel, DuLaney & Steel, and Otis Gilleylen, for appellant.\nH. W. Applegate, Attorney General, and Barden Moose, Assistant, for appellee."
  },
  "file_name": "0710-01",
  "first_page_order": 728,
  "last_page_order": 731
}
