{
  "id": 8725976,
  "name": "Fenno vs. English",
  "name_abbreviation": "Fenno v. English",
  "decision_date": "1860-10",
  "docket_number": "",
  "first_page": "170",
  "last_page": "173",
  "citations": [
    {
      "type": "official",
      "cite": "22 Ark. 170"
    }
  ],
  "court": {
    "name_abbreviation": "Ark.",
    "id": 8808,
    "name": "Arkansas Supreme Court"
  },
  "jurisdiction": {
    "id": 34,
    "name_long": "Arkansas",
    "name": "Ark."
  },
  "cites_to": [
    {
      "cite": "4 Litt. 416",
      "category": "reporters:state",
      "reporter": "Litt.",
      "opinion_index": -1
    },
    {
      "cite": "4 Litt. 412",
      "category": "reporters:state",
      "reporter": "Litt.",
      "opinion_index": -1
    },
    {
      "cite": "18 Wend. 485",
      "category": "reporters:state",
      "reporter": "Wend.",
      "opinion_index": -1
    }
  ],
  "analysis": {
    "cardinality": 440,
    "char_count": 7169,
    "ocr_confidence": 0.573,
    "pagerank": {
      "raw": 2.624099486528273e-07,
      "percentile": 0.8216034988912481
    },
    "sha256": "646ff920fb8f4396a6e1c4a091ba535c4c56c91298f9d6bd34778cc02c3e6e52",
    "simhash": "1:92aaa5635a30d4c5",
    "word_count": 1237
  },
  "last_updated": "2024-02-27T19:24:29.863772+00:00",
  "provenance": {
    "date_added": "2019-08-29",
    "source": "Harvard",
    "batch": "2018"
  },
  "casebody": {
    "judges": [
      "Mr. Chief Justice English did not sit iri this case."
    ],
    "parties": [
      "Fenno vs. English."
    ],
    "opinions": [
      {
        "text": "Hon. Harris Flanagin, Special Judge,\ndelivered the opinion of the Court.\nThis action was brought by English against Fenno, before a justice of the peace on the 12th day of January 1858, on the following account:\n\u201c JOSEPH FENNO, DR.\nTo E. H. English,\n1857. Defending you in case of State Bank vs. Carroll, Fenno, Danley and others, being suit on Carroll\u2019s bond as Bank attorney, on which you were security \u2014 Pulaski Circuit Court.. -$100 00\nJudgment was rendered for English, and Fenno appealed. A trial was had in the Circuit Court, which resulted in a verdict and judgment for English.\nAt the trial, the deposition of Carroll was read, in which he deposed, that he was principal in the case of State use State Bank vs. Carroll, Fenno and others, and the suit was on his official bond. Witness employed three attorneys to defend the case, which they did. Fenno afterwards told witness that he and Danley had employed English to defend the suit for them, and requested witness to pay him, which he declined on the ground that he had employed sufficient counsel. The defendants were successfully defended.\nGeorge A. Gallagher testified that he, James M. Curran, and Ebenezer Cummins were employed to defend the suit, by Carroll and some of his securities. They did not appear for Fenno. English filed a plea for him at the July term, A. D., 1854. English became Chief Justice of the Supreme Court in January, 1855, and did not appear in the case afterwards. That English gave notice, in the papers of Little Rock, (where Fenno lived,) when he went upon the bench, that his unfinished business -would be turned over to Samuel W. Williams, Esq., who would attend to it, under his advice and direction. Williams did attend to the case until it was decided in 1857.\nThis testimony Fenno moved to exclude, first, because it was irrelevant, and second, because the testimony showed the liability to English had not accrued within three years before the commencement of the suit.\nThe motion was overruled, and Fenno excepted.\nWitness stated further, that it was not customary for attorneys to sue their clients for their fees until the case, i$i which they accrued, was decided.\nFenno asked the court to instruct the jury as follows:\n1st. That if the jury believe from the evidence, that the defendant employed the plaintiff to defend the suit, mentioned by the witnesses, against him and others, and the plaintiff rendered some services, but ceased practicing as an attorney and did not appear in the case within three years belore the commencement of this suit, his demand is barred, and they should find for the defendant.\n2. That if the plaintiff was defendant\u2019s attorney, defending the case mentioned, and ceased to practice as an attorney, he cannot maintain an action for his fee, if more than three years elapsed between the time he ceased to practice and the commencement of this suit, though he employed another attorney to defend the suit to the end.\n3. In no event can the plaintiff recover more than is due for services actually rendered before he ceased practicing as an attorney, and terminated the relation of attorney and client between him and the defendant.\nIn the case of Smith et al. vs. Hill et al., 8 English 173, this court held that a contract for the services of cine member of a legal firm is broken by the neglect of the particular member to perform the services, but the damages, in case the client\u2019s interest was attended to with due professional skill, would be nominal; and in case the client should decline the professional services of the other members, he cannot do so without a tender of compensation for services already rendered. In this case, the partner, who was to perform the services, was dead. The reasoning would apply in the present case, where the attorney had become judge of the Supreme Court, the duties of which were inconsistent with his attention to a considerable practice in the circuit and inferior courts.\nAny construction, which would oblige an attorney to give his personal services as attorney, at all events, would be fraught \u25a0with evils of such magnitude as to prevent its adoption, unless controlled by authorities:\n1st. No person could accept the position of Supreme or Circuit Judge, if he was engaged as counsel in any cases without subjecting himself to a suit for damages.\n2d. When an attorney is engaged in different circuits, and the times of holding the courts are changed, so as to cause the courts to conflict, he would be liable to damages.\n3d. In case of sickness which prevented his attendance, an attorney would render himself liable to damages.\nIn each of these cases his liability (upon the supposed construction of the contract) would accrue, notwithstanding he may have employed and paid a substitute more able than himself, and notwithstanding his client may have succeeded to the extent of his wishes.\nUnder the decision above referred to, we hold that Fenno could not avail himself of the services of the substitute until he succeeded in the cause, and then allege that his contract was for the services of English only; and further, if Fenno was dissatisfied with the services under the advise and direction of English, he should have paid for the services already rendered, and have made known his dissatisfaction.\nThe testimony of Gallagher, under this view of the case, was competent to support English\u2019s account, as well as to avoid the bar of the statute of limitations, and the court correctly refused to exclude the testimony.\nThe first instruction was wrong, for the reason that English could recover for the services of Williams, rendered on English\u2019s account and at English\u2019s expense, without objection on the part of Fenno.\nThe second and third instructions are objectionable for the same reason.\nLet the judgment be affirmed.\nMr. Chief Justice English did not sit iri this case.",
        "type": "majority",
        "author": "Hon. Harris Flanagin, Special Judge,"
      }
    ],
    "attorneys": [
      "Fowler and Stillwell, for the appellant.",
      "Williams & Williams, for the appellee."
    ],
    "corrections": "",
    "head_matter": "Fenno vs. English.\n\u25a0Where an attorney employed to defend a suit, is, after some progress, compelled by circumstances to retire from its charge, and engages the services of a substitute, who performs the duty, an action is maintainable by him for the whole services renddred.\nIn such case, if the client is dissatisfied with the substitution, it is his duty to tender compensation for the services already rendered and rescind the contract of employment.\nThe right of an attorney to sue for services accrues at the termination of the suit in which he was employed.\nAp-peal from Pulaski Circuit Court.\nHon. John J. Clendenin, Circuit Judge.\nFowler and Stillwell, for the appellant.\n1. The testimony of Gallagher should have been excluded. 2 Stark. Ev. 578; 1 Tidd 536; 1 Phil. Ev. 191; 4 Con. R. 55.\n2. English had no authority to substitute Williams in his stead as attorney. 18 Wend. 485; 4 Litt. 412; Story on Agency 12, 13,14; 2 Kent 495, sec. 41; 1 Lio. on Agency sec. 5,p. 54, 56.\nWilliams & Williams, for the appellee.\n1. It is competent for an attorney at law to employ a substitute. 10 Ver. 68; 15 lb. 61; 3 W. S. 77; 4 Litt. 416.\n2. The right of action of an attorney for fees commences with the termination of the suit in which he is employed. Nichols vs. Wilson, 11 M. df W. Exchq. Rep. 106."
  },
  "file_name": "0170-01",
  "first_page_order": 178,
  "last_page_order": 181
}
