{
  "id": 8726280,
  "name": "Gibson ad. vs. Williams",
  "name_abbreviation": "Gibson v. Williams",
  "decision_date": "1860-10",
  "docket_number": "",
  "first_page": "224",
  "last_page": "226",
  "citations": [
    {
      "type": "official",
      "cite": "22 Ark. 224"
    }
  ],
  "court": {
    "name_abbreviation": "Ark.",
    "id": 8808,
    "name": "Arkansas Supreme Court"
  },
  "jurisdiction": {
    "id": 34,
    "name_long": "Arkansas",
    "name": "Ark."
  },
  "cites_to": [
    {
      "cite": "1 Bibb 404",
      "category": "reporters:state",
      "reporter": "Bibb",
      "case_ids": [
        6686622
      ],
      "opinion_index": -1,
      "case_paths": [
        "/ky/4/0404-01"
      ]
    },
    {
      "cite": "1 Ark. 596",
      "category": "reporters:state",
      "reporter": "Ark.",
      "opinion_index": -1
    },
    {
      "cite": "3 Ark 354",
      "category": "reporters:state",
      "reporter": "Ark.",
      "opinion_index": 0
    },
    {
      "cite": "17 Ark. 596",
      "category": "reporters:state",
      "reporter": "Ark.",
      "opinion_index": 0
    }
  ],
  "analysis": {
    "cardinality": 221,
    "char_count": 3058,
    "ocr_confidence": 0.517,
    "pagerank": {
      "raw": 5.495215269906281e-08,
      "percentile": 0.3439621383331615
    },
    "sha256": "94f17835da3e7385f67f88ae394eaa4e5a9da3c00d14c34608a6c54b2773360d",
    "simhash": "1:96b9406a3fd60081",
    "word_count": 547
  },
  "last_updated": "2024-02-27T19:24:29.863772+00:00",
  "provenance": {
    "date_added": "2019-08-29",
    "source": "Harvard",
    "batch": "2018"
  },
  "casebody": {
    "judges": [],
    "parties": [
      "Gibson ad. vs. Williams."
    ],
    "opinions": [
      {
        "text": "Mr. Justice Faiechild,\ndelivered the opinion of the Court.\nThis case was either decided erroneously by the Circuit Court sitting as a jury, or a very bad reason was given for a good decision. For the plea of the defendant admitted that to be a fact, which the court declared to be its reason for finding against the plaintiff. The defendant having pleaded the general issue, it was thereby admitted that Sarah P. Williams was what she described herself to be in the declaration, the administratrix of the goods of Samuel N. Williams. Kowanchi vs. Askew, 17 Ark. 596.\nBut by the rule of proceeding at law, the judgment, despite the reason given for rendering it, must be regarded as a judgment, and the reason assigned for the finding of the court must be disregarded. That reason is no part of the judgment, is simply a misconception by the court of what was to be proved under the pleadings. It is the same as any judgment that is founded upon a verdict, that is against the evidence; as here, no evidence was needed to show the representative character of the plaintiff. But the recital in the judgment order of the want of evidence, there being no such defect, does not make the error of the court a matter of record. We must treat all but the judgment as irrelevant, as no part of the record.\nIn Hezekiah vs. Montross, 21 Ark., in which objections to the evidence were spread upon the record entry, we held that such statement was surplusage, and could not be regarded as part of the record, not being brought there by bill of exceptions. The same principle applied to this case, will cause the reason of the judgment to be disregarded, as forming no part of the record.\nThere was no motion for a new trial, no prayer that the court should hold evidence of the grant of administration to the plain, tiff unnecessary; the attention of the court does net seem, during or after the trial, to have been called to the point on which it erred. The case is clearly within the rule of State Bank, vs. Conway, B., 3 Ark 354, and the numerous cases in which it has been followed; and the application of that rule being insisted upon, the judgment must be affirmed.",
        "type": "majority",
        "author": "Mr. Justice Faiechild,"
      }
    ],
    "attorneys": [
      "Fowler & Stillwell\u00ed",
      "Garland & Randolph."
    ],
    "corrections": "",
    "head_matter": "Gibson ad. vs. Williams.\nThe plea of the general issue is an admission of the representative character of the plaintiff as stated in the declaration.\nSpreading upon the record the reasons for a judgment of the court below sitting as a jury will not supply the want of a bill of exceptions \u2014 the judgment will alone be looked to, and the reasons disregarded as surplusage.\nError to St. Francis Circuit Court.\nHon. M. W. AlexandeR, Circuit Judgel\nFowler & Stillwell\u00ed\nThe representative character of the plaintiff cannot be enquired into on the general issue. 1 Ark. 596; 1 Bibb 404; 1 Ch. PL 485; 2 Stark. Ev. 320.\nGarland & Randolph.\nThe fourth count in the declaration being on an account stated between the plaintiff as administrator and the defendant, the plea of the general issue put the plaintiff upon proof of her representative character. 3 Taun. 13; 2 Jbd. Raym. 824; 3 Stark, on Ev. 548-9."
  },
  "file_name": "0224-01",
  "first_page_order": 232,
  "last_page_order": 234
}
