{
  "id": 8726362,
  "name": "State vs. Holland",
  "name_abbreviation": "State v. Holland",
  "decision_date": "1860-10",
  "docket_number": "",
  "first_page": "242",
  "last_page": "244",
  "citations": [
    {
      "type": "official",
      "cite": "22 Ark. 242"
    }
  ],
  "court": {
    "name_abbreviation": "Ark.",
    "id": 8808,
    "name": "Arkansas Supreme Court"
  },
  "jurisdiction": {
    "id": 34,
    "name_long": "Arkansas",
    "name": "Ark."
  },
  "cites_to": [
    {
      "cite": "20 Ark. 64",
      "category": "reporters:state",
      "reporter": "Ark.",
      "case_ids": [
        1869306
      ],
      "opinion_index": 0,
      "case_paths": [
        "/ark/20/0064-01"
      ]
    },
    {
      "cite": "13 Ark. 684",
      "category": "reporters:state",
      "reporter": "Ark.",
      "case_ids": [
        8728448
      ],
      "opinion_index": 0,
      "case_paths": [
        "/ark/13/0684-01"
      ]
    },
    {
      "cite": "18 Ark. 195",
      "category": "reporters:state",
      "reporter": "Ark.",
      "case_ids": [
        8725658
      ],
      "opinion_index": 0,
      "case_paths": [
        "/ark/18/0195-01"
      ]
    }
  ],
  "analysis": {
    "cardinality": 281,
    "char_count": 4002,
    "ocr_confidence": 0.574,
    "pagerank": {
      "raw": 8.138363859351185e-08,
      "percentile": 0.47065099162151924
    },
    "sha256": "051fe93231dcc683acb2874af1a23657bb918ca3108a9f1dbc5dd1636548297a",
    "simhash": "1:dc46c59069ef025b",
    "word_count": 696
  },
  "last_updated": "2024-02-27T19:24:29.863772+00:00",
  "provenance": {
    "date_added": "2019-08-29",
    "source": "Harvard",
    "batch": "2018"
  },
  "casebody": {
    "judges": [],
    "parties": [
      "State vs. Holland."
    ],
    "opinions": [
      {
        "text": "Mr. Chief Justice English\ndelivered the opinion of the Court.\nThis was an indictment for gaming, containing two counts, the first charging:\n\u201c That John R. Holland, late of etc., on etc-, atete., then and there being, did then and there unlawfully exhibit a certain unlawful gambling device commonly called a faro bank, contrary to the form of the statute.\nThe second count charged, \u201cthat defendant did then and there unlawfully bet twenty-five cents, in money, on a certain unlawful game played with cards, commonly called faro, which was then and there played, contrary to the form of the statute,\u201d etc., etc.\nHolland moved to quash the indictment, because the first count did not charge that the faro bank was exhibited for the purpose of money being won or lost thereon; and because the second count was for a separate and distinct offence, requiring a separate and distinct judgment, different from the first; and because the offence was not sufficiently described.\nThe court quashed the indictment and the State brought error.\n1. It was not necessary for the first count to charge, in terms, the purpose for which the faro bank was exhibited. The language employed in the count sufficiently indicates its exhibition for the unlawful purpose intended to be prohibited and punished by the statute. No specific objection to the form of the second count has been made. Both counts substantially follow precedents which have been repeatedly sustained by this court. See Brown vs. State, 5 Eng. 607; Warren vs. State, 18 Ark. 195; State vs. Grider, Ib. 297; Drew vs. Slate, 5 Eng. 82; Johnson vs. State, 13 Ark. 684.\n2. The counts are for different and distinct offences, the first for exhibiting a faro bank, and founded on the first sectibn of the gaming act (Gould\u2019s Dig. p. 369,) and the second count for betting at faro, and founded on the third section of the act. For an offence under the first section the party may be fined in any sum not less than f 100, and may be imprisoned any length of time not less than thirty days nor more than one year. For an offence under the third section the accused may be fined in any sum not exceeding $ 100, nor less than $50. But the offences belong to the same class; they are both misdemeanors; and may be joined in the same indictment. State vs. Cryer, 20 Ark. 64; Orr vs. Stale, Ib. 543.\nIn the case of misdemeanors, says Mr. Chitty, the joinder of several offences will not, in general, vitiate in any stage of the prosecution. For in offences inferior to felony, the practice of quashing the indictment or calling upon the prosecutor to elect on which charge he will proceed does not exist. 1 Chitty Cr. L. 254.\nMr. Aechbold, says: In cases of felony, indeed, the judge in his discretion may require the counsel for the prosecution to select one of the felonies, and confine himself to that. This is what is technically termed putting the prosecutor to his election. But this practice has never been extended to misdemeanors. 1 Arch. Cr. PI. 95.\nIn the case now before us, should the defendant be convicted upon both counts, there will be no difficulty in rendering the proper judgment. The jury will state in their verdict* the amount of fine assessed by them upon the first count, and the period of imprisonment, if any, and also the amount of fine assessed by them upon the second count, and the court will render judgment for both fines, and for the imprisonment.\nThe judgment of the court below must be reversed, and the cause remanded, with instructions to the court to overrule the motion to quash, and permit'the defendant to plead to the indictment.",
        "type": "majority",
        "author": "Mr. Chief Justice English"
      }
    ],
    "attorneys": [
      "Hollowell, Attorney General, for plaintiff.",
      "Yell, for defendant."
    ],
    "corrections": "",
    "head_matter": "State vs. Holland.\nCounts for exhibiting a faro lank, and for betting on the game, may be properly united in the same indictment.\nIt is not essential to the validity of an indictment for exhibiting a faro bank to allege that it was so exhibited causa lucri.\nError to Jefferson Circuit Court.\nHon. John C. Murray, Circuit Judge.\nHollowell, Attorney General, for plaintiff.\nYell, for defendant."
  },
  "file_name": "0242-01",
  "first_page_order": 250,
  "last_page_order": 252
}
