{
  "id": 8726761,
  "name": "Lownes, Orgill & Co. vs Brown et al.",
  "name_abbreviation": "Lownes, Orgill & Co. v. Brown",
  "decision_date": "1860-10",
  "docket_number": "",
  "first_page": "359",
  "last_page": "360",
  "citations": [
    {
      "type": "official",
      "cite": "22 Ark. 359"
    }
  ],
  "court": {
    "name_abbreviation": "Ark.",
    "id": 8808,
    "name": "Arkansas Supreme Court"
  },
  "jurisdiction": {
    "id": 34,
    "name_long": "Arkansas",
    "name": "Ark."
  },
  "cites_to": [],
  "analysis": {
    "cardinality": 218,
    "char_count": 2893,
    "ocr_confidence": 0.567,
    "pagerank": {
      "raw": 6.770845263994211e-08,
      "percentile": 0.41411449084483304
    },
    "sha256": "18e194c484e780b4517c41c74959e9c5c45cbf3832e651b3e82687a066b57ef2",
    "simhash": "1:7813206a3aa4cab3",
    "word_count": 515
  },
  "last_updated": "2023-07-14T15:45:52.029549+00:00",
  "provenance": {
    "date_added": "2019-08-29",
    "source": "Harvard",
    "batch": "2018"
  },
  "casebody": {
    "judges": [],
    "parties": [
      "Lownes, Orgill & Co. vs Brown et al."
    ],
    "opinions": [
      {
        "text": "Mr. Chief Justice English\ndelivered the opinion of the court.\nTo an action of debt brought by the plaintiffs in error, one of the defendants interposed the following plea.\n\u201c And the said - defendant, Thomas N. Brown, by attorney, comes and defends the wrong and injury when &c., and prays judgment of the writ in this cause, because he says that the said plaintiffs before, and at the time, and' after the commencement of this suit, were non-residents of the State of Arkansas^ and that they, the said plaintiffs, did not file any bond for costs, as required by law, before the institution of this suit, and this the said defendant is ready to verify.\u201d\nThe plaintiff demurred to the plea on the ground : 1st. That the commencement of the plea prays judgment of the writ only, when it should have prayed judgment of the writ and declaration both : 2d. That the conclusion of the plea prays no judgment, &c., &c.\nThe court overruled the demurrer, the plaintiffs rested, and judgment was rendered fo.r defendants.\n1st. A plea in abatement, for matter apparent upon the face of the writ, should, in general, both begin and conclude by praying judgment of the writ, (or of the writ and declaration,) and that the same may be quashed: but where the cause of abatement is extrinsic, the plea, it is said, should not begin, but only conclude with the prayer. The precedents, however, do not all appear to conform to this distinction.' Gould's Plead., chap. 4 sec. 142.\nHere the cause of abatement set up in the plea was not apparent upon the face of the writ or declaration, but was extrinsic ; hence, according to the above rule, it was not necessary for theplea to begin byprayingjudgmentof the writ and declaration, or either.\n2d* Upon pleas in bar, the court will give such judgment as appears to them to be the proper one, upon a consideration of the whole record ; but upon pleas in abatement, they will give no other judgment than that prayed for by the party; hence, the necessity of great correctness in the conclusion of a plea in abatement; for if the defendant omit therein to pray judgment, or pray a wrong one, the plea is bad. Arch. Civ. Plead, p. 303 ; Withers vs. Green, 9 How. U. S. 333; 3 T. R. 185.\nIn the plea before us, the defendant prayed no judgment at all, and therefore, the plea was bad. Gould\u2019s PL, chap. 5, sec. 156.\nThejudgmentmustbe reversed, and the cause remanded, with instructions to the court below to sustain the demurrer to the plea.",
        "type": "majority",
        "author": "Mr. Chief Justice English"
      }
    ],
    "attorneys": [
      "Owen, for the plaintiffs."
    ],
    "corrections": "",
    "head_matter": "Lownes, Orgill & Co. vs Brown et al.\nA plea in abatement, which omits, ip its conclusion, a prayer of judgment, or which prays a wrong one, is bad.\nError to Jackson Circuit Court.\nHon. William C. Bevens, Circuit Judge.\nOwen, for the plaintiffs.\nA plea in abatement must not only conclude with a prayer of judgment, hut the particular kind of judgment prayed for must be specified. 1 C/i. PI. 460 ; 4 New Hamp, R. 76; 6 lb. 434."
  },
  "file_name": "0359-01",
  "first_page_order": 367,
  "last_page_order": 368
}
