{
  "id": 8727078,
  "name": "Halliburton ad. vs. Fletcher ad. et al.",
  "name_abbreviation": "Halliburton v. Fletcher",
  "decision_date": "1861-01",
  "docket_number": "",
  "first_page": "453",
  "last_page": "454",
  "citations": [
    {
      "type": "official",
      "cite": "22 Ark. 453"
    }
  ],
  "court": {
    "name_abbreviation": "Ark.",
    "id": 8808,
    "name": "Arkansas Supreme Court"
  },
  "jurisdiction": {
    "id": 34,
    "name_long": "Arkansas",
    "name": "Ark."
  },
  "cites_to": [],
  "analysis": {
    "cardinality": 172,
    "char_count": 2052,
    "ocr_confidence": 0.376,
    "pagerank": {
      "raw": 2.0877104312545835e-07,
      "percentile": 0.7599172770304369
    },
    "sha256": "12f2d00d3124ef881758bece1539eeaca6a8dc91dc0cd93554a602cf4a304164",
    "simhash": "1:3b654f62e020f89a",
    "word_count": 355
  },
  "last_updated": "2023-07-14T15:45:52.029549+00:00",
  "provenance": {
    "date_added": "2019-08-29",
    "source": "Harvard",
    "batch": "2018"
  },
  "casebody": {
    "judges": [],
    "parties": [
      "Halliburton ad. vs. Fletcher ad. et al."
    ],
    "opinions": [
      {
        "text": "Determined by the Hon. Freeman W. Compton and Hon. Hulbert F. Fairchild, Judges, and Hon. Thomas Johnson, Special Judge. Hon. Elbert H. English, C. J. not sitting.",
        "type": "majority",
        "author": null
      }
    ],
    "attorneys": [],
    "corrections": "",
    "head_matter": "Halliburton ad. vs. Fletcher ad. et al.\nHeld : That the fact of the guardianship of a minor cannot be proved by the admissions of guardianship by the supposed guardian, unless a foundation for the introduction of such evidence be first laid by proof of the loss or destruction of the record of the court by which the letters of guardianship were alleged to have been granted;\nThat, it is no objection to the admission as evidence of a copy of the record appointing a guardian, that the certificate to such record embraces a copy of the records of the accounts of such guardian and other proceedings of the court, as well as the record of the appointment itself:\nThat, when the transcript of the record of the court of another State granting letters of guardianship, is duly certified and authenticated under the act of Congress, and there is no showing to the contrary, the legal presumption is that the court was one of general jurisdiction, and had the authority which it exercised :\nThat a guardian obtaining the possession of the slaves of his ward as such, holds them as trustee, and not adversely; but if the guardian die, and the slaves pass into the hands of his legal representative, who takes possession of the slaves as his own, and continues in the peaceable possession of them, under a claim of title for five years, the possession of such legal representative is advetse; and there is no such direct or implied trust devolved upon him, as will defeat the title given by the Act of the 19th December, 1846.\n[ Note : The opinion in this ease, which contains a lengthy recapitulation of the various matters charged in the bill and alleged in the answer, and the printing of which is not deemed necessary to a clear understanding-of the principles intended to be decided, is, by the sanction of the court, omitted. Tas Rep\u00f3rter.]\nAppeal from Arkansas Circuit Court in Chancery."
  },
  "file_name": "0453-01",
  "first_page_order": 461,
  "last_page_order": 462
}
