{
  "id": 8727202,
  "name": "Norris et al. vs. State, use Derton's adr.",
  "name_abbreviation": "Norris v. State ex rel. Derton's adr.",
  "decision_date": "1861-01",
  "docket_number": "",
  "first_page": "524",
  "last_page": "528",
  "citations": [
    {
      "type": "official",
      "cite": "22 Ark. 524"
    }
  ],
  "court": {
    "name_abbreviation": "Ark.",
    "id": 8808,
    "name": "Arkansas Supreme Court"
  },
  "jurisdiction": {
    "id": 34,
    "name_long": "Arkansas",
    "name": "Ark."
  },
  "cites_to": [
    {
      "cite": "4 Ark. 151",
      "category": "reporters:state",
      "reporter": "Ark.",
      "opinion_index": -1
    },
    {
      "cite": "18 Ark. 286",
      "category": "reporters:state",
      "reporter": "Ark.",
      "opinion_index": -1
    },
    {
      "cite": "4 Ark. 151",
      "category": "reporters:state",
      "reporter": "Ark.",
      "opinion_index": 0
    },
    {
      "cite": "18 Ark. 286",
      "category": "reporters:state",
      "reporter": "Ark.",
      "opinion_index": 0
    }
  ],
  "analysis": {
    "cardinality": 432,
    "char_count": 8239,
    "ocr_confidence": 0.525,
    "pagerank": {
      "raw": 2.7561833154855326e-07,
      "percentile": 0.8331746368224556
    },
    "sha256": "e6ebe1c91f539135f4f1bd09b77c19a58f50b6b78c034a067a60a689e48fe27a",
    "simhash": "1:f7b33cfb236258d4",
    "word_count": 1456
  },
  "last_updated": "2024-02-27T19:24:29.863772+00:00",
  "provenance": {
    "date_added": "2019-08-29",
    "source": "Harvard",
    "batch": "2018"
  },
  "casebody": {
    "judges": [],
    "parties": [
      "Norris et al. vs. State, use Derton\u2019s adr."
    ],
    "opinions": [
      {
        "text": "Mr. Justice Fairchild\ndelivered the opinion of the court.\nIn this suit judgment was given against James Norris and Joseph P. Dean, who appealed therefrom.\nThe action was brought upon a sheriff\u2019s bond, which is in the usual form, in which Norris is principal, and Dean and others are securities; and the complaint of the declaration is, that an execution issued from, the office of the clerk of the Circuit Court of Ashley county, in favor of Philip Derton, against Thomas Thompson and Frances Thompson, which was in the hands of Norris, the sheriff of the county, while the bond sued on was in force; that it was the duty of Norris to have returned the execution on the 8th of April, 1856, that he failed to do so, and for such failure he became liable to pay to Derton the amount called for by the execution; that Norris, not having paid the same to Derton, he and his securities were liable therefor on the sheriff\u2019s bond.\nNo question is made but that, under the 74th section of chapter 68, Gould\u2019s Digest, a sheriff is bound to pay the amount due upon an execution for not returning it according to law; and indeed the statute is too plain and positive for any such question to be entertained.\nBut in excuse of the failure of Norris to return the execution upon the appointed day, the defendants, by their 15th plea, urged that he was hindered from so doing by the conduct of Derton, for whose use this suit is brought, and which is set forth in the plea. We can perceive no real difference between this plea and the 8th plea, on which an issue was made up, and by which the defendants had the benefit of a trial of its subject matter \u2014 they were not, therefore, injured, though the 15th plea had not been adjudged bad on demurrer. Patterson vs. Fowler, decided October term, 1860; Spencer vs. McDonald, present term.\nAside from that, the plea was bad; and if it had been the only one. of the sort should have been quashed. For whatever the conduct of Derton might have been in embarrassing the sheriff in making his sales, or in adjusting or collecting their proceeds, he could not have been hindered thereby from returning the execution according to law. If he could not sell, or did not have the money, or had in any way been obstructed in his duty on account of Derton\u2019s interference, he could and should have returned the execution, and the validity of his excuses for not having the money, which the execution commanded him to have, might then have been the subject of inquiry; whereas, now the inquiry is limited to the fact of the non-return of the execution upon its return day.\nOccupying the situation that sheriffs do, acting between and for hostile parties, they must expect to be held to responsibility, must discharge themselves from it in the only safe way, by doing what the law requires them to do; and such hindrances as Norris alleges cannot dispense with the performance of duty.\nBy the condition of their bond, the defendants acknowledged that Norris was sheriff of Ashley county, on the 23d of February, 1850, and the law will presume him to have continued such till October, 1856, two years from the time for his qualification in 1854. To admit the defendants to insist that Norris vacated his office by not giving bond till the date of their bond, would be to allow them to deny what their own acknowledgment under their hands and seals, estops them from denying. Not being allowed to deny the fact of Norris being sheriff when the execution was in his hands upon its return day, the first plea of the defendants making such denial was properly disallowed, Badgett vs. Martin, 7 Eng. 744; Sullivan vs. Pierce, 5 Eng. 503; Outlow vs. Yell, 3 Eng. 353.\nThe defendants plead that Frances Thompson the security in the delivery bond, on which the unreturned execution was issued, was a married woman; thence inferring that the delivery bond was void, that the execution issued upon it was void, and that Norris, the sheriff, was not obliged to make return of a void execution. To which plea the plaintiff replied that Norris, himself, took Mrs. Thompson as good security in the delivery bond, and the defendants rejoined that, Derton, for whose use this suit is brought, consented that Norris should accept Mrs. Thompson as security, in the delivery bond, for her husband. The plaintiff demurred to that rejoinder, and the defendants insist that the demurrer must reach back to the first erroneous pleading, which they contend to be the declaration. Conceding such to be the effect of the demurrer, we cannot allow it to extend to the declaration, for if it had formal defects, yet in stating the bond of the defendants, the issuance of the execution, its being in the hands of Norris, while the bond was in force, his failure to return it, it states a cause of action, though it had been defectively stated, and cannot be affected by a demurrer, reaching backwards through other pleadings. Bradley vs. Hume, 18 Ark. 286.\nThe plea was the first pleading that could not by any manner of stating its allegations, make a good defence. For though Mrs. Thompson was a married woman, it rested with her to set up her marriage as a disability to execute a delivery bond made by her. Although, if she claimed the benefit of marriage against the delivery bond, it might have been avoided, she might not do so, preferring not to avoid but to abide by the responsibility of her signature, and Norris cannot plead the cov-erture to discharge himself.\nThen, though the rejoinder was good for the replication, and that avoided the plea, the plea need not have been answered, and should be held bad upon the demurrer to the rejoinder, and this disposes of the question made under the 4th plea.\nThe execution upon the delivery bond recited the recovery of four hundred and seventy-six 81-100 dollars, on the 4th of April, 1855, with interest at ten per cent, from the 1st of January, 1855, and commanded the sheriff to make said debt and interest. Upon the aggregate of that debt and interest, interest at ten per cent, per annum, was due to the plaintiff in the judgment. Ch. 92, sec. 4, Gould\u2019s Digest; Henry vs. Ward, 4 Ark. 151. The jury should not then have computed interest at six per cent, and the damages cannot be excessive fdr allowance of the greater rate of interest.\nNo other questions are presented by the appellants, as the instructions given and refused, of which the appellants complain, have been passed upon in. disposing of the pleadings.\nLet the judgment be affirmed.",
        "type": "majority",
        "author": "Mr. Justice Fairchild"
      }
    ],
    "attorneys": [
      "Yell & Hutchinson, for appellants.",
      "S. H. Hempstead and J. C. Waddell, contra."
    ],
    "corrections": "",
    "head_matter": "Norris et al. vs. State, use Derton\u2019s adr.\nWhere the defendant files two pleas, setting up the same matters of defence, he is not injured, though a demurrer to one of the picas be erroneously sustained, if on issue to the other plea he has the benefit bf a trial of its subject matter.\nThe sheriff being bound under the statute (sec. 74, ch. 68, Gould\u2019s Dig.) to pay the amount due upon an execution in his hands, for not returning it according to law; he is not excused from returning such execution by the conduct of the plaintiff in embarrassing him in making sales, or adjusting or collecting their proceeds.\nThe defendants in a suit on a sheriff\u2019s bond, are estopped to deny that the person \u25a0 described as sheriff in the condition of the bond was such at its date, aud the law will presume that he continued sheriff from that timo during the term for which he was elected.\nIt is no excuse for failing to return an execution issued upon a judgment on a forfeited delivery bond, that the security in the delivery bond is a mairied woman\u2014 the sheriff cannot set up that the delivery bond, judgment and execution thereon, are void on account of the coverture of the security.\nIf the declaration states a cause of action, though defectively, a demurrer to a subsequent pleading will not reach back to the declaration. (18 Ark. 286.)\nIn assessing damages against the defendants in an action on a sheriff\u2019s bond, for failing to return an execution, interest will be computed on the aggregate of the debt and interest in the execution at the rate of interest thereon. (Henry vs. Ward, 4 Ark. 151.)\nAppeal from Ashley Circuit Court.\nHon. John C. Murray, Circuit Judge.\nYell & Hutchinson, for appellants.\nS. H. Hempstead and J. C. Waddell, contra."
  },
  "file_name": "0524-01",
  "first_page_order": 532,
  "last_page_order": 536
}
