{
  "id": 8725720,
  "name": "Branch vs. Bolton",
  "name_abbreviation": "Branch v. Bolton",
  "decision_date": "1856-01",
  "docket_number": "",
  "first_page": "284",
  "last_page": "284",
  "citations": [
    {
      "type": "official",
      "cite": "17 Ark. 284"
    }
  ],
  "court": {
    "name_abbreviation": "Ark.",
    "id": 8808,
    "name": "Arkansas Supreme Court"
  },
  "jurisdiction": {
    "id": 34,
    "name_long": "Arkansas",
    "name": "Ark."
  },
  "cites_to": [],
  "analysis": {
    "cardinality": 46,
    "char_count": 336,
    "ocr_confidence": 0.436,
    "sha256": "36541f5e93b71cf1c7931fb5a58e4e049ebaa07072783eec3494df8b8cfe0b0c",
    "simhash": "1:59d15a9a9b368980",
    "word_count": 56
  },
  "last_updated": "2023-07-14T19:00:23.351899+00:00",
  "provenance": {
    "date_added": "2019-08-29",
    "source": "Harvard",
    "batch": "2018"
  },
  "casebody": {
    "judges": [],
    "parties": [
      "Branch vs. Bolton."
    ],
    "opinions": [
      {
        "text": "Mr. Justice Scott:\nThe only question in this case is determined by the point just decided, in the case of Clements vs. Duncan et al.\nThe judgment of the court below must, therefore, be affirmed.",
        "type": "majority",
        "author": "Mr. Justice Scott:"
      }
    ],
    "attorneys": [
      "Piee & Cummins, for the plaintiff.",
      "Tell, contra."
    ],
    "corrections": "",
    "head_matter": "Branch vs. Bolton.\nError to Desha Ovrcidt Court.\nHon. Theodoeic F. Sorrells, Circuit Judge.\nPiee & Cummins, for the plaintiff.\nTell, contra."
  },
  "file_name": "0284-01",
  "first_page_order": 284,
  "last_page_order": 284
}
