{
  "id": 1900532,
  "name": "St. L., I. M. & S. Railway Co. v. Hart",
  "name_abbreviation": "St. L., I. M. & S. Railway Co. v. Hart",
  "decision_date": "1881-11",
  "docket_number": "",
  "first_page": "112",
  "last_page": "114",
  "citations": [
    {
      "type": "official",
      "cite": "38 Ark. 112"
    }
  ],
  "court": {
    "name_abbreviation": "Ark.",
    "id": 8808,
    "name": "Arkansas Supreme Court"
  },
  "jurisdiction": {
    "id": 34,
    "name_long": "Arkansas",
    "name": "Ark."
  },
  "cites_to": [
    {
      "cite": "4 Ohio, 205",
      "category": "reporters:state",
      "reporter": "Ohio",
      "opinion_index": -1
    },
    {
      "cite": "27 Ind., 52",
      "category": "reporters:state",
      "reporter": "Ind.",
      "case_ids": [
        1459165
      ],
      "opinion_index": -1,
      "case_paths": [
        "/ind/27/0052-01"
      ]
    },
    {
      "cite": "9 Ind., 196",
      "category": "reporters:state",
      "reporter": "Ind.",
      "case_ids": [
        1466975
      ],
      "opinion_index": -1,
      "case_paths": [
        "/ind/9/0196-01"
      ]
    }
  ],
  "analysis": {
    "cardinality": 238,
    "char_count": 2861,
    "ocr_confidence": 0.42,
    "pagerank": {
      "raw": 2.839662055340008e-07,
      "percentile": 0.839808614324619
    },
    "sha256": "cad2d74bae6eefb07ac41faffbc0d0159b3fe7cbbb1419888546f257ae607fa5",
    "simhash": "1:00f68c8a9fcc7af6",
    "word_count": 498
  },
  "last_updated": "2024-02-27T17:45:45.534584+00:00",
  "provenance": {
    "date_added": "2019-08-29",
    "source": "Harvard",
    "batch": "2018"
  },
  "casebody": {
    "judges": [],
    "parties": [
      "St. L., I. M. & S. Railway Co. v. Hart."
    ],
    "opinions": [
      {
        "text": "Eakin, J.\nThe appellant company had recovered judgment against Hart, in the Circuit Court, for uso and occupation of land, and had caused an execution to issue. Defendant filed a schedule of personal property, as exempt; and obtained a supersedeas. This is a motion to quash the supersedeas. It was refused, and the company appealed. It takes the ground that the provisions of the Constitution (Art. IX., Sec. 1), apply only to \u201cdebts by contract, and that-the statutory action, for use and occupation, supposes a tort.\u201d That there is no contract in fact, but a trespass, for which the Statute has given a new remedy.\nThe action for use and occupation, given by section 402$ of Gantt\u2019s Digest, to the owner of lands against another who has held and occupied them, is, in all respects, of the nature of assumpsit at common law on an implied promise,, and is an action ex-contractu, and not ex-delicto. There are remedies in tort also, against trespassers, which an owner of laud might elect to pursue; but if he adopts this, he adopts it with its characteristics, and waives the tort.\nIt would be reasoning too nicely to coniine the meaning-of the Constitution to contracts actually made, or existing\" in the intention of the parties. The exemption clause is a highly remedial one, and to be liberally construed. The supersedeas should not have been quashed.\nAffirm the judgment.",
        "type": "majority",
        "author": "Eakin, J."
      }
    ],
    "attorneys": [
      "Smoote & McRae, for plaintiff :",
      "C. C. Hamby, for defendant:"
    ],
    "corrections": "",
    "head_matter": "St. L., I. M. & S. Railway Co. v. Hart.\n1. Action: For use and occupation is ex-contractu. Exemption.\nThe statutory action for use and occupation is of the nature of assumpsit at common law on an implied promise, and not an action ex-delieto; and is subject to the exemption of the Constitution as a debt by contract.\nThe exemption clause of the Constitution is highly remedial, and should be liberally construed.'\nERROR to Nevada Circuit Court.\n.Hon. J. K. Young, Circuit Judge.\nSmoote & McRae, for plaintiff :\nThe occupation was a tort, a mere trespass, and not a \u25a0\u201cdebt by contract,\u201d within the meaning of Art. 9, Sec. 1, Const. 1874. Thomp. on Homesteads, sec. 381; State v. Melogue, 9 Ind., 196; Crane v. Waggoner, 27 Ind., 52, and 83 lb., 85 ; 1 Parsons, 6 Ed., 475 ; Bliss on Code Pleaa., secs. 128 and 152 to 154; Gantt\u2019s Big., 4023.\nC. C. Hamby, for defendant:\n1. The action for use and occupation is one of assumpsit upon an express or implied contract, and not on the case ex-delicto. 7 Arle., 305; 25 lb., 134. It is based on the relation of landlord and tenant, and will not lie where there is a wrongful taking, retention or holding. 2 Nott & McCord, S. C., 156 ; 4 Ohio, 205 ; 6 lb., 371; Acts 1874-5. p. 196.\n2. Bebi by contract in Sec. 1, Art. 9, Const. 1874, includes every pure contract, express, implied' or.special. Exemption laws being of a humane nature, intended to aid one in distress, are liberal^ construed. Thomp. on Homesteads, sec. 7, and cases cited."
  },
  "file_name": "0112-01",
  "first_page_order": 110,
  "last_page_order": 112
}
