{
  "id": 1900507,
  "name": "Word, Adm'r. v. West",
  "name_abbreviation": "Word v. West",
  "decision_date": "1881-11",
  "docket_number": "",
  "first_page": "243",
  "last_page": "246",
  "citations": [
    {
      "type": "official",
      "cite": "38 Ark. 243"
    }
  ],
  "court": {
    "name_abbreviation": "Ark.",
    "id": 8808,
    "name": "Arkansas Supreme Court"
  },
  "jurisdiction": {
    "id": 34,
    "name_long": "Arkansas",
    "name": "Ark."
  },
  "cites_to": [
    {
      "cite": "24 Ark., 561",
      "category": "reporters:state",
      "reporter": "Ark.",
      "case_ids": [
        8727325
      ],
      "opinion_index": 0,
      "case_paths": [
        "/ark/24/0561-01"
      ]
    },
    {
      "cite": "33 Ark., 824",
      "category": "reporters:state",
      "reporter": "Ark.",
      "case_ids": [
        8726441
      ],
      "weight": 2,
      "opinion_index": 0,
      "case_paths": [
        "/ark/33/0824-01"
      ]
    },
    {
      "cite": "33 Ark., 141",
      "category": "reporters:state",
      "reporter": "Ark.",
      "case_ids": [
        8722299
      ],
      "opinion_index": 0,
      "case_paths": [
        "/ark/33/0141-01"
      ]
    }
  ],
  "analysis": {
    "cardinality": 312,
    "char_count": 4828,
    "ocr_confidence": 0.447,
    "pagerank": {
      "raw": 1.2106521778353427e-07,
      "percentile": 0.5958996065021551
    },
    "sha256": "55d814600cef7fdb812b396c7ef49d1719fbd72a12f6040406cfa53b79519268",
    "simhash": "1:ce212fc4057af45f",
    "word_count": 846
  },
  "last_updated": "2024-02-27T17:45:45.534584+00:00",
  "provenance": {
    "date_added": "2019-08-29",
    "source": "Harvard",
    "batch": "2018"
  },
  "casebody": {
    "judges": [],
    "parties": [
      "Word, Adm\u2019r. v. West."
    ],
    "opinions": [
      {
        "text": "Eakin, J.\nOPINION.\nIt will serve no useful purpose to criticise in detail the long list of declarations of law asked upon both sides, some of which were given and others refused. The facts as found were well supported by the evidence, and the law, as applicable to them, is as follows :\nThe action was not barred by the Statute of Limitations. It arose, if at all, after the death of the intestate, and as the Statute had not commenced to run in his lifetime, it would not begin until, a personal representative might be in existence competent to sue. McCustian v. Ramsy, 33 Ark., 141.\nThe value of the estate was more than $300, as found Dy the court; for the whole property, real and personal, is to be estimated in order to determine whether or not it may be retained by the widow under sections 6 and 7 of Gantt\u2019s Digest; 33 Ark., 824. The personal property was, itself, worth the full sum of $300, and the remainder interest in the homestead, which was also part of the estate, was worth something more. But altogether it was worth less than $800, and the widow, under the sixth section above cited, was \u201centitled to retain the amount of $300 of the property at cash price.\u201d This right, when exercised, merges her right to retain absolutely, specific articles, such as furniture, provisions, etc., as provided generally, in ordinary cases, but does not preclude her from a continued occupation of the homestead.\nThe widow retained only what it would have been the duty of the probate court to allow if there had been an administration. In such cases it has been held that she may show the facts in defense, even where no order of the court has been made, the onus, of course, beingupon her. Hampton et al v. Physick, adm\u2019r. 24 Ark., 561; Harrison v. Lamar, 33 Ark., 824, cited supra.\nThe right in the widow became absolute on the death of the husband, and upon her marriage the second time, it passed with the possession, by marital right, to the second husband. There is no showing that she was married after the act of April 28th, 1873, or that at any time during her life she claimed the property, as separate, by filing a schedule.\nNo claim is made in this action for the homestead. As for the personal property, it is found that the widow did not retain more than she ought. If she were willing to continue to carry the onus of the proof, it would be hard to require her to diminish her pittance by costs of administration to enable her to retain.\nWithout reference, to the declarations of law made and refused, we think upon the whole case the judgment was right.\nAffirm it.",
        "type": "majority",
        "author": "Eakin, J."
      }
    ],
    "attorneys": [
      "JPinnel & Gibson, for appellants :"
    ],
    "corrections": "",
    "head_matter": "Word, Adm\u2019r. v. West.\n1. Statute OE Limitations : On actions accruing to a deceased\u2019s estate.\nThe Statute of Limitations does not commence to run against an action accruing to an estate after the death of a testator or intestate, until there is a personal representative of the estate competent to sue.\n2. Widow : Ser allowance in deceased husband\u2019s estate; Sow estimated.\nThe value of both the real and personal property of an estate is to be estimated in determining whether it may be vested in the widow under sections 6 and 7 of Gantt\u2019s Digest; but if the remainder interest in the homestead and the personal property, are, together, of less value than $SOO the widow may retain, absolutely, $300 of the property, and continue her occupation of the homestead.\n.3. Same : When her rights in the estate vest; Incidents of.\nThe widow\u2019s rights in her husband\u2019s estate become absolute upon his death, and upon her subsequent marriage, prior to the act of twenty-eighth of April, 1873, they passed, with the possession, by the marital right, to the husband, and so remained, unless scheduled as her separate property.\nAPPEAL from Arkansas Circuit Court.\nHon. X. J. Pindall, Circuit Judge.\nJPinnel & Gibson, for appellants :\nSTATEMENT.\nThis is an action by an administrator to recover from the second husband of the widow, after her death, a lot of personal property which had belonged to the first husband, and which she had retained. The property consisted of stock, and their increase, farmingimplements, and household furniture. There had been no administration on the estate of the first husband until about the death of the widow, some seven years after, when letters were obtained shortly before commencing this suit against the second.\nThe issues of fact and law were submitted to the court, which found, in addition to what is stated above, that the intestate left two children, and a homestead worth $400, upon which the widow continued to reside ; also personal property of the value of $300, which she retained, claiming it absolutely ; that the defendant married the widow and continued to hold it in right of his wife. Upon these facts the court' declared that the plaintiff could not recover in this action. From this he appeals."
  },
  "file_name": "0243-01",
  "first_page_order": 241,
  "last_page_order": 244
}
