{
  "id": 1900497,
  "name": "Bloom v. McGehee",
  "name_abbreviation": "Bloom v. McGehee",
  "decision_date": "1881-11",
  "docket_number": "",
  "first_page": "329",
  "last_page": "333",
  "citations": [
    {
      "type": "official",
      "cite": "38 Ark. 329"
    }
  ],
  "court": {
    "name_abbreviation": "Ark.",
    "id": 8808,
    "name": "Arkansas Supreme Court"
  },
  "jurisdiction": {
    "id": 34,
    "name_long": "Arkansas",
    "name": "Ark."
  },
  "cites_to": [
    {
      "cite": "21 N. Y., 343",
      "category": "reporters:state",
      "reporter": "N.Y.",
      "case_ids": [
        1749956
      ],
      "opinion_index": -1,
      "case_paths": [
        "/ny/21/0367-01"
      ]
    },
    {
      "cite": "21 Wend., 46",
      "category": "reporters:state",
      "reporter": "Wend.",
      "opinion_index": -1
    },
    {
      "cite": "18 John., 110",
      "category": "reporters:state",
      "reporter": "Johns.",
      "case_ids": [
        8710207
      ],
      "opinion_index": -1,
      "case_paths": [
        "/johns/18/0110-01"
      ]
    },
    {
      "cite": "30 Ark., 505",
      "category": "reporters:state",
      "reporter": "Ark.",
      "case_ids": [
        1881107
      ],
      "opinion_index": 0,
      "case_paths": [
        "/ark/30/0505-01"
      ]
    },
    {
      "cite": "11 Ark., 180",
      "category": "reporters:state",
      "reporter": "Ark.",
      "case_ids": [
        8727576
      ],
      "opinion_index": 0,
      "case_paths": [
        "/ark/11/0180-01"
      ]
    },
    {
      "cite": "15 Ark., 128",
      "category": "reporters:state",
      "reporter": "Ark.",
      "case_ids": [
        8728064
      ],
      "opinion_index": 0,
      "case_paths": [
        "/ark/15/0128-01"
      ]
    }
  ],
  "analysis": {
    "cardinality": 392,
    "char_count": 7763,
    "ocr_confidence": 0.469,
    "pagerank": {
      "raw": 4.394089323872617e-07,
      "percentile": 0.919694352836787
    },
    "sha256": "d5e47f4fbd5985504ba50a2ed47142e293f87c72d2a1a2be64ecfaddb20b9b09",
    "simhash": "1:9fece5d59018f9c8",
    "word_count": 1345
  },
  "last_updated": "2024-02-27T17:45:45.534584+00:00",
  "provenance": {
    "date_added": "2019-08-29",
    "source": "Harvard",
    "batch": "2018"
  },
  "casebody": {
    "judges": [],
    "parties": [
      "Bloom v. McGehee."
    ],
    "opinions": [
      {
        "text": "OPINION.\nHarrison, J.\nAs the justice, upon the trial of the inter-plea, found in favor of the claimant, and that the property -was not subject to the attachment, as a matter of course he \u2022could not order a sale of it, or condemn it for the satisfaction of the judgment rendered by him against the defend-ant.\nIn Hershey v. The Clarksville Institute, 15 Ark., 128, a case in all respects similar to the present, Chief Justice Watkins said : \u201cAccording to what seems to be the proper-construction of the Statute concerning attachments, the claimant, other than the defendant, of personal property,, seized under the writ, and who has not been summoned as-garnishee, may present his claim to the property as an independent proceeding, and without reference to any-controversy between other parties; the determination of it not affecting the right of property as between the defendant in-the attachment and the claimant, or third persons. Mitchell v. Woods, 11 Ark., 180.\nThere can be no doubt that the plaintiff was entitled to-appeal to the Circuit Court from, the justices judgment on the interplea.\nWe held in Hamlett v. Tallman & Graves, 30 Ark., 505, that a landlord\u2019s lien is not released or discharged by a refusal to accept a tender of the rent, and that to make-a plea of such tender available, the money must be paid., into court.\nIt would be manifestly unjust, we think, that the appellant should keep the cotton and not pay appellee her rent..\nThere was no error in the instructions given, and none in. refusing those asked by the appellant.\nThe judgment is affirmed.",
        "type": "majority",
        "author": "Harrison, J."
      }
    ],
    "attorneys": [
      "N. T. White, for appellant:"
    ],
    "corrections": "",
    "head_matter": "Bloom v. McGehee.\n1. Attachment: Interpleader.\nAn interpleader may present his claim to the attached property as an independent proceeding, without reference to any controversy between other parties; and the determination of it does not affect the right of property as between him and the defendant in the attachment, or other person.\n2. Tender: Of rent no discharge of landlord\u2019s lien.\nA landlord\u2019s lien is not released or discharged by a refusal to accept a tender of the rent; and to make a plea of such tender good the money must be paid into court.\nAPPEAL from Jefferson Circuit Court.\nHon. X. J. Pinball, Circuit Judge.\nSTATEMENT.\nIn February, 1878, Mrs. McGehee sued Thompson before a justice of the peace, in Jefferson county, for rent for the year 1877, and had a landlord\u2019s attachment issued and levied upon eight bales of cotton produced by him on the rented premises.\nBloom claimed the cotton, and upon delivering to the constable the affidavit and bond to interplead, required by the Statute, was permitted to retain it. In due time he filed his interplea, and Thompson filed a general denial of the allegations in the affidavit for attachment, and a plea of set-off as to part, and tender of the balance of the demand. On the trial there were verdict and personal judgment against Thompson for $136, the amount tendered. There was no finding of the landlord\u2019s lien, nor order condemning the cotton to sale. Afterwards the interplea was tried by the justice, and his finding and judgment were for the inter-pleader, and Mrs. McGehee appealed to the Circuit Court. Upon the trial of the appeal in the Circuit Court, Bloom read as evidence a mortgage from Thompson to him, executed in March, 1879, on all the cotton he should produce-that year on the McGehee land, to secure indebtedness to him; and it was agreed for evidence that the cotton attached for rent and claimed by the interplea was produced on the McGehee land that year, and that the land was rented from the plaintiff and the rent was unpaid.\nIt was further agreed that before the commencement of the suit, and while the cotton was on the premises, Bloom offered and tendered to Mrs. McGehee $136 in- satisfaction of the rentthat she refused it, and afterwards Bloom took possession of the cotton and removed it to Pine Bluff, and. that on the day of the trial of the main case in the justice\u2019s-court, and before the trial, he brought the money into court and again tendered it for Thompson, in satisfaction of the-rent, and it was again refused, and thereupon \u201cthe money was withdrawn and the tender not received.\u201d\nThe proceedings and judgment in the main case in the-justice\u2019s court were also read as evidence.\nThe court refused the following instructions asked by the interpleader:\n1. \u201cThat the right to have the attached cotton condemned for the payment of the rent was an issue properly determined on the trial of the main case in the justice\u2019s court, and the judgment rendered by him on the issue made in that case is conclusive between the parties here.\u201d\n2. \u201cThat the judgment of the justice does not condemn the attached cotton for the payment of the plaintiff\u2019s judgment against Thompson.\u201d\n3. \u201cThat the pleadings in the interplea in this case puts in issue, 1st, the interpleader\u2019s ownership of the cotton, and 2nd, that it was not liable to the attachment in this-case ; the last of which issues could be as well determined in-the trial of the cause between the plaintiff and defendant as in this trial, and when so determined is conclusive against both parties; and in the first of these issues the plaintiff is confined to the judgment in the original case, if his right of lien has been submitted, and if the property has not been condemned by the judgment, he cannot set up-his lien to defeat the interpleader\u2019s right to recover in thisinterplea.\u201d\n4. \u201cThe tender of the full amount due from the defendant to the plaintiff, at the time it was made, by the inter-pleader, who held the junior lien'upon the cotton, destroyed the plaintiff\u2019s lien and left the cotton liable to the inter-pleader\u2019s debt.\u201d\nAnd the court, of its own motion, gave the following:\n1. \u201cThe verdict in the main case being general, and for-the plaintiff, is not a finding for the defendant on the issue of the attachment, but is such a verdict as would authorize the attached property (if found to be the property of the defendant) to be condemned to the payment of the judgment.\u201d\n2. \u201cThe failure of the justice to condemn the cotton to the payment of the judgment pending the trial of the inter-plea, dees not discharge the attachment or release the cotton, it having been bonded by the interpleader and not in the possession of the defendant.\n3. \u201cThat the judgment does not condemn the cotton attached, for the payment of the judgment, neither does it discharge the attachment or release the cotton.\u201d\n4. \u201cThe tender of the full amount due from the defendant to the plaintiff, at the time of the tender, by the inter-pleader who held the junior lien, destroyed the plaintiff\u2019s-lien and left the property liable to the interpleader\u2019s debt,. but if the interpleader relies upon his tender he must make the tender good.\u201d\nThere were finding and judgment against the interpleader, ?and he appealed.\nN. T. White, for appellant:\n1. The court could not render judgment against appellant and his sureties without first having the cotton attached condemned for the payment of the judgment in the original -case. Adams v. Hobbs, 27 Arle., 1; secs. 472 and 473 Gantt's Dig.\n2. The tender by appellant of the full amount of the -debt, before suit brought, released the landlord\u2019s lien. Brown v. Craft, 18 John., 110 ; 21 Wend., 46.7 ; 21 N. Y., 343 ; 5 Lane, 153 ; 4 H. D. Smith, 46 ; Co. Lit., Note to \u25a0 sec. 335; O. Cow., 728.\nThe case of Hamlett v. Tollman, 30 Arle., 505, is not -applicable to this case, even if its harsh doctrines be law. Appellant brought the money into court and offered to \u25a0pay.\nA landlord\u2019s lien is neitheiv/ws in re nor a jus in rem, -but only a charge upon property. 31 Arle., 597. It gives \u25a0him no right or title, but simply, a right of satisfying his -claim out of the property. 24 Arle., 545 ; 29 lb., 575."
  },
  "file_name": "0329-01",
  "first_page_order": 327,
  "last_page_order": 331
}
