{
  "id": 1900487,
  "name": "Gill v. The State",
  "name_abbreviation": "Gill v. State",
  "decision_date": "1882-05",
  "docket_number": "",
  "first_page": "524",
  "last_page": "527",
  "citations": [
    {
      "type": "official",
      "cite": "38 Ark. 524"
    }
  ],
  "court": {
    "name_abbreviation": "Ark.",
    "id": 8808,
    "name": "Arkansas Supreme Court"
  },
  "jurisdiction": {
    "id": 34,
    "name_long": "Arkansas",
    "name": "Ark."
  },
  "cites_to": [
    {
      "cite": "32 Ark., 205",
      "category": "reporters:state",
      "reporter": "Ark.",
      "case_ids": [
        1877186
      ],
      "opinion_index": 0,
      "case_paths": [
        "/ark/32/0205-01"
      ]
    }
  ],
  "analysis": {
    "cardinality": 314,
    "char_count": 5785,
    "ocr_confidence": 0.429,
    "pagerank": {
      "raw": 1.661555138732507e-07,
      "percentile": 0.6943410600386355
    },
    "sha256": "0933649f0e1be476162fafe0a88525f64b83b02f413c3c688906ae03daf0924b",
    "simhash": "1:1f584ef0124f4029",
    "word_count": 983
  },
  "last_updated": "2024-02-27T17:45:45.534584+00:00",
  "provenance": {
    "date_added": "2019-08-29",
    "source": "Harvard",
    "batch": "2018"
  },
  "casebody": {
    "judges": [],
    "parties": [
      "Gill v. The State."
    ],
    "opinions": [
      {
        "text": "OPINION.\nHarrison, J.\nThe objections to the indictment were not well taken. It was alleged with sufficient directness and certainty that the day on which the ardent spirits were sold, was Sunday. No person of ordinary understanding, but could so have understood. And it need not have alleged that the offense was committed on a day within the period of limitations. Scoggins v. The State, 32 Ark., 205.\nThough relevant and important for the State, it' was certainly not an error of which the appellant might complain, that the court refused to allow him to introduce evidence of the finding and subsequent quashal of the former indictment. He was in no wise prejudiced thereby.\nThe instruction asked by defendant should have been given. It was necessary to a conviction, for the State to prove that the offense had been committed within twelve months next before the finding of the indictment, unless it had been proved that a former indictment had been found for the offense, and the same had been quashed or set aside; in which case, the time during which it was pending would not have been computed as part of the time of the limitation, and as there was no such evidence the instruction given by the court was erroneous. It appearing from the evidence that the offense was committed more than twelve months before the finding of the indictment, the verdict was against the evidence.\nReversed and remanded for a new trial.",
        "type": "majority",
        "author": "Harrison, J."
      }
    ],
    "attorneys": [
      "G. B. Denison, for appellant.",
      "O. B. Moore, Attorney-General, for appellee."
    ],
    "corrections": "",
    "head_matter": "Gill v. The State.\n1. Indictment: Showing prosecution barred by Statute of Limitations.\nAn indictmentis good upon demurrer though it shows upon its face that the offense was committed beyond the period of the statute bar.\n(This per force of the Statute. See Scoggins v. The State, 32 Arle., 21S. \u2014 R-EF.)\n2. Evidence : Exclusion of relevant, when not error.\nA party has no right to complain of the refusal of evidence which could do him no good, though it be relevant.\n\u20223. Statute op Limitations : In criminal prosecution.\nIn criminal prosecutions the State must prove that the offense was committed within the period of the Statute of Limitations next before the finding of the indictment, or that there was a previous indictment within the time, which had been quashed, or set aside, and the new indictment found in due time afterwards.\nAPPEAL from Conway Circuit Court.\nHon. W. D. Jacoway, Circuit Judge.\nSTATEMENT.\nOn the eighth day of September, 1880, Eufus Gill was indicted in the Conway Circuit Court for Sabbath breaking, by selling liquor on Sunday, on the twenty-ninth day of August, 1880. A bench warrant was ordered but not issued until January 25th, 1882, and served the next day. On the-seventh of March, 1882, the indictment was quashed, on motion of the State, and the case referred to the grand jury,, then in session, and on March 13th, 1882, the grand jury returned into court another indictment against him for Sabbath breaking, charging that \u201cthe said Rufus Gill, on the twenty-ninth day of August, 1880, in the county and State aforesaid, unlawfully did sell one pint of ardent spirits on Sunday, against the peace and dignity of'the-State of Arkansas.\u201d\nThe defendant demurred to this indictment because it showed that the offense was committed more than one year-next before the finding of the indictment. 2d, That it did not allege that the day of the sale was Sunday. The demurrer was overruled and the defendant excepted.\nOn the trial the State proved the offense committed at the time alleged. The defendant in defense, offered to-prove by the record the finding of the first indictment and the proceedings thereon, but the court refused to admit the-evidence. <\nThe defendant asked the court to instruct the jury that-in order to convict the defendant they must find from the evidence that the offense was committed within one year-next before the finding of the indictment, but the court refused this, and instructed the jury that it was sufficient if\" they found from the evidence that the offense was committed within one year next before the eighth day of September, 1880 \u2014 the.date of the finding of the first indictment. The jury returned a verdict of guilty, and after motion for new trial overruled, the defendant filed his bill of exceptions and appealed.\nG. B. Denison, for appellant.\nGantt\u2019s Dig., sec. 1665, fixes the period within which) \u2022offenses of this grade must be prosecuted. Secs. 1666-7 provide the rule as to the exceptions, and if this case came within the rule the indictment should have so alleged. It \u2022showed on its face that it was barred. See 1 Vol. Bisk. Grim. Pro., sec. 405.\nUpon motion in arrest a conviction on this indictment might be sustained, but on demurrer it was bad.\nNo attempt was made by the State to prove any fact that would bring the case within the exceptions, and the court \u2022excluded the evidence .offered by defendant of the former indictment, warrant of arrest, records of court, etc.\nSubmits that sec. 1667, sup., applies to cases only where \u201cthe indictment shall be quashed, set aside or reversed\u201d for some defect or error, at the instance of the defendant, and not to cases where the State, for some undisclosed reason, procured the quashal of a good indictment \u25a0and had the case remanded.\nThe court erred in telling the jury that there had been a \u25a0former indictment, and that it was only necessary to find that the offense was committed one year before the finding \u25a0of such indictment. This was telling them of the existence of facts which the State had not attempted to prove, and which had in fact been excluded upon objection by the \u25a0State, when offered by defendant.\nO. B. Moore, Attorney-General, for appellee.\nThe Statute of Limitations did not run while the former \u2022indictment was pending. Counting out that time the prose\u2022cution was not barred. Sec. 1667, Gantts Dig."
  },
  "file_name": "0524-01",
  "first_page_order": 522,
  "last_page_order": 525
}
