{
  "id": 1367934,
  "name": "Brown v. People's Bank of Searcy",
  "name_abbreviation": "Brown v. People's Bank",
  "decision_date": "1921-10-31",
  "docket_number": "",
  "first_page": "356",
  "last_page": "359",
  "citations": [
    {
      "type": "official",
      "cite": "150 Ark. 356"
    }
  ],
  "court": {
    "name_abbreviation": "Ark.",
    "id": 8808,
    "name": "Arkansas Supreme Court"
  },
  "jurisdiction": {
    "id": 34,
    "name_long": "Arkansas",
    "name": "Ark."
  },
  "cites_to": [
    {
      "cite": "134 Ark. 202",
      "category": "reporters:state",
      "reporter": "Ark.",
      "case_ids": [
        1573294
      ],
      "opinion_index": -1,
      "case_paths": [
        "/ark/134/0202-01"
      ]
    },
    {
      "cite": "137 Ark. 240",
      "category": "reporters:state",
      "reporter": "Ark.",
      "opinion_index": -1
    },
    {
      "cite": "146 Ark. 50",
      "category": "reporters:state",
      "reporter": "Ark.",
      "case_ids": [
        1584937
      ],
      "opinion_index": -1,
      "case_paths": [
        "/ark/146/0050-01"
      ]
    },
    {
      "cite": "219 S. W. 30",
      "category": "reporters:state_regional",
      "reporter": "S.W.",
      "opinion_index": -1
    },
    {
      "cite": "56 Ark. 621",
      "category": "reporters:state",
      "reporter": "Ark.",
      "case_ids": [
        1326169
      ],
      "opinion_index": -1,
      "case_paths": [
        "/ark/56/0621-01"
      ]
    },
    {
      "cite": "55 Ark. 55",
      "category": "reporters:state",
      "reporter": "Ark.",
      "case_ids": [
        1322253
      ],
      "opinion_index": -1,
      "case_paths": [
        "/ark/55/0055-01"
      ]
    },
    {
      "cite": "37 Ark. 283",
      "category": "reporters:state",
      "reporter": "Ark.",
      "case_ids": [
        1870977
      ],
      "opinion_index": -1,
      "case_paths": [
        "/ark/37/0283-01"
      ]
    },
    {
      "cite": "38 Ark. 539",
      "category": "reporters:state",
      "reporter": "Ark.",
      "opinion_index": -1
    },
    {
      "cite": "70 Ark. 69",
      "category": "reporters:state",
      "reporter": "Ark.",
      "case_ids": [
        1509545
      ],
      "opinion_index": -1,
      "case_paths": [
        "/ark/70/0069-01"
      ]
    },
    {
      "cite": "65 Ark. 373",
      "category": "reporters:state",
      "reporter": "Ark.",
      "case_ids": [
        609408
      ],
      "opinion_index": -1,
      "case_paths": [
        "/ark/65/0373-01"
      ]
    },
    {
      "cite": "66 Ark. 382",
      "category": "reporters:state",
      "reporter": "Ark.",
      "case_ids": [
        1909711
      ],
      "opinion_index": -1,
      "case_paths": [
        "/ark/66/0382-01"
      ]
    },
    {
      "cite": "57 Ark. 242",
      "category": "reporters:state",
      "reporter": "Ark.",
      "case_ids": [
        1324593
      ],
      "opinion_index": -1,
      "case_paths": [
        "/ark/57/0242-01"
      ]
    },
    {
      "cite": "56 Ark. 253",
      "category": "reporters:state",
      "reporter": "Ark.",
      "case_ids": [
        1326173
      ],
      "opinion_index": -1,
      "case_paths": [
        "/ark/56/0253-01"
      ]
    },
    {
      "cite": "56 Ark. 156",
      "category": "reporters:state",
      "reporter": "Ark.",
      "case_ids": [
        1326127
      ],
      "opinion_index": -1,
      "case_paths": [
        "/ark/56/0156-01"
      ]
    },
    {
      "cite": "52 Ark. 493",
      "category": "reporters:state",
      "reporter": "Ark.",
      "case_ids": [
        1913435
      ],
      "opinion_index": -1,
      "case_paths": [
        "/ark/52/0493-01"
      ]
    },
    {
      "cite": "52 Ark. 101",
      "category": "reporters:state",
      "reporter": "Ark.",
      "case_ids": [
        1913335
      ],
      "opinion_index": -1,
      "case_paths": [
        "/ark/52/0101-01"
      ]
    },
    {
      "cite": "33 Ark. 454",
      "category": "reporters:state",
      "reporter": "Ark.",
      "case_ids": [
        8724628
      ],
      "opinion_index": -1,
      "case_paths": [
        "/ark/33/0454-01"
      ]
    },
    {
      "cite": "43 Ark. 429",
      "category": "reporters:state",
      "reporter": "Ark.",
      "case_ids": [
        1894432
      ],
      "opinion_index": -1,
      "case_paths": [
        "/ark/43/0429-01"
      ]
    },
    {
      "cite": "136 Ark. 517",
      "category": "reporters:state",
      "reporter": "Ark.",
      "case_ids": [
        1569971
      ],
      "opinion_index": 0,
      "case_paths": [
        "/ark/136/0517-01"
      ]
    }
  ],
  "analysis": {
    "cardinality": 352,
    "char_count": 5707,
    "ocr_confidence": 0.476,
    "pagerank": {
      "raw": 6.087085966315723e-08,
      "percentile": 0.37677196624204734
    },
    "sha256": "c9aba9ebc2332e4f5d592581eb598e70b00d017a9b433340742c8e21a69ab693",
    "simhash": "1:420546634116fa47",
    "word_count": 1035
  },
  "last_updated": "2024-02-27T17:22:06.736121+00:00",
  "provenance": {
    "date_added": "2019-08-29",
    "source": "Harvard",
    "batch": "2018"
  },
  "casebody": {
    "judges": [],
    "parties": [
      "Brown v. People's Bank of Searcy."
    ],
    "opinions": [
      {
        "text": "Smith, J.\nOn the 18th day of January, 1916, the People\u2019s Bank of Searcy recovered a judgment against H. L. Brown in the sum of $4,500. An execution issued on said judgment and was levied on lots 10, 11 and 12, in block 30, of the city of Searcy. Sometime prior to the issuance of the execution, Brown had moved from his home on the above-described lots to Des Arc, and had rented his home to one McCain. He claimed the property as exempt, and that claim was sustained by this court in the case of People\u2019s Bank of Searcy v. Brown, 136 Ark. 517. The opinion in that case was delivered May 6th, 1918.\nOn September 3, 1918, another execution was issued and levied on the above-described property, but the property was erroneously described in the sheriff\u2019s return, in the notice of sale, and in the certificate of purchase, as being lots 10,. 11 and 12, in block 27, although the levy was actually, made on the lots belonging to Brown.\nThe bank brought suit in equity, in which the facts above recited were alleged. It was further alleged that on October 29, 1918, Brown had pretended to convey the lots to W. M. Bell, but that no consideration had passed from Bell to Brown, and that said conveyance had been made to hinder and delay the bank in the collection of its judgment. That Brown was insolvent, and Bell was holding the title for Brown\u2019s benefit.\nThere was a prayer that the sheriff\u2019s return and certificate of purchase be Corrected to read block 30, instead of block 27, and that the deed to Bell be canceled.\nIn his answer Brown denied the allegation stated, and alleged the fact to be that said lots had at all times been his homestead until the sale thereof to Bell. This answer was adopted by Bell as his own.\nThe court found the fact to be as alleged in the bank\u2019s complaint, and made a specific finding that Brown had abandoned his homestead, and that the conveyance to Bell was in fraud of Ms creditors. The court canceled the deed to Bell and ordered the property sold, and this appeal is from that decree.\nThe examination and the cross-examination of Bell makes it reasonably certain that the deed to him was without consideration; and, in support of the validity of the deed, it is chiefly insisted that, as it was a conveyance of a homestead, no creditor had the right to complain.\nThe controlling question in the case is whether there had been an abandonment of the homestead prior to the levy of the execution; and we have concluded, upon a careful consideration of the testimony, that the finding of the court that there had been an abandonment is not clearly against the preponderance of the evidence.\nThe testimony upon which that finding was made is to the following\u2019 effect: Brown left Searcy in 1915, and did not thereafter at any time reside in Searcy. After leaving Searcy, he immediately and continuously offered the lots for sale. On Ms direct examination as a witness Brown testified that before his sale to Bell he had already bought a home in the town of Des Arc. On his cross-examination he stated that his wife had bought the home, and that after his sale to Bell, and out of the proceeds of that sale, he had paid his wife back the money she had paid for the Des Arc home. But, as has been said, the examination of Bell and his answers to questions as to the amount paid by him, where he obtained the money, and how he paid it, makes it reasonably certain that Bell paid Brown no money, and that the deed to him was not bona fide. Brown explained his action in buying the home from his wife, after she had bought it and paid for it and had taken the deed in her own name, by saying that he found it unpleasant to live in a home owned by his wife.\nIt is true, as is insisted by counsel for Brown, that Brown\u2019s offer of Ms home for sale did not, of itself, constitute an abandonment thereof, and it is also true that his own testimony shows he had no such intention; but we think the facts stated herein, with the inferences\nreasonably deducible therefrom, warranted the court in rejecting this statement and support the finding that he had in fact abandoned the Searcy home, and that it thereupon became subject to sale in satisfaction of the judgment against him. This being true, it follows that the conveyance of it, made in fraud of creditors, was properly set aside. Decree affirmed.",
        "type": "majority",
        "author": "Smith, J."
      }
    ],
    "attorneys": [
      "Emmet Vaughan, for appellant.",
      "Bmmdidge \u00a3 Neelly, for appellee."
    ],
    "corrections": "",
    "head_matter": "Brown v. People's Bank of Searcy.\nOpinion delivered October 31, 1921.\nHomestead \u2014 abandonment.\u2014Where a debtor left his homestead for five years, and acquired another home in another town, and continuously offered his former homestead for sale, a finding that he had abandoned the former homestead will be sustained.\nAppeal from White Chancery Court, J. E. Martineau, Chancellor;\naffirmed.\nEmmet Vaughan, for appellant.\nCreditors have no lien upon a homestead for the satisfaction of their debts, and they are not concerned in its sale or transfer, whether fraudulent or otherwise. 43 Ark. 429; 33 Ark. 454; 52 Ark. 101; 52 Ark. 493; 56 Ark. 156; 56 Ark. 253; 57 Ark. 242; 66 Ark. 382; 65 Ark. 373; 70 Ark. 69.\nA homestead will not be considered abandoned on account of the owner removing from it temporarily, when it is his intention to return to it. 38 Ark. 539; 37 Ark. 283; 55 Ark. 55; 56 Ark. 621; 219 S. W. 30. An effort to sell a homestead does not show an abandoment. Spur-lock v. Gaikens, 146 Ark. 50.\nBmmdidge \u00a3 Neelly, for appellee.\nIf, at the time of the removal, there is no present or constant and abiding intention to return and preserve the homestead character, then such removal will constitute an abandonment of the homestead. 137 Ark. 240; 134 Ark. 202; 13 R. C. L. p. 659.' It has been five years since appellant left his home, and he has not returned there yet."
  },
  "file_name": "0356-01",
  "first_page_order": 382,
  "last_page_order": 385
}
