{
  "id": 1877178,
  "name": "Littlejohn vs. Lewis",
  "name_abbreviation": "Littlejohn v. Lewis",
  "decision_date": "1877-11",
  "docket_number": "",
  "first_page": "423",
  "last_page": "424",
  "citations": [
    {
      "type": "official",
      "cite": "32 Ark. 423"
    }
  ],
  "court": {
    "name_abbreviation": "Ark.",
    "id": 8808,
    "name": "Arkansas Supreme Court"
  },
  "jurisdiction": {
    "id": 34,
    "name_long": "Arkansas",
    "name": "Ark."
  },
  "cites_to": [
    {
      "cite": "30 Ark., 224",
      "category": "reporters:state",
      "reporter": "Ark.",
      "case_ids": [
        1881104
      ],
      "opinion_index": 0,
      "case_paths": [
        "/ark/30/0224-01"
      ]
    }
  ],
  "analysis": {
    "cardinality": 192,
    "char_count": 3238,
    "ocr_confidence": 0.418,
    "pagerank": {
      "raw": 1.2319063565156795e-07,
      "percentile": 0.6058665968556468
    },
    "sha256": "45493e8bc958f9735dcc1e85bf280e99a2336e9ce127a10895a32cfd3e806858",
    "simhash": "1:c243b3a466d744cc",
    "word_count": 561
  },
  "last_updated": "2024-02-27T21:45:39.260700+00:00",
  "provenance": {
    "date_added": "2019-08-29",
    "source": "Harvard",
    "batch": "2018"
  },
  "casebody": {
    "judges": [],
    "parties": [
      "Littlejohn vs. Lewis."
    ],
    "opinions": [
      {
        "text": "Harrison, J.:\nF. N. Littlejohn on the 28th day of September, 1875, filed with a justice of the peace an account againt T. W. P. Wright for \u00a761.50, and an affidavit, as in case of attachment, and, without any process against Wright, sued out a writ of garnishment against A. G. Lewis. The writ of garnishment, which was returnable on the 2d day of October, 1875, was-served on Lewis, and on the return day thereof, Littlejohn filed allegations and interrogatories for him to answer, to which he the same day filed an answer, denying any indebtedness to Wright, or that he-had in his hands any thing belonging to him. And on that day, the 2d day of October, a summons was issued against Wright, which was served on him, and on the 23d day of October, 1875, judg\u2022ment was rendered against him by default.\nOn the 18th day of October, previous to the judgment against Wright, the plaintiff filed a denial of the truth of Lewis\u2019 answer, and on the 20th day of December following, sued out a summons against him to answer on the 15th day of January, 1875, \u201cthe claim of F. N. Littlejohn in the contested garnishment, answered on the 2d day of October, 1875, wherein F. N. Littlejohn is plaintiff and T. W. P. Wright defendant.\u201d\nThe facts put in issue by the answer and the denial, were tried by the justice, who found in favor of Lewis. Littlejohn appealed to' the Circuit Court, where he obtained a verdict for $61.50, the amount of his judgment against Wright.\nLewis filed a motion in arrest of judgment; the court sustained the motion, and dismissed the case for want of jurisdiction. Littlejohn then appealed to this court.\nFrom the foregoing statement of the case, it plainly appears that the suit was not commenced by attachment, and that the proceedings against the appellee pending the judgment against Wright were unauthorized by law and void. Gantt\u2019s Digest, secs. 388, 419, 423. Leingardt et al. v. Deitz, 30 Ark., 224.\nAnd as no writ of garnishment was issued after the judgment as provided in sec. 2991, Gantt\u2019s Digest, it is equally clear, there was no attachment or seizure of any debt, or any thing belonging to the defendant in the appellee\u2019s hands, and that a judgment against him would not have had the effect to release him from any liability to the defendant.\nThe court therefore did not err in arresting the judgment and dismissing the case.\nJudgment affirmed.",
        "type": "majority",
        "author": "Harrison, J.:"
      }
    ],
    "attorneys": [
      "Davidson, for appellant.",
      "J. D. Walker, contra."
    ],
    "corrections": "",
    "head_matter": "Littlejohn vs. Lewis.\nAttachment; Judicial Garnishment.\nA filed an account, and affidavit as in case of attachment, with a justice of the peace, against B, and, without process against B, sued out a writ of garnishment against O. At the return day of the garnishment a summons was issued against B, was served, and judgment was rendered against him by default; held, that the proceeding was begun by attachment, and the garnishment pending the judgment was void; held, further, that aa no writ of garnishment was issued after the judgment, there was no seizure of any debtor effects belonging to the defendant in the garnishee\u2019s hands, and a judgment against him would not have had the effect- to release him from liability to the defendant.\nAPPEAL from Washington Circuit Court.\nHon. J. M. Pittman, Circuit Judge,\nDavidson, for appellant.\nJ. D. Walker, contra."
  },
  "file_name": "0423-01",
  "first_page_order": 423,
  "last_page_order": 424
}
