{
  "id": 1877131,
  "name": "Talbot, ex parte",
  "name_abbreviation": "Talbot, ex parte",
  "decision_date": "1877-11",
  "docket_number": "",
  "first_page": "424",
  "last_page": "427",
  "citations": [
    {
      "type": "official",
      "cite": "32 Ark. 424"
    }
  ],
  "court": {
    "name_abbreviation": "Ark.",
    "id": 8808,
    "name": "Arkansas Supreme Court"
  },
  "jurisdiction": {
    "id": 34,
    "name_long": "Arkansas",
    "name": "Ark."
  },
  "cites_to": [
    {
      "cite": "16 Ark., 491",
      "category": "reporters:state",
      "reporter": "Ark.",
      "case_ids": [
        8725524
      ],
      "opinion_index": 0,
      "case_paths": [
        "/ark/16/0491-01"
      ]
    }
  ],
  "analysis": {
    "cardinality": 308,
    "char_count": 5576,
    "ocr_confidence": 0.429,
    "pagerank": {
      "raw": 8.958875016565372e-08,
      "percentile": 0.5019047442534295
    },
    "sha256": "ec58f1b875df59bd99f2396cc12e3a85f73ef797117fd7596cfb991b5845d794",
    "simhash": "1:9bdd7609e79c559f",
    "word_count": 984
  },
  "last_updated": "2024-02-27T21:45:39.260700+00:00",
  "provenance": {
    "date_added": "2019-08-29",
    "source": "Harvard",
    "batch": "2018"
  },
  "casebody": {
    "judges": [],
    "parties": [
      "Talbot, ex parte."
    ],
    "opinions": [
      {
        "text": "English, Ch. J.:\n\u2022On the second day of the May Term of the Circuit Court of Jefferson County, 1877, John H. Talbot presented to the court the following petition:\n\u201c To the IJon. John A. Williams, Judge, etc.:\n\u201cYour petitioner, John H. Talbot, would very respectfully represent and show unto your Honor that he, on the 25th day of October, 1875, made and entered into a bond in the sum of ten thousand dollars, as surety for Alexander T. Moon, as Treasurer of the County of Jefferson, and that said bond is now on the files of this court, awaiting approval. Your petitioner would very respectfully show unto your Honor that being on said bond as surety is incompatable with his commercial business, your petitioner being a merchant at the City of Pine Bluff; and he says that for these reasons he very respectfully petitions your Honor to release him from said bond, by appropriate order; and that a new bond may be given, and he will ever pray,\u201d etc.\nThe petition was sworn to before a justice of the peace, 24th November, 1876.\nAt the foot of the petition, and below the affidavit, is the following :\n\u201cWe covenant and agree to the granting of the foregoing petition. W. L. Packard.\nC. H. Rice.\nA. T. Moon.\nMaegabet Rice.\u201d\nOn Monday, June 4th, the .following record entry was made :.\n\u201c\u25a0\u25a0On this day comes the petition of John H. Talbot, to be released from the bond of A. T. Moon, as County Treasurer of the County of Jefferson, to be heard, and after argument it is by the eourt ordered, considered and adjudged that said -petition be denied on account of insufficiency of the reasons set forth therein for the relief asked for.\u201d\nOn the 20th of June, there was a record entry that the petitioner excepted to the ruling of the court in refusing to grant said petition, and prayed an appeal to the Supreme Court, which was granted.\nThere was no bill of exceptions bringing any facts upon the record. The petition, and the above record entries are all that appear in the transcript before us.\nThe statute requires the County Treasurer, twenty days from the receipt of his commission, to enter into bond, with good and sufficient security to the State, etc., etc. Gantt\u2019s Dig., sec. 1028. (Acts of 1877, p. 10.)\nThe bond is required to be approved by the Circuit Court; but the Judge of the court, or the County Judge, may approve the bond in vacation, subject to confirmation or rejection by the Circuit Court, in term. Acts of 1874-5, p. 192.\nWe may suppose that Alexander T. Moon was elected Treasurer of Jefferson County, at the general election in the fall of 1876, and entered into bond, with appellant as one of his sureties i that his bond was appoved by the Circuit Judge or County Judge, in vacation, and was on file and awaiting confirmation by the Circuit Court in term, at the time appellant filed his petition to be released from the bond. Moon, doubtless, had acted as Treasurer under the bond from the time of its approval, in vacation, to the time of the application of appellant to be released.\nIt was not in the power of the court to release him from any liability which had already accrued upon the bond.\nCounsel for appellant say that Moon, the principal in the bond, and the other sureties, consented, in writing, for appellant to-be released.\nWe find no evidence in the transcript that such was the fact.\nThe bond is not in the transcript, nor does it appear who the other securities are.\nWe find written at the foot of the petition, as above shown: \u201c Yfe covenant and agree to the granting of the foregoing petition,\u201d which purports to have been signed by W. L. Packard, C. H. Rice, A. S. Moon and Margaret Rice, but whether these persons in fact signed this writing, or whether any of them are sureties in the bond, or the only sureties, does not appear in the transcript.\nBut the court had no power to release appellant from any liability he may have incurred as surety on the bond, if a-11 his co-securities and Moon consented to his release, because the bond was made to the State, and the public had an interest in it.\nThe court had the discretion, however, upon the application of appellant, and upon a satisfactory showing, to require Moon \u201cto give a new bond and security for the performance of his official duties,\u201d and upon the execution and approval, etc., of such new bond, appellant would be discharged from future, but not past liabilities. Gantt\u2019s Dig., sec. 5705-5711.\nSuch, perhaps, was the intention of appellant\u2019s application, but the court below deemed the showing insufficient, and refused to make an order upon Moon to execute a new bond.\nThere was no showing in the petition that Moon was incompetent, insolvent, or guilty of any official misconduct, or that he was in any manner failing to discharge, with fidelity, the duties of his office. Dempsey v. Fenno, 16 Ark., 491.\nThe only showing made was, that appellant was a merchant, and it was incompatible with his commercial business to remain as surety upon the bond of Moon.\nWe cannot undertake to say that the court below abused its discretion in refusing the prayer of appellant upon such a showing. Affirmed.",
        "type": "majority",
        "author": "English, Ch. J.:"
      }
    ],
    "attorneys": [
      "White-Bell for petitioner."
    ],
    "corrections": "",
    "head_matter": "Talbot, ex parte.\nSurety on County Treasurer\u2019s Bond: Discharge of by County Court.\nIt is in the discretion of the County Court, upon a proper showing by a' surety on the official bond of the County Treasurer, to require the Treasurer to give a new bond, and discharge the surety from future liability: but it has no power to discharge the surety from past-liability.\nAPPEAL from Jefferson Circuit Court.\nHon. J. A. Williams, Circuit Judge.\nWhite-Bell for petitioner."
  },
  "file_name": "0424-01",
  "first_page_order": 424,
  "last_page_order": 427
}
