{
  "id": 1877148,
  "name": "Woodruff vs. Webb",
  "name_abbreviation": "Woodruff v. Webb",
  "decision_date": "1877-11",
  "docket_number": "",
  "first_page": "612",
  "last_page": "617",
  "citations": [
    {
      "type": "official",
      "cite": "32 Ark. 612"
    }
  ],
  "court": {
    "name_abbreviation": "Ark.",
    "id": 8808,
    "name": "Arkansas Supreme Court"
  },
  "jurisdiction": {
    "id": 34,
    "name_long": "Arkansas",
    "name": "Ark."
  },
  "cites_to": [
    {
      "cite": "18 Verm., 176",
      "category": "reporters:state",
      "reporter": "Vt.",
      "case_ids": [
        733716
      ],
      "opinion_index": 0,
      "case_paths": [
        "/vt/18/0176-01"
      ]
    },
    {
      "cite": "9 Mass., 316",
      "category": "reporters:state",
      "reporter": "Mass.",
      "case_ids": [
        2029686
      ],
      "opinion_index": 0,
      "case_paths": [
        "/mass/9/0285-01"
      ]
    },
    {
      "cite": "14 John., 84",
      "category": "reporters:state",
      "reporter": "Johns.",
      "case_ids": [
        376208
      ],
      "opinion_index": 0,
      "case_paths": [
        "/johns/14/0084-01"
      ]
    },
    {
      "cite": "10 Mass., 64",
      "category": "reporters:state",
      "reporter": "Mass.",
      "case_ids": [
        2026972
      ],
      "opinion_index": 0,
      "case_paths": [
        "/mass/10/0077-01"
      ]
    },
    {
      "cite": "31 Ark., 626",
      "category": "reporters:state",
      "reporter": "Ark.",
      "case_ids": [
        1879278
      ],
      "opinion_index": 0,
      "case_paths": [
        "/ark/31/0626-01"
      ]
    },
    {
      "cite": "28 Ark., 336",
      "category": "reporters:state",
      "reporter": "Ark.",
      "case_ids": [
        1884409
      ],
      "opinion_index": 0,
      "case_paths": [
        "/ark/28/0336-01"
      ]
    },
    {
      "cite": "30 Ark., 585",
      "category": "reporters:state",
      "reporter": "Ark.",
      "case_ids": [
        1881236
      ],
      "opinion_index": 0,
      "case_paths": [
        "/ark/30/0585-01"
      ]
    },
    {
      "cite": "22 Ark., 278",
      "category": "reporters:state",
      "reporter": "Ark.",
      "opinion_index": 0
    },
    {
      "cite": "13 Ark., 9",
      "category": "reporters:state",
      "reporter": "Ark.",
      "case_ids": [
        8727826
      ],
      "opinion_index": 0,
      "case_paths": [
        "/ark/13/0009-01"
      ]
    }
  ],
  "analysis": {
    "cardinality": 448,
    "char_count": 8961,
    "ocr_confidence": 0.475,
    "pagerank": {
      "raw": 2.6862014370993973e-07,
      "percentile": 0.8270974485385055
    },
    "sha256": "374e122944b94bc7e899e7488124d54b6b1859b27b48e114666dfb3379adc2dc",
    "simhash": "1:0ca1c24b30cab044",
    "word_count": 1624
  },
  "last_updated": "2024-02-27T21:45:39.260700+00:00",
  "provenance": {
    "date_added": "2019-08-29",
    "source": "Harvard",
    "batch": "2018"
  },
  "casebody": {
    "judges": [],
    "parties": [
      "Woodruff vs. Webb."
    ],
    "opinions": [
      {
        "text": "Harrison, J.:\nThis was a suit by James P. Webb against William E. Wood-ruff, on a promissory note made by the latter to Liberty Bartlett for $1000, dated May 18th, 1871, payable four months after date, with 10 per cent, interest from date, and assigned to the plaintiff for value before maturity.\nIn his answer, the defendant averred, that he, in 1859, became the security of George A. Worthen, who had since died, in a note, to Thomas Fraser, on which note Fraser, after the death of Worthen, brought suit and recovered judgment against the defendant, and that in settlement of the judgment he gave Fraser a note for $1517. That when the note sued on was made, Bartlett, \u25a0the payee, was the agent of Fraser, who was a non-resident of the State, and he had in his hands as such, the note for $1517, and the note sued on was executed, upon his promise and agreement, if the same was paid by the defendant to credit the amount thereof, on the defendant\u2019s note to Fraser in his hands; and upon no other consideration, but that after the execution of the note Bartlett ceased to be such agent, and the defendant\u2019s note to Fraser was taken out of his hands; and the same was after-wards paid and taken up, by the administratrix of Worthen ;\u25a0 and that if 'there ever was any consideration for the note sued on, it had failed.\nHe further averred, that the note was executed for the use of Fraser, and was in fact the property of Fraser, and that it was satisfied and discharged in the payment of the note for $1517 by Wor then\u2019s administratrix; and also that Bartlett, by taking the note payable to himself and transferring it to the plaintiff, perpetrated a fraud upon him.\nThe jury returned a verdict for the plaintiff for the sum of $1000, with interest thereon at the rate of 10 per cent, from the date of the note ; and the judgment as entered, is for the sum of $1000, with interest thereon at the rate of 10 per cent, from the 18th day of May, 1871, until paid.\nThe evidence was, that the note was given to enable Bartlett to raise money, and that the defendant might obtain further time on the debt to Fraser, and upon Bartlett\u2019s promise to give him, should he have it to pay, a credit for the amount on his note to Fraser, and that it was assigned to the plaintiff, who knew nothing of the consideration or circumstances under which Bartlett obtained it, for value, before maturity and before Bartlett ceased to be Fraser\u2019s agent, and the note to Fraser was paid by Worthen\u2019s administratrix as stated in the answer; and it also tended to prove that Woodruff knew when he executed it, that it was Bartlett\u2019s intention to assign it to the plaintiff, and it was testified by Bartlett, that he had full authority from Fraser to act-for him in all matters relating to his interest in Arkansas, which extended to the power to receive and negotiate the note, and that the transaction was for the benefit of Fraser, and the money received from the plaintiff for the note was his; but which he-had never p\u00e1id over to him.\nAt the instance of the plaintiff, but against the objection of the defendant, the court instructed the jury that - the only defense pleaded was a want or failure of consideration of the note, and no question of fraud was before them, and that if the note was given to Bartlett as the agent of Fraser in consideration of Wood-ruff\u2019s indebtedness to Fraser, and for his benefit, there was a sufficient consideration, and the plaintiff was entitled to recover.\nThere was no averment in the answer, that the defendant was induced by any misrepresentations or fraudulent pretense of Bartlett to execute the note, and the mere fact, that it was given for the benefit of Fraser, and belonged to him, did not make his taking it payable to himself, and his assignment thereof to the plaintiff, a fraud upon the defendant; and the failure of consideration resulting from Bartlett\u2019s inability to perform his agreement was the only defense, in reality set up.\nThe note, it was proven, was given with a view to its negotiation, and whether for the use of Bartlett or of Fraser, it was when paid to be in discharge of so much of the defendant\u2019s indebtedness to the latter, and there was, therefore, no want of consideration.\nThe removal of Bartlett from his agency, was a contingency both must have foreseen, and the defendant must be presumed to have relied, in case of such event, on Bartlett\u2019s personal liability.\nAccording to the statute, ch. 15, see. 3, Gould\u2019s Dig., in force when the assignment was made, and until the act of April 24th, 1873, the assignee of a note, unless it was expressed therein to be payable \u201cwithout defalcation\u201d (and the note sued on was not such), took it at his peril, and at the risk of any defense that the maker could set up against the payee. Smith v. Capers, 13 Ark., 9; Walker v. Johnson, Ib., 522; Worthington v. Curd, 22 Ark., 278; Nisbett v. Brown & Norton, 30 Ark., 585.\nBut in this case, the note wras assigned before it became impossible for Bartlett to perform his agreement, and whilst there was a subsisting consideration, and the defendant had no defense to it. The subsequent failure of consideration, could not, therefore, affect the plaintiff's right. Sayer v. Thompson et. al., 28 Ark., 336.\nThe verdict was defective; the interest should have been computed at 10 per cent., only from the date to the maturity of the note, and after maturity at six, as held in Newton v. Kenerly, 31 Ark., 626 ; Ragan v. Bell et. al., ante; Pettigrew v. Summers, ante.\nNo exeception was, however, taken to it in the court below.\nThe obvious intention of the jury was to find for the plaintiff, the amount of the principal and interest of the note; but under a misapprehension as to the rate of interest it bore after maturity, and which was a mistake as to the law, and not as to the facts of the case, their intention was incorrectly expressed.\n\u201c Strict form in a verdict is not required,\u201d said Chief Justice Justice McKean Thompson v. Musser, 1 Dallas, Pa., 458. \u201cIt needs only to be understood what the intent of the jury was, agreeably to which, the verdict may afterwards be moulded into form.\u201d\nIn Foster v. Jackson, Hol., 54, it was said: \u201cHowsoever the verdict seem to stray, and conclude not formally or punctually unto the issue, so as you cannot find the words of the issue in the verdict. Yet, if a verdict may be concluded out of it to the point in issue, the court shall work it into form.\u201d\nAnd in Porter v. Rummery, 10 Mass., 64. The court said: \u201cThe court are competent to collect the meaning of the jury from the terms of their verdict,\u201d and that \u201c the general rule is that, although the verdict may not conclude formally or punctually in the words of the issue, yet, if the point in issue can be concluded out of the finding, the court shall work the verdict into form, and make it serve according to the justice of the'case.\u201d\nThe verdict, though incorrect as to the rate of interest, was yet responsive to and a finding upon the issue, 'and the court should have directed it to be reduced to and entered in proper form. Hanks v. Crofton, 2 Burr., 698 ; Thompson v. Button, 14 John., 84; Hodges v. Raymond, 9 Mass., 316; Foster v. Estate of Caldwell, 18 Verm., 176.\nThe judgment should have been entered for the sum of the principal of the note, and the int\u00e9rest from the date to the maturity of the note at the rate of 10 per cent, per annum; and after the maturity to the time of trial at six, and for interest thereon from the judgment until paid at 6 per cent.; and we direct that it be so modified and corrected.",
        "type": "majority",
        "author": "Harrison, J.:"
      }
    ],
    "attorneys": [
      "Rose, for appellant.",
      "Farr, Yonley & Whipple, contra."
    ],
    "corrections": "",
    "head_matter": "Woodruff vs. Webb.\n1. Failure op Consideration: Assignment, etc.\nA being indebted to B, as a surety, in order to enable B\u2019s agent to raise, money, and to obtain further time on the debt to B, made his note to the agent upon an agreement that if he should have to pay the note the amount paid should be entered as a credit on the debt to B. The agent assigned the note to the plaintiff for value; after the assignment his agency ceased, and the debt to B was paid by the principal debtor. Held, that at the time of the assignment there was a subsisting consideration, and the subsequent failure of consideration could not affect the right of the plaintiff (the assignee of the note).\n2. Xntei'est.\nA note -which stipulates for interest from date till maturity at the rate of 10 per cent, per annum, bears the statutory rate (6 per cent.) after maturity,\n3. Verdict: Amendment of.\nWhere the intention of the jury to return a verdict responsive to the issue is manifest, but under a mistake of law, and not of any fact in the case, their intention is incorrectly expressed, it is the duty of the court below to have the verdict reduced to, and entered in proper form. And if it is not done this court will order the judgment to be modified to conform to the finding.\nAPPEAL from Pulashi Circuit Court.\nHon. J. J. Clendenin, Circuit Judge.\nRose, for appellant.\nFarr, Yonley & Whipple, contra."
  },
  "file_name": "0612-01",
  "first_page_order": 612,
  "last_page_order": 617
}
