{
  "id": 1877195,
  "name": "Kupferle et al. vs. Merchants National Bank",
  "name_abbreviation": "Kupferle v. Merchants National Bank",
  "decision_date": "1878-05",
  "docket_number": "",
  "first_page": "717",
  "last_page": "722",
  "citations": [
    {
      "type": "official",
      "cite": "32 Ark. 717"
    }
  ],
  "court": {
    "name_abbreviation": "Ark.",
    "id": 8808,
    "name": "Arkansas Supreme Court"
  },
  "jurisdiction": {
    "id": 34,
    "name_long": "Arkansas",
    "name": "Ark."
  },
  "cites_to": [
    {
      "cite": "26 Ark., 494",
      "category": "reporters:state",
      "reporter": "Ark.",
      "opinion_index": 0
    }
  ],
  "analysis": {
    "cardinality": 454,
    "char_count": 8200,
    "ocr_confidence": 0.444,
    "pagerank": {
      "raw": 1.0898948100747629e-07,
      "percentile": 0.5653787151297238
    },
    "sha256": "303f2f65ae00aca4fff47bb1f7eea1b83de16229664865ac3b4c9c67ce29391a",
    "simhash": "1:b8453fba3268c195",
    "word_count": 1422
  },
  "last_updated": "2024-02-27T21:45:39.260700+00:00",
  "provenance": {
    "date_added": "2019-08-29",
    "source": "Harvard",
    "batch": "2018"
  },
  "casebody": {
    "judges": [
      "Hon. E. H. English, Ch. J., did not sit in this case."
    ],
    "parties": [
      "Kupferle et al. vs. Merchants National Bank."
    ],
    "opinions": [
      {
        "text": "PlNDALL, SP. J.:\nThe Merchants National Bank at Little Rock, commenced its suit 27th May, 1873, against appellants and six others, to enforce the collection of a note executed July 1st, 1872, by O. S. Dillon \u2022to Thos. M. Bowen, and endorsed by Bowen and nine others, including the appellants.\nSummons dated on said 27th May, 1873, returnable to the first day of the June Term, 1873, of the Pulaski Circuit Court, was served on ten of the eleven parties. One of the defendants, ~W. J. Hynes, is not mentioned in the return. The return is not \u2022dated, nor is there any filing noted on the writ.\n. On February 10th, 1874, the plaintiff suggested the disqualification of Hon. John Whytock, to try the cause, he being one of the parties defendant, a special judge was elected, qualified and took the bench, and the cause was by consent of parties, set for hearing on the 13th of March.\nThe order recites, \u201cthereupon comes the plaintiff by attorneys, Messes. Benjamin & Barnes, and come the said defendants by Messrs. Gallagher & Newton, their attorneys.\u201d\nNothing seems to have been done on the 13th, but on the 19th March, 1874, it is recited \u201ccome the parties by attorneys and by \u2022consent the cause is set for hearing 27th March, 1874.\nMarch 25th, 1874, John Whytock, T. D. W. Yonley and John D. Adams, by their attorneys filed answers.\nAn entry on' March 27th, 1874, is; \u201ccome said plaintiff by Messrs. Benjamin & Barnes, her attorneys, and come the defendants, by Messrs. Gallagher & Newton, their attorneys, and by consent the cause is set for hearing on Wednesday the 1st day of April, 1874,\u201d\nAn entry of March 30th, 1874, is \u201ccomes the plaintiff by Messrs. Benjamin & Barnes, her attorneys and Orin S. Dillon, Thos. M. Bowen, Patrick Eaieigh, Wm. J. Hynes, Nicholas Kupferle, Henry T. Gibb, Thomas Lafferty and Francis M. Crisman, eight of the defendants herein come not, and wholly make default,\u201d judgment by default is taken : The cause was continued until the next term, as to Whytock, Adams and Yonley.\nApril 2nd, 1874, Patrick Eaieigh, moved to set aside the default, on account of surprise, and for leave to answer.\nThe grounds of his motion were:\nFirst \u2014 That he supposed his name was included in the number of those for whom a defense had been put in.\nSecond \u2014 That the cause was set for trial 27th March, that the business of the court was behind, and that the docket for 27th March had not yet been reached, April 1st, and the default was taken several days before the cause was reached on the regular call.\nThird \u2014 That the default was taken before the action stood for trial.\nFourth \u2014 That he had a valid defense to the action in this, that he was an endorser without consideration, on the note sued upon, and that notice of protest and dishonor had not been given him as required by law.\nThis motion was sworn to, on 1st April, 1874.\nApril 9th, 1874, Gibbs and Crisman filed their separate motions to set aside default and for leave to answer, upon same grounds of surprise, accompanied by separate answers, showing same defense. Crisman, as an additional ground shows, that at the time of the service of the summons on him, he was lying ill Avith the small-pox; as soon as he recovered, he made enquiry about the suit and he Avas informed by his co-defendants, that the suit was being defended.\nApril 11th, 1874, The defendants, Thomas Lafferty and Nicholas Kupferle, filed separate motions and ansAvers, making similar excuses, and shoAving same defenses.\nOn June 18th, 1875, these motions wore argued and submitted to the court.\nJune 29th, 1875, the motions Avere overruled and the defendants, Kupferle, Lafferty, Gibb, Raleigh and Crisman, excepted, and have aj>pealed to this court.\nThe answers tendered Avith the motions show a good defense to the action if true, and they were regularly sworn to.\nIs there any excuse shoAvn for the omission to file them in time? The movers all SAvear they believed their defenses Avere being made by the attorneys representing their co-defendants, this if true seems to be a reasonable excuse, and the record entries show, that in the preliminary stages of the case, the attorneys did appear, for \u201cthe defendants\u201d generally, no separate appearance is shown until the answers of Whytock, Yonley and Adams were filed, March 25th, 1874; previous to this time the entries must be construed to include the defendants who had been summoned. Neal v. Singleton, 26 Ark., 494.\nWe think those motions show sufficient reason why said default should have been set aside, and if they had been called up at that term they would have been sustained.\nThe court had the power to set aside the judgment at a subsequent term, for the cause stated in said motions \u2014 misprision of the clerk in entering judgment before the action stood for trial, Dig. 3596 ; and this power could have been invoked by motion filed in the first three days of the succeeding term. Dig., 3597.\nThese motions were filed at the same term at which the default was taken, and remained undisposed of until the determination of the cause. The only effect of this was to dispense with the reasonable notice required by the statute.\nWas the delay in calling up the motions such as that the appellants should be denied the right to defend the suit.\nThe motions were filed before a special judge, not on the bench, or present in court at all times, but only when required for the purposes of the suit. It is the experience of most lawyers, that this inconvenience alone frequently begets delay without fault on the part of either party.\nA few days after the motions were filed the political disturbances occurred at the Capitol which deranged the business of the court and practically suspended its functions, and the motions were necessarily continued until the first term after the re-organization of the court. This delay was not caused by the defendants, and does not evidence a want of diligence on their part; \u25a0 their motions were filed in apt time, and we think there was no delay attributable to these appellants which should deprive them of their right to plead their defenses to this suit.\nWe think it probable that the Circuit Court overruled the motions upon the ground that it had no power over its judgments after the adjournment of the court, which was the well settled rule previous to the Code Practice, but which has been changed by that practice, in cases mentioned in secs. 3596-7-8, and that one of the grounds of the motion bring them within those sections.\nWhatever may have been the effect of the former orders setting the case for trial, they were all rescinded by the order of the 27th March, and at the time^the defaults were taken, the action stood for trial on the first day of April, and the judgments were taken before that day, and in this the Code differs from Du Valcourt v. Bergman, heretofore decided by this court: in which it was held, that the grounds for a new trial then presented did not fall within the Code provisions.\nThe cause will be reversed with instructions to set aside the judgment by default, as to these five appellants, permit them to file their answers, and proceed with the cause in accordance with law.\nHon. E. H. English, Ch. J., did not sit in this case.",
        "type": "majority",
        "author": "PlNDALL, SP. J.:"
      }
    ],
    "attorneys": [
      "Whipple and Rose, for appellants.",
      "Benjamin & Barnes, contra."
    ],
    "corrections": "",
    "head_matter": "Kupferle et al. vs. Merchants National Bank.\n1. Judgment by Default: Setting aside, etc.\nOn motion to set aside a judgment by default, accompanied by answer\u00bb setting up good defenses, the sworn applications of the defendants showed that they believed their defenses were being made by attorneys representing other defendants in the c$use;the record entries in the early stages of the cause show that the attorneys appeared for the defendants generally; held good cause for setting aside the judgment during the term at which it was rendered.\n2.--: Misprision; setting aside, ete.\nWhere a cause is set for trial on a particular day, and before the day a judgment by default is entered, it pnay, under the provisions of secs. 3596-7, Gantt\u2019s Big., beset aside on motion filed before or during the first three days of the succeeding term of the court.\nAPPEAL from Pulashi Circuit Court.\nHon. J. J. Clendenin, Circuit Judge.\nWhipple and Rose, for appellants.\nBenjamin & Barnes, contra."
  },
  "file_name": "0717-01",
  "first_page_order": 717,
  "last_page_order": 722
}
