{
  "id": 609281,
  "name": "Merrill v. Harris",
  "name_abbreviation": "Merrill v. Harris",
  "decision_date": "1898-06-04",
  "docket_number": "",
  "first_page": "355",
  "last_page": "363",
  "citations": [
    {
      "type": "official",
      "cite": "65 Ark. 355"
    }
  ],
  "court": {
    "name_abbreviation": "Ark.",
    "id": 8808,
    "name": "Arkansas Supreme Court"
  },
  "jurisdiction": {
    "id": 34,
    "name_long": "Arkansas",
    "name": "Ark."
  },
  "cites_to": [
    {
      "cite": "44 Ark. 517",
      "category": "reporters:state",
      "reporter": "Ark.",
      "case_ids": [
        1893363
      ],
      "opinion_index": -1,
      "case_paths": [
        "/ark/44/0517-01"
      ]
    },
    {
      "cite": "41 Ark. 17",
      "category": "reporters:state",
      "reporter": "Ark.",
      "case_ids": [
        1896218
      ],
      "opinion_index": -1,
      "case_paths": [
        "/ark/41/0017-01"
      ]
    },
    {
      "cite": "34 Ark. 63",
      "category": "reporters:state",
      "reporter": "Ark.",
      "case_ids": [
        1875666
      ],
      "opinion_index": -1,
      "case_paths": [
        "/ark/34/0063-01"
      ]
    },
    {
      "cite": "33 Ark. 727",
      "category": "reporters:state",
      "reporter": "Ark.",
      "case_ids": [
        8726071
      ],
      "opinion_index": -1,
      "case_paths": [
        "/ark/33/0727-01"
      ]
    },
    {
      "cite": "33 Ark. 575",
      "category": "reporters:state",
      "reporter": "Ark.",
      "case_ids": [
        8725323
      ],
      "opinion_index": -1,
      "case_paths": [
        "/ark/33/0575-01"
      ]
    },
    {
      "cite": "11 Ark. 519",
      "category": "reporters:state",
      "reporter": "Ark.",
      "case_ids": [
        8727890
      ],
      "opinion_index": -1,
      "case_paths": [
        "/ark/11/0519-01"
      ]
    },
    {
      "cite": "52 Ark. 341",
      "category": "reporters:state",
      "reporter": "Ark.",
      "case_ids": [
        1913423
      ],
      "opinion_index": -1,
      "case_paths": [
        "/ark/52/0341-01"
      ]
    },
    {
      "cite": "54 Ark. 627",
      "category": "reporters:state",
      "reporter": "Ark.",
      "case_ids": [
        1320430
      ],
      "opinion_index": -1,
      "case_paths": [
        "/ark/54/0627-01"
      ]
    },
    {
      "cite": "29 Ark. 636",
      "category": "reporters:state",
      "reporter": "Ark.",
      "opinion_index": -1
    },
    {
      "cite": "49 Ark. 504",
      "category": "reporters:state",
      "reporter": "Ark.",
      "opinion_index": -1
    },
    {
      "cite": "51 Ark. 432",
      "category": "reporters:state",
      "reporter": "Ark.",
      "opinion_index": -1
    },
    {
      "cite": "47 Ark. 452",
      "category": "reporters:state",
      "reporter": "Ark.",
      "opinion_index": -1
    },
    {
      "cite": "37 Ark. 316",
      "category": "reporters:state",
      "reporter": "Ark.",
      "case_ids": [
        1871002
      ],
      "opinion_index": -1,
      "case_paths": [
        "/ark/37/0316-01"
      ]
    },
    {
      "cite": "47 Ark. 510",
      "category": "reporters:state",
      "reporter": "Ark.",
      "weight": 2,
      "opinion_index": -1
    },
    {
      "cite": "29 Ark. 633",
      "category": "reporters:state",
      "reporter": "Ark.",
      "case_ids": [
        1882912
      ],
      "opinion_index": -1,
      "case_paths": [
        "/ark/29/0633-01"
      ]
    },
    {
      "cite": "52 Ark. 219",
      "category": "reporters:state",
      "reporter": "Ark.",
      "opinion_index": -1
    },
    {
      "cite": "53 Ark. 400",
      "category": "reporters:state",
      "reporter": "Ark.",
      "case_ids": [
        1911695
      ],
      "weight": 2,
      "opinion_index": -1,
      "case_paths": [
        "/ark/53/0400-01"
      ]
    },
    {
      "cite": "51 Ark. 563",
      "category": "reporters:state",
      "reporter": "Ark.",
      "opinion_index": -1
    },
    {
      "cite": "56 Ark. 563",
      "category": "reporters:state",
      "reporter": "Ark.",
      "case_ids": [
        1326092
      ],
      "opinion_index": -1,
      "case_paths": [
        "/ark/56/0563-01"
      ]
    },
    {
      "cite": "51 Ark. 429",
      "category": "reporters:state",
      "reporter": "Ark.",
      "case_ids": [
        8723722
      ],
      "opinion_index": -1,
      "case_paths": [
        "/ark/51/0429-01"
      ]
    },
    {
      "cite": "53 Ark. 504",
      "category": "reporters:state",
      "reporter": "Ark.",
      "opinion_index": -1
    },
    {
      "cite": "49 Ark. 75",
      "category": "reporters:state",
      "reporter": "Ark.",
      "case_ids": [
        1310005
      ],
      "opinion_index": -1,
      "case_paths": [
        "/ark/49/0075-01"
      ]
    },
    {
      "cite": "136 U. S. 519",
      "category": "reporters:federal",
      "reporter": "U.S.",
      "case_ids": [
        1217859
      ],
      "opinion_index": 0,
      "case_paths": [
        "/us/136/0519-01"
      ]
    },
    {
      "cite": "73 N. Y. 355",
      "category": "reporters:state",
      "reporter": "N.Y.",
      "case_ids": [
        2169704
      ],
      "opinion_index": 0,
      "case_paths": [
        "/ny/73/0355-01"
      ]
    },
    {
      "cite": "45 Ga. 310",
      "category": "reporters:state",
      "reporter": "Ga.",
      "case_ids": [
        857285
      ],
      "opinion_index": 0,
      "case_paths": [
        "/ga/45/0310-01"
      ]
    },
    {
      "cite": "68 Miss. 810",
      "category": "reporters:state",
      "reporter": "Miss.",
      "case_ids": [
        8838250
      ],
      "opinion_index": 0,
      "case_paths": [
        "/miss/68/0810-01"
      ]
    },
    {
      "cite": "53 Ark. 402",
      "category": "reporters:state",
      "reporter": "Ark.",
      "weight": 2,
      "opinion_index": 1
    },
    {
      "cite": "48 Ark. 539",
      "category": "reporters:state",
      "reporter": "Ark.",
      "case_ids": [
        1887748
      ],
      "opinion_index": 1,
      "case_paths": [
        "/ark/48/0539-01"
      ]
    },
    {
      "cite": "48 Ark. 230",
      "category": "reporters:state",
      "reporter": "Ark.",
      "case_ids": [
        1887710
      ],
      "opinion_index": 1,
      "case_paths": [
        "/ark/48/0230-01"
      ]
    },
    {
      "cite": "40 Ark. 69",
      "category": "reporters:state",
      "reporter": "Ark.",
      "case_ids": [
        1897188
      ],
      "opinion_index": 1,
      "case_paths": [
        "/ark/40/0069-01"
      ]
    },
    {
      "cite": "35 Ark. 49",
      "category": "reporters:state",
      "reporter": "Ark.",
      "case_ids": [
        1873865
      ],
      "opinion_index": 1,
      "case_paths": [
        "/ark/35/0049-01"
      ]
    },
    {
      "cite": "54 Ark. 9",
      "category": "reporters:state",
      "reporter": "Ark.",
      "case_ids": [
        1320459
      ],
      "opinion_index": 1,
      "case_paths": [
        "/ark/54/0009-01"
      ]
    },
    {
      "cite": "56 Ark. 621",
      "category": "reporters:state",
      "reporter": "Ark.",
      "case_ids": [
        1326169
      ],
      "weight": 2,
      "opinion_index": 1,
      "case_paths": [
        "/ark/56/0621-01"
      ]
    },
    {
      "cite": "29 Ark. 412",
      "category": "reporters:state",
      "reporter": "Ark.",
      "opinion_index": 1
    },
    {
      "cite": "57 Ark. 179",
      "category": "reporters:state",
      "reporter": "Ark.",
      "case_ids": [
        1324648
      ],
      "opinion_index": 1,
      "case_paths": [
        "/ark/57/0179-01"
      ]
    },
    {
      "cite": "31 Ark. 466",
      "category": "reporters:state",
      "reporter": "Ark.",
      "case_ids": [
        1879311
      ],
      "opinion_index": 1,
      "case_paths": [
        "/ark/31/0466-01"
      ]
    },
    {
      "cite": "29 Ark. 633",
      "category": "reporters:state",
      "reporter": "Ark.",
      "case_ids": [
        1882912
      ],
      "weight": 2,
      "opinion_index": 1,
      "case_paths": [
        "/ark/29/0633-01"
      ]
    },
    {
      "cite": "51 Ark. 429",
      "category": "reporters:state",
      "reporter": "Ark.",
      "case_ids": [
        8723722
      ],
      "opinion_index": 1,
      "case_paths": [
        "/ark/51/0429-01"
      ]
    }
  ],
  "analysis": {
    "cardinality": 878,
    "char_count": 19719,
    "ocr_confidence": 0.479,
    "pagerank": {
      "raw": 1.84843866665528e-07,
      "percentile": 0.7231529714666762
    },
    "sha256": "60b4000d37934e1a45c9351461e7496a00ff5d06bed2433916775aef63fa2cb8",
    "simhash": "1:80ef2e709d1a20ce",
    "word_count": 3551
  },
  "last_updated": "2024-02-27T18:20:16.190421+00:00",
  "provenance": {
    "date_added": "2019-08-29",
    "source": "Harvard",
    "batch": "2018"
  },
  "casebody": {
    "judges": [],
    "parties": [
      "Merrill v. Harris."
    ],
    "opinions": [
      {
        "text": "Bunn, C. J.\nThe only question presented by this record is, \u201chas a probate court, in which a guardianship of minors is pending, the power to order the sale of the homestead left them by the mother (the surviving parent) for the benefit of said minors.\nLucy M. Fulton died seized and possessed of lots l\"and 2 in block 17 in the city of Little Rock, and occupied the same and the improvements thereon as her homestead until the d^y of her death, her husband having died previously. So far as this record shows, she left no other property and no debts, and no children except her minor sons, Chester and Freddie, named in the caption, who were 19 and 17 years respectively at the institution of this suit. After the mother\u2019s death, and before the institution of this suit, the duly appointed and acting guardian of these minors, presumably on proper shoAving, was ordered and directed by the probate court to sell in the usual manner the said homestead property as that of the estate of said minors, and for their benefit; and the sale was accordingly made, and one W. H. Halliburton became the purchaser, and he subsequently sold to appellee Harris, who took immediate possession under his deed, and Avas in possession at the institution of this suit, which is a suit in ejectment to eject him from the premises. The foregoing facts appear in the complaint, to which the defendants interposed a general demurrer, raising the question stated at the outset, which demurrer was sustained, and the plaintiff appealed to this court.\nThis is a new question in this court, so far as we have been able to ascertain, and withal a question which, from the very nature of things, has not been very often presented in any of the courts, and for that reason precedents are not numerous. All the eases, without exception, we believe, which have been called to our attention by the appellant\u2019s counsel, are cases of sales or attempted sales under the orders of probate court, at the instance of administrators, to pay debts of the deceased owners of the homestead property; and none of them are eases where the object of the sales was to appropriate the proceeds to the support and education of the minor or minors, or for his or their benefit in any way. That the homestead, during the holding of the widow or the minority of any of the children, cannot be sold to pay the debts of the father\u2019s estate goes without further controversy in this state; and the same is to be said of the sale of the homestead left by the mother, as in this case, for her acts during the minority of her children or any of them. But the question is, can the probate court, in any case, lawfully order the sale of such homestead for the benefit of the minor children, who enjoy it as a descended or transmitted homestead from the deceased homesteader?\nIn Morton v. McCanless, 68 Miss. 810, the supreme court of Mississippi said: \u201cThe whole object of the exemption law of 1865 was to preserve the property from ei\u2019editors, and not to affect the power of the courts to deal with the property as that of the children and heirs of the exemptionist.\u201d Such is the view we take of it. The Mississippi law on the subject, while different from ours in some particulars, yet is so far like ours as to render the same principles applicable in all essential particulars. There are several other cases from the same court, which either directly or incidentally sustain the same doctrine. The supreme court of Georgia expresses some doubt as to the power in the probate (chancery) court to sell; but, if it exists, it exists only as cases of sale of other property of the minor. Sloan v. Nonce, 45 Ga. 310. See also, as to sales of interests of remainderman, Jenkins v. Faby, 73 N. Y. 355; Cooper v. Hepburn, 15 Grattan, 551; Bell v. Clark, 2 Metcalf, 573; Thaw v. Ritchie, 136 U. S. 519.\nIn discussing this identical question, with the foregoing decisions, as well as othei's on the subject in mind, Woerner, in his work on \u201cThe American Law of Guardianship,\u201d (\u00a7 75) after a general reference to the subject of minor\u2019s rights in the homestead, and the sale thereof, has this to say: \u201cUnder this aspect of the question, and remembering that a homestead right descending from a deceased parent may be the only property owned by a minor, it would appear that a court having jurisdiction over the estate of such minor should be possessed of the power to order the sale of such homestead rights, if it be necessary for his education, maintenance or well being.\u201d Following the argument of the author, suppose, as in the case at bar, there were no debts, no other property, and that there was but one child, and he or she, as the case may be, the only child and heir; and, upon that, suppose that the rents and pi\u2019ofits of the homestead place were nothing, or not enough to support and educate the child, and that there was no one willing or bound to occupy the premises with the minor, and thus assist in his support.and education. In other words, suppose the homestead right was unavailable or utterly inadequate for the purpose. Can it be the law that the probate court, or the court of general, original and exclusive jurisdiction of minors and their estate, cannot sell the property and thereby give it the only real value it has so far as the minor is concerned1? We cannot think such is the law. The constitution does not, in terms, seek to do more than protect from the grasp of creditors. There is neither expressly nor by implication a restriction upon the powers of the probate court in respect to this class of the property of minors. The case we have supposed presents the question fairly, and in such a case we cannot see how but one answer can be given. If one case could exist wherein the probate court would possess the power, that is all that is necessary to solve the question. To carry the discussion further than that would simply be to discuss questions pertaining to the proper or improper exercise of the court\u2019s discretion in the instances as they may arise, accordingly as the facts may determine.\nIn the present case there is no controversy as to an abuse of the discretion of the court, and we therefore affirm the judgment of the court below.",
        "type": "majority",
        "author": "Bunn, C. J."
      },
      {
        "text": "Battle, J.,\n(dissenting.) The order of the probate court in question, which directed the sale of the homestead of minors, is a nullity.\nWhat is a homestead? In Williams v. Dorris, 31 Ark. 466, Chief Justice English, in defining it, said: \u201cIt is the place of a home or house; that part of a man\u2019s landed property which is about and contiguous to his dwelling house. A homestead necessarily includes the idea of a house for a residence, or mansion house. The dwelling may be a splendid mansion, a cabin, or tent. If there be either, it is under the protection of the law, but there must be a home residence before it, and the land on which it is situated, can be claimed as a homestead.\u201d Tillar v. Bass, 57 Ark. 179.\nThe homestead law creates no new estate, but protects the occupant in the use and occupancy of the land set apart as a homestead during the time of such occupancy. Chambers v. Sallie, 29 Ark. 412; Booth v. Goodwin, id. 637. Hence \u201can estate held in common with others is sufficient to support a homestead exemption, without exclusive possession by the tenant who claims the privilege.\u201d Robson v. Hough, 56 Ark. 621; Thompson v. King, 54 Ark. 9; Sentell v. Armor, 35 Ark. 49; Sims v. Thompson, 39 id. 301; Ward v. Mayfield, 41 id. 94; Stull v. Graham, 60 id. 461. A leasehold estate is sufficient for that purpose (Robson v. Hough, 56 Ark. 621); or an equitable title (Rockafellow v. Peay, 40 Ark. 69). In the case last cited the court said: \u201cIndeed, it is probable that the homestead exemption withdraws from the demands of creditors whatever interest the claimant has in the property dedicated to that use.\u201d All these cases prove that the homestead interest is a mere right to use and occupy land as a home or residence.\nUpon the fact that the right to a homestead is a personal right to occupy the place of residence as a home, this court held, in Garibaldi v. Jones, 48 Ark. 230, that the sale of the homestead by the widow was an abandonment of it. In that case the court said: \u201cOne of the objects of the constitution is to secure to the widow and orphans the family roof-tree as a fixed home during the widowhood or life of the widow and minority of the children. It would be clearly against the policy and spirit of the constitution, in thus providing a home for her, to permit her to alienate it, and to allow others to enjoy the benefits of the homestead of a deceased husband and father, which were only intended for the widow and orphan. If she could do so, the exemption which passes, under the constitution, to the widow and minor children upon the death of the husband and father would not be a reservation of a homestead, but a reservation of lands of a certain quantity or value, irrespective of its uses.\u201d\nIn nearly every case, if not all, an abandonment of a homestead with no intent to return to it as a residence produces a forfeiture. Ordinarily, a lease for life is conclusive evidence of an abandonment and forfeiture. Gates v. Steel, 48 Ark. 539.\nIn Booth v. Goodwin, 29 Ark. 633, a question arose as to how minors could occupy a homestead so as to maintain their right to it. The court said: \u201cThe intention of the legislature evidently was to extend to the child or children the same protection of the property from sale by the creditor which had been extended to their parents; and as it is our duty, as far as possible, to carry this intent into effect, we must necessarily give to the term \u2018occupied\u2019 such a liberal construction as will uphold, not defeat, the humane intent of the legislature, and must hold that an infant is incapable, either by act or declaration, of abandoning or waiving his homestead right. Not to do so would be to defeat the provisions of the statute as to them. Actual occupancy of the infant upon the homestead place is not necessary; is not required of an infant. It is the duty of his guardian to take possession of the homestead place, and to rent or lease it for the benefit of his ward, as a means for his support and education, and this must have been the possession and occupancy contemplated by the legislature, because it is the only one consistent with the condition of the minor child or children.\u201d\nThe minor children do not create the homestead. It descends to them. During minority they' are incapable of waving or abandoning it by act or declaration. As it is a mere occupancy, how can they utilize and enjoy it? The question is answered by Booth v. Goodwin, supra, \u2014 by their guardian taking possession and renting or leasing it for their benefit, as a means for their support and education. In this way it is held and occupied by them. The occupancy of their guardian or tenant is their occupancy. In case of a sale it would not be so held, but would be abandoned and forfeited.\nThe constitution intends and directs that the homestead of the father shall be preserved for the benefit of the minor children, in a particular manner, during their minority, and that is by occupancy or renting. It does not authorize any other disposition to be made of it. It provides that \u201cif the owner leaves children, one or more, said child or children shall share with said widow, and be entitled to half the rents and profits, till each of them arrives at twenty-one years of age, each child\u2019s rights to cease at twenty-one years of age, and the shares to go to the younger children, and then all go to the widow, and provided that said widow or children may reside on the homestead cr not; and in case of the death of the widow all of said homestead shall be vested in the minor children of the testator or intestate.\u201d Const. 1874, art. 9, \u00a7 6. Under this section they are entitled to reside upon it, \u00e1nd to one-half of the rents and profits if there be a widow, that is to say, to rent it till each of them arrives at twenty-one years of age.\nIn Kessinger v. Wilson, 53 Ark. 402, the court said: \u201cThe land was set apart by the law to appellants (minors), when their father died, as a home and means of maintenance during their minority. Until the younger of them reached the age of twenty-one years, it could not have been lawfully sold to pay the debts of their father\u2019s estate, or partitioned between them. It was not subject to sale, but might have been rented to raise means for their support. Until the younger reached his majority, it remained set apart as \u2018a place, a sanctuary, to which he cr she might return to find the shelter, comfort and security of a home\u2019 during his or her minority.\u201d\nIn Sansom v. Harrell, 51 Ark. 429, the order in question was made by the probate court for the purpose of vesting a homestead in a widow, under a statute which provides: \u201cWhen any one shall die, leaving a widow or.children, and it shall be made to appear to the probate court that the estate of the deceased does not exceed three hundred dollars, the court shall make an order that the estate vest absolutely in the widow or children, as the case may be,\u201d Mansf. Dig., \u00a7 9. The husband of the widow left minor children surviving him at the time of his death. This court held the order void, and said: \u201cThe constitution sets it apart as a home and sanctuary for the widow and children, and, for the purpose of preventing any other person invading it under a claim of right, or interfering with them in the undisturbed enjoyment of the shelter, comfort and security of it as a home, guards and protects it against sales and transfers. The same reason which makes it unlawful to sell the land constituting it for the payment of the debts of the deceased owner, subject to the homestead rights of the children, during their minority, makes it unlawful to vest it in the widow, subject to the same rights of the children, during their minority. One endangers the quiet, security and comfort of a home provided in the homestead as much as the other, and both equally violate the spirit and manifest intent of the constitution.\u201d\nThe homestead right of minor children, and the estate in the lands, which constitute the homestead, inherited by them in addition thereto, it was held in Kessinger v. Wilson, supra, are like two separate and distinct estates vested in different persons and following in immediate succession. Their right to the enjoyment and possession of the same cannot exist at one and the same time; and neither merges in the other. The probate court cannot authorize the sale of the homestead right. For that is a personal right and a sale of it is an abandonment which forfeits it. Neither can it order the sale of the estate inherited in addition to it, subject to the same, for the same reason it cannot be sold for- the payment of the debts of the deceased owner; and that is, \u2018\u201cone endangers the. quiet, security and comfort of a home provided in the homestead as much as the other, and both equally violate the spirit and manifest intent of the constitution.\u201d\nThe object of the constitution as to homesteads is not the protection of the impecunious, and no others. It protects the family homes of all classes. It conserves only the homesteads owned and possessed by* a resident of this state \u201cwho is married or the head of a family.\u201d Upon the death of the owner, it gives it to the widow for her life, and the minor children during their minority. From this it appears that the policy of the constitution \u201cis to foster families as the factors of society, and thus protect the general welfare.\u201d \u201cTo save them from disintegration,\u201d as said in Waples on Homesteads and Exemptions, \u201cand secure their permanency,\u201d the constitution \u201cseeks to protect their homes from forced sales so far as it can be done without injustice to others.\u201d It \u201cprotects homes as the pillars of the state edifice, and thereby fosters the sentiments of patriotism and independence, and the spirit of free citizenship.\u201d \u201cThere is,\u201d said Tarbell, J., \u201cunquestionably, no greater incentive to virtue, industry, and love of country than a permanent home, around which gather the affections of a family, and to which the members fondly turn, however widely they may become dispersed.\u201d In fostering these sentiments and affections for the purpose of accomplishing its object, the policy of the constitution in preserving the homestead of the father for his minor children during their minority is further advanced by giving to the children an opportunity, when all of them have arrived of age and becomes sui juris, to acquire the homestead lands, in the event it becomes necessary to sell the same, and thereby hold them in the family. A sale of such lands during the minority of the children tends to defeat the magnificent policy of the constitution, and should be treated by all courts as void.\nIt follows that the probate court cannot sell the fee in the land without defeating the spirit and intent of the constitution. It seems to me that no argument or authority is necessary to prove that the constitution, from which it derives its jurisdiction, did not vest the probate court with the authority to defeat its policy or violate any of its provisions.",
        "type": "dissent",
        "author": "Battle, J.,"
      }
    ],
    "attorneys": [
      "Hill c& Auten, for appellant.",
      "Ratcliffe cB Fletcher, for appellees."
    ],
    "corrections": "",
    "head_matter": "Merrill v. Harris.\nOpinion delivered June 4, 1898.\nHomestead of Minor \u2014 Sale by Probate Court. \u2014 A probate court in which a guardianship of certain minors is pending has the power to order the sale for their benefit of the homestead left them by their surviving parent. (Page 356.)\nAppeal from Pulaski Circuit Court.\nJoseph W. Martin, Judge.\nHill c& Auten, for appellant.\nThe only possible excuse for the sale, of the homestead of a minor is to obtain funds for his education and support. Sand. & H. Dig., \u00a7\u00a7 3606 et seq. The only case where the probate court has jurisdiction over the homestead is in cases where it exceeds the limit. Sand. & H. Dig., \u00a7\u00a7 3698-3701. It can neither be sold to pay debts, nor be partitioned. 49 Ark. 75; 53 Ark. 504; id. 400; 51 Ark. 429; 56 Ark. 563. The probate court has no right, either by statute or constitution, to deal with homestead estates. 51 Ark. 563; Const. Ark. \u00a7 34, art. 7; 53 Ark. 400; 52 Ark. 219. Creditors cannot reach a homestead estate of minor children; nor can they waive or abandon it. 29 Ark. 633; 47 Ark. 510; 37 Ark. 316. This sale is void, because: (1) if the sale of the right is valid at all, it, ipso facto, terminates the estate, and nothing is left to be conveyed by the guardian. 47 Ark. 452; 51 Ark. 432; 49 Ark. 504; (2) there is no rule by which a division of the proceeds could be effected; (3) creditors have rights which must be respected. 53 Ark. 400; Waples, Horn. & Ex. p. 643.\nRatcliffe cB Fletcher, for appellees.\nHomestead descends to minor heirs in all respects as does other property, except that it is exempt from sale for the debts of the ancestor. It is to be used for the benefit of the minor, as a means of his support and education, when necessary. 29 Ark. 636; 47 Ark. 510. The case of O\u2019Connor v. Hindman, 54 Ark. 627, recognizes the jurisdiction of the probate court to sell homestead property, when necessary for the support pr education of the minor owner. The statute and the constitution give to the probate' court the right to sell the real estate of minors, \u201cor any portion thereof.\u201d The court having the poAver to sell, all presumptions are in favor of the rightful exercise of the jurisdiction. 52 Ark. 341; 11 Ark. 519; 33 Ark. 575; 33 Ark. 727; 34 Ark. 63. Appellee claims under the same title as do the heirs in this case; hence they can not be heard to object to the title on the\u2019 ground that rights of creditors were disregarded, if such rights had any validity. 41 Ark. 17; 44 Ark. 517."
  },
  "file_name": "0355-01",
  "first_page_order": 371,
  "last_page_order": 379
}
