{
  "volume_number": "74",
  "title": null,
  "publisher": "State of Arkansas",
  "publication_year": 1905,
  "start_year": 1905,
  "end_year": 1905,
  "series_volume_number": "",
  "jurisdictions": [
    {
      "id": 34,
      "name": "Ark.",
      "name_long": "Arkansas"
    }
  ],
  "id": "32044078575222",
  "harvard_hollis_id": "000114238",
  "spine_start_year": 1905,
  "spine_end_year": 1905,
  "publication_city": "Little Rock, AR",
  "second_part_of_id": null,
  "redacted": false,
  "nominative_reporter": null
}
