{
  "id": 1152546,
  "name": "Ph\u0153nix Insurance Company v. Hale",
  "name_abbreviation": "Ph\u0153nix Insurance v. Hale",
  "decision_date": "1900-02-10",
  "docket_number": "",
  "first_page": "433",
  "last_page": "440",
  "citations": [
    {
      "type": "official",
      "cite": "67 Ark. 433"
    }
  ],
  "court": {
    "name_abbreviation": "Ark.",
    "id": 8808,
    "name": "Arkansas Supreme Court"
  },
  "jurisdiction": {
    "id": 34,
    "name_long": "Arkansas",
    "name": "Ark."
  },
  "cites_to": [
    {
      "cite": "19 How. 318",
      "category": "reporters:scotus_early",
      "reporter": "How.",
      "case_ids": [
        6141066
      ],
      "opinion_index": -1,
      "case_paths": [
        "/us/60/0318-01"
      ]
    },
    {
      "cite": "90 N. Y. 281",
      "category": "reporters:state",
      "reporter": "N.Y.",
      "opinion_index": -1
    },
    {
      "cite": "19 N. Y. 305",
      "category": "reporters:state",
      "reporter": "N.Y.",
      "case_ids": [
        497706
      ],
      "opinion_index": -1,
      "case_paths": [
        "/ny/19/0305-01"
      ]
    },
    {
      "cite": "63 Ark. 204",
      "category": "reporters:state",
      "reporter": "Ark.",
      "case_ids": [
        8721636
      ],
      "opinion_index": -1,
      "case_paths": [
        "/ark/63/0204-01"
      ]
    },
    {
      "cite": "54 Ark. 78",
      "category": "reporters:state",
      "reporter": "Ark.",
      "opinion_index": -1
    },
    {
      "cite": "62 N. W. 798",
      "category": "reporters:state_regional",
      "reporter": "N.W.",
      "opinion_index": -1
    },
    {
      "cite": "39 Pac. 587",
      "category": "reporters:state_regional",
      "reporter": "P.",
      "opinion_index": -1
    },
    {
      "cite": "12 Cush. 429",
      "category": "reporters:state",
      "reporter": "Cush.",
      "opinion_index": -1
    },
    {
      "cite": "7 Wend. 270",
      "category": "reporters:state",
      "reporter": "Wend.",
      "case_ids": [
        2009805
      ],
      "opinion_index": -1,
      "case_paths": [
        "/wend/7/0270-01"
      ]
    },
    {
      "cite": "16 Gray, 359",
      "category": "reporters:state",
      "reporter": "Gray",
      "case_ids": [
        2093601
      ],
      "opinion_index": -1,
      "case_paths": [
        "/mass/82/0359-01"
      ]
    },
    {
      "cite": "53 Pa. St. 485",
      "category": "reporters:state",
      "reporter": "Pa.",
      "case_ids": [
        1004738
      ],
      "opinion_index": -1,
      "case_paths": [
        "/pa/53/0485-01"
      ]
    },
    {
      "cite": "61 Ind. 488",
      "category": "reporters:state",
      "reporter": "Ind.",
      "case_ids": [
        1502301
      ],
      "opinion_index": -1,
      "case_paths": [
        "/ind/61/0488-01"
      ]
    },
    {
      "cite": "61 la. 216",
      "category": "reporters:state",
      "reporter": "Iowa",
      "opinion_index": -1
    },
    {
      "cite": "61 Iowa, 216",
      "category": "reporters:state",
      "reporter": "Iowa",
      "opinion_index": 0
    },
    {
      "cite": "63 Ark. 204",
      "category": "reporters:state",
      "reporter": "Ark.",
      "case_ids": [
        8721636
      ],
      "opinion_index": 0,
      "case_paths": [
        "/ark/63/0204-01"
      ]
    },
    {
      "cite": "61 Ind. 488",
      "category": "reporters:state",
      "reporter": "Ind.",
      "case_ids": [
        1502301
      ],
      "opinion_index": 0,
      "case_paths": [
        "/ind/61/0488-01"
      ]
    }
  ],
  "analysis": {
    "cardinality": 617,
    "char_count": 15876,
    "ocr_confidence": 0.492,
    "pagerank": {
      "raw": 1.7248044102367775e-07,
      "percentile": 0.7044798750815202
    },
    "sha256": "50d68eaae456ddc0f51689b8743def2ebe4906e73f0c8e87ee6c31517e95e2d3",
    "simhash": "1:0627572b01c3e95d",
    "word_count": 2760
  },
  "last_updated": "2024-02-27T18:29:41.437449+00:00",
  "provenance": {
    "date_added": "2019-08-29",
    "source": "Harvard",
    "batch": "2018"
  },
  "casebody": {
    "judges": [
      "Battle, J., dissented."
    ],
    "parties": [
      "Ph\u0153nix Insurance Company v. Hale."
    ],
    "opinions": [
      {
        "text": "Hughes, J.,\n(after stating the facts.) There was evidence in the case tending to show, and from which the jury might have found, that the appellee, W. P. Hale, made application to Gaylord, the local surveyor and agent of the appellant, the Phoenix Insurance Company, for renewal of his policy of insurance No. 6906; that he paid $19.50 to Gaylord, as a premium therefor; that he received the binding receipt of the company therefor, which was countersigned by Gaylord, the surveyor of the company; that Gaylord forwarded the said application to his company, and that the appellee, Hale, was not notified by said company that it declined to renew said policy, and that said premium of $19.50 paid by Hale to Gaylord was never returned to the appellee, Hale; that Hale believed his policy was renewed by the company, and that he never knew that the company claimed that it had not renewed his policy until after his barn, on which the original policy had been issued, was burned, and the company refused to pay the insurance on the ground that he had not renewed the policy of insurance. There is a square conflict of testimony as to the payment made, by Hale, the appellee, of the $19.50, and as to whether Hale was notified that his application was refused by the company. These were questions of fact, upon which the jury found in favor of the appellee, and their verdict as to the facts must be taken as correct by this court.\nHid the facts, as found by the jury, constitute a contract of insurance upon which the appellee was entitled to recover? It seems to a majority of the court that they did. If the appellant received the $19.50 premium paid by the appellee when he made application for the renewal of his policy and received the application, and neither returned the money nor notified the appellee that they declined to renew his policy, we think they are as much bound as though the policy had been issued. It has been decided by this court that a contract of insurance may be effected by parol,\u2014that it need not be in writing. King v. Cox, 63 Ark. 204, and cases cited.\nThe cases of Armstrong v. Insurance Co., 61 Iowa, 216, and Barr v. Ins. Co. of North America, 61 Ind. 488, cited by appellant to support the contention that there was no contract of insurance in this case, are not like the case at bar in some material matters of fact.\nAffirmed.",
        "type": "majority",
        "author": "Hughes, J.,"
      },
      {
        "text": "Bunn, C. J.,\n(concurring.) Whether or notthe $19.50 were actually paid was a question of fact, and this question the trial court determined in favor of the plaintiff. This being the case, the only inquiry remaining was as to the real meaning of, and construction to be placed upon, the contract included in what is termed the \u201cbinding receipt,\u201d which reads as follows, to-wit:\n\u201cPremium $19.50.\nNumber 6906.\n\u201cThis certifies that W. P. Hale, of Osceola, Ark., has paid to, the duly authorized surveyor of this company the sum of nineteen and 50\u2014100 dollars, which entitles him to a renewal of policy No. 6906 (which expires November 12, 1894,) in the Phoenix Insurance Company of Hartford, Conn., for the period of three years from the countersigning of this reciept, which is binding for a period not exceeding thirty days from the date of the countersigning by the duly authorized surveyor of the company at Osceola, Ark., and subject, in case of loss or damage by fire, to the printed conditions of said policy, and to be invalid upon the issue of such renewal. This receipt is not assignable, and any erasure or change made hereon will render it unconditionally null and void, but the same shall not be binding until countersigned by the duly appointed surveyor of the company, at Osceola, Ark.\n\u2018D. W. C. Skilton, Secretary.\nCountersigned at Osceola, Ark., this 27th day of October, 1894.\n\u201cC. H. Gaylord. Surveyor.\u201d\nSkilton was the general secretary of the Cincinnati branch of the Phoenix Insurance Company of Hartford, Conn., and Gaylord was the local surveyor of the company at Osceola, Ark., and the one in issuing said receipt, and the other in countersigning the same, were each acting within the scope of their respective authorities for that purpose. The latter was, however, not authorized to issue policies of insurance nor renewals thereof.\nThe receipt held good for thirty days from the date it was countersigned by Gaylord, or until the renewal policy ivas issued and delivered, when the receipt itself became null and void. The meaning of this is that, the receipt being issued on the application of Hale that he wished a renewal of the outstanding policy No. 6906, now about to expire, it bound the company to renew the old or outstanding policy, conditions remaining the same substantially as when it was first issued. The very word \u201crenewal\u201d means that the old policy should be repeated in substance. It is the same in this connection as \u201cextended.\u201d The thirty days given was mostly for the convenience of the company, to enable it, through its agents, to ascertain if the conditions had in fact remained the same; for instance, that the property first named in the policy continued to exist, and in its original shape and condition substantially. That these and similar facts should exist was the reason that the receipt itself should be countersigned by the surveyer before it could take effect. The office and function of a surveyor, as used in the connection, is that of ascertaining the character and condition of property by examination and admeasurement. Hence it was a safeguard to the company that this officer should countersign the receipt before it should have any effect whatever. The company would then be informed that the conditions remained substantially the same as when the original policy was issued. And, to make doubly sure, the company gave itself thirty days in which to perfect its inquiry in this regard, and to make out, issue and deliver a renewal policy in due form. The benefit of such a receipt to the insured is of course to indemnify him against loss in the meantime, if any should occur. It is plain that the obligation contained in the receipt remained in force until the company should issue the renewal, or at least refuse to do so, and so inform Hale. These obligations were direct from the company, and not created by Gaylord, except as a eountersigner. It is in evidence that Gaylord reported his acts to the company in respect to countersigning and delivering the receipt, and that the company refused to renew the policy unless Hale would include additional property in the insurance\u2014his residence. There is no satisfactory evidence that Hale was informed of this refusal and this condition of renewal. At least, upon the evidence, the court, in effect, found that he had not been notified.\nThe company had obligated itself to issue a renewal policy, on the payment of the fees, and on condition that things remained the same. It had no right to impose different conditions, and, on Hale's refusal to comply with these, to refuse to issue the renewal. Had the receipt not been given by which the company had obligated itself to issue the renewal policy, it could have renewed the policy or not just as it saw fit to do or not to do; but by the terms of the receipt it had said that, on the receipt of the $19.50, Hale was .entitled to a renewal, and of course this meant, if Gaylord would say by his countersigning the receipt that the condition remained the same as at first, Hale was entitled to the renewal after paying the premium aforesaid. A strict renewal was all that Hale could claim or demand from the company, and this much the company, by its written obligation, contained in said receipt, was bound to give him, and it could not avoid this obligation by imposing upon Hale additional conditions and burdens than those contained in the policy or charged in the express language of the receipt. Hale, it seems, had complied with' all the conditions upon which a renewal proper might be issued. The company was bound to comply with its part of the contract, and issue a renewal policy, not a new policy or a different policy. Failing to do this, it was bound as if it had done so, and the loss occurred.\nBattle, J., dissented.",
        "type": "concurrence",
        "author": "Bunn, C. J.,"
      }
    ],
    "attorneys": [
      "Felix G. Taylor, Judge.",
      "J. M. Moore and W. B. Smith, for appellant.",
      "8. 8. 8emmes, for appellee."
    ],
    "corrections": "",
    "head_matter": "Ph\u0153nix Insurance Company v. Hale.\nOpinion delivered February 10, 1900.\nInsurance Contract\u2014Validity.\u2014The holder of a policy of fire insurance about to expire applied for renewal thereof, and paid the premium to the insurer\u2019s local agent, who delivered to him a \u201cbinding receipt,\u201d admitting payment and stating that the receipt was binding for 30 days from date, to be invalid on the issue of the renewal policy. The insurer declined to renew the policy, but failed to notify insured, or to return the premium. Held, that the insurer was bound under the contract as though the policy had been issued. (Page 437.)\nAppeal from Mississippi Circuit Court.\nFelix G. Taylor, Judge.\nSTATEMENT BY THE COURT.\nThe appellee, William P. Hale, plaintiff below, brought suit at the fall term, 1897, of the Mississippi circuit court, against the Phoenix Insurance Company, of Hartford, Conn., alleging, in substance, that on the 12th of November, 1891, the insurance company issued and delivered to him a policy of insurance No. 6906, for the sum of $600, in which it covenanted and agreed, in consideration of the payment of the premium of $19.50, to insure his barn, located upon the Witherspoon Place, against all loss or damage by fire for the period of three years from the date of said policy. (Neither the original policy nor copy thereof was exhibited with complaint, but plaintiff alleged that it had been lost or mislaid). Plaintiff further alleged that shortly before the expiration of said policy the local surveyor and agent of the Insurance Company, Charles H. Gaylord, made to plaintiff a proposition for renewal of said policy for the further term of three years; that plaintiff accepted the proposition, and then and there paid said agent the sum of $19.50 as premium for renewal of policy No. 6906, insuring the same property for the same amount for the further period of three years from the expiration of the original policy; that at the time the said agent of the insurance company issued and delivered to plaintiff the following binding receipt, viz:\n\u201cBranch of the Phcbnix Insurance Company, Hartford,\nConn.\n\u201cBinding Receipt.\n\u201cPremium $19.50.\nNumber 6906.\n\u201cThis certifies that W. P. Hale of Osceola, Arkansas, has paid to the duly authorized surveyor of this company the sum of nineteen and 50-100 dollars, which entitles him to a renewal of policy No. 6906 (which expires November 12, 1894,) in the Phoenix Insurance Company, of Hartford, Conn., for the period of three years from the countersigning of this receipt, which is binding for a period not exceeding thirty days from the date of the countersigning by the duly authorized surveyor of this company at Osceola, Ark., and subject-, in case of loss or damage by fire, to all the printed conditions of said policy, and to be invalid upon the issue of such renewal. This receipt is not assignable, and any erasure or change made hereon will render it unconditionally null and void, but the same shall not be binding until countersigned by the duly appointed surveyor of the company, at Osceola, Ark.\n\u201cD. W. C. Skilton, Secretary.\n\u201cCountersigned at Osceola, Ark., this 27th day of October, 1894.\nC. H. Gaylord, Surveyor.\u201d\nPlaintiff then alleges that he does not remember whether an additional policy was issued to him or not, as he can find none, but says that, having accepted defendant\u2019s proposition to renew, and having paid the premium for renewal, he considered this to be a contract and agreement of renewal of his original policy No. 6906. He also alleges that said transactions above set out had the force and effect of a contract of insurance, and of renewing and keeping alive his said original policy, No. 6906, for the period of three years from the 12th day of November, 1894, and is as binding upon the insurance company as if a new policy had been issued and delivered to him. Plaintiff then alleges that on the 6th day of April, 1897, his said barn was totally consumed by fire, under circumstances not within the excepted causes mentioned in said policy, and became a total loss to plaintiff; that by reason of said loss the insurance company became indebted to him in the sum of $600; that he immediately notified the insurance company of the loss, and demanded payment, which they refused on the ground that he had no insurance with them at the time of his loss.\nTo which complaint the insurance company interposed a general demurrer, alleging that it did not state facts sufficient to constitute a cause of action, which demurrer was by the court overruled, and to which ruling of the court defendant at the time excepted.\nDefendant then answered, denying its indebtedness to plaintiff in the sum of $600, or any other sum, but admitting that on the 12th day of November, 1891, plaintiff took out the policy of insurance No. 6906, which said policy ran for a a period of three years, expiring on the 12th day of November, 1894; that since the 12th of November, 1894, plaintiff has carried no insurance with defendant company for anv amount, nor has defendant, since said time, issued plaintiff a policy of insurance. Defendant admitted that plaintiff did make application to its local surveyor and agent, C. H. Gay-lord, for renewal 'of his said policy upon his barn on the 27th of October, 1894, but denies that he paid to their local surveyor and local agent the sum of $19.50 as premium for renewal of said policy, or that he paid any sum to their said local agent as premium for renewal of said policy. Defendant admitted the execution and delivery of binding receipt described in the complaint to the plaintiff by their local surveyor, who at once forwarded the application of plaintiff to the office of the defendant company, which application was at once rejected, and the plaintiff notified that his said application was rejected, unless he would include in his application his dwelling on his farm, and then with a condition annexed that he must reside in the dwelling. Defendant further alleged that, at the time said application was made by plaintiff for a renewal, he then had a policy of insurance with some other fire insurance company upon his dwelling on said farm, and declined to include his dwelling in his application. Defendant further alleged that its local surveyor and agent, C. H. Gaylord, had no authority to pass upon applications for insurance to bind the insurance company, nor had he any authority to issue policies of insurance, but the right to accept applications for policies of insurance, and to issue the same, was reserved to the home office.\nVerdict and judgment for plaintiff, and defendant appealed to this court.\nJ. M. Moore and W. B. Smith, for appellant.\nThe \u201cbinding receipt\u201d was not a contract of insurance, except for the time therein limited as a period for negotiations for a renewal. 61 la. 216; 61 Ind. 488. Evidence of the usages and customs of insurance companies with respect to such receipts was competent to explain it. 53 Pa. St. 485; 16 Gray, 359; 7 Wend. 270; 12 Cush. 429; Greenl. Ev. \u00a7 292. The renewal of the policy would have been a new and distinct contract. 54 111. 164. Appellee would have had to' contract therefor with some one empowered to bind the company. He is chargeable with notice of the agent\u2019s power. 39 Pac. 587; 62 N. W. 798. That the surveyor had no authority to renew insurance, see 54 Ark. 78.\n8. 8. 8emmes, for appellee.\nA parol contract of insurance is good when the parties have come to a definite understanding upon all the elements of the contract. 13 Am. &. Eng. Enc. Law (2 Ed.), 218; 63 Ark. 204; 19 N. Y. 305; 90 N. Y. 281; 19 How. 318; 21 Am. St. Rep. 883n.; May, Ins. \u00a719; Ostrander, Ins. 10n., 17, 18; 5 Laws. Rights, Rem & Pr. \u00a7\u00a7 2040, 2044."
  },
  "file_name": "0433-01",
  "first_page_order": 447,
  "last_page_order": 454
}
