{
  "id": 1888708,
  "name": "Hallum v. Dickinson",
  "name_abbreviation": "Hallum v. Dickinson",
  "decision_date": "1886-05",
  "docket_number": "",
  "first_page": "120",
  "last_page": "126",
  "citations": [
    {
      "type": "official",
      "cite": "47 Ark. 120"
    }
  ],
  "court": {
    "name_abbreviation": "Ark.",
    "id": 8808,
    "name": "Arkansas Supreme Court"
  },
  "jurisdiction": {
    "id": 34,
    "name_long": "Arkansas",
    "name": "Ark."
  },
  "cites_to": [
    {
      "cite": "22 Ark., 389",
      "category": "reporters:state",
      "reporter": "Ark.",
      "case_ids": [
        8726916
      ],
      "opinion_index": -1,
      "case_paths": [
        "/ark/22/0389-01"
      ]
    },
    {
      "cite": "2 Scam., 262",
      "category": "reporters:state",
      "reporter": "Scam.",
      "opinion_index": -1
    },
    {
      "cite": "33 Ark., 56",
      "category": "reporters:state",
      "reporter": "Ark.",
      "case_ids": [
        8721580
      ],
      "opinion_index": 0,
      "case_paths": [
        "/ark/33/0056-01"
      ]
    },
    {
      "cite": "29 Ark., 597",
      "category": "reporters:state",
      "reporter": "Ark.",
      "case_ids": [
        1882948
      ],
      "opinion_index": 0,
      "case_paths": [
        "/ark/29/0597-01"
      ]
    },
    {
      "cite": "36 Ark., 383",
      "category": "reporters:state",
      "reporter": "Ark.",
      "case_ids": [
        1872385
      ],
      "opinion_index": 0,
      "case_paths": [
        "/ark/36/0383-01"
      ]
    },
    {
      "cite": "35 Ark., 62",
      "category": "reporters:state",
      "reporter": "Ark.",
      "case_ids": [
        1873847
      ],
      "opinion_index": 0,
      "case_paths": [
        "/ark/35/0062-01"
      ]
    },
    {
      "cite": "1 McCrary, 436",
      "category": "reporters:federal",
      "reporter": "McCrary's Cir. Ct. Rpts",
      "opinion_index": 0
    },
    {
      "cite": "11 Ark., 349",
      "category": "reporters:state",
      "reporter": "Ark.",
      "case_ids": [
        8727803
      ],
      "opinion_index": 0,
      "case_paths": [
        "/ark/11/0349-01"
      ]
    },
    {
      "cite": "10 Ark., 479",
      "category": "reporters:state",
      "reporter": "Ark.",
      "case_ids": [
        8727838
      ],
      "opinion_index": 0,
      "case_paths": [
        "/ark/10/0479-01"
      ]
    },
    {
      "cite": "30 La. Ann., 28",
      "category": "reporters:state",
      "reporter": "La. Ann.",
      "case_ids": [
        2456404
      ],
      "opinion_index": 0,
      "case_paths": [
        "/la-ann/30/0028-01"
      ]
    },
    {
      "cite": "7 Kans., 415",
      "category": "reporters:state",
      "reporter": "Kan.",
      "case_ids": [
        90702
      ],
      "opinion_index": 0,
      "case_paths": [
        "/kan/7/0415-01"
      ]
    },
    {
      "cite": "25 Pa. St., 509",
      "category": "reporters:state",
      "reporter": "Pa.",
      "case_ids": [
        975879
      ],
      "opinion_index": 0,
      "case_paths": [
        "/pa/25/0509-01"
      ]
    },
    {
      "cite": "10 Allen, 485",
      "category": "reporters:state",
      "reporter": "Allen",
      "case_ids": [
        2116999
      ],
      "opinion_index": 0,
      "case_paths": [
        "/mass/92/0485-01"
      ]
    }
  ],
  "analysis": {
    "cardinality": 618,
    "char_count": 10305,
    "ocr_confidence": 0.751,
    "pagerank": {
      "raw": 6.552468784865628e-07,
      "percentile": 0.9611977377831681
    },
    "sha256": "35bd9e45eceab96be0750806c4b6cb28635dba37a2f6de9b1e33b1cf6db9597e",
    "simhash": "1:86a1259f9414bd79",
    "word_count": 1823
  },
  "last_updated": "2024-02-27T22:05:55.314683+00:00",
  "provenance": {
    "date_added": "2019-08-29",
    "source": "Harvard",
    "batch": "2018"
  },
  "casebody": {
    "judges": [],
    "parties": [
      "Hallum v. Dickinson."
    ],
    "opinions": [
      {
        "text": "Smith, J.\nThis is an action by Dickinson upon a judgment which, it was alleged, he had recovered against Hallum, on the 6th of April, 1872, by the consideration of the Supreme Court of Tennessee. The defenses were: 1. Nul tiel record. 2.\nThe statute of limitations of ten years. 3. Res judicata; the plaintiff having impleaded the defendant in May, 1875, in a court of general jurisdiction in the Territory of Colorado, where he was met by pleas of nul tiel record, and the territorial statute limiting actions upon foreign judgments to three years after rendition of the same; which said pleas were adjudged good upon demurrer, whereupon the plaintiff interposed a frivolous replication and afterwards took a voluntary nonsuit. 4. Fraud in procuring the judgment declared upon.\nThe first plea was, upon an inspection of the record relied upon, determined in favor of the plaintiff, and the remaining issues were submitted to a jury, who found a verdict against Hallum for $1896.39. Judgment was entered for this sum and for the further sum of $202.83, by way of interest since the commencement of the action.\nHallum moved for a new trial, alleging misdirection of the jury, error of the court in giving judgment against him on the first plea, and that the verdict was contrary to law and evidence. His motion being denied, he excepted and appealed.\nAs the charge of the court is not incorporated, nor even referred to, in the bill of exceptions, we take no notice of bis assignments of error upon that head.\nThe plea of mil tiel record puts in issue the existence of any record of the supposed recovery against the defendant. To prove that such a judgment had been rendered, the plaintiff offered the following transcript:\n\u201cTHE STATE OF TENNESSEE.\n\u25a0\u201cPleas before the Supreme Court of said State, for the western division thereof, at Jackson, on the --Monday of April, A. D. 1872. Present the Hon. A. O. P. Nicholson, Chief Justice, and Robert McB'arland, Thos. J. Freeman, James W. Deadrich, Peter Turney and John L. T. Sneed, Associate Judges, to-wit:\nSaturday, April 6, 1872.\n\u201cJohn A. Onley, trustee, and John Hallum, J vs. >\n\u201cE. Fejan, trustee, and John A. Dickinson. J\n33 \u2014 1st Cir. Ct., Shelby County.\n\u201cCame the parties, by their attorneys, and thereupon the record, proceedings and judgment of the court below, in this-cause, being seen and fully understood by the court, and it appearing that in the same there is no error, it is therefore considered by the court that the judgment aforesaid be and the same is in all things confirmed, and that the defendant in error, John A. Dickinson, recover of the plaintiff in error the sum of sixteen hundred and eighty-seven 12-lOOth dollars ($1687.1-2), the amount of the judgment below; and of said plaintiff in error and C. W. Frazer, his surety on appeal bond, the further sum of two hundred and nine 27-lOOth dollars ($209.27), interest on said judgment from the nth day of March, 1870, the date of its rendition, to the present time, and also the costs of this cause in this court and the court below \u2014 for all which let execution issue.\u201d\nThis is certified by the clerk of said court to be a true, perfect and complete copy of the judgment pronounced in said case; and his certificate is duly authenticated by the Chief Justice. The previous pleadings and proceedings in the court, whose judgment was affirmed, were not attached, nor the process by which the cause was removed from that court to the appellate court.\nFrom this imperfect record it cannot be discovered what was the nature of the original action, nor who were the plaintiffs in error against whom judgment is rendered, nor indeed, except by inference, that any writ of error was sued out. Moreover, the judgment appears to have been against two or more persons, whereas it is here declared upon as a judgment against Hallum alone. There are no averments in the complaint to cure this apparent variance; nor are the ambiguities in the final judgment removed, as probably they would be, by the production of the whole record.\n\u2022\u2018By the judgment,\u201d says Mr. Justice Story, in Owings v. Hull, 9 Peters, 623, \u201cwe are to understand not that part of the record, which, m a suit at the common law, technically follows the ideo consideration est, etc., for that would be wholly unintelligible, without reference to the preceding pleadings and proceedings ; but that which, in common as well as legal language, is deemed the exemplification of a judgment; that is to say, all the pleadings and proceedings on which the judgment is founded, and to which, as matter of record, it necessarily refers.\u201d Compare Abbott\u2019s Trial Evidence, 536-7, 544-5; 1 Gr. Ev., sec. 511; 2 Phillips Ev., 344, note 371, 4 Am. ed., Cowan and Hill's notes; Knapp v. Abell, 10 Allen, 485; Clark v. Depew, 25 Pa. St., 509; Hargis v. Morse, 7 Kans., 415; Gest & Atkinson v. N. O., St. L. & C. R. R. Co., 30 La. Ann., 28.\nThe record produced is insufficient, in and of itself, to show that judgment was rendered against Hallum as alleged.\nThe verdict of the jury on the issue raised by^lea of the statute of limitations is also not supported by sufficient evi_ . dence.\nThe complaint was filed March 31, 1882. There is no proof when, if -ever, process was issued thereon; although there is a memorandum by the clerk that the original summons had been lost or mislaid. Hallum did not appear to the action until July 14, 1882. Now the filing of the complaint alone, without causing a summons to be issued, was not enough to arrest the statute. The burden was upon the plaintiff to show also the suing out of process within the ten years. Mansf. Dig., sec. 4967; State Bank v. Cason, 10 Ark., 479; State Bank v. Brown, 12 Id., 94; McNeil v. Garland & Nash, 27 Id., 343.\nAfter proof of the loss or destruction of the writ, the date of its issue and its contents could have been proved by ary evidence. 1 Gr. Ev., sec. 509; Freeman on Judgments, sec. 407; Davies v. Petit, 11 Ark., 349; Mason v. Bull, 26 Id., 164.\nThe third plea tendered an immaterial issue. The defendant testified that he had been a practicing lawyer in Colorado when it was a territory, and was familiar with the course of practice in its courts, and that the effect of a nonsuit, under the circumstances set forth in his plea, was to preclude any future litigation between the same parties upon the same cause of action. However this may be, it is certain that in other jurisdictions a nonsuit, whether voluntary or involuntary, does not constitute a judgment upon the merits and will not support the plea of res Jtdicata. It is said to be \u201cbut the blowing out of a candle, which a man at his own pleasure may light again.\u201d Freeman on Judgments, sec. 261; Hammergen v. Schuermier, 1 McCrary, 436, per Justice Miller; Martin v. O\u2019Bannon, 35 Ark., 62; Jones v. Graham, 36 Ark., 383.\nThe question, after all, is not whether a new suit might be maintained in the courts of Colorado, but whether it can be maintained here. The plaintiff may have found himself with an insufficient record, upon which he could not safely go to trial, or barred by a short statute of limitations, and may have been compelled in consequence to dismiss his action. Yet this produced no satisfaction or extinguishment of the original judgment; nor would it prevent a renewal of the litigation elsewhere.\nNo testimony was offered in support of the fourth plea, and it may be considered as abandoned.\nThe judgment in this case, moreover, does not pursue the verdict. After the jury had assessed the amount of recovery, the court had no power to add interest. Mansf. Dig., sec. 5144; Taylor, Radford & Co., v. Hathaway, 29 Ark., 597; Cannon v. Davies, 33 Ark., 56.\nReversed and remanded for a new trial.",
        "type": "majority",
        "author": "Smith, J."
      }
    ],
    "attorneys": [
      "J110. Hallum, pro se.",
      "R. J. Lea, for Appellee."
    ],
    "corrections": "",
    "head_matter": "Hallum v. Dickinson.\n1. Evidence: Action on judgments; Plea, nul tiel record.\nTo maintain an action on a judgment against a plea of nul tiel record, a certified copy of the judgment alone is not sufficient, but all the pleadings and proceedings on which the judgment is founded, and to which as matter of record it necessarily refers, must be produced.\n2. Statute of Limitations : Commencement of suit.\nThe filing of a complaint is not, alone, the commencement of an action. Process on it must also be issued, and until then the running of the statute of limitations is not arrested.\n3. Same: Issuing of summons; Proof of.\nUpon proof of the loss or destruction of a writ, the date of its issue and its contents may be proved by secondary evidence.\n4. Res Judicata: Effect of nonsuit.\nA nonsuit, whether voluntary or involuntary, is not a judgment upon the merits and will not prevent another suit on the same cause of action ; or, if it has that effect in the state where taken, it will not in other jurisdictions where such a rule does not exist. \u25a0\n5. Practice: Judgment; Adding interest to verdict.\nThe court has no power to add interest to the verdict of a jury in rendering judgment.\nAPPEAL from Lonoke Circuit Court.\nHon. F. T.. Vaughan, Circuit Judge.\nJ110. Hallum, pro se.\n1. No sufficient transcript of the Tennessee judgment was filed ; the pretended transcript of the judgment was fatally defective.\n2. The suit is barred by the statute of limitations of ten * years. The complaint was filed in time but it does not appear that a summons was issued until after the ten years had expired; nor was a copy of the judgment filed until after ten years.\n3. The nonsuit in Colorado was a bar to any subsequent action.\n4. The court erred in rendering judgment for more than the verdict of the jury.\nR. J. Lea, for Appellee.\nThe complaint was filed within less than ten years after the judgment. The fact of the issuance of a summons was made a point for the first time in this court. No objection was made in the court below. It was the clerk\u2019s duty to issue the summons when the complaint was filed, and in the absence of proof to the contrary, the law presumes the clerk did his duty. Secs. 4968 and 4974 Mansf. Dig.; 23 Atk., 314; 24 Id., 402; 2 Id., 26; 30 Id., 69; 24 Id., 339.\nAs to the nonsuit, see Freeman on Jildg., p. 261; Rev. St. Col., sec. 29, p. 310; 2 Scam., 262; 17 III., 494; 24 III., 464; 34 Id., 435.\nThe judgment sued on was regular on its face, and discloses the fact that the court pronouncing the same had jurisdiction. 22 Ark., 389; 14 Id., 360; 13-Id., 33."
  },
  "file_name": "0120-01",
  "first_page_order": 132,
  "last_page_order": 138
}
