{
  "id": 1888762,
  "name": "Driver, Adm., v. Evans, Guardian",
  "name_abbreviation": "Driver v. Evans",
  "decision_date": "1886-05",
  "docket_number": "",
  "first_page": "297",
  "last_page": "300",
  "citations": [
    {
      "type": "official",
      "cite": "47 Ark. 297"
    }
  ],
  "court": {
    "name_abbreviation": "Ark.",
    "id": 8808,
    "name": "Arkansas Supreme Court"
  },
  "jurisdiction": {
    "id": 34,
    "name_long": "Arkansas",
    "name": "Ark."
  },
  "cites_to": [
    {
      "cite": "39 Ark., 121",
      "category": "reporters:state",
      "reporter": "Ark.",
      "opinion_index": -1
    },
    {
      "cite": "93 U. S., 169",
      "category": "reporters:federal",
      "reporter": "U.S.",
      "case_ids": [
        5645269
      ],
      "opinion_index": -1,
      "case_paths": [
        "/us/93/0169-01"
      ]
    },
    {
      "cite": "33 Ark., 833",
      "category": "reporters:state",
      "reporter": "Ark.",
      "case_ids": [
        8726471
      ],
      "opinion_index": -1,
      "case_paths": [
        "/ark/33/0833-01"
      ]
    },
    {
      "cite": "33 Ark., 333",
      "category": "reporters:state",
      "reporter": "Ark.",
      "opinion_index": -1
    },
    {
      "cite": "115 U. S., 408",
      "category": "reporters:federal",
      "reporter": "U.S.",
      "case_ids": [
        3514060
      ],
      "opinion_index": 0,
      "case_paths": [
        "/us/115/0408-01"
      ]
    },
    {
      "cite": "116 U. S., 48",
      "category": "reporters:federal",
      "reporter": "U.S.",
      "case_ids": [
        3515904
      ],
      "opinion_index": 0,
      "case_paths": [
        "/us/116/0048-01"
      ]
    },
    {
      "cite": "114 U. S., 47",
      "category": "reporters:federal",
      "reporter": "U.S.",
      "case_ids": [
        11292802
      ],
      "opinion_index": 0,
      "case_paths": [
        "/us/114/0047-01"
      ]
    },
    {
      "cite": "24 Ark., 441",
      "category": "reporters:state",
      "reporter": "Ark.",
      "opinion_index": 0
    },
    {
      "cite": "39 Ark., 235",
      "category": "reporters:state",
      "reporter": "Ark.",
      "case_ids": [
        1898675
      ],
      "opinion_index": 0,
      "case_paths": [
        "/ark/39/0235-01"
      ]
    }
  ],
  "analysis": {
    "cardinality": 359,
    "char_count": 5947,
    "ocr_confidence": 0.734,
    "pagerank": {
      "raw": 1.6751916940798126e-07,
      "percentile": 0.6965753601850919
    },
    "sha256": "16e201d5a07f4e72b4c79cc33b854980595e014de22e88d8bc3d93712ca97b9b",
    "simhash": "1:e01f5cb0936cc1d5",
    "word_count": 1033
  },
  "last_updated": "2024-02-27T22:05:55.314683+00:00",
  "provenance": {
    "date_added": "2019-08-29",
    "source": "Harvard",
    "batch": "2018"
  },
  "casebody": {
    "judges": [],
    "parties": [
      "Driver, Adm., v. Evans, Guardian."
    ],
    "opinions": [
      {
        "text": "Battle, J.\nThis is a suit in chancery to impeach the validity of a patent issued by the United States to James H. Cannon for certain land in Mississippi county. Plaintiff alleges, substantially, in his complaint, that this land was a part of the swamp and overflowed lands granted to this state by an act of congress, approved the 28th day of September, 1850 ; that his intestate, James Stewart, purchased it from the state on the 16th day of December, 1851 ; that the state of Arkansas selected and reported it as swamp land on the 20th day of January, i860; that James H. Cannon entered it, in the land office of the United States, on the 4th day of November, 1872, as a homestead, under the act of congress entitled \u201cAn act to secure homesteads to actual settlers on the public domain,\u201d approved May 20, 1862; that it was conveyed by the United States to James H. Cannon, by patent, on the first day of June, 1875 ; and asks that the patent be set aside and defendant be restrained by injunction from holding or claiming the land under the patent,- and for general relief.\nJames H. Cannon was the defendant in this action at its commencement. He died during its pendency, and it was revived , against his heirs. They are minors, and defend by a guardian ad litem, who answered the above mentioned complaint for them, it having never been answered by Cannon.\nAt the hearing of this action, plaintiffintroduced as evidence, what purports to be a receipt of William W. Sawyer to James Stewart, for a certificate of purchase of the land in question, signed by John C. O. Smith, land agent for the Helena district, and dated the 22d day of July, 1859, and a certificate of J. N. Smithee, commissioner of state lands for the state of Arkansas, certifying that, according to the records and official documents in his office, it appeared the land in question was selected and reported as swamp and overflowed land by the State of Arkansas, on the 20th day of January, i860 ; that James Stewart purchased it from the \u201cold board of swamp land commissioners,\u201d on the 16th day of December, 1851, and that afterwards, on the 22d day of July, 1859, a \u201cholding certificate, No. 205,\u201d was issued to him for it, and that this certificate is still outstanding. No other evidence was introduced to prove that James Stewart ever acquired from the state any interest in this land. Much evidence was- introduced to prove the character of the land as to its being wet and unfit for cultivation.\nA decree was rendered by the court below in favor of defendants, dismissing the action, and plaintiff appealed.\nThe defendants being infants their rights could not be judicially affected, except upon proper 'issues and proof. Their guardian ad litem h'ad no authority to admit anything prejudicial to their interest; the statutes made it her duty to deny every allegation of the complaint prejudicial to them. The statutes of the state and the denials contained in defendant\u2019s answer, therefore made it necessary for plaintiff to prove every material allegation of his complaint. Mansf. Dig., secs. 4957, 5042; Evans, Guardian v. Davies, Admr., 39 Ark., 235.\nIn order for plaintiff to maintain this action, it was necessary for him to prove by competent evidence that his intestate, James Stewart, purchased the land in question from the state, and thereby became entitled to whatever interest she had in the land, if any. It is unnecessary to decide what interest that was. That question does not arise here and is not considered. If this land was a part of the swamp and overflowed lands granted by congress to the state, and the state never sold or disposed of it, the state alone is competent to impeach the title of defendants, or to complain of any disposition made of it by the United States. Branch v. Mitchell, 24 Ark., 441; Bohall v. Dilla, 114 U. S., 47; Lee v. Johnson, 116 U. S., 48; Sparks v. Pierce, 115 U. S., 408.\nPlaintiff totally failed to prove that James Stewart purchased the land in question from the state. The receipt of Sawyer and certificate of Smithee were not competent evidence. The receipt was not sufficient to show the existence of a certificate of purchase, nor the certificate of Smithee to prove the contents-of-the records and official documents in the office of the land commissioner. The proper evidence in the last case, in the absence of the originals, is a copy of the record and official documents duly authenticated. 1 Greenleaf on Evidence, secs. 482, 484, 498.\nDecree affirmed.",
        "type": "majority",
        "author": "Battle, J."
      }
    ],
    "attorneys": [
      "O. P. Lyles for Appellant.",
      "U. M. & G. B. Rose and John C. Palmer for Appellees."
    ],
    "corrections": "",
    "head_matter": "Driver, Adm., v. Evans, Guardian.\n1. INFANTS: Pleading and practice.\nThe rights of an infant can not be judicially affected except upon proper pleadings and proof. A guardian cannot admit anything prejudicial to his interest.\n2. Swamp Lands : Evidence of entry.\nThe purchase of swamp land from the state can be proved only by the certificate or deed of purchase, or, in their absence, by certified transcript of the records and official documents of the proper land office. The certificate of the state land commissioner of what the records in his office show is not admissible.\nAPPEAL from Mississippi Circuit Court in Chancery.\nHon. W. PI. Cate, Circuit Judge.\nO. P. Lyles for Appellant.\nIf the land was in fact swamp and overflowed, and of this the evidence is conclusive, the title to the land passed to the state by virtue of the Act of 1850. 2\u2021 Ark., \u2021\u2021\u2021; 33 Id., 833; 36 Id., 33\u2021.\nThe Sawyer receipt and the Smithe,e certificate, with the evidence of the witnesses, that Stewart entered the land and was in possession at the time of his death, was sufficient even in ejectment. 33 Ark., 333.\nU. M. & G. B. Rose and John C. Palmer for Appellees.\nThe Sawyer receipt and Smithee\u2019s certifi.cate are not com.petent evidence. MansJ. Dig., sec. 2833; Greenl. Ev., vol. 1, sec. 3.98; 1 Whart. Ev., sec. 120; 33 Ark., 833.\nThe patent of the United States is conclusive, unless overthrown by clear testimony. 93 U. S., 169; 39 Ark., 121; 33 Id., 833."
  },
  "file_name": "0297-01",
  "first_page_order": 309,
  "last_page_order": 312
}
