{
  "id": 1888744,
  "name": "Taliaferro v. Barnett",
  "name_abbreviation": "Taliaferro v. Barnett",
  "decision_date": "1886-05",
  "docket_number": "",
  "first_page": "359",
  "last_page": "363",
  "citations": [
    {
      "type": "official",
      "cite": "47 Ark. 359"
    }
  ],
  "court": {
    "name_abbreviation": "Ark.",
    "id": 8808,
    "name": "Arkansas Supreme Court"
  },
  "jurisdiction": {
    "id": 34,
    "name_long": "Arkansas",
    "name": "Ark."
  },
  "cites_to": [
    {
      "cite": "16 Ark., 168",
      "category": "reporters:state",
      "reporter": "Ark.",
      "case_ids": [
        8724459
      ],
      "weight": 5,
      "pin_cites": [
        {
          "page": "181"
        }
      ],
      "opinion_index": -1,
      "case_paths": [
        "/ark/16/0168-01"
      ]
    },
    {
      "cite": "14 Ark., 621",
      "category": "reporters:state",
      "reporter": "Ark.",
      "case_ids": [
        1862621
      ],
      "opinion_index": -1,
      "case_paths": [
        "/ark/14/0621-01"
      ]
    },
    {
      "cite": "3 Ark., 200",
      "category": "reporters:state",
      "reporter": "Ark.",
      "opinion_index": -1
    },
    {
      "cite": "33 Ark,, 311",
      "category": "reporters:state",
      "reporter": "Ark.",
      "case_ids": [
        8723752
      ],
      "opinion_index": -1,
      "case_paths": [
        "/ark/33/0311-01"
      ]
    },
    {
      "cite": "23 Pa. St., 434",
      "category": "reporters:state",
      "reporter": "Pa.",
      "opinion_index": -1
    },
    {
      "cite": "26 Ark., 613",
      "category": "reporters:state",
      "reporter": "Ark.",
      "case_ids": [
        8727436
      ],
      "opinion_index": -1,
      "case_paths": [
        "/ark/26/0613-01"
      ]
    },
    {
      "cite": "37 Ark., 511",
      "category": "reporters:state",
      "reporter": "Ark.",
      "case_ids": [
        1870954
      ],
      "opinion_index": 0,
      "case_paths": [
        "/ark/37/0511-01"
      ]
    },
    {
      "cite": "28 Ark., 401",
      "category": "reporters:state",
      "reporter": "Ark.",
      "case_ids": [
        1884440
      ],
      "opinion_index": 0,
      "case_paths": [
        "/ark/28/0401-01"
      ]
    },
    {
      "cite": "26 Ark., 617",
      "category": "reporters:state",
      "reporter": "Ark.",
      "case_ids": [
        8727465
      ],
      "opinion_index": 0,
      "case_paths": [
        "/ark/26/0617-01"
      ]
    }
  ],
  "analysis": {
    "cardinality": 484,
    "char_count": 7784,
    "ocr_confidence": 0.754,
    "pagerank": {
      "raw": 3.0344231237542167e-07,
      "percentile": 0.8548365174958077
    },
    "sha256": "12eec50e689cc157040514e350bf9f1cdda7e51e39448ba31ca425cb75ec26b4",
    "simhash": "1:11e3eee42b5996d3",
    "word_count": 1353
  },
  "last_updated": "2024-02-27T22:05:55.314683+00:00",
  "provenance": {
    "date_added": "2019-08-29",
    "source": "Harvard",
    "batch": "2018"
  },
  "casebody": {
    "judges": [],
    "parties": [
      "Taliaferro v. Barnett."
    ],
    "opinions": [
      {
        "text": "Cockrill, C. T.\nIn the case of Sheppard v. Thomas, 26 Ark., 617, decided in 1871, it was ruled that a vendor\u2019s lien for unpaid purchase money, though expressly reserved in the deed of conveyance, was not assignable. That case was, in effect, declared to have been wrongly decided, in 1873, in the case of Campbell v. Rankin, 28 Ark., 401; but as the rule announced in Sheppard v. Thomas had, in the meantime, been changed by statute as to transactions occurring after its passage, the case was not in terms overruled. When the appellant here, who is the assignee of notes given for the deferred purchase price of lands \u2014 a lien for the payment of which was expressly reserved in the vendor\u2019s deed of conveyance \u2014 sought to foreclose this lien, the circuit court followed the case of Sheppard v. Thomas, and dismissed his cross-bill upon demurrer. He prosecuted an appeal to this court, and the decree against him was reversed. As the sale was made before the statute, and was not governed by it, the court, through Justice Harrison, in delivering the opinion, expressly overruled Sheppard v. Thomas, saying that was the practical result of Campbell v. Rankin. See Taliaferro as Executor v. Barnett, 37 Ark., 511.\nWhen the case was remanded after this decision, Barnett, the appellee, filed an answer to the cross-bill, alleging that the lands were conveyed to him after the purchase notes were assigned and before the case of Sheppard v. Thomas was overruled, and argued that he had, therefore, a vested right to hold the lands freed of the lien. The special judge who sat in the case overruled a demurrer to this answer, and decreed against the plaintiff in the cross-bill, and he has appealed the second time.\nIt is apparent that the answer offered no defense.\nA decision of this court is adhered to in all subsequent stages of the same case, although it may be clearly erroneous. It becomes an adjudication between the parties to the suit from which the supreme court itself is not, upon a second appeal, at liberty to depart. But strangers to the suit acquire no such right, nor, indeed, any right to the decision in any case, further than it may be as a guide to their conduct. An exception is made, by statute, as to some criminal acts. Mansf. Dig., sec. 634.0. A decision of the court when overruled stands as though it had never been, and the court in the reversing judgment declares what the rule of law was in fact when the erroneous decision was made.\nWhen erroneous precedents have become a rule of property, the tender regard the courts entertain for interests that have grown up under and are dependent upon them, causes them to stand by the established error. The doctrine of. stare decisis is then the prevailing rule. The theory is that less harm will result in such a case from preserving the stability of judicial decision than from ascertaining what is theoretically or actually right; for the change, if made, necessarily relates back to the time' the law came into force. But this is a rule of policy merely, that addresses itself to the discretion of the court upon consideration of the erroneous decision.\nUpon the first appeal, in this case, it was definitely and finally settled that it was, and always had been, the general law of this state that a vendor\u2019s lien, expressly reserved in the deed of conveyance, was assignable, and it is the unchangeable law of this case.\nLet the decree be reversed, and-the cause remanded with instructions to enter a decree for the plaintiff in the cross-bill, unless a valid defense be interposed...",
        "type": "majority",
        "author": "Cockrill, C. T."
      }
    ],
    "attorneys": [
      "W. P. Stephens for Appellant.",
      "D. H. Rousseau for Appellee."
    ],
    "corrections": "",
    "head_matter": "Taliaferro v. Barnett.\n1. Res Judicata: Application.\nNo one has a vested right to claim the application of an erroneous decision of this court upon a given question as the law upon the same question in another case, arising afterwards and before the decision is overruled. It is only in subsequent proceedings' in the same case that the decision of this court is the fixed law.\n2. Stare Decisis : Application.\nThe doctrine of stare decisis applies only where erroneous precedents have so far become a rule of property that it would effect- less injury to follow than to overrule them ; and is a rule of policy that addresses itself to the discretion of the court upon consideration ot the erroneous decision.\nAPPEAL from Dorsey Circuit Court.\nHon. John M. Bradley, Circuit Judge.\nW. P. Stephens for Appellant.\nThe court below refused or failed to obey the mandate, and permitted Barnett, the appellee, to file a new answer, which, in substance, alleges that this court, in its opinion heretofore rendered, violated the well-known doctrine of stare decisis, and that, therefore, the mandate ought not to be obeyed, when, in truth, if the mistakes made in Sheppard v. Thomas and Jones v. Doss, 26 Ark., 613, and 27 Id., 318, both decided by a divided court and virtually overruled in Campbell v. Rankin, 28 Ib., 401, had not been corrected, this court, to use the language of the court in Callender's adm'rv. Insurance Co., 23 Pa. St., 434, would have committed a greater error than the one which it felt bound to correct. Wells on Res Adjudicata and Stare Decisis, chap. 14, p. 336, title \u201c Limitations of the Rule of Stare Decisis.\u201d Opinion and authorities cited by this court in this cause, 33 Ark,, 311.\nThat the authorities which will be cited by appellee\u2019s attorney do not apply, see chap. 14, stipra, and authorities there referred to.\nBarnett had no vested right which the court can feel bound to respect. On the contrary, he knew or could have known, by inspection of the deed from Eliza Comer to Pauley & Glover, that some one, under the true rule and well established doctrine of equity, might have a vested right to enforce the lien retained in the deed, notwithstanding the error in Sheppard v. Thomas and Jones v. Doss, which was rather promptly and quickly rectified in Campbell v. Rankin, supra.\nThat the decision of this court in this cause is the law of the case, is more than authority, is a final adjudication from the consequences of which the court below cannot depart, (nor, indeed, this court,) nor the parties relieve themselves, see Wells on Res Adpidicata-and Stare Decisis, chap. 43, p. 369, and cases .there cited; Foutenberry v., Frazier et al., 3 Ark., 200; The Real Estate Bank v. Rawdon et al., Ib., 338; Walker & Faulkner v. Walker, 3 Ib., 342; Porter et al. v: Doe on dem. Hanley et al., 10 lb., 186, reaffirming the precedent cases; Baxter v. Brooks, 29 lb., i'jj; Rector v. Danley, 14. Ib., pop\nIt was gross error to permit the answer of Barnett to be hied, and still grosser error to overrule' the demurrer thereto. Yell, Governor, etc., use of Conant & Co., v. Outlaw et al., 14 Ark., 621. \u25a0 \u25a0 .\nParties could not question the decision. Ashley et al. v. Cunningham, 16 Ark., 168.\nRight or wrong the decision was the \u2018law of this case. Sttpra; ip Ark., top; 11 Id., ipi; 14 Id., po'4.\nD. H. Rousseau for Appellee.\nAs long as Sheppard v. Thomas, 2\u00a7 Ark., 617, and Jones v. Doss, lb., p/8, remained unreversed and .not overruled, they furnished the only rule governing contracts, so far as they fell within their principles, and all property rights acquired under them must be governed by them. Rights thus - acquired can not be taken away by subsequent legislation, or subsequent adjudication of this court changing the law. The law in force at the time of making a contract governs its obligation. 4 Wheaton, 122; 12 Id., 2P7; 16 Howard, 4p2. ,\nIf the contract was valid at the time it was made, by the law as then expounded, its validity cannot be impaired by subsequent judicial decisions. 1 Wallace, 17P; 7 Id., 181; 8 Id., 576; to Id., pit.\nDecisions of a court of final resort, reversing or overruling decisions under which property rights have become vested, are not retroactive."
  },
  "file_name": "0359-01",
  "first_page_order": 371,
  "last_page_order": 375
}
