{
  "id": 1888698,
  "name": "Fanning v. State",
  "name_abbreviation": "Fanning v. State",
  "decision_date": "1886-05",
  "docket_number": "",
  "first_page": "442",
  "last_page": "444",
  "citations": [
    {
      "type": "official",
      "cite": "47 Ark. 442"
    }
  ],
  "court": {
    "name_abbreviation": "Ark.",
    "id": 8808,
    "name": "Arkansas Supreme Court"
  },
  "jurisdiction": {
    "id": 34,
    "name_long": "Arkansas",
    "name": "Ark."
  },
  "cites_to": [
    {
      "cite": "23 Ark., 233",
      "category": "reporters:state",
      "reporter": "Ark.",
      "case_ids": [
        1866010
      ],
      "opinion_index": -1,
      "case_paths": [
        "/ark/23/0233-01"
      ]
    },
    {
      "cite": "3 Ark., 336",
      "category": "reporters:state",
      "reporter": "Ark.",
      "opinion_index": -1
    },
    {
      "cite": "46 Ark., 137",
      "category": "reporters:state",
      "reporter": "Ark.",
      "case_ids": [
        1890487
      ],
      "opinion_index": 0,
      "case_paths": [
        "/ark/46/0137-01"
      ]
    },
    {
      "cite": "25 Ark., 235",
      "category": "reporters:state",
      "reporter": "Ark.",
      "case_ids": [
        1864534
      ],
      "opinion_index": 0,
      "case_paths": [
        "/ark/25/0235-01"
      ]
    },
    {
      "cite": "67 Mo., 687",
      "category": "reporters:state",
      "reporter": "Mo.",
      "case_ids": [
        959874
      ],
      "opinion_index": 0,
      "case_paths": [
        "/mo/67/0687-01"
      ]
    }
  ],
  "analysis": {
    "cardinality": 344,
    "char_count": 4977,
    "ocr_confidence": 0.75,
    "pagerank": {
      "raw": 7.665034499675359e-07,
      "percentile": 0.9712734217323095
    },
    "sha256": "4254c3931962656904b5f7d406c94c40dc33f609b2654ce4575cba2ef826ee60",
    "simhash": "1:71d7d1f09dd6f1cd",
    "word_count": 854
  },
  "last_updated": "2024-02-27T22:05:55.314683+00:00",
  "provenance": {
    "date_added": "2019-08-29",
    "source": "Harvard",
    "batch": "2018"
  },
  "casebody": {
    "judges": [],
    "parties": [
      "Fanning v. State."
    ],
    "opinions": [
      {
        "text": "Smith, J.\nSixteen persons, having been jointly indicted for a misdemeanor and having pleaded guilty, were condemned to pay a fine of $10 each and the costs of the prosecution. As a part of the costs, the clerk taxed up against each defendant a fee of $10 in favor of the prosecuting attorney. The defendants moved for a re-taxation of costs, alleging that the attorney prosecuting for the state was only entitled to one fee ' in the entire case; but the circuit court denied their motion.\nSection 3233 of Mansf Dig., allows a fee for each conviction. And the question is, whether there have been sixteen convictions, or only one.\nIf there is a doubt as to the meaning of the statute, that doubt must be resolved against the officer. Foe statutes regulating costs are construed strictly. . Fees.for constructive services are in no cases allowed. Those who serve the public must rest content with the compensation provided by the plain letter of the law. Shed v. Railroad Co., 67 Mo., 687; Crittenden county v. Crump, 25 Ark., 235; Cole v. White county, 32 Id., 445.\nBut we apprehend there is no ambiguity in the statute. A conviction is defined to be \u201cthat legal proceeding of record which ascertains the guilt of the party, and upon which the sentence or judgment is founded.\u201d Bouvier\u2019s Law Dict., title \u201cConviction.\u201d Bishop says it is \u201cfinding a person guilty by verdict of a jury.\u201d 1 Cr. Law, sec. 223. Here has been but one indictment, one plea, one legal proceeding of record, one judgment, and consequently but one conviction, although several persons were included in the accusation and are affected by the proceeding and judgment. There has been but one case between the state and the defendants. The prosecuting attorney has drawn but one indictment and has represented the state at but one trial. He has rendered substantially the same service which he would have rendered if the indictment had been against one defendant. And any reasoning which allows him sixteen fees for performing one service, or set of services, would entitle the clerk to sixteen fees for entering the judgment. .\nNow, such a construction might become oppressive. Defendants who are jointly indicted and who do not sever, are liable for all the costs of the prosecution; although payment by one inures to the benefit of all. Mansf. Dig., sec. 2339. One of these defendants might have been able and willing to pay his-fine, and the prosecuting attorney\u2019s fee of $10, and the other costs. Could he be held and hired out as a convict if he refused to pay the costs that were taxed on account of his co-defendants?\nCosts in a criminal case are not intend\u00e9d as a part of the punishment. That^object is accomplished by the infliction of fines, or imprisonment, or both. Costs are awarded in order that the state may prosecute the guilty at their own expense. State v. Jackson, 46 Ark., 137.\nThis question came before the 'Honorable Seymour D. Thompson, one of the judges of the St. Louis Court of Appeals, in the matter of Jerry Murphy and Jerry Spillance, on an application for the writ of habeas corpus. The petitioners had been jointly proceeded against for a misdemeanor, tried, convicted, and adjudged to pay a fine of $25 and costs. They paid the fine and what they were advised were all the costs, including a single fee of $5 for the prosecuting attorney. The justice of the peace had taxed a fee of $5 in respect of each defendant; and for the non-payment of the remaining $5 he issued his warrant of commitment, under which the petitioners were held. The statute of Missouri is identical with ours; and the petitioners were discharged. We have been furnished with a certified copy of the luminous and exhaustive opinion filed by the learned judge, of which we have made a liberal use in preparing this opinion.\nThe judgment is reversed and a re-taxation of costs is ordered in conformity to this opinion.",
        "type": "majority",
        "author": "Smith, J."
      }
    ],
    "attorneys": [
      "O. W. Watkins for Appellant.",
      "Dan W. Jones, Attorney General, for Appellee."
    ],
    "corrections": "",
    "head_matter": "Fanning v. State.\n1. COST: Construction af statute.\nStatutes regulating costs are construed strictly, and all doubts as to their meaning are resolved against the officer claiming them; and fees for .constructive service are in no case allowed.\n2. Fees : Prosecuting attorneys.\nHowever numerous may be the parties convicted under a joint indictment, the prosecv\u00a3ting'attqrney-is entitled to but a single fee for one conviction against all and not a separate fee against each.\nAPPEAL from Boone Circuit Court.\nPI on. I. M. Pittman, Judge.\nO. W. Watkins for Appellant.\nThe -prosecuting attorney is entitled to one fee only for a conviction in each case, no matter how many defendants there maybe. Sec. 3233, Mansf. Dig.; Bouvier L. D., title \u201cConviction;\u201d 1 Bishler, Law, sec. 223; 1 Blatchf, 43g; 10 Sm. an<L M., ig2; 3 Ark., 336; ex parte Jerry Murphy, St. 'Louis Ct. Appeals, 1886, Mss.; 23 Ark., 233; Dwarris St., p. 644.\nDan W. Jones, Attorney General, for Appellee.\nSec. 3233, Mansf. Dig., allows a fee for each conviction, and there was a-conviction of each defendant in the case."
  },
  "file_name": "0442-01",
  "first_page_order": 454,
  "last_page_order": 456
}
