{
  "id": 1888704,
  "name": "Elsey et al. v. State",
  "name_abbreviation": "Elsey v. State",
  "decision_date": "1886-11",
  "docket_number": "",
  "first_page": "572",
  "last_page": "576",
  "citations": [
    {
      "type": "official",
      "cite": "47 Ark. 572"
    }
  ],
  "court": {
    "name_abbreviation": "Ark.",
    "id": 8808,
    "name": "Arkansas Supreme Court"
  },
  "jurisdiction": {
    "id": 34,
    "name_long": "Arkansas",
    "name": "Ark."
  },
  "cites_to": [
    {
      "cite": "3 Mass., 103",
      "category": "reporters:state",
      "reporter": "Mass.",
      "opinion_index": -1
    },
    {
      "cite": "6 Ark., 131",
      "category": "reporters:state",
      "reporter": "Ark.",
      "case_ids": [
        8726731
      ],
      "opinion_index": -1,
      "case_paths": [
        "/ark/6/0131-01"
      ]
    },
    {
      "cite": "27 Mich., 386",
      "category": "reporters:state",
      "reporter": "Mich.",
      "case_ids": [
        1954604
      ],
      "opinion_index": 0,
      "case_paths": [
        "/mich/27/0386-01"
      ]
    },
    {
      "cite": "25 Mich., 388",
      "category": "reporters:state",
      "reporter": "Mich.",
      "case_ids": [
        1311040
      ],
      "opinion_index": 0,
      "case_paths": [
        "/mich/25/0388-01"
      ]
    }
  ],
  "analysis": {
    "cardinality": 426,
    "char_count": 7459,
    "ocr_confidence": 0.738,
    "pagerank": {
      "raw": 6.149513347179172e-07,
      "percentile": 0.9562941700462073
    },
    "sha256": "6e1f511099f2af4bcf5e57f483de77b6c8d36b433a45e6bbc09624391ce4aa79",
    "simhash": "1:33bdbd4aec06f7d6",
    "word_count": 1279
  },
  "last_updated": "2024-02-27T22:05:55.314683+00:00",
  "provenance": {
    "date_added": "2019-08-29",
    "source": "Harvard",
    "batch": "2018"
  },
  "casebody": {
    "judges": [],
    "parties": [
      "Elsey et al. v. State."
    ],
    "opinions": [
      {
        "text": "Battle, J.\nThe appellants, F. M. Elsey and H. Elsey, and E. A Cope, were jointly indicted in the Franklin 'circuit court for the Ozark district, for a conspiracy to utter and publish for true and genuine, certain forged Franklin county warrants, purporting to be good, genuine and valid warrants of Franklin county, for the payment of money, well-knowing the same to be forged, with intent to defraud and cheat Franklin county out of a large sum of money. Cope died, and the indictment was dismissed as to him. Appellants demurred to the indictment because it does not state facts sufficient to constitute a public offense. The demurrer was overruled, and appellants pleaded not guilty, and were tried.\nIn the trial, evidence was introduced tending to prove that appellants and Cope, at the time and place mentioned in the indictment, had in their possession a l\u00e1rge amount of forged warrants of Franklin county, which they knew to be such; that they conspired to institute suit against Franklin county upon the warrants in the district court of the United States for the Western District of Arkansas, in the name of Mathes & Whittaker, of St. Louis, Mo., but in fact for their own use and benefit; that, on the 28th of August, 1884, in Franklin county, in furtherance of their conspiracy, they placed the warrants in a letter, directed to S. D. McReynolds, of Bentonville, Ark., and deposited it in the post-office at Ozark, for the purpose of having suit brought, as they had conspired to do; and that, on the 1st of September, 1884, they placed the warrants in the hands of Ed. H. Mathes with instructions to take the same to Foil Smith, Ark., and deliver them to DuVal & Cravens, attorneys at law, and to direct them to bring suit thereon as the defendants had agreed to do. It was proven that DuVal & Cravens, in October, 1884, instituted suit upon the warrants according to the instructions sent to them.\nAppellants asked the court to instruct the jury as follows :\n\u201c If the jury find from the evidence that the defendants, or either of them, actually brought the suit in the United States court, at Fort Smith, as mentioned in the indictment as being one of the objects of the conspiracy, or that they or either of them, directly or by agent or attorney, delivered the scrip to W. M. Cravens, or DuVal & Cravens, at Fort Smith, for the purpose of having suit brought thereon in the United States court at Fort Smith, they will acquit the defendants.\u201d\nBut the court refused to give the instruction.\nAppellants were convicted. They moved for a new trial, which was denied ; saved exceptions and appealed.\nI. The indictment in this case fails to state that the defendants therein did not publish and utter the Franklin county warrants as they had conspired to do. Appellants contend that it is fatally defective on account of this failure.\nIt is contended that a conspiracy to commit a felony merges in the felony when it is actually consummated, and that the conspiracy is not indictable after the merger. This doctrine has been held by many of the American courts and has been sturdily resisted and rejected by others. It was, doubtless, with the view of settling this question in this state the statute was enacted, which provides that, \u201c if two or more persons shall agree and conspire to commit any felony, and make some advance thereto, without committing the felony, they shall be deemed guilty of a misdemeanor.\u201d Under this statute there cannot be any doubt about the rule contended for by appellants being the law in this state. Mansf. Dig., sec. 1822.\nIt is a familiar rule of criminal pleading that when an act is only indictable under certain conditions, these conditions must be stated in the indictment in order to show that the act is indictable. Under the statutes of this state a conspiracy to commit a felony is not indictable after the felony has been committed. It was, therefore, necessary for the state to have alleged in the indictment in this case that the felony appellants are charged with conspiring to commit was not committed.\nII. Another question in the case, presented by the evi- ' der.ce, and the instruction requested by appellants and refused by the court, is, what is necessary to constitute an uttering? To utter and publish a document is to offer, directly or indirectly, by words or actions, such document as good. To constitute the offense of uttering and publishing a forged writing it is necessary that there be an intent to defraud, and that there should be a knowledge of the falsity of the document. A receipt may be uttered by the mere exhibition of it to one with whom the party is claiming credit for it, though he refuse to part with the possession. The putting of a forged deed upon record as genuine has been held to be an uttering of it; and so has the bringing of a suit upon a forged paper. Wharton\u2019s Criminal Law, 9 ed., secs. 703, 705; 2 Bishop on Criminal Law, 6 ed., sec. 605; People v. Caton, 25 Mich., 388; Perkins v. People, 27 Mich., 386; Chahoon v. Com., 20 Grat., 733.\nThe court below erred in overruling appellants\u2019 demurrer and motion for new trial.\nThe judgment of the court below is, therefore, reversed, and this cause is remanded with an instruction to that court to sustain the demurrer.",
        "type": "majority",
        "author": "Battle, J."
      }
    ],
    "attorneys": [
      "Ed. EL Mathes, for Appellants.",
      "Dan. W. Jones, Attorney General, for Appellee."
    ],
    "corrections": "",
    "head_matter": "Elsey et al. v. State.\n1. Criminal Pleading: Indictment for conspiracy.\nA conspiracy to commit a felony is merged in the felony when actually consummated ; and so an indictment for a conspiracy to commit a felony must allege that the felony was not committed. After the felony is consummated, the conspiracy is not indictable.\n2. Criminal Law; Forgery.\nTo constitute the offense of uttering and publishing a forged writing, there must be an intent to defraud and a knowledge of the falsity of the instrument.\nAPPEAL from Franklin Circuit Court.\nHon. G. S. Cunningham, Judge.\nEd. EL Mathes, for Appellants.\nUnder our statute, Mansf. Dig., sec. 1822, only a conspiracy to c'ommit \u201c any felony\u201d is indictable, and that, too, where \u201csome advance thereto\u201d is \u201cmade without committing the felony.\u201d An overt act is an essential incident of the offense. 2 Fed. Rep., 73\u2021; 2 Bish. Cr. Law, sec. 131, et seq.\nIt seems entirely clear that the legislature, having provided explicitly what kind of conspiracy, and under what particular attending circumstances, should be indictable and punishable, excludes all others.\n1. The misdemeanor charged in the indictment, to-wit: Conspiring to commit a felony, was merged when the felony was committed.\n2. The demurrer should have been sustained because the indictment did not charge, substantially, in the language of the statute, that there was a conspiracy, an overt act, etc., and that the felony was not committed. 6 Ark., 131; 3 Mass., 103; 31 _ Am. Dec., 73; g Cow., 378; \u2021 Wend., 230; 66 End., 223; Wharton Cr. Law, sec. 366.\nDan. W. Jones, Attorney General, for Appellee.\nAppellants were charged with conspiracy in taking forged county warrants, knowing them to be such, and directing and having suit brought upon them with the intent to defraud Franklin county of a large sum of money. That is, they had conspired to obtain money under false pretenses. Sec. 16^.3, Mansf. Dig. Though the institution of the suit may have been an utterance of the forged instruments, yet it was not a consummation of the conspiracy ; it was merely \u201c an advance thereto.\u201d They conspired to get money; not merely to bring an action. Sec. 1822, Mansf. Dig., became applicable."
  },
  "file_name": "0572-01",
  "first_page_order": 584,
  "last_page_order": 588
}
