{
  "id": 1869319,
  "name": "Scogin Ex. vs. Stacy",
  "name_abbreviation": "Scogin v. Stacy",
  "decision_date": "1859-01",
  "docket_number": "",
  "first_page": "265",
  "last_page": "271",
  "citations": [
    {
      "type": "official",
      "cite": "20 Ark. 265"
    }
  ],
  "court": {
    "name_abbreviation": "Ark.",
    "id": 8808,
    "name": "Arkansas Supreme Court"
  },
  "jurisdiction": {
    "id": 34,
    "name_long": "Arkansas",
    "name": "Ark."
  },
  "cites_to": [
    {
      "cite": "18 Miss. 22",
      "category": "reporters:state",
      "reporter": "Miss.",
      "opinion_index": -1
    },
    {
      "cite": "15 Barb. 555",
      "category": "reporters:state",
      "reporter": "Barb.",
      "case_ids": [
        4932833
      ],
      "opinion_index": -1,
      "case_paths": [
        "/barb/15/0555-01"
      ]
    },
    {
      "cite": "16 Ark. 340",
      "category": "reporters:state",
      "reporter": "Ark.",
      "case_ids": [
        8725203
      ],
      "opinion_index": -1,
      "case_paths": [
        "/ark/16/0340-01"
      ]
    },
    {
      "cite": "8 Wheaton 229",
      "category": "reporters:scotus_early",
      "reporter": "Wheat.",
      "case_ids": [
        6136819
      ],
      "opinion_index": 0,
      "case_paths": [
        "/us/21/0100-01"
      ]
    },
    {
      "cite": "4 Ark. 293",
      "category": "reporters:state",
      "reporter": "Ark.",
      "case_ids": [
        8728758
      ],
      "opinion_index": 0,
      "case_paths": [
        "/ark/4/0293-01"
      ]
    },
    {
      "cite": "19 Ark. 39",
      "category": "reporters:state",
      "reporter": "Ark.",
      "case_ids": [
        8724906
      ],
      "opinion_index": 0,
      "case_paths": [
        "/ark/19/0039-01"
      ]
    }
  ],
  "analysis": {
    "cardinality": 568,
    "char_count": 12160,
    "ocr_confidence": 0.541,
    "pagerank": {
      "raw": 1.0648789516068383e-07,
      "percentile": 0.5581140058744738
    },
    "sha256": "692c286a40e477e2e9b666c7a7487859a56dddc4ed15442e6d4b57dd409e98b4",
    "simhash": "1:c13eac650e90e388",
    "word_count": 2143
  },
  "last_updated": "2024-02-27T21:45:24.415352+00:00",
  "provenance": {
    "date_added": "2019-08-29",
    "source": "Harvard",
    "batch": "2018"
  },
  "casebody": {
    "judges": [],
    "parties": [
      "Scogin Ex. vs. Stacy."
    ],
    "opinions": [
      {
        "text": "Mr. Chief Justice English\ndelivered the opinion of the Court.\nThis was a bill to redeem land, alleged to have been mortgaged, determined in the Ouachita Circuit Court.\nThe bill was filed by Lyman Stacy against Josiah H, Scogin, as executor of Thomas Jones, deceased, Amanda E. Jones, Henry T. Jones, Joel Jones, Sarah A. Jones and Nancy L. Jones, heirs of the said Thomas Jones, and the unknown heirs of Elizabeth Stacy, deceased.\nThe bill alleges, in substance, that on the 22d of September, 1848, the complainant conveyed to Thomas Jones, by deed absolute upon its face, a tract of land, tying in Ouachita county, with relinquishment of dower by Elizabeth Stacy, then wife of complainant. That the deed was not intended by complainant, nor understood by Jones, to be an absolute conveyance of the land, but a morgage, etc. No money was paid by Jones to complainant for the land, but the sole consideration for the conveyance was as follows:\nAt the time the deed was executed, one Ferrell had a suit pending in the Ouachita Circuit Court against complainant, and he knowing that judgment would be recovered against him, and being desirous of preventing a sacrifice of any of his property, applied to Jones, who was a man of wealth, for assistance, and a loan of a sufficient sum of money to satisfy the judgment when it should be rendered; and he agreed to comply with complainant\u2019s request on being made secure from all loss. \"Whereupon complainant executed to Jones the deed above referred to, and his wife, Elizabeth, relinquished dower, etc., in order to secure and save Jones harmless on account of any pecuniary assistance he might render to complainant, for the purpose of satisfying any judgment that might be rendered against him in Ferrell\u2019s suit.\nThat after the execution of the deed, on the 28th of September, 1848, Ferrell recovered judgment against complainant for $117 78; but no attempt was made to enforce payment thereof until September, 1850, wdien Ferrell applied to complainant to satisfy the judgment; and proposed to him to take his note, with security, for the amount of the judgment, and interest, in satisfaction thereof; which proposition complainant accepted; and thereupon complainant executed to him his note, with Jones as security, for $220, dated 10th September, 1850, and due 1st March, 1851, which Ferrell accepted in satisfaction of the judgment. That the only assistance ever rendered complainant by Jones, under the above agreement, was his becoming security of complainant upon the note.\nThat on the 10th of September, 1850, Jones, in order to prevent any misunderstanding or disagreement concerning what was the true consideration and intent of the above deed, executed to Elizabeth Stacy, the wife of complainant, a covenant in the penal sum of $1,000, conditioned as follows:\n\u201cWhereas the said Thomas Jones hath this-day bargained and sold unto the said Elizabeth Stacy, a certain tract of land, situate and tying in the, etc., etc., [here the land embraced in the deed from complainant to Jones is described,] for the consideration of two hundred and twenty dollars, the amount of a note that Bennett Ferrell holds against L. Stacy and Thomas Jones \u2014 when the amount of the\u00e1noteis paid, Thomas Jones is to make, execute and deliver to the said Elizabeth Stacy, her heirs or assigns, a good and sufficient general warranty deed for the said land.\u201d\nWhich covenant, the bill further alleges, Jones delivered to complainant on the day it was executed.\nThat after the execution of the covenant, Elizabeth Stacy departed this life, without issue of her body, etc. After her death, in the year 1853, complainant fully paid to Ferrell the above note with his own means; and informing Jones thereof, requested him to re-convey the land to complainant, which he refused to do, and persisted in refusing, until his death in September, 1854. He left Scogin his executor, and the other defendants, named above, his minor heirs. Mrs. Stacy left no heirs known to complainant.\nThe land described in the deed and in the covenant (which are exhibited) is situated on the right bank of the Ouachita river, and valuable as a shipping point, etc. That from the time of the execution of the deed to the month of -, 1854, Jones never pretended that he had any right to the land, except a lien upon it to indemnify him as the security of complainant on the note to Fen-ell, etc., etc.\nThe bill prays that the deed from complainant to Jones be declared a mortgage, and canceled, and that the executor and heirs of Jones be decreed to convey the land to complainant, with covenants of warranty, etc.\nPublication of notice to the unknown heirs of Mrs. Stacy, and decree against them pro confesso.\nThe other defendants (the executor and heirs of Jones) filed a demurrer to the bill on the following grounds:\n1. The deed from complainant to Jones was made to defraud the creditors of complainant, and therefore he is not entitled to relief in equity, etc.\n2. The complainant is estopped from setting up any claim against Jones\u2019 heirs, he having sanctioned the sale of his property to his wife by Jones.\n3. The bill shows that the heirs of Mrs. Stacy have an interest in the subject matter of the suit, and they should have been made parties.\n4. Want of equity, etc., etc.\nThe Court overruled the demurrer, and the defendants resting thereon, the Court rendered a final decree, to the effect that the deed from complainant to Jones was intended to be amortgage, etc., and that it be canceled, etc., and that the executor and heirs of Jones execute to complainant quit claim deeds to the land, etc. That the covenant from Jones to Mrs. Stacy was executed and intended for the benefit of complainant, that her heirs had no interest therein, and that they be barred from setting up any claim thereunder, and that the covenant be canceled, etc.\nThe executor and heirs of Jones appealed from the decree.\n1. There is nothing in the first cause assigned for the demurrer. It does not appear from the allegations of the bill that complainant had more than one creditor (Ferrell) at the time the land was conveyed to Jones, and the conveyance was made to procure the means of paying the demand of that creditor, which was afterwards paid. Moreover, if the conveyance had been made for the purpose of defrauding the creditor\u2019s of complainant, Jones being a party to the transaction, the objection would have come with bad grace from him or those claiming to hold under him as his heirs and executor. Trapnall's ad. vs. Brown, 19 Ark. 39; Anderson vs. Dunn, Ib. 659.\n2. The other grounds of demurrer are well taken. It is to be inferred from the allegations o\u00ed the bill that the covenant of Jones to convey the land in fee to Mrs. Stacy and her heirs, on payment of the note to Ferrell, was executed by the consent and procurement of complainant. The transaction, therefore, as made out by the bill, is simply this: Complainant and wife conveyed the land, by absolute deed, to Jones, and Jones, by consent of complainant, executed his covenant directly to the wife to convey the land to her and her heirs, upon payment of the debt upon which Jones had become the surety of complainant.\nIn equity, upon the allegations of the bill, the transaction must be regarded as a provision by complainant for the voluntary settlement of the land upon his wife, and which he had the right to make, and she to accept, in the absence of any showing that there were any intervening rights of creditors to prevent it. Smith vs. Yell, 4 Ark. 293; Spring vs. Hight, 22 Maine R. 411; Whitten et al. vs. Whitten, 3 Cushing R. 191; 2 Story Eq., sec. 1204; Picquet vs. Swan et al., 4 Mason 445; Sexton vs. Wheaton, 8 Wheaton 229; 4 Barb. Sup. Court Reports 407.\nThe covenant being valid. Jones was bound by its terms to convey the land (after the payment of the note to Ferrell) to Mrs. Stacy, etc. A conveyance to her husband would have been no discharge of the covenant. Had a specific enforcement of the covenant to convey been sought during her lifetime, she and her husband would have been joined in the bill (2 Bacon Ab. Baron & Feme, K. p. 56), but the title would have been decreed to her, in pursuance of the terms of the covenant. She being dead, the equitable title to the land, and the right to the conveyance, which vested in her by the terms of the covenant, passed to her heirs, and her husband ceased to have any interest therein. Reeves Domestic Relations. 28.\nThe decree of the Court below is reversed, and the cause remanded, with instructions to dismiss- the bill for want of equity.",
        "type": "majority",
        "author": "Mr. Chief Justice English"
      }
    ],
    "attorneys": [
      "Cummins & Garland, for the appellant.",
      "Watkins & Gallagher, for the appellee."
    ],
    "corrections": "",
    "head_matter": "Scogin Ex. vs. Stacy.\nHusband and wife conveyed a tract of land belonging to the husband, by absolute deed; the grantee executed a covenant, by consent of the husband, directly to the wife, to convey the land to her and her heirs, upon payment of a debt, upon which the grantee had become the surety of the husband: the wife died; the husband paid the debt for which the grantee was surety, out of his own means; upon a bill by the husband to declare the deed a mortgage, and for a re-conveyance of the land to him: Held, that in equity, the transaction must be regarded as a provision by the husband for the voluntary settlement of the land upon the wife, that the equitable title to the land and the right to the conveyance, which vested in the wife by the terms of the covenant, passed to her heirs, and the husband ceased to have any interest therein.\nAppeal from Ouachita Circuit Court in Chancery,\nHon. Abner. A. Stith, Circuit Judge'.\nCummins & Garland, for the appellant.\nThe covenant to Mrs. Stacy either vested in her or her husband. If it vested in the husband, as we think it did, being a chose in action, (2 Bl. Com. 597; 1 Chit. Gen. Pr. 99; 1 McQueen Hus. 4* Wife 19,) it was a merger of all prior parol contracts, {Smith on Con. 18; Platt on Cov. 585,) and he must resort to the remedies under that alone \u2014 action on the covenant or for specific performance. 2 Parsons on Con. 494, 507; 16 Ark. 340.\nIf the covenant vested in the wife, and breach occurred before her death, her administrator should sue; if breach after her death, her heirs must sue. 1 Parsons on Con. 107, 112, and authorities cited.\nThis covenant to the wife is void merely as to creditors, not between the parties. 15 Barb. 555; 16 lb. 136; 18 Miss. 22.\nWatkins & Gallagher, for the appellee.\nAs a contract made by Jones with Mrs. Stacy, during her coverture, the covenant was void, from her disability as a feme covert to acquire to and for herself, any property, by a contract made with her. 1 Parsons on Contracts, 286. And her husband, the complainant, cannot elect to adopt it, because the contract was not made with the wife as his agent. Ib. 287.\nAs there was nothing in this agreement showing that the property was to be conveyed to Mrs. Stacy, as her separate property, and as the husband, before her death, had and retained possession of the land, all right to the same, under said agreement, on her death, must be considered as having been reduced to possession. And this taking possession, and claiming, and using the land by the husband, as his own property, shows an actual reducing, both the agreement (considered as a chose in action) and all her right to the property under it, to his own use and possession. 2 Kent's Com. 137; Schuyler vs. Hoyle, 5 John. Ch. R. 196.\nWhatever right the wife had under the agreement was equitably the husband\u2019s. Her interest was not, in equity at least, such an interest as would constitute a chattel-real \u2014 it was not to be her separate property \u2014 she gave no consideration for it, but the consideration was to be paid by her husband. And if the original contract between Stacy and Jones (the contract by deed and the parol contract to re-convey to Stacy) still remains intact, then Jones had no interest to convey, and could not convey any interest that constitutes a chattel-real to Mrs. Stacy; and her claim or interest would only amount to a claim or interest by way of damages: in other words, only to a chose in action, strictly speaking, which vested in the husband; and the heirs of Mrs. Stacy have nothing to do with this suit."
  },
  "file_name": "0265-01",
  "first_page_order": 269,
  "last_page_order": 275
}
