{
  "id": 1495704,
  "name": "Board of Directors of St. Francis Levee District v. Myers",
  "name_abbreviation": "Board of Directors of St. Francis Levee District v. Myers",
  "decision_date": "1906-05-07",
  "docket_number": "",
  "first_page": "14",
  "last_page": "15",
  "citations": [
    {
      "type": "official",
      "cite": "79 Ark. 14"
    }
  ],
  "court": {
    "name_abbreviation": "Ark.",
    "id": 8808,
    "name": "Arkansas Supreme Court"
  },
  "jurisdiction": {
    "id": 34,
    "name_long": "Arkansas",
    "name": "Ark."
  },
  "cites_to": [
    {
      "cite": "107 U. S. 575",
      "category": "reporters:federal",
      "reporter": "U.S.",
      "opinion_index": -1
    },
    {
      "cite": "17 Fed. 320",
      "category": "reporters:federal",
      "reporter": "F.",
      "opinion_index": -1
    },
    {
      "cite": "107 U. S. 348",
      "category": "reporters:federal",
      "reporter": "U.S.",
      "case_ids": [
        3499920
      ],
      "opinion_index": -1,
      "case_paths": [
        "/us/107/0348-01"
      ]
    },
    {
      "cite": "43 Ark. 282",
      "category": "reporters:state",
      "reporter": "Ark.",
      "opinion_index": -1
    },
    {
      "cite": "102 U. S. 294",
      "category": "reporters:federal",
      "reporter": "U.S.",
      "case_ids": [
        5629716
      ],
      "opinion_index": -1,
      "case_paths": [
        "/us/102/0294-01"
      ]
    },
    {
      "cite": "10 Wall. 676",
      "category": "reporters:scotus_early",
      "reporter": "Wall.",
      "case_ids": [
        3436848
      ],
      "opinion_index": -1,
      "case_paths": [
        "/us/77/0676-01"
      ]
    },
    {
      "cite": "7 Am. Dec. 330",
      "category": "reporters:federal",
      "reporter": "Am. Dec.",
      "opinion_index": -1
    },
    {
      "cite": "14 Ind. 12",
      "category": "reporters:state",
      "reporter": "Ind.",
      "case_ids": [
        1440094
      ],
      "opinion_index": -1,
      "case_paths": [
        "/ind/14/0012-01"
      ]
    },
    {
      "cite": "33 N. W. 333",
      "category": "reporters:state_regional",
      "reporter": "N.W.",
      "opinion_index": -1
    },
    {
      "cite": "122 Fed. 776",
      "category": "reporters:federal",
      "reporter": "F.",
      "case_ids": [
        1898394
      ],
      "opinion_index": -1,
      "case_paths": [
        "/f/122/0776-01"
      ]
    },
    {
      "cite": "21 S. W. 674",
      "category": "reporters:state_regional",
      "reporter": "S.W.",
      "opinion_index": -1
    },
    {
      "cite": "59 Ark. 513",
      "category": "reporters:state",
      "reporter": "Ark.",
      "case_ids": [
        1327670
      ],
      "opinion_index": -1,
      "case_paths": [
        "/ark/59/0513-01"
      ]
    },
    {
      "cite": "67 Ark. 413",
      "category": "reporters:state",
      "reporter": "Ark.",
      "case_ids": [
        1152524
      ],
      "opinion_index": -1,
      "case_paths": [
        "/ark/67/0413-01"
      ]
    }
  ],
  "analysis": {
    "cardinality": 284,
    "char_count": 4141,
    "ocr_confidence": 0.687,
    "pagerank": {
      "raw": 9.341780223265324e-08,
      "percentile": 0.5137311094198929
    },
    "sha256": "7a6c9d38c45ef4c944336532d4711825579c1d3541d868328dc1c58540818e41",
    "simhash": "1:295c1564ce43ad64",
    "word_count": 751
  },
  "last_updated": "2024-02-27T20:36:09.975631+00:00",
  "provenance": {
    "date_added": "2019-08-29",
    "source": "Harvard",
    "batch": "2018"
  },
  "casebody": {
    "judges": [],
    "parties": [
      "Board of Directors of St. Francis Levee District v. Myers."
    ],
    "opinions": [
      {
        "text": "Hill, C. J.\nThe President of the Board of Directors of the St. Francis Levee District sold a tract of land to the appellees upon the following agreement, incorporated in the deed, towit:\n\u201cAnd the said Board of Directors of St. Francis Levee District hereby agrees and covenants to forever warrant and defend the title to the said lands unto the said'grantees, their heirs and assigns, forever against the lawful claims of all persons claiming by, through, or under them, or by reason of insufficiency of title in said Board of Directors at the date hereof, to the extent, however, only of refunding the above-named consideration, or so much thereof as title to which is not in said board of directors.\u201d\nTitle to part of the land failed, and appellee sued to' recover the amount paid for said land pursuant to the foregoing clause.\nThe levee district defends the suit on the ground that the president of the board has simply power to sell land, and not to warrant its title; that the authority vested in him .by law to execute deeds does not carry with it the power to bind the district with covenants of warranty.\nIf the position taken by the appellant be conceded, it does not follow that recovery can be defeated under this deed. Money was paid to the district for certain lands then conveyed by it as if it owned them, under agreement that if it did not own them it would return the money received for them. The payment was conditioned on the district then having title; in event it did own the land, it was to have the money; if it did not ow^ the land, it could not retain the money paid for it. This was not a sale of the right, title and interest of the district, the purchaser taking his chance on getting a good title; nor, on the other hand, was it a simple conveyance of land containing a covenant of warranty, a distinct contract of itself; but it was an agreement to refund any money then paid it for land conveyed by it, should it prove that the land, or any part of it, was not owned by the district. The condition has happened, and it can not retain money 'received under the agreement to refund on the happening of this contingency.\nThe judgment is affirmed.",
        "type": "majority",
        "author": "Hill, C. J."
      }
    ],
    "attorneys": [
      "H. P. Roleson, for appellant.",
      "S. H. Mann, for appellees."
    ],
    "corrections": "",
    "head_matter": "Board of Directors of St. Francis Levee District v. Myers.\nOpinion delivered May 7, 1906.\n1. Deed \u2014 warranty\u2014breach.\u2014Where a grantor covenants that he will warrant the title conveyed to the extent of the consideration received for the land, he will be held bound to refund the consideration on failure of the title. (Page 15.)\n2. Corporation \u2014 ultra vires contract \u2014 acceptance of benefit. \u2014 Where the president of a levee board executed a deed in the name of such board, containing a covenant of warranty obligating the board to defend the title to the extent of refunding the consideration paid if the title failed, the levee board was not entitled to retain the consideration on failure of title, whether the president had authority to make the covenant of warranty or not. (Page 15.)\nAppeal from St. Francis Circuit Court; Hance N. Hutton, Judge;\naffirmed.\nH. P. Roleson, for appellant.\nThe president of the board of directors is limited strictly to the terms of the act. The exercise by him of any powers not expressly conferred by the act is ultra vires and void. 67 Ark. 413. Since the act only authorizes him, upon presentation of the treasurer\u2019s receipt for the money, to execute a deed, he is not authorized to go further and incorporate a warranty of title. The levee district is designated as a quasi public corporation. 59 Ark. 513. But if it were a public corporation, its powers would be limited strictly by the act of creation. Dillon, Mun. Corp. \u00a7 443; 21 S. W. 674. See also 122 Fed. 776; 33 N. W. 333; 1 Devlin on Deeds, \u00a7 \u00a7 364-368.\nS. H. Mann, for appellees.\nI. The word \u201cdeed,\u201d as used in contracts for the conveyance of land, imports that the conveyance shall give a sufficient title. 14 Ind. 12; 7 Am. Dec. 330.\n2. Having received the money of appellee under the agreement that if title fails the money would be refunded, the law will compel restitution.' 10 Wall. 676; 102 U. S. 294; 43 Ark. 282; 107 U. S. 348; 17 Fed. 320; 107 U. S. 575."
  },
  "file_name": "0014-01",
  "first_page_order": 34,
  "last_page_order": 35
}
