{
  "volume_number": "182",
  "title": null,
  "publisher": "State of Washington",
  "publication_year": 2015,
  "start_year": 2014,
  "end_year": 2015,
  "series_volume_number": "",
  "jurisdictions": [
    {
      "id": 38,
      "name": "Wash.",
      "name_long": "Washington"
    }
  ],
  "id": "32044133497388",
  "harvard_hollis_id": "000114670",
  "spine_start_year": 2014,
  "spine_end_year": 2015,
  "publication_city": "",
  "second_part_of_id": null,
  "redacted": true,
  "nominative_reporter": null
}
