{
  "id": 1890479,
  "name": "Hamilton & Co. v. Ford",
  "name_abbreviation": "Hamilton & Co. v. Ford",
  "decision_date": "1885-11",
  "docket_number": "",
  "first_page": "245",
  "last_page": "251",
  "citations": [
    {
      "type": "official",
      "cite": "46 Ark. 245"
    }
  ],
  "court": {
    "name_abbreviation": "Ark.",
    "id": 8808,
    "name": "Arkansas Supreme Court"
  },
  "jurisdiction": {
    "id": 34,
    "name_long": "Arkansas",
    "name": "Ark."
  },
  "cites_to": [
    {
      "cite": "11 Ark., 249",
      "category": "reporters:state",
      "reporter": "Ark.",
      "case_ids": [
        8727635
      ],
      "opinion_index": -1,
      "case_paths": [
        "/ark/11/0249-01"
      ]
    },
    {
      "cite": "35 Ark., 169",
      "category": "reporters:state",
      "reporter": "Ark.",
      "case_ids": [
        1873863
      ],
      "opinion_index": -1,
      "case_paths": [
        "/ark/35/0169-01"
      ]
    },
    {
      "cite": "10 Ark., 53",
      "category": "reporters:state",
      "reporter": "Ark.",
      "case_ids": [
        8727266
      ],
      "opinion_index": -1,
      "case_paths": [
        "/ark/10/0053-01"
      ]
    },
    {
      "cite": "18 Ind., 183",
      "category": "reporters:state",
      "reporter": "Ind.",
      "case_ids": [
        1456389
      ],
      "opinion_index": -1,
      "case_paths": [
        "/ind/18/0183-01"
      ]
    },
    {
      "cite": "51 Miss., 412",
      "category": "reporters:state",
      "reporter": "Miss.",
      "case_ids": [
        1648868
      ],
      "opinion_index": -1,
      "case_paths": [
        "/miss/51/0412-01"
      ]
    },
    {
      "cite": "17 Ark., 228",
      "category": "reporters:state",
      "reporter": "Ark.",
      "case_ids": [
        8725592
      ],
      "opinion_index": -1,
      "case_paths": [
        "/ark/17/0228-01"
      ]
    },
    {
      "cite": "52 N. H, 232",
      "category": "reporters:state",
      "reporter": "N.H.",
      "case_ids": [
        471318
      ],
      "opinion_index": -1,
      "case_paths": [
        "/nh/52/0232-01"
      ]
    },
    {
      "cite": "64 Me., 477",
      "category": "reporters:state",
      "reporter": "Me.",
      "case_ids": [
        485936
      ],
      "opinion_index": -1,
      "case_paths": [
        "/me/64/0477-01"
      ]
    },
    {
      "cite": "29 La., 245",
      "category": "reporters:state",
      "reporter": "La.",
      "opinion_index": -1
    },
    {
      "cite": "38 Ark., 334",
      "category": "reporters:state",
      "reporter": "Ark.",
      "case_ids": [
        1900476
      ],
      "opinion_index": 0,
      "case_paths": [
        "/ark/38/0334-01"
      ]
    },
    {
      "cite": "40 Ark., 555",
      "category": "reporters:state",
      "reporter": "Ark.",
      "opinion_index": 0
    }
  ],
  "analysis": {
    "cardinality": 555,
    "char_count": 11288,
    "ocr_confidence": 0.495,
    "pagerank": {
      "raw": 1.8635917602501358e-07,
      "percentile": 0.7251932448571325
    },
    "sha256": "24ecf7cca2b60c0b65b928c71a270c4bc62ab23cc425425366f71c728dbaa38a",
    "simhash": "1:a38224868285b4ce",
    "word_count": 1947
  },
  "last_updated": "2024-02-27T22:34:35.092645+00:00",
  "provenance": {
    "date_added": "2019-08-29",
    "source": "Harvard",
    "batch": "2018"
  },
  "casebody": {
    "judges": [
      "Hon. B. B. Battle did not sit in this case."
    ],
    "parties": [
      "Hamilton & Co. v. Ford."
    ],
    "opinions": [
      {
        "text": "Hon. W. C. Ratclifee, Sp. J.\nRichard B. Ford commenced his action for the recovery of possession of certain specific personal property, in the Lafayette circuit court on the 29th day of July, 1869. An affidavit was filed, and an order of delivery issued. The property in controversy consisted of a remnant of a stock of merchandise in a store in Mar\u2019s Hill, in said county of Lafayette. The complaint contained a list of the articles claimed, as did also the affidavit and order of delivery. The value of each article was not set out in the affidavit. The aggregate value of the goods was placed at $2,000.\nColby A. Hodges and William E. Hamilton were made defendants. Each filed his separate answer, setting up by way of defense that the goods were not the property of appellee, but the property of appellants, Hamilton & Co., a firm composed of said William E. Hamilton, William B. Hamilton and Elias F. Carnall. Afterwards Hamilton & Co. made themselves parties defendants, and were substituted as such. Hamilton '& Co. also filed\u2019 their answer, setting up property in themselves, and also alleging certain facts in connection with said ownership, which were after-wards struck out by the court on its own motion \u2014 a demurrer to the.answer having been overruled. No further action was had in the case for a period of fifteen years, except the filing of some unimportant motions, and of a substituted complaint on the 4th day of October, 1880, which was substantially the same as the original \u2014 the original complaint being afterwards found and placed upon the record.\nOn the 11th day of August, 1884, a motion was made by appellants to quash the affidavit and order of delivery, which was sustained, and judgment against appellee for all costs in that behalf expended. Appellee did not except to the ruling of the court. Appellee then filed his motion to quash certain depositions of appellants, which was overruled by the court, exceptions noted, but the depositions are not brought upon the record. The death of Elias F. Carnall was suggested, admitted, and the cause revived'and directed to proceed against William E. Hamilton and William B. Hamilton as surviving partners. Hnder this state of the pleadings the case stood as the ordinary action of detinue, with issue as above stated. Harkey v. Tillman, 40 Ark., 555.\nIt was tried as such and judgment for appellee. There was a motion for a new trial, which was overruled, exceptions noted, bill of exceptions filed, and appeal prayed and granted.\nThe judgment is substantially correct in form. It was not necessary that appellants should have been in possession at the time suit was brought; nor was a demand necessary, and any matters connected with these questions will not be further considered.\nThe proof is as follows: Appellee, on the 21st day of January, A. D. 1868, was the owner of a stock of goods at Mar\u2019s Hill, Lafayette county; the appellants were merchants, doing business at Shreveport, La. Appellee was indebted to appellants on a note for $5,249.54, dated November .9, 1867, and due at date. -William E. Hamilton, representing the appellants, entered into negotiations with appellee for a settlement thereof, and it was finally agreed that the stock of goods and certain notes and accounts-should be turned over in payment of the said note \u2014 the goods first to be inventoried at their cost at Shreveport, with transportation added. An inventory was made by William E. Hamilton and Colby A. Hodges. The appellee was to be present, but owing to sickness in his family was prevented, and he told the other two to proceed with the inventory, as he had confidence in them. The goods were inventoried at $2,000. After the inventory was made appellee came to the store, when Hamilton told him that the same was correctly taken; that the original cost invoice and the inventory he had taken were in the store, and he should examine for himself. He did not go in to examine them, saying he relied on what Mr. Hamilton told him in reference to them. The settlement was then completed* the note turned over to appellee, and the goods and certain notes and accounts turned over to appellants, and appelleeexecuted to them his note for $193.63 in settlement of a balance and for an additional $100 advanced for him after-wards at his request.\nThe title to the goods vested in appellants. If any fraud entered into the transaction the sale was voidable only, but not void. Benjamin on Sales, sec. 633; Bishop on Contracts, sec. 198.\nThe appellee seeks to divest title on the ground that the inventory was fraudulently made, and thereby he was deceived into making the settlement. Without noticing further the testimony, reference is had to instruction No. 1, given for appellee, excepted to by appellants, and made a ground for the motion for a new trial. It is as follows:\n\u201cIf you believe from the evidence that the plaintiff was the owner of the goods in question on or about the 21st day of January, 1868, and that he agreed to sell the same at that time to the defendants, or to Hamilton & Co., with the understanding that W. E. Hamilton was to make a fair inventory or invoice of said goods at the prices which the same cost at Shreveport, with the cost of transportation-added, and said W. E. Hamilton made an inventory of said goods in the absence of the plaintiff, and did not make-said invoice in the manner agreed on, but put the values of the goods at a less sum than said original cost and cost of transportation, and induced the plaintiff to settle with him at the representation of said Hamilton & Co., and the plaintiff did so settle, under the impression that said goods had been fairly invoiced as agreed on, when they had not,, and delivered said goods into the possession of said Hamilton & Co. under that impression, you are instructed that Hamilton & Co. did not thereby acquire any property in said goods, or the right to possession of the same, and you may find for plaintiff, unless you further find, upon the \u25a0evidence, that the plaintiff thereafter sold said goods to the defendants.\u201d\nThis instruction seems to be based on the fact that appellee had been induced to part merely with the possession, which is inconsistent with the evidence. The contract was executed and the goods delivered to the appellants with the intent on part of appellee that the title should pass. It is claimed that appellee had the right to rescind, on the iground that it was procured by fraudulent representations on the part of appellants. If so, the representations must not only have been false and fraudulent, and with intent to mislead, but must have been such as could not have been discovered by ordinary care and diligence. Also that appellee \u201cnot only did in fact rely upon- the fraudulent statement, but had a right to rely upon it in the full belief of its truth.\u201d Parsons on Contracts, vol. 2, sec. 773; Hanger v. Evins & Shinn, 38 Ark., 334. None of these elements \u25a0enter fully and distinctly into said instruction, and were material to the issue. The instruction should not have been given without modifications conforming to these principles.\nThe giving of the third instruction asked by appellee is also made a ground for the motion for a new trial. It is \u25a0as follows:\n\u201cIf you believe from the evidence that the plaintiff and \"W. E. Hamilton, on or about the 12th day of April, 1868, agreed that the goods in question should be reinventoried or reinvoiced, and that said goods should remain boxed up and unused by Hamilton & Co. until the same were rein-voiced, and should be the property of the plaintiff, and that Hamilton & Co. thereafter and before the commencement of this suit, without having said goods reinvoiced, and without the consent of the plaintiff took possession \u25a0of said goods, then you will find for plaintiff.\u201d\nThis instruction is based, also, on the theory that the sale to appellants was never consummated and no title vested in t'hem. It also involves the idea that possession was redelivered to appellee. Neither of these propositions is sustained by the evidence, and the instruction is misleading.\n\"Without commenting further on the law and testimony, it may be proper to remark that, in the opinion of the \u25a0court, the verdict of the jury is wholly irreconcilable with the evidence and the instructions, taken as a whole.\nReversed and remanded, with directions to grant appellants a new trial.\nHon. B. B. Battle did not sit in this case.",
        "type": "majority",
        "author": "Hon. W. C. Ratclifee, Sp. J."
      }
    ],
    "attorneys": [
      "L. A. Byrne for appellant.",
      "Montgomery Hamby for appellee."
    ],
    "corrections": "",
    "head_matter": "Hamilton & Co. v. Ford.\n1. Kepleyin: Changed to detinue. Possession and demand before suit.\n\"When the order of delivery in an action of replevin is quashed and the action is prosecuted as detinue, neither proof of the defendant\u2019s possession of the property at the commencement of the suit, nor of demand by plaintiif before suit, is necessary.\n2. Sale of Goods : Delivery, title, fraud.\nUpon the sale and delivery of goods, with the intention of passing the title to the purchaser, the title vests in him, though the sale was procured by his fraud, practiced on the vendor; the fraud rendering the sale not void but only voidable.\n3. Fraud : False and fraudulent representation.\nA vendor has no right to rescind and avoid a contract of sale for fraudulent representations of the vendee inducing it, unless the representations were not only false and fraudulent, and made with intent to mislead the vendor, but could have been discovered to be such by reasonable care and diligence of the vendor; and that he not only did rely on them, but had a right to do so, in full belief of their truth.\nAPPEAL from Lafayette Circuit Court.\nHon. C. E. Mitchbl, Circuit Judge.\nL. A. Byrne for appellant.\nFirst \u2014 There must be a wrongful detention after a demand, not a wrongful possession at any time. 81\u00a1. Ark., 93; JfO ib., 555.\nSecond \u2014 The first, second and third instructions for plaintiff are too broad and general, and calculated to mislead. They proceed on the theory that no title to the goods passed, but only the possession; and they exclude the proposition that it was necessary for Ford to restore Hamilton in statu quo, before Ford could rescind. 15 Ark., \u00a386; 17 ib.\\ 608; \u00a30 ib., \u00a38 ib., 196.\nThird \u2014 When a party seeks to avoid a contract for fraud, he must place the party in statu quo, by returning any consideration or benefit received. 54 Gal., 189; 29 La., 245 ; 33 ib., 786; 36 Wise., 439; 75 III, 205; 64 Me., 477; 52 N. H, 232. And he must rescind in a reasonable time after the fraud is discovered. 17 Ark., 228 ; 51 Miss., 412; 18 Ind., 183.\nFourth \u2014 The judgment cannot be enforced, as there were many articles and the value of each is not found and stated by the jury. 37 Ark., 544\u2022\nMontgomery Hamby for appellee.\nFirst \u2014 After the affidavit and order of delivery were quashed, the case stood for trial on the merits, as though none had been made. 10 Ark., 53.\nAppellants having pleaded property in themselves,no demand was necessary. 35 Ark., 169.\nSecond \u2014 The moving of the goods by appellants after the agreement that they should remain boxed as the property of Ford, until reinvoiced, was a wrongful taking and conversion. Wells on Replevin, sec. 341, and no demand necessary. 11 Ark., 249; Wells Repl, sec. 367.\nThird \u2014 The verdict is good; it follows the description set out in the the complaint. Wells on Repl, sec. 114."
  },
  "file_name": "0245-01",
  "first_page_order": 249,
  "last_page_order": 255
}
