{
  "id": 8726572,
  "name": "Ringo vs. Field",
  "name_abbreviation": "Ringo v. Field",
  "decision_date": "1845-07",
  "docket_number": "",
  "first_page": "43",
  "last_page": "50",
  "citations": [
    {
      "type": "official",
      "cite": "6 Ark. 43"
    }
  ],
  "court": {
    "name_abbreviation": "Ark.",
    "id": 8808,
    "name": "Arkansas Supreme Court"
  },
  "jurisdiction": {
    "id": 34,
    "name_long": "Arkansas",
    "name": "Ark."
  },
  "cites_to": [
    {
      "cite": "1 Peters 497",
      "category": "reporters:scotus_early",
      "reporter": "Pet.",
      "opinion_index": 0
    },
    {
      "cite": "1 Peters 471",
      "category": "reporters:scotus_early",
      "reporter": "Pet.",
      "opinion_index": 0
    },
    {
      "cite": "5 Ark. Rep. 72",
      "category": "reporters:state",
      "reporter": "Ark.",
      "case_ids": [
        8726361,
        8726379
      ],
      "opinion_index": 0,
      "case_paths": [
        "/ark/5/0072-01",
        "/ark/5/0072-02"
      ]
    },
    {
      "cite": "12 Wend. 33",
      "category": "reporters:state",
      "reporter": "Wend.",
      "opinion_index": 0
    },
    {
      "cite": "2 Ark. Rep., 315",
      "category": "reporters:state",
      "reporter": "Ark.",
      "case_ids": [
        1848264
      ],
      "opinion_index": 0,
      "case_paths": [
        "/ark/2/0315-01"
      ]
    },
    {
      "cite": "5 Ark. 81",
      "category": "reporters:state",
      "reporter": "Ark.",
      "case_ids": [
        8726447
      ],
      "weight": 2,
      "opinion_index": 0,
      "case_paths": [
        "/ark/5/0081-01"
      ]
    }
  ],
  "analysis": {
    "cardinality": 604,
    "char_count": 14743,
    "ocr_confidence": 0.476,
    "pagerank": {
      "raw": 8.15169525336579e-08,
      "percentile": 0.47458133659529955
    },
    "sha256": "6c968613c9fd548b8f37f8564baac190931b71c592c53b4cd667045a2cd5ed1f",
    "simhash": "1:f6834b67fa8fafba",
    "word_count": 2597
  },
  "last_updated": "2024-02-27T22:30:18.526460+00:00",
  "provenance": {
    "date_added": "2019-08-29",
    "source": "Harvard",
    "batch": "2018"
  },
  "casebody": {
    "judges": [],
    "parties": [
      "Ringo vs. Field."
    ],
    "opinions": [
      {
        "text": "Seeastiax, J.,\ndelivered the opinion of the'court, at the July term, 1844.\nAn action of replevin, at common law, is a remedy for recovering damages for the wrongful taking away a person\u2019s goods. The plaintiff can only recover damages for the taking of the goods, and the detention of them until the replevy, and not the value of the goods themselves. 1 Saunders 347, b. n. 2; but by our statutes a recovery may be had of the value of the goods also, in case they have not been replevied. Our'Statute gives this remedy for either the wrongful taking, or for the wrongful detention of chattels. For the first of which, the declaration is in the usual form, and charges the defendant with the taking and detaining of the goods or chattels. And for the last, where the wrongful detention only is complained of, a form of the count in the detinet is prescribed, and which,' as this court has decided in Pirani vs. Barden, 5 Ark. 81, must be substantially pursued. The form of action adopted in this case is that of the cepit et detinet, to which the only plea filed by the de--fendant, is that of non cepit, which puts in issue only the fact of art actual taking, and admits the property and possession in the plain* tiff. Wilson vs. Royston, 2 Ark. Rep., 315. Pirani vs. Barden, 5 Ark. Rep. 81. May vs. Head, 1 Mason\u2019s Rep. 322, and it is in*competent for the defendant to show title in himself, or in another person, for the effect of the plea is to disclaim the title and possession, and admit them in the plaintiff. Rogers vs. Arnold, 12 Wend. 33. The issue here made was thereby rendered extremely narrow, embracing nothing but the naked fact of the tortious taking, and necessarily rendering all evidence, not tending to prove or disprove that issue, irrelevant. The issue was of little consequence to either party, for the plaintiff having replevied the box of specie, could proceed only for damages for its detention, and the' defendant, had the issue been found in his favor, would not have been entitled to a return, but only excused from damages. Walton vs. Kersop, 2 Wilson 354. The pleadings of the parties having settled the title and possession of the property, the court and the parties were concluded, and the only matter in controversy was the damages.\nWith this view of the issue, which the jury was sworn to try, we will examine the questions raised by the bill of exceptions. The jury found that issue for the plaintiff, and, according to the rule repeatedly recognized in this court, we are to presume that they had sufficient evidence for their finding, unless the contrary appears. We can correct the errors of the court below, but we know of no instance, in which we can reach the verdict of a'jury directly, when it is responsive to the issue, unless it has been either sanctioned, formed, or influenced, by or under the judicial action and decision of the court. In such case the court may set aside the finding, where the court below has refused to set it aside improperly, or where it has been materially influenced by the improper admission, or exclusion of testimony, or errroneous instructions as to law. In every such instance, however, we act directly upon, and correct the judgment of the court, which is rendered erroneous by its connection with the verdict of the jury. Are we then authorized by the bill of exceptions to correct any judgment of the circuit court? The exceptions were taken to the decision of the court, overruling defendant\u2019s motion for a peremptory non suit. That a party cannot be compelled to take a peremptory non suit against his consent, Was decided by this court at its last January term, in the case of Martin & Van Horn vs. Webb, 5 Ark. Rep. 72. The same point has been ruled by the Supreme Court of the United States, in many cases. Elmore vs. Grimes, 1 Peters 471. DeWolfe vs. Roland, 1 Peters 497. Bank of Cumberland, vs. Sutherland, 3 Cowen 366. In the case before cited of Martin & Van Horn vs. Webb, the correct motion is said to be \u201cthat the court instruct the jury, that, if the evidence has not proven a matter necessary to be proven, they must find for the defendant.\u201d The plain duty of the court was, either to grant or overrule the motion, according to its terms, and in overruling it the court committed no error. We are not at liberty to review the testimony, to see whether it sustains the verdict or not,' as no application to set it aside was made to the court, or its judgment taken upon that question. Were the question properly before us, we would not be warranted in interfering, because we might draw different conclusions from the testimony, than that to which the jury arrived. The preponderance must, in such cases/ 'be greatly against the verdict. The only issue to be found was as to the unlawful taking. The custody of the box by the agent was the possession of the principal. The defendant was, as such agent, authorized to receive it for the principal, and pay it over to him.The depositing of it in the bank, whether as a general or special deposit, and taking the certificate therefor in his own name, were acts from which the jury were authorized to find a conversion. Syeds vs. Hay, 4 Term Rep. 260. If the deposit was genera], it became thereby transferred into a mere debt,' the legal title to which was in defendant, and this would have been of itself a conversion.Off the other hand a special deposit of it in defendant\u2019s own name was at least evidence of a conversion. They were facts, from which the jury might well come to such a conclusion; at least, a finding to that effect should not be set aside. We therefore think that, as no motion was made in\u2019the court below to set aside the verdict, we cannot entertain the question here, and if we could, there is no such preponderance of testimony against the verdict,- as would war-' rant us in overthrowing it.-\nThe defendant further excepted to the opinion of the court, ex-' eluding the agreement between him'self and Field,- and his appointment and confirmation as his deputy. If the testimony was irrele vant to the issue, or such, as would, not have probably changed the verdict, it was properly excluded. The agreement which appears' in the bill of exceptions only established the rate of compensation for the services of defendant, as deputy clerk, and if it was intended to prove a right to the box of money, or to the appropriation of it,, the defendant was concluded by his plea from any such proof, and it was therefore irrelevant to the issue. The appointment of defendant, as deputy of plaintiff, could show nothing more than a license or authority as plaintiff\u2019s agent to receive the money from the United States for his principal, and this was already sufficiently established by the testimony of Newton, who was offered as plaintiff\u2019s witness, and as such, his testimony could not be impeached by the plaintiff. In any view of the case, therefore, we are clearly of opinion that the testimony excluded was irrelevant to the issue,, and, if permitted to go to the jury, could not have materially influenced their finding. The judgment of the circuit court of Pulaski-county must therefore be affirmed.",
        "type": "majority",
        "author": "Seeastiax, J.,"
      }
    ],
    "attorneys": [
      "Trapnald & Cocice, for the plaintiff.",
      "Hempstead & Joiixson, contra."
    ],
    "corrections": "",
    "head_matter": "Ringo vs. Field.\nIn an action of replevin, in the eejjit and detinet, the plea of non cepit puts in issue the taking alone, and admits the property and possession in the plaintiff.\nUnder such issue, the defendant is precluded from .offering evidence of title in himself, or an other, the effect of his plea being to disclaim title and possession, and admit them in the plaintiff.\nA non-suit cannot be ordered in any case, by the court, without the consent and acquiescence of the plaintiff.\nThe correct motion is, to instruct the jury, that, if the evidence has not proven a matter necessary to be proven, they must find for the defendant.\nThis court will not review the evidence set out in a bill of exceptions, to see whether it sustains the verdict of the jury or not, where no application .was made to the coud below to set it aside, or its judgment not taken upon the question.\nWrit of error to the circuit court of Pulaski county.\nThis was an action of replevin for a box of specie, brought by-William Field against William H. Ringo, to the circuit court of Pulaski county, March term, 1842.\nThe declaration was in the cepit and detinet, and charged that the defendant, on &c., at &c., \u201cin a certain banking house, there called the Real Estate Bank of the State of Arkansas, took one box of silver coin, containing one thousand dollars, of the goods and chatties of the plaintiff, of value, &c., and unjustly detained tfee same, and still detains,\u201d &c.\nBy the return of the sheriff, on the summons' issued by the clerk it appears that he delivered to the plaintiff the box of specie claimed in the declaration, the plaintiff having given him bond as required by the statute.\nAt the return term, the defendant demurred to the declaration, on the ground that \u2014 \u201cthe declaration was for the^taking and detention of the property, whereas it should have been for one or the other.\u201d The court overruled the demurrer, and the defendant pleaded (at the following fern.) of the court) non cepit, upon which issue was taken.\nThe cause was submitted to a jury, and they returned, as their verdict \u2014 \u201cthe jury find that the the box of specie mentioned in the declaration, of the value of one thousand dollars, was taken and detained in manner and form as alleged in the declaration, tha,t the same is the property of the plaintiff, and that he is entitled to possession thereof, and we assess the plaintiff\u2019s damage at one cent.\u201d\nThe judgment of the court ivas accordingly rendered, that the plaintiff retain possession of the box of specie, and recover of defendant the damage assessed, &c.\nFrom a bill of exceptions taken in the case, the following facts appear.\nOn the trial of the cause, the plaintiff introduced in his behalf, as a witness, Thos. W. Newton; who stated that the defendant, as deputy clerk of the United States District and Circuit Courts, in and for the District of Arkansas, presented to him, Newton, then Marshal of said District, duplicate accounts, regularly approved and allowed against the United States, for the fees and per diem pay due said plaintiff, as clerk of said courts, amounting to the sum of $1,333 68-100, on which accounts he, as such Marshal, paid the .defendant the sum of one thousand dollars in specie, and gave his .certificate to the plaintiff for the residue of the accounts, taking the .receipt of the defendant, as deputyelerk, on the accounts; which accounts were read to the jury, and are spread out in the bill of .exceptions. Witness further stated that the defendant deposited >one thousand dollars in specie in the Real Estate Bank of the State .of Arkansas., for which he received the certificate of the cashier of \u25a0the bank, which certificate is as follows:\n\u201cNo. 51, Principal Bank, Real Estate Bank of Arkansas, 29th .July, 1841. This certifies that Wm. H. Ringo has this day deposited in this bank one thousand dollars in specie, subject to Ms order on the return of .this certificate.\nTHOS. W. NEWTON, Cashier \u201d\nThis certificate was also read to the jury. \u201cIt was further given in evidence, that the cashier of the bank, at the time, marked a box containing $1,000, in specie, as the propertyof defendant, and that the bank, under the certificate of deposit, would have used the $1,000 deposited by defendant if she had desired, and that defendant was not, on the return of the certificate, entitled to the same specie so deposited, but only one thousand dollars in specie, of any which the bank chose to pay him.\u201d\n\u201cIt was further stated in evidence, that the Real Estate Bank had suspended specie-payments, and that this was a special deposit, treated by the bank as such, and that the same box would have been returned on the presentation of the certificate. That at the time said Marshal paid the defendant the one thousand dollars of specie, it was the only specie he had on deposit in the said bank as funds of the United States. It was further stated, that the box so marked by the cashier of the bank, was the same delivered to the sheriff, in obedience to the writ of replevin, issued in this case.\u201d\nThe bill of exceptions states: \u201cThat the above being all the evidence adduced on the part of the plaintiff, the defendant, by attorney, moved the court for anon-suit in this case; which motion the court overruled, to which the defendant excepted, &c.\nThe bill of exceptions further shows, that the defendant offered to read in evidence to the jury:\n1st. A written agreement between himself and the plaintiff, that the defendant was to act as deputy clerk of the plaintiff, and perform the duties belonging to the clerk\u2019s office of the District and Circuit Courts of the United States for the District of Arkansas, for a specified time, for which plaintiff was to allow him one-half of the profits of the office, &c.\n2d. The nomination and appointment, in writing, by plaintiff of defendant to be his deputy; and a certified copy of an order of the Circuit Court of the United States for the said district, approving the appointment.\n3d. The fee books and records of said courts, together with accounts against the United States for fees and per diem pay due the clerk of said courts, during the time specified in the contract, between the plaintiff and defendant, above referred to.\nAll of which the court excluded from the jury as evidence, on the ground that they were not material, and relevant to the issue.\nThe bill of exceptions further shows, that at the request of the plaintiff, the court instructed the jury:\n\u201c1st. That if the jury believe, from the evidence, that the box of specie mentioned in the declaration, was set apart for Ringo, and marked in Ringo\u2019s name, and deposited in his name in the bank, it is sufficient to constitute a legal possession in Ringo.\n2d. That if the jury believe, from the evidence, that the right of property is in the plaintiff, he is entitled to recover.\n3d. That the bare fact of Ringo\u2019s signing his name as deputy clerk, is no proof that he was deputy of Field.\u201d\nTo -which instructions the defendant excepted.\nRiugo brought the case to this court, by writ of error, and assigns as error:\n\u201c1st. That the court overruled the motion to instruct the jury to find as in case of non-suit.\n2d. That the court excluded the evidence offered by defendant.\n3d. That the judgment should have been for defendant.\nNote \u2014 The opinion in this case was delivered at the July term, IS44-, but the judgment was held up on a motion for reconsideration, which was not disposed of until the July term, 1845 \u2014 then refused.\nTrapnald & Cocice, for the plaintiff.\nHempstead & Joiixson, contra."
  },
  "file_name": "0043-01",
  "first_page_order": 43,
  "last_page_order": 50
}
