{
  "id": 8726811,
  "name": "Guess vs. The State",
  "name_abbreviation": "Guess v. State",
  "decision_date": "1845-07",
  "docket_number": "",
  "first_page": "147",
  "last_page": "148",
  "citations": [
    {
      "type": "official",
      "cite": "6 Ark. 147"
    }
  ],
  "court": {
    "name_abbreviation": "Ark.",
    "id": 8808,
    "name": "Arkansas Supreme Court"
  },
  "jurisdiction": {
    "id": 34,
    "name_long": "Arkansas",
    "name": "Ark."
  },
  "cites_to": [],
  "analysis": {
    "cardinality": 148,
    "char_count": 2426,
    "ocr_confidence": 0.455,
    "pagerank": {
      "raw": 6.978045051169509e-08,
      "percentile": 0.42230435056252313
    },
    "sha256": "d4e2cc29cb633a5be2be59604363d04e85efc9196937ee077cd9a526b59f1b8e",
    "simhash": "1:0e919df02f9d6968",
    "word_count": 436
  },
  "last_updated": "2023-07-14T21:10:31.141646+00:00",
  "provenance": {
    "date_added": "2019-08-29",
    "source": "Harvard",
    "batch": "2018"
  },
  "casebody": {
    "judges": [
      "Johnson, C. J., not sitting."
    ],
    "parties": [
      "Guess vs. The State."
    ],
    "opinions": [
      {
        "text": "Oldham, J.,\ndelivered the opinion of the court.\nIn this case, the defendant filed a plea in abatement, to which the State replied, and the court, by consent of parties sitting as a jury, found the issue for the State, and gave judgment against the defendant for costs. In cases of misdemeanors the judgment of the court upon a plea in abatement is final. 1 Chitty Cr. Law, 451. If the plea is found against the defendant, the jury, or the court, if the case is submitted to the court without a jury, should fix the penalty,and the judgment of the court should be in accordance with the Verdict.\nInasmuch as the court only gave judgment for the costs without assessing and giving judgment for the fine, there is no final judgment from which an appeal will lie to this court. The case must therefore be dismissed to the circuit court, to be proceeded in to final judgment according to law.",
        "type": "majority",
        "author": "Oldham, J.,"
      }
    ],
    "attorneys": [],
    "corrections": "",
    "head_matter": "Guess vs. The State.\nT-n indictments for misdemeanors, the judgment of the court upon a plea in abatement is final.\nIf the issue on the plea be found against the defendant, the jury, or the court if sitting as a jury, should fix the penalty, and the judgment should) be rendered accordingly. Where, in such case, the judgment is not final, no appeal lies from it to this court.\nAppeal from the circuit court of Independence county.\nThis was an indictment against Russell Guess, charging him with an assault and battery upon W. Holland, determined in the circuit court of Independence county, at the August term, 1844, before the Hon. Tho\u2019s Jonwsoisr, then one of the circuit judges.\nTo which he pleaded, in abatement, that his name was not Guess but Gist. The State replied that he was as well known by the name of Guess as Gist, to which he took issue, and the case was submitted to the court sitting as a jury. The court, after hearing the evidence, found for the State, and rendered judgment against the defendant for \u201cthe costs of suit, to that time?' The defendant excepted to the finding of the court, and set out the evidence in his bill of exceptions.\nAfter the trial, the court made an order that the sheriff take the defendant into custody; and after that, an order was made that an alias capias issue, and the cause be continued. The defendant then appealed to this court.\nThe Attorney General moved this court to dismiss the case, because there was no final judgment rendered, by the court below.\nJohnson, C. J., not sitting."
  },
  "file_name": "0147-01",
  "first_page_order": 147,
  "last_page_order": 148
}
