{
  "id": 8727508,
  "name": "State, use of Brooks vs. Kirby et al.",
  "name_abbreviation": "State ex rel. Brooks v. Kirby",
  "decision_date": "1846-01",
  "docket_number": "",
  "first_page": "453",
  "last_page": "456",
  "citations": [
    {
      "type": "official",
      "cite": "6 Ark. 453"
    }
  ],
  "court": {
    "name_abbreviation": "Ark.",
    "id": 8808,
    "name": "Arkansas Supreme Court"
  },
  "jurisdiction": {
    "id": 34,
    "name_long": "Arkansas",
    "name": "Ark."
  },
  "cites_to": [],
  "analysis": {
    "cardinality": 304,
    "char_count": 4939,
    "ocr_confidence": 0.495,
    "pagerank": {
      "raw": 4.400479698708787e-08,
      "percentile": 0.2762114702440181
    },
    "sha256": "6b445ec4b788537c318ae40da2b7397dc0f84523345f206f36efd4a84a04a75b",
    "simhash": "1:6cf7c4eb152b0557",
    "word_count": 850
  },
  "last_updated": "2023-07-14T21:10:31.141646+00:00",
  "provenance": {
    "date_added": "2019-08-29",
    "source": "Harvard",
    "batch": "2018"
  },
  "casebody": {
    "judges": [],
    "parties": [
      "State, use of Brooks vs. Kirby et al."
    ],
    "opinions": [
      {
        "text": "JohNSon C. J.,\ndelivered the opinion of the court.\nThe. only question, necessarily involved in the decision of this case, is, whether the court below erred in declaring the declaration insufficient in law. It is contended by the defendants in error that \u2022the plaintiff has wholly failed to disclose \u00e1ny cause of action against them. It is essential, in declaring against an officer upon his official bond, that the breach should clearly and distinctly charge the manner in which the plaintiff has been damnified by the failure of the officer to perform his duty. It is averred that the constable committed a breach of the condition of his b.ond by failing to levy the execution upon the goods and chattels of the defendant in execution, and also in not returning the same to the justice within \u2022thirty days from the issuance thereof. This is the only allegation that could .by any possibility fix and determine the liability of the defendants. The officer was under no legal obligation to make the levy, unless the defendants in execution had property at the time \u00abpon which to jnake it, and it was incumbent qpon the plaintiff to allege that fact in his declaration in order to fix the liability of the defendants.\nWe think it clear, therefore, that the declaration is fatally defective in failing to set out a good cause of action against the defendants, and that consequently the circuit court decided correctly in .sustaining the demurrer. Judgment affirmed.",
        "type": "majority",
        "author": "JohNSon C. J.,"
      }
    ],
    "attorneys": [
      "Hempstead & Johnson, for the plainff."
    ],
    "corrections": "",
    "head_matter": "State, use of Brooks vs. Kirby et al.\nin declaring against an .officer upon his official bond, it is essential that the breach should clearly and distinctly charge the manner in which the plaintiff has been damaged by tire failure of the officer to perform his duty.\nIn declaring against a constable for failing to levy an execution, it is necessary to allege that the defendant in the execution had property upon which the levy might have been made.\nW?'it of error to the circuit court of Hempstead county.\nThis was an action of debt upon a constable\u2019s official bond, brought by the State for the use of Brooks against Kirby, the principal in the bond, and Jett and Trimble his securities: determined in the circuit court of Hempstead county, in January, 1845, before the Hon. Geo. Conway, judge.\nThe declaration, after setting out the bond in the usual form, alleged the following breach of its condition:\n\u201cAnd the said plaintiff for breach, &c., says that the said Kirby did not well and truly execute all process to him directed and delivered according to law, in this : that the said Brooks, on the 17th day of April in said year, 1844, caused to be delivered to the said Kirby as such constable of said township, &c., his certain process of execution in the words and figures following(here the execution was recited, and then the declaration continued thus:) \u201cand that the said Kirby, as such constable as afaresaid, did not levy the said sum of sixty-one dollars and ninety-nine cents with interest, &c., together with the costs of suit according to law of thd goods and chattels of the said Cole, and return said writ to the said justice within thirty days from the date thereof, according to law, as in and by the said writ of execution he was commanded: by means whereof,\u201d &c. \u2014 usual conclusion.\nThe defendants demurred to the declaration, and assigned as cause of demurrer, among numerous others, \u201cthat said declaration does not allege that the execution debtor mentioned therein had property upon which to make a levy, &c.\u201d\nThe court sustained the demurrer, and the plaintiff brought error.\nHempstead & Johnson, for the plainff.\nThe declaration is substantially good. The breach alleges, in -tire language of the statute, that Kirby^ as constable failed to levy an execution placed in his hands, on the goods and chattels pf the defendant therein named or have the money there in specified 'before the justice within thirty days, and that he failed to return the execution according to its mandate. This is the substance and nearly the precise language of the breach specially assigned. It is not necessary to aver special damage, because the law implies it; it is not necessary to aver that the defendant possessed goods and chattels, because .if there were none, it was matter for the defendant to set up by way of defence. That there were goods and chattels however is sufficiently averred. Proof of a failure to levy or return an execution, obliges the officer to pay the whole debt, unless he can relieve himself by showing want of property, or, after due diligence, inability to seize it, and that some unavoidable accident prevented him from returning the execution. Rev. Stat. sec. 62, page JS8Z. Haynes vs. Tunstall, 5 Ark. R. 680. Faulkner vs. Th\u00bf\\State, for the vse of Bartley ante 150. And so if the debt was paid, the defendant was bound to show it and bring it forward by way of defence. It is clear that all the grounds of demurrer are untenable."
  },
  "file_name": "0453-01",
  "first_page_order": 455,
  "last_page_order": 458
}
