{
  "id": 1322232,
  "name": "Falls v. Wright",
  "name_abbreviation": "Falls v. Wright",
  "decision_date": "1892-03-12",
  "docket_number": "",
  "first_page": "562",
  "last_page": "566",
  "citations": [
    {
      "type": "official",
      "cite": "55 Ark. 562"
    }
  ],
  "court": {
    "name_abbreviation": "Ark.",
    "id": 8808,
    "name": "Arkansas Supreme Court"
  },
  "jurisdiction": {
    "id": 34,
    "name_long": "Arkansas",
    "name": "Ark."
  },
  "cites_to": [
    {
      "cite": "53 Ark., 400",
      "category": "reporters:state",
      "reporter": "Ark.",
      "case_ids": [
        1911695
      ],
      "opinion_index": -1,
      "case_paths": [
        "/ark/53/0400-01"
      ]
    },
    {
      "cite": "48 Ark., 230",
      "category": "reporters:state",
      "reporter": "Ark.",
      "case_ids": [
        1887710
      ],
      "opinion_index": -1,
      "case_paths": [
        "/ark/48/0230-01"
      ]
    },
    {
      "cite": "43 N. J., Eq., 211",
      "category": "reporters:state",
      "reporter": "N.J. Eq.",
      "case_ids": [
        807117
      ],
      "opinion_index": 0,
      "case_paths": [
        "/nj-eq/43/0211-01"
      ]
    },
    {
      "cite": "21 Barb., 9",
      "category": "reporters:state",
      "reporter": "Barb.",
      "case_ids": [
        2421701
      ],
      "opinion_index": 0,
      "case_paths": [
        "/barb/21/0009-01"
      ]
    },
    {
      "cite": "34 N. J. Law, 420",
      "category": "reporters:state",
      "reporter": "N.J.L.",
      "opinion_index": 0
    },
    {
      "cite": "11 Ark., 519",
      "category": "reporters:state",
      "reporter": "Ark.",
      "case_ids": [
        8727890
      ],
      "opinion_index": 0,
      "case_paths": [
        "/ark/11/0519-01"
      ]
    },
    {
      "cite": "31 Ark., 74",
      "category": "reporters:state",
      "reporter": "Ark.",
      "case_ids": [
        1879295
      ],
      "opinion_index": 0,
      "case_paths": [
        "/ark/31/0074-01"
      ]
    }
  ],
  "analysis": {
    "cardinality": 485,
    "char_count": 9580,
    "ocr_confidence": 0.774,
    "pagerank": {
      "raw": 3.8411399108992185e-07,
      "percentile": 0.8992211515034274
    },
    "sha256": "785ea81e0bf2395478c1a0f07cd67f5d29faa9e6315ee56023aaf69c1f7a0e2c",
    "simhash": "1:08836f667c049ad6",
    "word_count": 1658
  },
  "last_updated": "2024-02-27T20:30:29.049121+00:00",
  "provenance": {
    "date_added": "2019-08-29",
    "source": "Harvard",
    "batch": "2018"
  },
  "casebody": {
    "judges": [],
    "parties": [
      "Falls v. Wright."
    ],
    "opinions": [
      {
        "text": "Hughes, J.\nThe appellee brought this suit in ejectment to recover the northwest quarter of northeast quarter of section 1, in township 11 south, range 30 west. He deraigned title by inheritance from his father, James Wright, who died in 1869 in possession and occupancy of the land as a part of ' his homestead.\nThe appellants claimed title to the land by deed from one Wallace and an administrator\u2019s deed to Wallace, made pursuant to a sale by the administrators of the estate of James Wright, which was made by order of the probate court \u25a0directing the sale of a pre-emption right to enter the land .as swamp land, which right was supposed to be in James Wright at the time of his death, and to be all the interest he had in the land. There was proof, however, tending to .show that James Wright had obtained a patent from the State for the land on the 4th day of February, 1882. The effect of this it is, in this case, unnecessary to discuss. The -answer of the appellants also denied the plaintiff\u2019s title, .and set up the statute of limitations of seven years.\nAt the date of his death James Wright, the plaintiff\u2019s father, left his widow, Rebecca Wright, the appellee and other children, his heirs, him surviving. Upon the petition of the widow making all the heirs parties, the probate court in 1873 appointed commissioners to set aside to the widow \u25a0dower in the lands of her late husband\u2019s estate, which were \u25a0 described in the petition praying for the assignment of dower. The land in controversy here was not mentioned or described in said petition. The commissioners made their report showing that they had assigned to the widow 160 acres of land as dower, including and describing the land \u2022in controversy, which had not been mentioned or described before in the proceeding for the assignment of dower, so far as the record shows. The probate court approved the report of the commissioners, and made an order assigning dower to the widow, according to the report, including this land in controversy.\nIn 1874, the probate court upon application of the administratrix and administrator, who were the widow, Rebecca Wright, and her son, George Wright, ordered this land sold. It was sold, and the sale was reported to and confirmed by the probate court at the January term, 1875, and at the same 1 term of the court the order of confirmation was set aside, the court having discovered, as is stated, that the estate of James Wright had only a right of pre-emption to enter said land as swamp land unconfirmed. At the same term of the court an\u00b0 order was made that the administrators sell the supposed pre-emption right, which they did, and made a report of the sale to the court; which report was not approved,, nor was the sale confirmed, the court having discovered, as-it supposed, by this time, that James Wright did have a title-to the land, and that it had been assigned to the widow as dower. The purchaser of the supposed pre-emption right appealed from the order of the probate court refusing to* confirm the sale, and the circuit court confirmed the sale.\nThe appellant Falls bought this land of Wallace in 1880, and has been in adverse possession claiming to own it ever since.\nThe appellee, B. L. Wright, was 14 years old when his father died in 1869. He was therefore 21 years old in 1876.. The widow Rebecca Wright died in 1889. This suit was-brought in 1890. It follows therefore that, if the statute of; limitation began to run against the appellee before the death, of the widow and the determination of her life estate, if she.had such estate in the land, that the plaintiff\u2019s action was-barred when the suit was brought, the life estate of the widow alone being relied upon to prevent the running of the statute-of limitations during its continuance. The circuit court found the facts substantially as stated, refused several declarations, of law asked for by the appellants, declared the law, and gave judgment for appellee, holding his title good under the swamp land patent to his, father, which question we do not consider or determine, and holding also that- the widow\u2019s-dower or life estate in the land prevented the running of the statute of limitations till after its determination.\nWhether the probate court could assign dower to the widow in the homestead or not, and whether James Wright, had title to the land, we do not determine.\nHad the probate court jurisdiction to assign the land im controversy here to the widow as dower, the land not having been mentioned in \"her petition for dower, but mentioned and described in the report of the commissioners assignings \u2022dower to the widow, and by them allotted to her as such ? Is the judgment of the probate court void, or is it valid \u2022against collateral attack ?\nThe probate court is a superior court with general jurisdiction over the matters committed by law to its peculiar cognizance ; and when its judgment is attacked collaterally, jurisdiction appearing, its proceedings are conclusive upon all persons until reversed or set aside by a direct proceeding for that'purpose, however erroneous they may be. Montgomery v. Johnson, 31 Ark., 74; Borden v. State, 11 Ark., 519.\n*' Jurisdiction may be defined to be the right to adjudicate concerning the subject matter in the given case. To constitute this there are three essentials : First. The court \u2022must have cognizance of the class of cases to which the one to be adjudged belongs. Second. The proper parties must be present. And, Third. The point decided must be, in substance and effect, within the issue. * * * A judgment upon a matter outside of the issue must, of necessity, be altogether arbitrary and unjust, as it concludes a point upon which the parties have not been heard. And it is upon this very ground that the parties have been heard, or have had the opportunity of a hearing, that the law gives so conclusive effect to matters adjudicated. And this is the principal reason why judgments become estoppels. * * * In the note to the Duchess of Kingston\u2019s case, in 2 Smith\u2019s Leading Cases, 535, Baron Comyns is vouched for the proposition that judgments \u2018 are conclusive as to nothing, which might not have been in question, or was not material.\u2019 For the same doctrine, that in order to make a decision conclusive not only the proper parties must be present, but that the court must act upon \u2018 the property according to the rights that appear \u2019 upon the record, I refer to the authority of Lord Redesdale. Giffard v. Hort, 1 Sch. & Lef., 408; Gore v. Stacpoole, 1 Dow, 30; Colclough v. Sterum, 3 Bligh, R., 186 \u201d Munday v. Vail, 34 N. J. Law, 420.\nThe case of Corwithe v. Griffing, 21 Barb., 9, was a case where commissioners in partition in their distribution embraced lands other than that contained in the petition, and the court confirmed their report; and it was held that such judgment was a nullity, \u201cas the jurisdiction was, confined to the subject matter set forth and described in the petition.\u201d \u201c In this case the court had jurisdiction in cases of partition, and the decision was upon the ground that the decree was void, as it was aside from the issue which the proceedings presented.\u201d Munday v. Vail, 34 N. J. Law, supra; Reynolds v. Stockton, 43 N. J., Eq., 211.\nIn the case at bar, the land in controversy was not described or included in the widow\u2019s petition for dower; there was ho issuers to whether she was entitled to dower in it. The judgment of the probate court assigning it to her as dower was aside from the issue which the proceedings presented, and was therefore void.\nIt follows that the widow had no life estate in this land, the existence of which would have barred an action for it by the appellee till after its termination at her death. The appellee, having arrived at full age in 1876, should have brought his action within three years from his majority. The action was brought in 1890. The appellants appear to-have claimed title to and had adverse possession of the land since 1880. According to the evidence contained in this record, the appellee\u2019s cause of action was barred ten years years before his suit was brought.\nThe judgment is therefore reversed, and the cause is remanded for a new trial.",
        "type": "majority",
        "author": "Hughes, J."
      }
    ],
    "attorneys": [
      "The appellants pro se.",
      "The appellee pro se."
    ],
    "corrections": "",
    "head_matter": "Falls v. Wright.\nDecided March 12, 1892.\nJudgment\u2014Jurisdiction of subject matter\u2014Dower.\nUpon a widow\u2019s petition the probate court appointed commissioners to assign dower to her in lands described in her petition. In addition to dower therein, the commissioners assigned dower in land of the estate not included in the petition. Held, The judgment of the probate court confirming the action of the commissioners in assigning dower in land not included in the petition was aside from the issue presented and void.\nAPPEAL from Sevier Circuit Court.\nRufus D. Hearn, Judge.\nThe appellants pro se.\n1. As the petition for dower did not include this tract, the judgment of the probate court assigning her dower was void.\n2. There being no life estate intervening, the statute commenced to run from the date of the sale, and appellee is barred. 48 Ark., 230.\nThe appellee pro se.\n1. The failure to include the land in the petition.for dower did not affect the judgment. The court had jurisdiction, and its confirmation of the commissioner\u2019s report was sufficient. The appellee\u2019s right did not accrue until the expiration of the life estate. 53 Ark., 400; 42 id., 361; Angel\u00ed on Lim., 371-2. Dower and homestead may exist in the same premises at the same time, as they are not inconsistent. Mansf. Dig., sec. 2589; 51 111., 203;-50 id., 477; Rorer, Jud. Sales, sec. 1424; Thomp., H. & Ex., 555."
  },
  "file_name": "0562-01",
  "first_page_order": 586,
  "last_page_order": 590
}
