{
  "id": 1529092,
  "name": "St. Louis & San Francisco Railroad Company v. Hale",
  "name_abbreviation": "St. Louis & San Francisco Railroad v. Hale",
  "decision_date": "1907-03-18",
  "docket_number": "",
  "first_page": "175",
  "last_page": "179",
  "citations": [
    {
      "type": "official",
      "cite": "82 Ark. 175"
    }
  ],
  "court": {
    "name_abbreviation": "Ark.",
    "id": 8808,
    "name": "Arkansas Supreme Court"
  },
  "jurisdiction": {
    "id": 34,
    "name_long": "Arkansas",
    "name": "Ark."
  },
  "cites_to": [
    {
      "cite": "59 Ark. 243",
      "category": "reporters:state",
      "reporter": "Ark.",
      "opinion_index": -1
    },
    {
      "cite": "55 S. W. 134",
      "category": "reporters:state_regional",
      "reporter": "S.W.",
      "opinion_index": -1
    },
    {
      "cite": "141 U. S. 344",
      "category": "reporters:federal",
      "reporter": "U.S.",
      "case_ids": [
        3556496
      ],
      "opinion_index": -1,
      "case_paths": [
        "/us/141/0344-01"
      ]
    },
    {
      "cite": "79 Mo. 328",
      "category": "reporters:state",
      "reporter": "Mo.",
      "case_ids": [
        941978
      ],
      "opinion_index": -1,
      "case_paths": [
        "/mo/79/0328-01"
      ]
    },
    {
      "cite": "49 la. 255",
      "category": "reporters:state",
      "reporter": "Iowa",
      "case_ids": [
        2328004
      ],
      "opinion_index": -1,
      "case_paths": [
        "/iowa/49/0255-01"
      ]
    },
    {
      "cite": "69 Fed. 819",
      "category": "reporters:federal",
      "reporter": "F.",
      "case_ids": [
        3786903
      ],
      "opinion_index": -1,
      "case_paths": [
        "/f/69/0819-01"
      ]
    },
    {
      "cite": "13 Hun, 211",
      "category": "reporters:state",
      "reporter": "Hun,",
      "opinion_index": -1
    },
    {
      "cite": "18 Barb. 393",
      "category": "reporters:state",
      "reporter": "Barb.",
      "case_ids": [
        1939784
      ],
      "opinion_index": -1,
      "case_paths": [
        "/barb/18/0393-01"
      ]
    },
    {
      "cite": "60 S. W. 657",
      "category": "reporters:state_regional",
      "reporter": "S.W.",
      "opinion_index": -1
    },
    {
      "cite": "68 Ark. 238",
      "category": "reporters:state",
      "reporter": "Ark.",
      "case_ids": [
        1334040
      ],
      "weight": 2,
      "opinion_index": -1,
      "case_paths": [
        "/ark/68/0238-01"
      ]
    },
    {
      "cite": "86 S. W. 764",
      "category": "reporters:state_regional",
      "reporter": "S.W.",
      "opinion_index": -1
    },
    {
      "cite": "57 Ark. 330",
      "category": "reporters:state",
      "reporter": "Ark.",
      "opinion_index": -1
    },
    {
      "cite": "72 S. W. 574",
      "category": "reporters:state_regional",
      "reporter": "S.W.",
      "opinion_index": -1
    },
    {
      "cite": "57 Ark. 16",
      "category": "reporters:state",
      "reporter": "Ark.",
      "case_ids": [
        1324574
      ],
      "opinion_index": -1,
      "case_paths": [
        "/ark/57/0016-01"
      ]
    },
    {
      "cite": "68 S. W. 879",
      "category": "reporters:state_regional",
      "reporter": "S.W.",
      "opinion_index": -1
    },
    {
      "cite": "67 Ark. 358",
      "category": "reporters:state",
      "reporter": "Ark.",
      "opinion_index": -1
    },
    {
      "cite": "68 Ark. 548",
      "category": "reporters:state",
      "reporter": "Ark.",
      "case_ids": [
        1333958
      ],
      "opinion_index": 0,
      "case_paths": [
        "/ark/68/0548-01"
      ]
    },
    {
      "cite": "70 Ark. 429",
      "category": "reporters:state",
      "reporter": "Ark.",
      "opinion_index": 0
    },
    {
      "cite": "71 Ark. 133",
      "category": "reporters:state",
      "reporter": "Ark.",
      "case_ids": [
        1507817
      ],
      "opinion_index": 0,
      "case_paths": [
        "/ark/71/0133-01"
      ]
    },
    {
      "cite": "71 Ark. 451",
      "category": "reporters:state",
      "reporter": "Ark.",
      "case_ids": [
        1507861
      ],
      "opinion_index": 0,
      "case_paths": [
        "/ark/71/0451-01"
      ]
    },
    {
      "cite": "68 Ark. 238",
      "category": "reporters:state",
      "reporter": "Ark.",
      "case_ids": [
        1334040
      ],
      "opinion_index": 0,
      "case_paths": [
        "/ark/68/0238-01"
      ]
    }
  ],
  "analysis": {
    "cardinality": 503,
    "char_count": 10453,
    "ocr_confidence": 0.74,
    "pagerank": {
      "raw": 2.673661675620605e-07,
      "percentile": 0.8260132154422902
    },
    "sha256": "087f4ba488ec52621be857dbfced4649d8827ad69672144fda9a31c12c055030",
    "simhash": "1:f1650cfb49f2190a",
    "word_count": 1852
  },
  "last_updated": "2024-02-27T22:13:59.925109+00:00",
  "provenance": {
    "date_added": "2019-08-29",
    "source": "Harvard",
    "batch": "2018"
  },
  "casebody": {
    "judges": [],
    "parties": [
      "St. Louis & San Francisco Railroad Company v. Hale."
    ],
    "opinions": [
      {
        "text": "Riddick, J.\nThis is an appeal by a railway company from a judgment rendered against it in the circuit court of Mississippi .County for a penalty of $200 for failing to construct stock gaps at two places where the railroad operated by defendant passed through inclosed land owned by plaintiff.\nThe first contention on part of the defendant is that it is only the lessee of the railroad, and not the owner thereof, and that the statute requiring railroad companies organized under the laws of this' State to construct stock gaps in certain cases does not apply. But our statutes provide that any railroad corporation of another State leasing any railroad in this State shall become subject to all the regulations and provisions of law governing railroads in this State, and held liable for the violation of any such laws. Kirby\u2019s Digest, \u00a7 \u00a7 6732, 6743, 6757, 6758. These provisions put the defendant in the same situation, as the railroad company which first constructed the road, and any failure to obey the statute subjects it to the penalties pronounced by the statute. Russell v. St. Louis S. W. Ry. Co., 71 Ark. 451.\nIt is next said that the evidence shows that the fence inclosing plaintiff\u2019s lands was not a lawful fence within the meaning of the statute which provides that owners of horses, cattle and other stock that break into fields inclosed by fences. of the kind specified in the statute' shall respond in damages to the party injured. But we do pot think that statute applies to this case, or that it is necessary that the inclosed land through which the railroad runs should be inclosed by a fence of the kind and dimensions specified in the statute defining \u201clawful fences.\u201d It is sufficient if the land through which the railroad runs is inclosed by a fence calculated to keep out stock of most kinds, whether it be, strictly speaking, a lawful fence or not. The evidence shows that the fence around the Enclosure involved in this case was a good wire fence, though it did not have any plank on it, and in other respects was not strictly speaking a \u201clawful fence\u201d under the statute in reference to inclosures. The - uncontradicted evidence shows that this was inclosed land within .the meaning of the stock-gap statute, and no prejudice resulted from the instruction of the circuit court on this point.\nLastly, it is said that the notice to put in the stock gap was -not served upon the proper person, and for that reason no penalty can be recovered. The notice was served .on a station agent of the defendant company in the county where the action was brought. In Kansas City, P. & G. Ry. Co. v. Lowther, 68 Ark. 238, it was held that service of a notice of this kind could not be proved by the return of the officer, who served it. This ruling was based on the absence of any statute -requiring such notices to be served by officers or making the return of the officer evidence of service. The court called attention to the fact that the only provision on the subject was the one in the Code which provided that \u201cthe notices mentioned in the Code shall be in writing, and may be served by a sheriff, constable, coroner or marshal of a town or city, whose return thereon shall be proof of the service.\u201d Kirby\u2019s Digest, \u00a7 6267. The court said that this provision in the Code did not cover the notice required in the stock-gap statute, for this statute was passed long after the Code, whereas the section of the Code referred to was limited specially to notices mentioned in the Code. It will be seen by reference thereto that the decision in that case was confined to the question of proof of service. The court did not hold or intimate that a service of such a notice upon a station agent of the company was not sufficient. In fact, the return of the officer in that case showed that the service of the notice was made on the station agent. The agent denied that any notice was served on him, and the court held that the return of the constable was not competent evidence of the service. From the' stress laid on the want of proof of service in that case we infer that, if the service of the notice on the station agent had been shown by competent evidence, the judgment against the company would 'have been affirmed. Not only in that case but in- many other cases decided by this court service of notice under the stock-'gap statute upon a station agent of the company has been recognized as proper. St. Louis, I. M. & S. Ry. Co. v. Mendenhall, 71 Ark. 133; Choctaw & M. Rd. Co. v. Goset, 70 Ark. 429;, Kansas City, P. & G. Ry. Co. v. Pirtle, 68 Ark. 548. In each of the three cases just cited the plaintiff claimed to have made the service on the agent. In one of them, as in the Lowther case, the judgment was reversed because the service was only shown by the return of an officer. In the other two the proof of service was sufficient, and the court upheld the judgments, though the service was on the station agent, in effect holding that a station agent of the company was a proper person upon whom to serve the notice to the company.\nWhile there may be no statute which expressly authorizes a service upon the station agent in cases of this kind, yet, when the stock-gap statute is considered in connection with other statutes directing service of notices upon corporations, we think the courts were justified in concluding that it was proper to serve such notices in that way. There is a section of the Code which provides that \u201ca notice to a corporation may be served in the same manner as a summons in an action against it.\u201d Kinby\u2019s Digest, \u00a7 6271. This section is not confined to notices mentioned in the Code, but is a general provision in reference to notices to corporations and the persons upon whom they may be served, in suits and proceedings against them in courts. A subsequent statute provided that in actions against railway companies summons may be served upon any agent of any station of the defendant in the county where the action is brought. Kirby\u2019s Digest, \u00a7 6045. The Legislature by these two sections has provided that all notices to railway corporations in suits against them may be served upon the station agent. In other words, the station agent by express statutory provisions is made the proper person upon whom to serve such notices.\nWhen the stock-gap statute was passed making it the duty of railroad companies to put in stock gaps on either side of inclosures within ten days after being notified in writing by the owner of the land, and subjecting them to a penalty for failure to do so, to be recovered in a civil action by the person- aggrieved, no provision was made as to the person upon whom such notice should be served, the Legislature probably being of the opinion that such notices could be served upon the station agents of the companies as notices in suits at law and equity against them were served. If this was not the intention of the Legislature .that such notices should be served upon the station agents of the company, then the statute could not be enforced against many railway' companies owning railway lines in this State, for many of such companies are non-resident corporations whose general officers reside outside of the State. For this reason the universal practice, so far as shown by the decisions of this court, has been to serve such notices upon some station agent of the company in the county where the action is brought. This practice, as we have seen, has been inferentially approved by numerous decisions of this court. It has grown to be the settled practice in such cases, and involves no hardship whatever upon such corporations. It is evidently in line with the legislative intent in passing the statute, and we see no reason why it should be disapproved now, when t\u00f3 do so would leave many persons owning land traversed by railway lines practically without any means of enforcing the statute. \u25a0 For these reasons we are of the opinion that the service of notice on the station agent was sufficient.\nJudgment affirmed.",
        "type": "majority",
        "author": "Riddick, J."
      }
    ],
    "attorneys": [
      "X. F. Parker and W. J. Orr, for appellant.",
      "S. S. Semmes, for appellee."
    ],
    "corrections": "",
    "head_matter": "St. Louis & San Francisco Railroad Company v. Hale.\nOpinion delivered March 18, 1907.\n1. Railroads \u2014 construction of stockguards. \u2014 Under Kirby\u2019s Digest, \u00a7 6757, providing that if a railway company of another State shall lease a railroad in this State such railroad shall be subject to all regulations governing railroads -in this State, a railroad corporation of another State which leases a railroad in this State becomes subject to the statutory regulation requiring railroad companies to construct stockguards in certain cases. (Page 176.)\n2. Same \u2014 sufficiency of inclosure. \u2014 Kirby\u2019s Digest, \u00a7 6644, requiring railroad companies to construct stockguards when their roads enter inclosed lands, applies wherever a railroad enters land of another inclosed by a fence calculated to keep out stock of most kinds, whether it be, strictly speaking, a lawful fence or not. (Page 176.)\n3. Same \u2014 service of notice to construct stockguards. \u2014 A notice to a railroad company to construct a stockguard may be served upon any station agent of the railroad company in the county. (Page 177.)\nAppeal from Mississippi Circuit Court; Frederick D. Fulkerson, Judge;\naffirmed.\nX. F. Parker and W. J. Orr, for appellant.\nThe statute requiring railroad companies to construct cattle-guards is in derogation of the common law, and penal in its nature, and should be strictly construed. 67 Ark. 358; 59 Id. 356; 68 S. W. 879; 57 Ark. 16; 48 Id. 493; 72 S. W. 574; 57 Ark. 330; 86 S. W. 764.\nService of notice under the cattle-guard statute must be personal service, and not merely service on an agent of' the company. 68 Ark. 238; 60 S. W. 657; 68 Id. 879; 86 Id. 242; '87 Id. 6i\u00f3; 18 Barb. 393; 25 Id. 635; 13 Hun, 211; 69 Fed. 819; 49 la. 255; 79 Mo. 328; 141 U. S. 344. Wade on Notice, \u00a7 \u00a7 1334, 1335-\nPlaintiff failed to show that he had a lawful fence around his lands. A lawful fence is necessary to make an inclosure; therefore appellee can not recover, for his lands must be inclosed. 55 S. W. 134.\nS. S. Semmes, for appellee.\nAll proceedings under tKe Code shall be liberally construed, with a view to promote its object and assist the parties'in obtaining justice. 59 Ark. 243; 65 Id. 199; Id. 521. Sec. 6271 of Kirby\u2019s Digest provides that notices to corporations may be :served in the same manner as a summons in an action against it. It is sufficient to serve such notices on the station agent. 68 Ark. 238; Id. 548; 70 Id. 429; 71 Id. 133."
  },
  "file_name": "0175-01",
  "first_page_order": 195,
  "last_page_order": 199
}
