{
  "id": 1529114,
  "name": "Bonner v. Gorman",
  "name_abbreviation": "Bonner v. Gorman",
  "decision_date": "1907-04-22",
  "docket_number": "",
  "first_page": "423",
  "last_page": "424",
  "citations": [
    {
      "type": "official",
      "cite": "82 Ark. 423"
    }
  ],
  "court": {
    "name_abbreviation": "Ark.",
    "id": 8808,
    "name": "Arkansas Supreme Court"
  },
  "jurisdiction": {
    "id": 34,
    "name_long": "Arkansas",
    "name": "Ark."
  },
  "cites_to": [],
  "analysis": {
    "cardinality": 118,
    "char_count": 1636,
    "ocr_confidence": 0.706,
    "sha256": "7377456f35a44932b03dc7af40c2330fd3e242e80b57484ea6b352617f6cac95",
    "simhash": "1:f88725d55ac6aab1",
    "word_count": 291
  },
  "last_updated": "2023-07-14T20:52:32.340981+00:00",
  "provenance": {
    "date_added": "2019-08-29",
    "source": "Harvard",
    "batch": "2018"
  },
  "casebody": {
    "judges": [],
    "parties": [
      "Bonner v. Gorman."
    ],
    "opinions": [
      {
        "text": "PER Curiam,\nThis is a motion to advance and affirm this case as a delay case.\nThe only question in the case is whether the decree is in conformity to the mandate of this court. The record has been \u2022 carefully looked into, and the decree found to be in strict accord with the mandate and opinion of the court, and there is nothing new for consideration. Ordinarily, this would stamp this case as a delay case, and it should be advanced1 and affirmed, and under the practice in such cases the ten per cent, penalty would be added. But it is evident from the record that the appellant has brought this case here in order to seek a writ of error -to the Supreme Court of the United States. It will be with the Chief Justice to -decide whether there is a -Federal question herein; but when a case is manifestly brought here in good faith to obtain a review in the Federal Supreme Court, although there is nothing in it for this court to consider, yet such object prevents it being the class of cases where the penalty should be inflicted.\nThe cause is advanced, and judgment affirmed.",
        "type": "majority",
        "author": "PER Curiam,"
      }
    ],
    "attorneys": [
      "R. J. Williams and J. R. Beasley, for appellants.",
      "John Gatling, for appellee."
    ],
    "corrections": "",
    "head_matter": "Bonner v. Gorman.\nOpinion delivered April 22, 1907.\nAppeal \u2014 aeeirmance^-penalty.\u2014When a case is manifestly brought to this court in good faith in order to obtain a review in the Supreme Court of the United States, although there is nothing in it for (this court to consider, yet such object prevents the case from being of the class of cases wherein the penalty for delay should be inflicted.\nAppeal from St. Francis Chancery Court; Edward D. Robertson, iChancellor;\naffirmed.\nR. J. Williams and J. R. Beasley, for appellants.\nJohn Gatling, for appellee."
  },
  "file_name": "0423-01",
  "first_page_order": 443,
  "last_page_order": 444
}
