{
  "id": 1902377,
  "name": "Jeffries v. State",
  "name_abbreviation": "Jeffries v. State",
  "decision_date": "1895-11-23",
  "docket_number": "",
  "first_page": "308",
  "last_page": "311",
  "citations": [
    {
      "type": "official",
      "cite": "61 Ark. 308"
    }
  ],
  "court": {
    "name_abbreviation": "Ark.",
    "id": 8808,
    "name": "Arkansas Supreme Court"
  },
  "jurisdiction": {
    "id": 34,
    "name_long": "Arkansas",
    "name": "Ark."
  },
  "cites_to": [
    {
      "cite": "43 Ark. 389",
      "category": "reporters:state",
      "reporter": "Ark.",
      "case_ids": [
        1894450
      ],
      "opinion_index": -1,
      "case_paths": [
        "/ark/43/0389-01"
      ]
    },
    {
      "cite": "50 Ark. 545",
      "category": "reporters:state",
      "reporter": "Ark.",
      "case_ids": [
        8724279
      ],
      "opinion_index": -1,
      "case_paths": [
        "/ark/50/0545-01"
      ]
    }
  ],
  "analysis": {
    "cardinality": 300,
    "char_count": 5594,
    "ocr_confidence": 0.563,
    "pagerank": {
      "raw": 5.8736045566332993e-08,
      "percentile": 0.36823440285514714
    },
    "sha256": "579d540dfa47a6de0977ac1ee8d54788c0ab4047c605b495bfd5a974c667ea69",
    "simhash": "1:9aead270c056c412",
    "word_count": 984
  },
  "last_updated": "2024-02-27T17:37:32.011550+00:00",
  "provenance": {
    "date_added": "2019-08-29",
    "source": "Harvard",
    "batch": "2018"
  },
  "casebody": {
    "judges": [],
    "parties": [
      "Jeffries v. State,"
    ],
    "opinions": [
      {
        "text": "Wood, J.\nThe appellant was convicted before a justice of the peace on an information charging him with \u201ckeeping and exhibiting a gaming device.\u201d He appealed to the circuit court, was again convicted, and appeals to this court. The proof was that the defendant employed one Charles .Mason \u201cto look after\u201d a machine in the Underwood saloon in Newport, Jackson county, Arkansas, called a \u201cslot machine,\u201d upon which money \u201cwas won and lost,\u201d within twelve months prior to the filing of the information. The machine stood in John Underwood\u2019s saloon. The witness came up to the saloon in the mornings, and \u201cjust looked after the machine to keep any person from breaking it.\u201d Persons would slip a nickle in the slot ; and if the machine opened, the person putting in the nickle would get all in the box ; if the machine did not open, the person putting in lost his nickle.\nThe appellant complains that the verdict was contrary to the law and the evidence. The court instructed the jury \u201cthat the law does not tolerate any subterfuge in violation of its penal and gaming laws ; and in this case, if you believe from the evidence that the defendant employed any person to watch a machine of the description charged in the information, and that there was money lost and won upon it, you will be authorized to convict the defendant.\u201d\nSection 1613 of Sand. & H. Digest is as follows: \u201cE}very person who shall set up, keep or exhibit any gaming table or gambling device ****** at which any money or property may be won or lost shall be deemed guilty of a misdemeanor,\u201d etc. Section 1614. \u201cIf any person shall in any way, either directly or indirectly, be interested or concerned in any gaming prohibited by section 1613, either by furnishing money or other articles for carrying on gaming, etc., such person shall be deemed guilty of a misdemeanor.\u201d It is insisted that the court, in its instruction, violated art. 7, sec. 23, of the constitution prohibiting judges from charging juries upon matters of fact.\nThe majority of us are of the opinion that the instruction is correct, and not open to the objection urged. The court did not tell the jury, as assumed by counsel, that the defendant was using a subterfuge to violate the law, but simply declared that the law \u201cwould not tolerate any subterfuge,\u201d and left the jury to say whether the defendant used a subterfuge. There was no dispute about the facts. The defendant, it is conceded, \u201cemployed a witness to look after the machine.\u201d It is not disputed that' the machine was one upon which money might be and \u201cwas lost and won\u201d; i. e., a gambling device. So the only question was whether \u201cemploying one to watch\u201d a gambling device was \u201ckeeping\u201d such device in the meaning of the statute. The language of the witness was, \u201cemployed to look after the machine to '\u2018keef\u2019\u2019 any person from breaking it.\u201d The court used in its instruction the words \u201cto watch\u201d instead of the words \u201cto look after, to keep.\u201d' \u201cTo look after\u201d means \u201cto watch after\u201d (Webster), and \u201cto watch\u201d means \u201cto tend,\u201d \u201cto guard,\u201d \u201cto have in keeping.\u201d The defendant employed another \u201cto look after a gambling device to keep same from being broken.\u201d This was in a saloon, where' the public came and went ad libitum. To employ another to look after property indicates that the employer has an interest of some kind in that property. The law does not say what or how much the interest must be. \u201cDirectly or indirectly interested\u201d is the language of the statute sufra. The instruction does not assume a single fact. The court, in the instruction, declared what the law was upon a given state of facts, and left the jury to find what the facts were.\nThe jury, by this instruction, were left to find whether the defendant employed anyone \u201cto watch\u201d a machine upon which money might be lost or won, and whether money was lost or won upon such a machine. In case they found such to be the facts, the instruction announced what the law was applicable to them.\nAffirm the judgment.",
        "type": "majority",
        "author": "Wood, J."
      }
    ],
    "attorneys": [
      "Joseph W. Phillips and M. M. Stuckey for appellant.",
      "E. B. Kinsworthy, Attorney General, for appellee."
    ],
    "corrections": "",
    "head_matter": "Jeffries v. State,\nOpinion delivered November 23, 1895.\nInstruction \u2014 Assuming Facts. \u2014 An instruction, on a trial for keeping a slot machine alleged to be a gambling device, that the law does not tolerate any subterfuge in violation of its penal laws, and that if defendant employed any person to watch such a machine, and there was money lost and won upon it, a conviction may be had, is not objectionable, as assuming that the machine in question was a subterfuge.\nCriminal Eaw \u2014 Exhibiting Gambling Device. \u2014 The employment of another to watch a slot machine upon which money is lost or won is a keeping of a gambling device within the statutes (Sand. & H. Dig. secs. 1613, 1614).\nError to Jackson Circuit Court.\nRichard H. Poweee, Judge.\nJoseph W. Phillips and M. M. Stuckey for appellant.\n1. The charge of keeping and exhibiting a gaming device is not sustained by any evidence. There is no evidence that he set up, kept or exhibited the machine or had any .interest in it.\n2. The court, in its instruction, assumed as a fact there was a subterfuge in violating the laws of the state, and thus violated art. 7, sec. 23, const.\nE. B. Kinsworthy, Attorney General, for appellee.\n1. The evidence shows that appellant furnished the machine, and was interested therein. Sand. & H. Dig. secs. 1613, 1614.\n2.. The facts were not denied, and the court properly instructed the jury; for where there is any evidence to sustain the proper theory of a case, the court should properly instruct the jury as to such theory. 50 Ark. 545.\n3. The law does not tolerate any subterfuge in violating its gaming laws. 43 Ark. 389."
  },
  "file_name": "0308-01",
  "first_page_order": 324,
  "last_page_order": 327
}
