{
  "id": 1902319,
  "name": "Tucker v. Grace",
  "name_abbreviation": "Tucker v. Grace",
  "decision_date": "1895-12-21",
  "docket_number": "",
  "first_page": "410",
  "last_page": "414",
  "citations": [
    {
      "type": "official",
      "cite": "61 Ark. 410"
    }
  ],
  "court": {
    "name_abbreviation": "Ark.",
    "id": 8808,
    "name": "Arkansas Supreme Court"
  },
  "jurisdiction": {
    "id": 34,
    "name_long": "Arkansas",
    "name": "Ark."
  },
  "cites_to": [
    {
      "cite": "34 Ark. 204",
      "category": "reporters:state",
      "reporter": "Ark.",
      "case_ids": [
        1875708
      ],
      "weight": 4,
      "opinion_index": -1,
      "case_paths": [
        "/ark/34/0204-01"
      ]
    },
    {
      "cite": "30 Ark. 322",
      "category": "reporters:state",
      "reporter": "Ark.",
      "opinion_index": -1
    },
    {
      "cite": "30 Ark. 520",
      "category": "reporters:state",
      "reporter": "Ark.",
      "case_ids": [
        1881242
      ],
      "opinion_index": 0,
      "case_paths": [
        "/ark/30/0520-01"
      ]
    },
    {
      "cite": "30 Ark. 320",
      "category": "reporters:state",
      "reporter": "Ark.",
      "opinion_index": 0
    },
    {
      "cite": "57 Cal. 238",
      "category": "reporters:state",
      "reporter": "Cal.",
      "case_ids": [
        2290277
      ],
      "opinion_index": 0,
      "case_paths": [
        "/cal/57/0238-01"
      ]
    },
    {
      "cite": "34 Ark. 208",
      "category": "reporters:state",
      "reporter": "Ark.",
      "opinion_index": 0
    },
    {
      "cite": "17 Ark. 567",
      "category": "reporters:state",
      "reporter": "Ark.",
      "case_ids": [
        8726801
      ],
      "opinion_index": 0,
      "case_paths": [
        "/ark/17/0567-01"
      ]
    },
    {
      "cite": "10 Ark. 254",
      "category": "reporters:state",
      "reporter": "Ark.",
      "case_ids": [
        8727603
      ],
      "opinion_index": 0,
      "case_paths": [
        "/ark/10/0254-01"
      ]
    }
  ],
  "analysis": {
    "cardinality": 395,
    "char_count": 7934,
    "ocr_confidence": 0.593,
    "pagerank": {
      "raw": 3.5280897218610084e-07,
      "percentile": 0.8841673780981053
    },
    "sha256": "4b7390244f73d7b573205f864394648251f2661ab8dbb730cf7b28a5becdc2f3",
    "simhash": "1:89fad51788695584",
    "word_count": 1361
  },
  "last_updated": "2024-02-27T17:37:32.011550+00:00",
  "provenance": {
    "date_added": "2019-08-29",
    "source": "Harvard",
    "batch": "2018"
  },
  "casebody": {
    "judges": [],
    "parties": [
      "Tucker v. Grace."
    ],
    "opinions": [
      {
        "text": "Riddick, J.,\n(after stating the facts). It is con- \u25a0 tended by the appellant that he is not personally liable upon his contract employing appellees to prosecute the action against the railway company. But an administrator has no power to enlarge, by his contract, the liability of the estate that he represents. Whether he contracts as an administrator or not, it is his own undertaking, and not that of the decedent, and he incurs a personal liability. An attorney employed by the administrator of an estate has no claim against the estate, although his services may have inured to the .benefit of the estate. He must look for compensation to the administrator who employed him. Underwood v. Milligan, 10 Ark. 254; Bomford v. Grimes, 17 Ark. 567; Yarborough v. Ward, 34 Ark. 208; Devane v. Royal, 7 Jones, L. (N. C.), 426; Bowman v. Tallman, 2 Robertson (N. Y.), 385; Estate of Page, 57 Cal. 238; Schouler, Rx\u2019ors & Adm\u2019rs. sec. 256 ; 2 Woerner, Administration, p. 756. It follows that the proper practice, when the administrator refuses to pay for such services, is for the attorney to bring suit against him individually, and not in his representative capacity.\nThis is conceded by appellant to be correct, as a general rule, but it is argued that in this case there was an agreement that the appellant should not be personally liable, except for costs. The testimony on this point, to quote the language of one of the appellees, who testified as a witness, is as follows : \u201cHe was not to pay us anything out of his own pocket. We were to have our fee out of what we recovered.\u201d We do not understand from this testimony that appellant was in no event to be liable. On the contrary,, it seems plain that the intention was that he should not be liable beyond the amount recovered in. the action against the railway company. Had nothing been recovered, he would have been liable in no amount; but, as he recovered twenty-five hundred dollars, he becomes liable for a reasonable fee. Nor such reasonable expenses necessarily incurred by the administrator in the discharge of his duties, he has, in common with other trustees, a lien on the assets in his hands, and, upon a proper showing, will be allowed credit therefor in the settlement of his account with the estate. When the appellant has paid the fee due appellees, he will be entitled to a credit therefor in his settlement as administrator, and the result will be, as stipulated in his contract, that he has \u201cpaid nothing out of his own pocket.\u201d\nNeither do we think that the amount of the fee in this case is controlled by section 217 of Sand. & H. Digest. That section, as was said in Turner v. Tapscott, 30 Ark. 320, has reference mainly to the collection of debts due estates, and fixes the compensation to be allowed attorneys for such suits, but does not apply in a case such as we have here.\nNor does it avail the appellant anything in this action that he failed to obtain the order of the probate court before employing an attorney. Fven without such an order it would still be within the discretion of the court to allow the administrator credit for fees paid an attorney for the prosecution of a suit which resulted to the benefit of the estate. Reynolds v. Canal & Banking Co., 30 Ark. 520. But that question is not before us; for whether the administrator is entitled to a credit for the fee which he has paid an attorney is a different question from the one as to whether he is personally liable to the attorney whom he employs. The statute referred to (sec. 219, Sand. & H. Dig.) was intended to protect estates, not administrators, and, as this is an action against Tucker individually, and not against him as representative of the estate of Morrow, it has no application.\u2019\nThe verdict of the jury has evidence to support it. Finding no error, the judgment of the circuit court is affirmed. '\nSec. 217, Sand. & H. Dig. provides : \u201c When it shall become necessary, in the opinion of the court, for any executor or administrator to employ an attorney to prosecute any suit brought by or against such executor or administrator, the attorney so employed shall receive, as a compensation for his services, eight per centum on all sums less than three hundred dollars, and on all sums over three hundred and less than eight hundred dollars, four per centum, and on all sums over eight hundred, two and a half per centum.\u201d\nSec. 219, Sand. & H. Dig. provides: \u201cSuch attorney\u2019s fees shall be paid as expenses of administration ; but no attorney\u2019s fees shall be allowed any executor or administrator unless for the prosecuting or defending a suit under the direction of the court.\u201d",
        "type": "majority",
        "author": "Riddick, J.,"
      }
    ],
    "attorneys": [
      "Bridges & Wooldridge, for appellant.",
      "Austin & Taylor, for appellee.-"
    ],
    "corrections": "",
    "head_matter": "Tucker v. Grace.\nOpinion delivered December 21, 1895.\nAdministration \u2014 Chaim Against Estate \u2014 Attorney\u2019s Fee. \u2014 An attorney employed by an administrator of an estate has no claim against the estate, although his services may have inured to its benefit. He must look for compensation to the administrator who employed him.\nSame \u2014 Eiabidity oe Administrator eor Attorney\u2019s Fee. \u2014 An agreement that an administrator was not' to pay anything out of his own pocket for services rendered by attorneys in the prosecution of an action in behalf of the estate, but that they were to get their fee out of the amount recovered, does not relieve the administrator from1 personal liability in the event of recovery, but merely protects him against liability for any amount beyond the recovery.\nSame \u2014 Compensation oe Attorney. \u2014 The fee for which an administrator is personally liable for an attorney\u2019s services in the successful prosecution of an action for the negligent killing of his intestate is not controlled by Sand. & H. Dig., sec. 217, fixing the compensation of an attorney employed by the administrator under direction of the probate court.\nAdministrator \u2014 Eiabidity for Attorney\u2019s Fee. \u2014 It is no defense to an action against an administrator for attorney\u2019s fees for prosecuting an action for the benefit of the estate that the administrator was not authorized by the probate court to bring such action, the statute (Sand & H. Dig., sec. 219), which provides that \u201cno attorney\u2019s fee shall be allowed any executor or administrator unless for the prosecuting or defending a suit under the direction of the court,\u201d being intended for the protection of the estate.\nAppeal from Jefferson Circuit Court.\nJohn M. Eeeiott, Judge.\nSTATEMENT BY THE COURT.\nJohn W. Tucker, administrator of the estate of S. D. Morrow, employed W. P. & A. B. Grace, attorneys at law, to commence and prosecute an action for damages against a railway company for causing the death of said Morrow. The result of the action thus brought was a judgment against the railway company for the sum of twenty-five hundred dollars. The company paid the amount of the judgment to Tucker, and this action was afterwards brought by said attorneys to recover of Tucker five hundred dollars as a fee for their services in the action against the railway company. There was a verdict and judgment in favor of the plaintiffs for the sum of three hundred and ninety-five dollars. A motion for new trial was filed, overruled, and appeal taken.\nBridges & Wooldridge, for appellant.\n1. There was no allegation in the complaint that the services were rendered under an order of the probate court. Without such order plaintiffs could not sue defendant as administrator. 30 Ark. 322 ; Sand. &. H. Dig. sec. 219.\n2. If defendant was liable at all, it was only for the fees fixed by statute. Sand. & H. Dig. sec. 217.\n3. Under the proof appellant was not individually liable.\n4. Plaintiffs should have presented their claim to the probate court. 34 Ark. 204.\nAustin & Taylor, for appellee.-\n1. The suit was properly brought in the circuit court to settle the disputed claim. 1 Woerner, Am. Law of Adm. p. 346-7-8.\n2. The personal liability of appellant is well settled. 2 id. p. 576 ; 34 Ark. 204; 39 id. 257 ; 40 id. 187; 48 id. 390 ; 56 id. 161."
  },
  "file_name": "0410-01",
  "first_page_order": 426,
  "last_page_order": 430
}
