{
  "id": 1403366,
  "name": "Hamilton Coal & Coke Company v. Johns",
  "name_abbreviation": "Hamilton Coal & Coke Co. v. Johns",
  "decision_date": "1928-01-23",
  "docket_number": "",
  "first_page": "1146",
  "last_page": "1148",
  "citations": [
    {
      "type": "official",
      "cite": "175 Ark. 1146"
    }
  ],
  "court": {
    "name_abbreviation": "Ark.",
    "id": 8808,
    "name": "Arkansas Supreme Court"
  },
  "jurisdiction": {
    "id": 34,
    "name_long": "Arkansas",
    "name": "Ark."
  },
  "cites_to": [
    {
      "cite": "143 Ark. 456",
      "category": "reporters:state",
      "reporter": "Ark.",
      "case_ids": [
        1589345
      ],
      "opinion_index": 0,
      "case_paths": [
        "/ark/143/0456-01"
      ]
    }
  ],
  "analysis": {
    "cardinality": 273,
    "char_count": 4364,
    "ocr_confidence": 0.511,
    "pagerank": {
      "raw": 8.138363859351185e-08,
      "percentile": 0.47016679350803847
    },
    "sha256": "5193991712d523150ec3ffb8471543777a33f5ad0a55329246b7f7630db29066",
    "simhash": "1:10ebcdd1e84ea5a6",
    "word_count": 756
  },
  "last_updated": "2024-02-27T16:24:20.967461+00:00",
  "provenance": {
    "date_added": "2019-08-29",
    "source": "Harvard",
    "batch": "2018"
  },
  "casebody": {
    "judges": [],
    "parties": [
      "Hamilton Coal & Coke Company v. Johns."
    ],
    "opinions": [
      {
        "text": "Humphreys, J.\nThis suit was brought to recover a minimum annual royalty of $2 per acre under a five-year coal lease of an eighty-acre tract of land in Logan County, which was entered into by and between appellant and appellee on the 20th day of April, 1923. This land was owned by Ben Johns, when he died intestate, and the lessor, the appellee herein, administered upon the estate. The complaint alleged that appellant entered into possession of said land under the lease and paid the minimum royalty for two calendar years, but that, on April 1, 1926, it refused to pay the royalty under claim that the lease was void, although it retained possession of the land during the time.\nAppellant interposed the defense to the action that the lease was void and not binding upon it because the lands were not assets in the hands of said administrator for the purpose of paying debts of the estate, under the provisions of \u00a7 67 of Crawford & Moses\u2019 Digest, and that the administrator had no right, under \u00a7 120 of Crawford & Moses\u2019 Digest, to lease same without first filing a petition with and obtaining an order from the probate court to do so. The two sections of the statute referred to are as follows:\n\u2018 \u2018 Section 67. Lands shall he assets in the hands of the executor or administrator, and shall he deemed in their possession and subject to their control for the payment of debts.\u201d\n\u201cSection 120. Before the judge shall authorize the renting .of real estate it shall be the duty of such administrator or executor to present his petition in writing, verified by affidavit, showing the condition of such real estate and the reason why such application was not made in term time, and if, upon reading such petition, the said judge shall be satisfied that it shall be to the interest of the estate to rent out the real estate, he shall indorse an order upon such petition authorizing the renting out of the real estate for a time not exceeding one year, and such petition so indorsed shall be filed by the said judge in the office of the clerk of the proper county.\u201d\nA demurrer was filed and sustained to the answer, and, appellant electing to stand thereon, judgment was rendered against it in favor of appellee for $176 and interest at the rate of six per cent, per annum upon said sum from the first day of April, 1923, until paid, from which is this appeal. The court sustained the demurrer to the answer and rendered judgment against appellant upon the theory that a tenant has no right to question the validity of a lease under which he holds possession of the land and for which he pays rent to his landlord.\nIf it be conceded that the lease was void, and subject to rescission or cancellation at the will of either party, yet, according to the admitted facts, under the pleadings, appellant held possession of the land for three years, and paid royalties according to the contract for the first two years. By these acts the relationship of landlord and tenant was established between them, and the law will recognize and enforce the lease contract as if valid in all respects. The court said in the case of State v. Robinson, 143 Ark. 456, that:\n\u201cThe briefs discuss at length the question of the validity of Mauldin\u2019s contract, and the right- to maintain this action, if it is in fact invalid. But, if it were \u2022conceded that Mauldin\u2019s contract was void ah initio, * * * that fact could make no difference, for a tenancy existed under a contract which the parties mutually treated as valid. \u2019 \u2019\nNo error appearing, the judgment is affirmed.",
        "type": "majority",
        "author": "Humphreys, J."
      }
    ],
    "attorneys": [
      "Anthony Hall and Cochran $ Arnett, for appellant.",
      "White \u25a0<& White, for appellee."
    ],
    "corrections": "",
    "head_matter": "Hamilton Coal & Coke Company v. Johns.\nOpinion delivered January 23, 1928.\nLandlord and tenant \u2014 when relation established. \u2014 In an administrator\u2019s suit to recover the royalty on coal lands o\u00ed intestate leased for five years to defendant, who claimed the lease was void under Crawford & Moses\u2019 Dig*., \u00a7 \u00a7 67, 120, because the lands were not assets in the administrator\u2019s hands, and could not be leased by the administrator without a court order, held that, since defendant had possession of' the land for three years under the lease and had paid royalties for two years, the relation of landlord and tenant was established, and the lease was enforceable.\nAppeal from Logan Circuit Court, Northern District; J. 0. Kincavmon, Judge;\naffirmed.\nAnthony Hall and Cochran $ Arnett, for appellant.\nWhite \u25a0<& White, for appellee."
  },
  "file_name": "1146-01",
  "first_page_order": 1162,
  "last_page_order": 1164
}
