{
  "id": 1396954,
  "name": "Georgia State Savings Association v. Marrs",
  "name_abbreviation": "Georgia State Savings Ass'n v. Marrs",
  "decision_date": "1928-10-15",
  "docket_number": "",
  "first_page": "18",
  "last_page": "24",
  "citations": [
    {
      "type": "official",
      "cite": "178 Ark. 18"
    }
  ],
  "court": {
    "name_abbreviation": "Ark.",
    "id": 8808,
    "name": "Arkansas Supreme Court"
  },
  "jurisdiction": {
    "id": 34,
    "name_long": "Arkansas",
    "name": "Ark."
  },
  "cites_to": [
    {
      "cite": "258 S. W. 353",
      "category": "reporters:state_regional",
      "reporter": "S.W.",
      "opinion_index": 0
    },
    {
      "cite": "252 S. W. 901",
      "category": "reporters:state_regional",
      "reporter": "S.W.",
      "opinion_index": 0
    },
    {
      "cite": "159 Ark. 445",
      "category": "reporters:state",
      "reporter": "Ark.",
      "case_ids": [
        8722866
      ],
      "opinion_index": 0,
      "case_paths": [
        "/ark/159/0445-01"
      ]
    },
    {
      "cite": "172 S. W. 253",
      "category": "reporters:state_regional",
      "reporter": "S.W.",
      "opinion_index": 0
    },
    {
      "cite": "116 Ark. 44",
      "category": "reporters:state",
      "reporter": "Ark.",
      "case_ids": [
        1532231
      ],
      "opinion_index": 0,
      "case_paths": [
        "/ark/116/0044-01"
      ]
    },
    {
      "cite": "295 S. W. 966",
      "category": "reporters:state_regional",
      "reporter": "S.W.",
      "opinion_index": 0
    },
    {
      "cite": "174 Ark. 492",
      "category": "reporters:state",
      "reporter": "Ark.",
      "case_ids": [
        8722516
      ],
      "opinion_index": 0,
      "case_paths": [
        "/ark/174/0492-01"
      ]
    },
    {
      "cite": "258 S. W. 383",
      "category": "reporters:state_regional",
      "reporter": "S.W.",
      "opinion_index": 0
    },
    {
      "cite": "162 Ark. 349",
      "category": "reporters:state",
      "reporter": "Ark.",
      "case_ids": [
        1385603
      ],
      "weight": 2,
      "opinion_index": 0,
      "case_paths": [
        "/ark/162/0349-01"
      ]
    },
    {
      "cite": "14 S. W. 462",
      "category": "reporters:state_regional",
      "reporter": "S.W.",
      "opinion_index": 0
    },
    {
      "cite": "47 Ark. 49",
      "category": "reporters:state",
      "reporter": "Ark.",
      "case_ids": [
        1888730
      ],
      "opinion_index": 0,
      "case_paths": [
        "/ark/47/0049-01"
      ]
    },
    {
      "cite": "292 S. W. 695",
      "category": "reporters:state_regional",
      "reporter": "S.W.",
      "opinion_index": 0
    },
    {
      "cite": "173 Ark. 445",
      "category": "reporters:state",
      "reporter": "Ark.",
      "case_ids": [
        8721687
      ],
      "opinion_index": 0,
      "case_paths": [
        "/ark/173/0445-01"
      ]
    },
    {
      "cite": "31 S. W. 42",
      "category": "reporters:state_regional",
      "reporter": "S.W.",
      "opinion_index": 0
    },
    {
      "cite": "60 Ark. 524",
      "category": "reporters:state",
      "reporter": "Ark.",
      "case_ids": [
        1903656
      ],
      "opinion_index": 0,
      "case_paths": [
        "/ark/60/0524-01"
      ]
    },
    {
      "cite": "201 S. W. 801",
      "category": "reporters:state_regional",
      "reporter": "S.W.",
      "opinion_index": 0
    },
    {
      "cite": "133 Ark. 366",
      "category": "reporters:state",
      "reporter": "Ark.",
      "case_ids": [
        1575067
      ],
      "opinion_index": 0,
      "case_paths": [
        "/ark/133/0366-01"
      ]
    }
  ],
  "analysis": {
    "cardinality": 553,
    "char_count": 10546,
    "ocr_confidence": 0.518,
    "pagerank": {
      "raw": 2.3072488755099325e-07,
      "percentile": 0.7880442064382904
    },
    "sha256": "db68d2a405b98051fd00b1ae5cdbd22555843bb79e01e4c2353829d32b228405",
    "simhash": "1:c0efd5752b5b8416",
    "word_count": 1846
  },
  "last_updated": "2024-02-27T17:49:07.238160+00:00",
  "provenance": {
    "date_added": "2019-08-29",
    "source": "Harvard",
    "batch": "2018"
  },
  "casebody": {
    "judges": [],
    "parties": [
      "Georgia State Savings Association v. Marrs."
    ],
    "opinions": [
      {
        "text": "Smith, J.\nSuit was brought by W. T. Marrs to enforce a materialman\u2019s and laborer\u2019s lien upon several properties owned by Hettie A. Brown and her son, Robert A. Brown. The Georgia State Savings Association and the Arkansas Building & Loan Association were made parties, it being alleged\" that these associations had mortgages which were junior to plaintiff\u2019s lien. The Hayes-McKean Hardware Company, a partnership, intervened, and prayed that its materialman\u2019s lien be held superior to that of a mortgage to the building and loan association on the same property upon which interveners claimed a lien. There were other parties whose interests were adjudicated, but who have not appealed.\nThe savings association and the building and loan associations filed separate answers to the complaint of Marrs and a cross-complaint against Mrs. Brown and her son, in which it was prayed that their mortgages be foreclosed. There was a decree in favor of the lien claimants, from which is this appeal.\nFor the reversal of this decree it is first insisted that there was no proper affidavit, as required by \u00a7 6922, C. & M. Digest, in that the affidavit was signed \u201cMrs. R. B. Amos, for W. T. Marrs.\u201d\nThe testimony developed the fact that Mrs. Amos was Marrs\u2019 bookkeeper, and we think her affidavit was sufficient to meet the requirement of the law in this respect. The applicable statute (\u00a7 6922, C. & M. Digest) requires the lien claimant to file \u201ca just and true account of the demand due or owing to him,\u201d and that it be \u201cverified by affidavit.\u201d But it is not required that the affidavit be made by the claimant himself. It is a sufficient compliance with the law if the affidavit is made and filed.\nIn the case of Terry v. Klein, 133 Ark. 366, 201 S. W. 801, the court, in holding that \u00a7 6922, O. & M. Digest, did not require that an itemized account be filed, said: \u201c* * * for, after all, the design of the lawmakers was to provide a method for giving public notice of an assertion of the lien and the extent thereof. That design is fully carried out by giving the statute such an effect as will require a notice which will apprise the public of the extent of the claim.\u201d\nThe claim of lien made by the interveners, HayesMeKean Hardware Company, was sworn to before Bob Canton, who attached his seal as a notary public as a part of the jurat, but did not affix the words, \u201cnotary public,\u201d after his name, and did not give the venue of the affidavit by reciting where it was taken.\nWe think the case of Railway Co. v. Deane, 60 Ark. 524, 31 S. W. 42, is decisive of this question. It was there held (to quote the syllabus): \u201cWhere, to an affidavit for appeal from a justice\u2019s court otherwise sufficient, but expressing no venue, there is attached a proper jurat showing that the oath was administered to the affiant by a notary public, it will be presumed that the notary acted within his jurisdiction.\u201d\nIn the case of Kull v. Dierks Lbr. & Coal Co., 173 Ark. 445, 292 S. W. 695, it was said: \u201cThis court has held that an affidavit for attachment may be amended. The court said that swearing the affiant was the essential fact, and that if this were done and the officer administering the oath neglected to attest the fact, this would not render the affidavit a nullity, but that the defect might be cured by amendment. Fortenheim v. Claflin, Allen & Co., 47 Ark. 49, 14 S. W. 462.\u201d\nThe seal of the notary public recites that he was a \u201cnotary public, Sevier County, Arkansas,\u201d and there was nothing in the testimony to overcome the presumption that the notary acted within his jurisdiction. Section 7970A, C. & M. Digest.\nAppellee Marrs claimed liens against a building referred to by the witnesses as the apartment building, and another referred to as the duplex building, and brought separate proceedings to enforce liens against each of them.\nIt is earnestly insisted that proceedings to enforce these liens were not brought within the ninety days as required by \u00a7 6922, C. & M. Digest.\nThe affidavits were filed against each property on February 16, 1927, and alleged that the work was completed in each instance on November 18, 1926, so that the claims for the lien were filed exactly ninety days after th\u00e9 work was alleged to have been completed.\nSection 6922, C. & M. Digest, has been several times construed as requiring the verified account to be filed with the clerk of the circuit court within ninety days from the date of the last item furnished, and the testimony supports the finding of the court that Marrs\u2019 claims were filed within that time. Ferguson Lbr. Co. v. Scriber, 162 Ark. 349, 258 S. W. 383, and cases there cited.\nThe most important and difficult question in the case is that of the priority of the liens of the materialmen over the mortgage liens of the savings association, as decreed by the court.\nThe testimony shows that Brown made application to the savings association for a loan on the apartment on August 17, 1926, and that a mortgage securing the loan, which was executed on September 25, 1926, was. filed for record September 29, 1926. The account filed by Marrs, under \u00a7 6922, C. & M. Digest, alleged that the first work was done on September 30,1926, and that the amount due was $972. During the trial the court permitted Marrs, over the objection and exception of the savings association, to offer testimony to the effect that the work was begun on September 16.\nIn the case of Shaw v. Rackensack Apartment Corporation, 174 Ark. 492, 295 S. W. 966, it was held (to quote two syllabi):\n\u201c3. Under 'Crawford & Moses,\u2019 Digest, \u00a7 6909, a mortgage for the purpose of raising money to erect an apartment building, which was given prior to commencement of work by a lien claimant, held superior to the lien for material and labor furnished, notwithstanding that some of the loan for which the mortgage was given was for clearing the title. 4. Under Crawford & Moses\u2019 Digest, \u00a7 6911, where work was commenced by a plumbing* contractor prior to the time other liens and mortgages attached to the property, his lien was entitled to priority, regardless of how little he might have done before the other liens attached.\u201d\nUpon the authority of this case we would be constrained to hold that the lien of the mortgage filed for record September 29, 1926, was superior to the'account of a materialman or laborer which began on September 30,1926, but the court below found, from testimony which we think sustains his finding, that Marrs began his work by putting in the sewer and pipe prior to the filing of the mortgag*e, and the ledger account kept by Marrs shows that the first material was furnished and the account opened September 16, which was prior to the filing of the mortgage for record.\nIt is earnestly insisted that Marrs should not be allowed thus to contradict the recital of his account filed under \u00a7 6922, C. & M. Digest, which recites, that the account began September 30.\nIt does not appear that the savings association was misled by the statement in the affidavit that the account opened September 30, for the testimony shows that the savings association actually paid over the money secured by its mortgage on October 20,1926. Marrs\u2019 account had not then been filed with the clerk, and was not filed until February 16 thereafter, so that the recital as to the date of the opening of the account did not affect the savings association\u2019s conduct. There is, therefore no element of estoppel in the case, as the savings association had taken its mortgage and paid over the money secured by it before Marrs had completed his work and had ceased to furnish material under his contract, and the statute gave him ninety days, from that time in which to file his claim, under \u00a7 6922, O. & M. Digest.\nDid the court err in permitting Marrs to show his account was opened September 16?\nAs we have already said, it was held in the case of Terry v. Klein, supra, that the statute did not require the lien claimant to itemize his account, and the only requirement of the statute in regard to time is that the account be filed with tbe circuit clerk within ninety days of the date the account closed. We conclude therefore that no error was committed in permitting Marrs to show that he did work and furnished material at a date prior to the filing of the savings association\u2019s mortgage for record.\nJt is finally insisted that the affidavit of the interveners, Hayes-MeKean Hardware Company, is too indefinite as to the description of the property sought to be charged with the lien. The description was as follows: \u201cSouthwest corner lot 50 feet x 140 feet facing 50 feet on Haes Street, all in block 10, Braley\u2019s Addition to the town of DeQueen, Arkansas.\u201d\nIt appears, from the description employed, that the lot is the southwest corner of block 10 of Braley\u2019s Addition to the town of DeQueen; that it is 50 feet by 140 feet in area, and that its 50-foot side faces Haes Street. We think the property sought to be charged could be identified from this description.\nIn the case of Barnett Bros. v. Wright, 116 Ark. 44, 172 S. W. 253, we quoted with approval from Phillips on Mechanics\u2019 Liens (3 ed., \u00a7 379) the following statement of the law:\n\u201cAmong those laid down, and probably the best rule to be adopted, is that, if there appear enough in the description to enable a party familiar with the locality to identify the premises intended to be described with reasonable certainty, to the exclusion of others, it will be sufficient. There is great reluctance to set aside a mechanic\u2019s claim merely for loose description, as the acts generally contemplate that the claimants should prepare their own papers; and it is not necessary that the description should be either full or precise. It is enough that the description points out and indicates the premises, so that, by applying it to the land, it can be found and identified. A description that identifies is sufficient, though inaccurate. If the description identifies the property by reference to facts, that is, if it points clearly to a piece of property, and there is only one that will answer the description, it is sufficient.\u201d\nSee also Arkmo Lbr. Co. v. Cantrell, 159 Ark. 445, 252 S. W. 901; Ferguson Lbr. Co. v. Scriber, 162 Ark. 349, 258 S. W. 353.\nThe court below held that the liens of the material-men were superior to the lien of the mortgage, and, as we concur in that view, the decree is therefore affirmed.",
        "type": "majority",
        "author": "Smith, J."
      }
    ],
    "attorneys": [
      "Collins & Collins, for appellant.",
      "Lake, Lake & Carlton, for appellee."
    ],
    "corrections": "",
    "head_matter": "Georgia State Savings Association v. Marrs.\nOpinion delivered October 15, 1928.\nCollins & Collins, for appellant.\nLake, Lake & Carlton, for appellee."
  },
  "file_name": "0018-01",
  "first_page_order": 36,
  "last_page_order": 42
}
