{
  "id": 1396913,
  "name": "Alsup v. State",
  "name_abbreviation": "Alsup v. State",
  "decision_date": "1928-10-29",
  "docket_number": "",
  "first_page": "170",
  "last_page": "174",
  "citations": [
    {
      "type": "official",
      "cite": "178 Ark. 170"
    }
  ],
  "court": {
    "name_abbreviation": "Ark.",
    "id": 8808,
    "name": "Arkansas Supreme Court"
  },
  "jurisdiction": {
    "id": 34,
    "name_long": "Arkansas",
    "name": "Ark."
  },
  "cites_to": [
    {
      "cite": "270 S. W. 609",
      "category": "reporters:state_regional",
      "reporter": "S.W.",
      "opinion_index": 0
    },
    {
      "cite": "168 Ark. 449",
      "category": "reporters:state",
      "reporter": "Ark.",
      "case_ids": [
        8723001
      ],
      "opinion_index": 0,
      "case_paths": [
        "/ark/168/0449-01"
      ]
    },
    {
      "cite": "234 S. W. 45",
      "category": "reporters:state_regional",
      "reporter": "S.W.",
      "opinion_index": 0
    },
    {
      "cite": "150 Ark. 244",
      "category": "reporters:state",
      "reporter": "Ark.",
      "case_ids": [
        1367916
      ],
      "opinion_index": 0,
      "case_paths": [
        "/ark/150/0244-01"
      ]
    },
    {
      "cite": "277 U. S. 350",
      "category": "reporters:federal",
      "reporter": "U.S.",
      "case_ids": [
        3902647
      ],
      "weight": 2,
      "opinion_index": 0,
      "case_paths": [
        "/us/277/0350-01"
      ]
    },
    {
      "cite": "271 S. W. 720",
      "category": "reporters:state_regional",
      "reporter": "S.W.",
      "opinion_index": 0
    },
    {
      "cite": "167 Ark. 557",
      "category": "reporters:state",
      "reporter": "Ark.",
      "case_ids": [
        1377061
      ],
      "opinion_index": 0,
      "case_paths": [
        "/ark/167/0557-01"
      ]
    }
  ],
  "analysis": {
    "cardinality": 371,
    "char_count": 5960,
    "ocr_confidence": 0.511,
    "pagerank": {
      "raw": 1.3623978224817235e-07,
      "percentile": 0.6365676145597677
    },
    "sha256": "bb30010d19a192aa9bda1d22e5d1043cf3d37689344596f6bb3df404137895e0",
    "simhash": "1:5feecc501aa3f916",
    "word_count": 1058
  },
  "last_updated": "2024-02-27T17:49:07.238160+00:00",
  "provenance": {
    "date_added": "2019-08-29",
    "source": "Harvard",
    "batch": "2018"
  },
  "casebody": {
    "judges": [],
    "parties": [
      "Alsup v. State."
    ],
    "opinions": [
      {
        "text": "Smith, J.\nAppellant was convicted of operating an employment agency without procuring a license authorizing him so to do, in violation of act No. 4, Acts Special Session of 1923, page 3.\nIt is not contended that the act in question was passed as a revenue measure imposing an occupation tax. Sims v. Ahrens, 167 Ark. 557, 271 S. W. 720. It is insisted that, while the act was passed in an attempt to exercise the State\u2019s police power, it is in excess of that power and is violative of the 14th Amendment to the Federal 'Constitution. The essential provisions of the act are as follows:\nSection 1 prohibits the operation or maintenance of a private employment agency for hire without first obtaining a license so to do from the Commissioner of Labor, for which an annual fee of $200 is to be paid. In addition, the Commissioner of Labor shall require of each applicant a bond in the sum of $1,000, conditioned that the licensee will not violate any of the duties, terms, conditions, provisions or requirements of the act, and authority is given to the Labor Commissioner to revoke the license for a violation of the provisions of the act.\n\u2022Section 2 provides that no labor agency shall be operated until a license has been first obtained, and that the application for the license shall state fully the condition, nature, terms and place of employment for which labor is solicited.\n\u2022Section 3 requires the agency to keep a register, in which shall be recorded the name and address of all applicants for positions, etc. The agency is prohibited from publishing any false or misleading information, and may not send any person to any place where a strike or other labor trouble exists without notifying the applicant of that fact. No agency is permitted to divide fees with an employer or an agent of an employer. The agency is prohibited from sending any female to any place kept for immoral purposes. The agency feo for filing or receiving applications or securing employment or help shall in no case exceed the sum of $2, and, if the applicant does not obtain employment within one month after registration, the agency shall, on demand, return the fee; provided, if the applicant is sent beyond the limits of the city in which the agency is located, and, without fault on his part, fails to secui'e employment, the agency shall return the fee and repay the applicant\u2019s actual expenses incurred in going to and returning from the place to which .he was sent; or, if the employment lasts less than seven days, the agency is required to return the fee, or such portion thereof as the Labor Commissioner orders.\n\u25a0Section 4 authorizes the Commissioner of Labor to maintain, in sections of the State where the convenience of the greater number of people may be served, a \u201cfree employment bureau.\u201d The Commissioner of Labor is authorized to cooperate with the Federal Government in the establishment and maintenance of employment bureaus. The Commissioner of Labor is required to keep in touch with employers of labor, and may advertise in newspapers for such situations as they have applications to fill.\nSection 5 defines a private employment agency and other terms used in the act.\nSection 6 requires the Commissioner of Labor to make an itemized report of his disbursements under the act.\nSection 7 provides that any person convicted of a violation of any of the provisions of the act shall be fined not less than $50 nor more than $250 for each offense,, or be imprisoned for ia period not exceeding thirty days.\nSection 8 provides that, if any section or sections of the act shall be held invalid by the courts, \u201cit shall not thereby be understood as affecting, and shall not affect, the other provisions of this act.\u201d\nIt is unnecessary to determine how much, if any, of \u00a7 3 of the act is violative of the 'Constitution of this State, but it is certain that the part of that section which attempts to fix the fee which the agency may charge for service to the applicant is violative of the 14th Amendment to the Federal Constitution. In the recent case of Ribnik v. McBride, Commissioner of Labor of New Jersey, 277 U. S. 350, 48 S. Ct. 545, it was so held.\nIn the case cited the provisions of a similar law .of the State of New Jersey, which had been upheld by the Court of Errors and Appeals of that State, were declared to be violative of the 14th Amendment to the Federal Constitution as an arbitrary interference with the right to contract in respect of terms of private employment.\nIt is conceded by the Attorney G-eneral that the provisions of \u00a7 3 of the statute of this 'State relating to the remuneration of an employment agency must fail on account of the decision of the Supreme Court of the United States, supra, and we so hold.\nBut appellant was not charged with violating any provision of \u00a7 3 of the act, the charge against him being that he operated an employment agency without a license, and the .Supreme Court of the United States, in the case cited, held that the State has power to require a license to regulate the business of an employment agency, and we think that this exercise of the police power does not offend against any provision of our Constitution.\nOur statute is a complete one without any of the provisions of \u00a7 3, and, as we have stated, \u00a7 8 of the act provides that, if any section of the act shall be held invalid, that fact shall not affect other provisions of the act. The validity of such provisions has been frequently recognized by this court. Nixon v. Allen, 150 Ark. 244, 234 S. W. 45; Marshall v. Holland, 168 Ark. 449, 270 S. W. 609.\nAs the act which appellant has violated is valid, although \u00a7 3 thereof may be invalid, in whole or in part, it follows that the judgment of the court below must be affirmed, and it is so ordered.",
        "type": "majority",
        "author": "Smith, J."
      }
    ],
    "attorneys": [
      "Sidney L. Graham and Cleveland Cabler, for appellant.",
      "H. W. Applegate, Attorney General, and John L. Carter, Assistant, for appellee."
    ],
    "corrections": "",
    "head_matter": "Alsup v. State.\nOpinion delivered October 29, 1928.\nSidney L. Graham and Cleveland Cabler, for appellant.\nH. W. Applegate, Attorney General, and John L. Carter, Assistant, for appellee."
  },
  "file_name": "0170-01",
  "first_page_order": 188,
  "last_page_order": 192
}
