{
  "id": 1364143,
  "name": "Howard v. Howard",
  "name_abbreviation": "Howard v. Howard",
  "decision_date": "1922-03-13",
  "docket_number": "",
  "first_page": "387",
  "last_page": "394",
  "citations": [
    {
      "type": "official",
      "cite": "152 Ark. 387"
    }
  ],
  "court": {
    "name_abbreviation": "Ark.",
    "id": 8808,
    "name": "Arkansas Supreme Court"
  },
  "jurisdiction": {
    "id": 34,
    "name_long": "Arkansas",
    "name": "Ark."
  },
  "cites_to": [
    {
      "cite": "79 Ark. 69",
      "category": "reporters:state",
      "reporter": "Ark.",
      "case_ids": [
        1495653
      ],
      "opinion_index": -1,
      "case_paths": [
        "/ark/79/0069-01"
      ]
    },
    {
      "cite": "40 Ark. 67",
      "category": "reporters:state",
      "reporter": "Ark.",
      "opinion_index": -1
    },
    {
      "cite": "98 Ark. 452",
      "category": "reporters:state",
      "reporter": "Ark.",
      "case_ids": [
        1316119
      ],
      "opinion_index": -1,
      "case_paths": [
        "/ark/98/0452-01"
      ]
    },
    {
      "cite": "85 Ark. 163",
      "category": "reporters:state",
      "reporter": "Ark.",
      "case_ids": [
        1523378
      ],
      "opinion_index": -1,
      "case_paths": [
        "/ark/85/0163-01"
      ]
    },
    {
      "cite": "24 Ark. 371",
      "category": "reporters:state",
      "reporter": "Ark.",
      "case_ids": [
        8727095
      ],
      "opinion_index": -1,
      "case_paths": [
        "/ark/24/0371-01"
      ]
    },
    {
      "cite": "10 Ark. 211",
      "category": "reporters:state",
      "reporter": "Ark.",
      "case_ids": [
        8727555
      ],
      "opinion_index": -1,
      "case_paths": [
        "/ark/10/0211-01"
      ]
    },
    {
      "cite": "37 Ark. 47",
      "category": "reporters:state",
      "reporter": "Ark.",
      "case_ids": [
        1870979
      ],
      "opinion_index": -1,
      "case_paths": [
        "/ark/37/0047-01"
      ]
    },
    {
      "cite": "39 Ark. 131",
      "category": "reporters:state",
      "reporter": "Ark.",
      "case_ids": [
        1898659
      ],
      "opinion_index": -1,
      "case_paths": [
        "/ark/39/0131-01"
      ]
    },
    {
      "cite": "96 Ark. 609",
      "category": "reporters:state",
      "reporter": "Ark.",
      "case_ids": [
        1541987
      ],
      "opinion_index": -1,
      "case_paths": [
        "/ark/96/0609-01"
      ]
    },
    {
      "cite": "176 N. W. 43",
      "category": "reporters:state_regional",
      "reporter": "N.W.",
      "case_ids": [
        2825742
      ],
      "opinion_index": -1,
      "case_paths": [
        "/sd/42/0506-01"
      ]
    },
    {
      "cite": "75 So. 770",
      "category": "reporters:state_regional",
      "reporter": "So.",
      "case_ids": [
        742289
      ],
      "opinion_index": -1,
      "case_paths": [
        "/miss/115/0071-01"
      ]
    },
    {
      "cite": "176 N. W. 42",
      "category": "reporters:state_regional",
      "reporter": "N.W.",
      "opinion_index": -1
    },
    {
      "cite": "119 S. W. 414",
      "category": "reporters:state_regional",
      "reporter": "S.W.",
      "opinion_index": -1
    },
    {
      "cite": "39 S. W. 449",
      "category": "reporters:state_regional",
      "reporter": "S.W.",
      "opinion_index": -1
    },
    {
      "cite": "10 S. E. 308",
      "category": "reporters:state_regional",
      "reporter": "S.E.",
      "opinion_index": -1
    },
    {
      "cite": "47 N. J. Eq. 400",
      "category": "reporters:state",
      "reporter": "N.J. Eq.",
      "case_ids": [
        93409
      ],
      "opinion_index": -1,
      "case_paths": [
        "/nj-eq/47/0400-01"
      ]
    },
    {
      "cite": "47 Am. Dec. 505",
      "category": "reporters:federal",
      "reporter": "Am. Dec.",
      "opinion_index": -1
    },
    {
      "cite": "9 N. E. 112",
      "category": "reporters:state_regional",
      "reporter": "N.E.",
      "opinion_index": -1
    },
    {
      "cite": "108 Ind. 61",
      "category": "reporters:state",
      "reporter": "Ind.",
      "case_ids": [
        1971666
      ],
      "opinion_index": -1,
      "case_paths": [
        "/ind/108/0061-01"
      ]
    },
    {
      "cite": "58 Ind. 1",
      "category": "reporters:state",
      "reporter": "Ind.",
      "case_ids": [
        1496862
      ],
      "opinion_index": -1,
      "case_paths": [
        "/ind/58/0001-01"
      ]
    },
    {
      "cite": "227 U. S. 101",
      "category": "reporters:federal",
      "reporter": "U.S.",
      "opinion_index": -1
    },
    {
      "cite": "145 Ark. 310",
      "category": "reporters:state",
      "reporter": "Ark.",
      "case_ids": [
        1586103
      ],
      "weight": 2,
      "opinion_index": -1,
      "case_paths": [
        "/ark/145/0310-01"
      ]
    },
    {
      "cite": "125 Ark. 441",
      "category": "reporters:state",
      "reporter": "Ark.",
      "case_ids": [
        1553247
      ],
      "opinion_index": -1,
      "case_paths": [
        "/ark/125/0441-01"
      ]
    },
    {
      "cite": "99 Ark. 350",
      "category": "reporters:state",
      "reporter": "Ark.",
      "case_ids": [
        1314481
      ],
      "opinion_index": -1,
      "case_paths": [
        "/ark/99/0350-01"
      ]
    },
    {
      "cite": "141 Ark. 93",
      "category": "reporters:state",
      "reporter": "Ark.",
      "case_ids": [
        1592905
      ],
      "opinion_index": -1,
      "case_paths": [
        "/ark/141/0093-01"
      ]
    },
    {
      "cite": "71 Ark. 494",
      "category": "reporters:state",
      "reporter": "Ark.",
      "case_ids": [
        1507788
      ],
      "opinion_index": -1,
      "case_paths": [
        "/ark/71/0494-01"
      ]
    },
    {
      "cite": "6 Ark. 109",
      "category": "reporters:state",
      "reporter": "Ark.",
      "case_ids": [
        8726686
      ],
      "opinion_index": -1,
      "case_paths": [
        "/ark/6/0109-01"
      ]
    },
    {
      "cite": "127 Ark. 54",
      "category": "reporters:state",
      "reporter": "Ark.",
      "case_ids": [
        1550279
      ],
      "opinion_index": -1,
      "case_paths": [
        "/ark/127/0054-01"
      ]
    },
    {
      "cite": "80 Ark. 458",
      "category": "reporters:state",
      "reporter": "Ark.",
      "case_ids": [
        1491220
      ],
      "opinion_index": -1,
      "case_paths": [
        "/ark/80/0458-01"
      ]
    },
    {
      "cite": "15 Ark. 519",
      "category": "reporters:state",
      "reporter": "Ark.",
      "case_ids": [
        8728508
      ],
      "weight": 2,
      "opinion_index": -1,
      "case_paths": [
        "/ark/15/0519-01"
      ]
    },
    {
      "cite": "91 S. W. 1027",
      "category": "reporters:state_regional",
      "reporter": "S.W.",
      "weight": 2,
      "opinion_index": -1
    },
    {
      "cite": "193 Mo. 421",
      "category": "reporters:state",
      "reporter": "Mo.",
      "case_ids": [
        1408124
      ],
      "opinion_index": -1,
      "case_paths": [
        "/mo/193/0421-01"
      ]
    },
    {
      "cite": "8 Am. Dec. 152",
      "category": "reporters:federal",
      "reporter": "Am. Dec.",
      "opinion_index": -1
    },
    {
      "cite": "64 Am. Dec. 148",
      "category": "reporters:federal",
      "reporter": "Am. Dec.",
      "opinion_index": -1
    },
    {
      "cite": "30 Miss. 91",
      "category": "reporters:state",
      "reporter": "Miss.",
      "case_ids": [
        11259963
      ],
      "opinion_index": -1,
      "case_paths": [
        "/miss/30/0091-01"
      ]
    },
    {
      "cite": "98 N C. 426",
      "category": "reporters:state",
      "reporter": "N.C.",
      "case_ids": [
        11274824
      ],
      "opinion_index": -1,
      "case_paths": [
        "/nc/98/0426-01"
      ]
    },
    {
      "cite": "75 Ark. 452",
      "category": "reporters:state",
      "reporter": "Ark.",
      "case_ids": [
        1502470
      ],
      "opinion_index": -1,
      "case_paths": [
        "/ark/75/0452-01"
      ]
    },
    {
      "cite": "111 Ark. 49",
      "category": "reporters:state",
      "reporter": "Ark.",
      "opinion_index": -1
    },
    {
      "cite": "89 Ark. 186",
      "category": "reporters:state",
      "reporter": "Ark.",
      "opinion_index": -1
    },
    {
      "cite": "44 Ark. 3",
      "category": "reporters:state",
      "reporter": "Ark.",
      "opinion_index": -1
    },
    {
      "cite": "11 Ark. 82",
      "category": "reporters:state",
      "reporter": "Ark.",
      "case_ids": [
        8727443
      ],
      "opinion_index": -1,
      "case_paths": [
        "/ark/11/0082-01"
      ]
    },
    {
      "cite": "140 Ark. 384",
      "category": "reporters:state",
      "reporter": "Ark.",
      "case_ids": [
        1594472
      ],
      "opinion_index": 0,
      "case_paths": [
        "/ark/140/0384-01"
      ]
    },
    {
      "cite": "101 Ark. 603",
      "category": "reporters:state",
      "reporter": "Ark.",
      "case_ids": [
        1311113
      ],
      "opinion_index": 0,
      "case_paths": [
        "/ark/101/0603-01"
      ]
    },
    {
      "cite": "90 Ark. 426",
      "category": "reporters:state",
      "reporter": "Ark.",
      "case_ids": [
        1513815
      ],
      "opinion_index": 0,
      "case_paths": [
        "/ark/90/0426-01"
      ]
    },
    {
      "cite": "30 Ark. 417",
      "category": "reporters:state",
      "reporter": "Ark.",
      "case_ids": [
        1881134
      ],
      "opinion_index": 0,
      "case_paths": [
        "/ark/30/0417-01"
      ]
    },
    {
      "cite": "44 Ark. 180",
      "category": "reporters:state",
      "reporter": "Ark.",
      "case_ids": [
        1893391
      ],
      "weight": 2,
      "opinion_index": 0,
      "case_paths": [
        "/ark/44/0180-01"
      ]
    },
    {
      "cite": "71 Ark. 614",
      "category": "reporters:state",
      "reporter": "Ark.",
      "case_ids": [
        1507831
      ],
      "opinion_index": 0,
      "case_paths": [
        "/ark/71/0614-01"
      ]
    },
    {
      "cite": "145 Ark. 310",
      "category": "reporters:state",
      "reporter": "Ark.",
      "case_ids": [
        1586103
      ],
      "opinion_index": 0,
      "case_paths": [
        "/ark/145/0310-01"
      ]
    },
    {
      "cite": "127 Ark. 54",
      "category": "reporters:state",
      "reporter": "Ark.",
      "case_ids": [
        1550279
      ],
      "opinion_index": 0,
      "case_paths": [
        "/ark/127/0054-01"
      ]
    },
    {
      "cite": "80 Ark. 458",
      "category": "reporters:state",
      "reporter": "Ark.",
      "case_ids": [
        1491220
      ],
      "opinion_index": 0,
      "case_paths": [
        "/ark/80/0458-01"
      ]
    },
    {
      "cite": "15 Ark. 519",
      "category": "reporters:state",
      "reporter": "Ark.",
      "case_ids": [
        8728508
      ],
      "opinion_index": 0,
      "case_paths": [
        "/ark/15/0519-01"
      ]
    }
  ],
  "analysis": {
    "cardinality": 676,
    "char_count": 14981,
    "ocr_confidence": 0.499,
    "pagerank": {
      "raw": 1.7965704667185453e-07,
      "percentile": 0.7157608416552471
    },
    "sha256": "e518a8d62a853002f345a256b4f678ab47401d5a19a2bfff9324aacd67f85b2c",
    "simhash": "1:ab33e4f88dc0dae6",
    "word_count": 2656
  },
  "last_updated": "2024-02-27T17:37:19.864965+00:00",
  "provenance": {
    "date_added": "2019-08-29",
    "source": "Harvard",
    "batch": "2018"
  },
  "casebody": {
    "judges": [],
    "parties": [
      "Howard v. Howard."
    ],
    "opinions": [
      {
        "text": "McCulloch, C. J.\nThis is an action instituted originally by Frances C. Howard, one of the appellees, against appellant and the other children and heirs at law of her deceased husband by a former marriage, to reform a deed conveying a certain tract of land in Union County. Appellant and the other defendants were non-residents of the State, and were summoned by warning order, and did not appear at the trial.\nThe action was begun in the year 1919, and at the September term, 1919, of the Union Chancery Court a final decree was rendered reforming the conveyance in accordance with the prayer of the complaint. Subsequently appellant purchased the interests of the other heirs, and then appeared in the chancery court and presented a petition asking that the decree be set aside and his defense allowed, and that upon a hearing of the cause the complaint be dismissed for want of equity.\nThe petition to set aside the decree was filed under the statute which provides that where a judgment has been rendered against a defendant constructively summoned and who did not appear, sucli defendant may at any time within two years after the rendition of the judgment appear in open court and move to have the action retried. Crawford & Moses\u2019 Digest, \u00a7 6266.\nAppellant in his petition set up two defenses, viz; first, that no mistakes had been made in the description of the land; and second, that the conveyance sought to be reformed was a voluntary one, .without valuable consideration, and that under these circumstances a court of equity should not reform it.\nAppellee, Mrs. Howard, then filed a supplemental complaint, in which she alleged that, while the deed sought to be reformed recited a consideration of one dollar and love and affection, there were other considerations, and that she had, in fact, furnished the funds with which her husband had originally purchased the land, and that a trust resulted from the transaction, notwithstanding the deed was made to her husband.\n\u2022 On the final hearing of the cause the petition of appellant was dismissed, and he has appealed to this court.\nThe effect of the court\u2019s final action was to sustain the original decree declaring the title to the land in controversy to be in the appellee, Mrs. Howard, and, regardless of the form, we must so treat it. If the decree was correct from any viewpoint of the pleadings and evidence, it should be affirmed.\n\u2022The deed sought to be reformed was one executed by D. C. Howard, appellant\u2019s father, to the appellee, Mrs. Howard, who was his wife. D. C. Howard was married three times, and appellant and his brothers and sisters were the children of his second wife, who was the owner of a tract of land in Union County containing 160 acres. Appellant and the other children inherited this land on the death of their mother, but D. C. Howard continued to occupy it after his wife\u2019s death. About the year 1890, D. C. Howard and Frances C. Howard, appellee, intermarried, and in the year 1895 the tract of land in controversy, containing 20 acres and \u25a0 described as the W14 of E% of SE14 of section 12, township 18 south, range 16 west, was purchased from one Hinson. This tract of land was unimproved and of small value, the price paid being $25 when Hinson conveyed it to D. C. Howard. It was adjoining the tract of land which appellant and the other children had inherited from their mother, and which they had, after their mother\u2019s death, conveyed to their father. The tract in controversy was purchased from Hinson by Howard for the purpose of building his residence- on it, and immediately after the purchase a dwelling house, costing $1,000 to $1,200, was erected. D. C. Howard and his last wif.e, appellee, occupied this house until Howard\u2019s death in the year 1917.\nIn September, 1912, the deed sought to be reformed in this action was executed by D. C. Howard to his wife, the appellee. It conveyed another tract of land containing 40 acres not involved in this controversy, and also a 20-acre tract described as the E% of the Ey2 of the SE]4 of said section 12. It is alleged in the pleadings and in appellee\u2019s testimony that there was a mistake in the description and that it was intended to convey the W14 of the E% of the SE% of section 12, the tract purchased from Hinson.\nAbout the time of the execution of this deed J>. C. Howard made his will, in which he devised to appellant and the other children of his former wife, the tract of 160 acres, which the children had conveyed to him after the death of their mother.\nSubsequent to the first decree, Mrs. Howard sold and conveyed the land in controversy to the other appellees, who afterwards were joined as parties to this action.\nMrs. Howard testified that when she married D. C. Howard she was a widow and had $100 in cash and- a lot of cattle, which she turned over to her husband, and that the cattle were sold by her husband and the proceeds used. She testified that she furnished the sum of $25 with which the Hinson land was purchased, and that she also paid for the building of the house. She testified that her husband\u2019s deed to her was executed pursuant to a family settlement, in which it was agreed, that he should convey the 20 acres of land in controversy to her as well as the other 40 not in controversy, and that the 160-acre tract which he obtained from his children should be devised to them free of any claim of her own for dower or otherwise.\nShe testified that when the deed was made it was the intention of the parties that it should describe the land which had been purchased from Hinson, but that she did not ascertain until after her husband\u2019s death that a mistake had been made in the description.\nMr. Tatum, a justice of the peace, who prepared the deed, testified that he did so on Howard\u2019s request and at the latter\u2019s home on this particular land in controversy, and that Howard handed him the Hinson deed with instructions to copy the description from that deed, and that he intended to do so but made a mistake in copying the description.\nThe man who built the house on the land was a witness in the case, and testified that Mrs. Howard, the appellee, paid him $25 for building the house. There was other proof showing that the house cost about $1,000, and Howard himself had furnished the material that went into it.\nProof of the mistake in the deed of D. C. Howard to his wife, the appellee, and that it was intended to convey the tract purchased from Hinson, is \u2018 \u2018 clear, unequivocal and decisive,\u201d as required by the rule so often announced by this court. McGuigan v. Gaines, 71 Ark. 614, and later cases. If therefore the deed of conveyance was of such a character as a court of equity should reform -for the purpose of correcting mutual mistakes therein, the proof is abundant to justify the decree of reformation.\nThe contention of appellant is, however, that the deed was a voluntary conveyance and executed without valuable consideration, and they invoke the rule announced in the decision o-f this court that such a conveyance will not be reformed. Dyer v. Bean, 15 Ark. 519; Smith v. Smith, 80 Ark. 458; Jackson v. Wolfe, 127 Ark. 54.\nCounsel on each side debate the question whether or not a deed of conveyance reciting a consideration merely of one dollar paid, and love and affection, is a voluntary conveyance for a nominal consideration, or whether it constitutes a valuable consideration. There seems to be some contrariety of opinion among the authorities cited, but, regardless of the conflict, our court has heretofore taken a position on the question and held that such recital merely constitutes a nominal' consideration, and that a conveyance based thereon must be treated as voluntary. Carmack v. Lovett, 44 Ark. 180. Both sides cite the recent case of Lawrence v. Mahoney, 145 Ark. 310, as supporting their respective contentions. We held in that case that a gas and oil lease reciting a consideration of one dollar for a lease in an unexplored and unimproved field was based upon more than a nominal consideration which was sufficient to support the contract. The clear implication from that opinion is that the recital of a consideration of one dollar in an ordinary lease of land for the purpose of occupation and cultivation, or in a deed of conveyance of land, should be treated as a nominal consideration.\nOur conclusion, therefore, is that, so far as the recitals of the deed are concerned, it appears to have been based upon a nominal consideration and was a voluntary one. But the testimony in this case shows by a clear preponderance that there were other considerations, of a valuable nature, for this conveyance, which were not recited in the deed. According to the preponderance of the evidence, Mrs. Howard paid the price for the purchase of the land from Hinson, and it was the intention of herself and her husband that the conveyance should be to her, and when her husband discovered, years later, that the Hinson conveyance was to himself, he sent for Tatum and caused the deed to be prepared in order to convey the title to his wife. The testimony is sufficient to show that Mrs. Howard paid for the building of the house on the land, and that her husband made this conveyance in consideration of these facts.\nOral testimony is, we think, admissible to prove the real consideration so as to show that it was not a voluntary conveyance. This court has decided, it is true, that where a deed is attacked as a fraud against creditors it cannot be supported by showing a different consideration from that expressed in the face of the deed (Galbreath, Stewart & Co. v. Cook, 30 Ark. 417; Carmack v. Lovett, supra,) but that rule is not applicable to the present case. No attack is made on the validity of the conveyance itself, and the question is whether or not the party asking reformation is a purchaser for a valuable consideration so as to justify a reformation. We think that in such a case no rule of evidence is violated by permitting proof of other valuable considerations different from the nominal consideration recited in the deed, that recital not being contractual in its nature. Magill Lumber Co. v. Lane-White Lbr. Co., 90 Ark. 426; Carwell v. Dennis, 101 Ark. 603; Sims v. Best, 140 Ark. 384.\nA bare preponderance of the evidence is sufficient to prove such further consideration, for it is not a contradiction of the terms of the written instrument. Magill Lbr. Co. v. Lane-White Lbr. Co., supra.\nOur conclusion is that the proof is not sufficient to meet the \u201cclear, unequivocal and decisive\u201d rule of evidence required to establish a resulting trust, but that, according to the preponderance of the evidence, there were other considerations for the deed which made it more than a nominal consideration, so that the grantee was in the position to ask a court of equity for a reformation of the deed. The proof concerning the mutual mistake is, as before stated, sufficiently \u201cclear, unequivocal and decisive\u201d to justify the decree of reformation.\nThe decree is therefore affirmed.",
        "type": "majority",
        "author": "McCulloch, C. J."
      }
    ],
    "attorneys": [
      "Patterson d> Hector and Gaughan & Sifford, for appellant.",
      "Marsh db Marlin, and Jones & Head, for appellee."
    ],
    "corrections": "",
    "head_matter": "Howard v. Howard.\nOpinion delivered March 13, 1922.\n1. Reformation of instruments \u2014 sufficiency of evidence. \u2014 Proof of a mutual mistake in description of land intended to be conveyed by a deed held to be \u201cclear, unequivocal and decisive.\u201d\n2. Reformation of instruments \u2014 voluntary conveyances. \u2014 A voluntary conveyance will not be reformed.\n3. Reformation of instruments \u2014 voluntary conveyances.- \u2014 A deed which recites a nominal consideration of one dollar and love and affection, so far as its recitals are concerned, appears to be a voluntary conveyance, within the rule that said conveyance will not be reformed.\n4. Evidence \u2014 farol proof of consideration of deed. \u2014 Though a deed attacked as a fraud upon creditors cannot be supported by proof of a consideration different from that expressed in the face of the deed, no rule of evidence is violated, in a suit by the grantee in a deed to reform it, by permitting such grantee, as against the grantor\u2019s heirs, to show that the deed, though apparently a voluntary conveyance, was in fact based on a valuable consideration different from that recited in the deed, such recital not being contractual in its nature.\nAppeal from Union Chancery Court; J. Y. Stevens, Chancellor;\naffirmed.\nPatterson d> Hector and Gaughan & Sifford, for appellant.\nThe evidence is not sufficient to establish a resulting trust in D. C. Howard for the benefit of his wife, Prances C. Howard. 11 Ark. 82; 44 Ark. 3-65; 89 Ark. 186; 111 Ark. 49; 75 Ark. 452.\nThe deed from D. C. Howard to his wife should be regarded as a voluntary conveyance, notwithstanding the recited consideration of one dollar. .98 N C. 426; 2 Am. S. E. 342; 30 Miss. 91; 64 Am. Dec. 148; 8 Am. Dec. 152. Since the consideration recited is merely nominal and was not in fact paid, and love and affection is recited as the consideration, the court would not be justified in changing the nature of an instrument merely because a consideration is recited. 23 E. C. L. secs. 38-39. pp. 344-4, notes 6 to 18.\nA purely voluntary conveyance will not be reformed. 193 Mo. 421, 91 S. W. 1027; 15 Ark. 519; 80 Ark. 458; 127 Ark. 54.\nThe sums paid by Mrs. Howard either for purchase price of land or toward cost of erecting house cannot be treated as a valuable consideration for the execution of the deed to her.\nMarsh db Marlin, and Jones & Head, for appellee.\n\"Where a valuable consideration is expressed in a deed, it may not be contradicted where the effect of such contradiction would be to avoid the instrument. 6 Ark. 109; 71 Ark. 494; 141 Ark. 93; 99 Ark. 350; 125 Ark. 441; 145 Ark. 310; 227 U. S. 101.\n. The deed was not voluntary. Any consideration which will support a deed is sufficient for the purpose of reformation. 23 R. C. L. sec. 39; 34 Oyc. 929; 58 Ind. 1; 110 G-a. 278; 108 Ind. 61, 9 N. E. 112. One dollar is sufficient consideration to uphold a deed. 145 Ark. 310.\nA meritorious consideration is sufficient to enlist the aid of a court of equity for reformation. 6 Pom. Eq. Bern. \u00a7 679, p. 1144; 23 R. O. L. \u00a7 40, p. 346; 34 Cye. 940; 15 Ark. 519; 47 Am. Dec. 505; 47 N. J. Eq. 400; 10 S. E. 308; 39 S. W. 449; 91 S. W. 1027; 119 S. W. 414; 176 N. W. 42.\nThe deed was in the -nature of a family settlement, and based on a meritorious consideration, and therefore capable of reformation. 4 Pom. Eo. Jur., \u00a7 1376, p. 2725; 2 Pom. Jur., \u00a7 781; 75 So. 770; 176 N. W. 43.\nEven though the land be treated as a parol gift to appellee, the fact that Capt. Howard and others regarded tlie land as belonging to Ms wife, and she held possession thereof, is sufficient ground for reforming the deed. 96 Ark. 609.\nAppellant is estopped by reason of his urging and acquiescing in the sale of the land by appellee. 39 Ark. 131; 37 Ark. 47; 10 Ark. 211; 24 Ark. 371; 85 Ark. 163.\nA resulting trust arose by reason of the purchase of the land by appellee and the fact that she furnished the money for the erection of the house. 98 Ark. 452; 40 Ark. 67; 79 Ark. 69."
  },
  "file_name": "0387-01",
  "first_page_order": 411,
  "last_page_order": 418
}
