{
  "id": 1364093,
  "name": "McKinney v. First National Bank of Batesville",
  "name_abbreviation": "McKinney v. First National Bank",
  "decision_date": "1922-03-13",
  "docket_number": "",
  "first_page": "403",
  "last_page": "406",
  "citations": [
    {
      "type": "official",
      "cite": "152 Ark. 403"
    }
  ],
  "court": {
    "name_abbreviation": "Ark.",
    "id": 8808,
    "name": "Arkansas Supreme Court"
  },
  "jurisdiction": {
    "id": 34,
    "name_long": "Arkansas",
    "name": "Ark."
  },
  "cites_to": [
    {
      "cite": "116 Ark. 377",
      "category": "reporters:state",
      "reporter": "Ark.",
      "case_ids": [
        1532251
      ],
      "opinion_index": -1,
      "case_paths": [
        "/ark/116/0377-01"
      ]
    },
    {
      "cite": "96 Ark. 105",
      "category": "reporters:state",
      "reporter": "Ark.",
      "case_ids": [
        1541989
      ],
      "opinion_index": -1,
      "case_paths": [
        "/ark/96/0105-01"
      ]
    },
    {
      "cite": "120 Ark 476",
      "category": "reporters:state",
      "reporter": "Ark.",
      "case_ids": [
        1561066
      ],
      "opinion_index": -1,
      "case_paths": [
        "/ark/120/0476-01"
      ]
    },
    {
      "cite": "118 Ark. 524",
      "category": "reporters:state",
      "reporter": "Ark.",
      "case_ids": [
        1562527
      ],
      "opinion_index": -1,
      "case_paths": [
        "/ark/118/0524-01"
      ]
    },
    {
      "cite": "129 Ark. 193",
      "category": "reporters:state",
      "reporter": "Ark.",
      "case_ids": [
        1580496
      ],
      "opinion_index": -1,
      "case_paths": [
        "/ark/129/0193-01"
      ]
    },
    {
      "cite": "117 Ark. 221",
      "category": "reporters:state",
      "reporter": "Ark.",
      "case_ids": [
        1564934
      ],
      "opinion_index": -1,
      "case_paths": [
        "/ark/117/0221-01"
      ]
    },
    {
      "cite": "92 Ark. 622",
      "category": "reporters:state",
      "reporter": "Ark.",
      "case_ids": [
        1548545
      ],
      "opinion_index": -1,
      "case_paths": [
        "/ark/92/0622-01"
      ]
    },
    {
      "cite": "80 Ark. 206",
      "category": "reporters:state",
      "reporter": "Ark.",
      "opinion_index": -1
    },
    {
      "cite": "80 Ark. 579",
      "category": "reporters:state",
      "reporter": "Ark.",
      "case_ids": [
        1491148
      ],
      "opinion_index": -1,
      "case_paths": [
        "/ark/80/0579-01"
      ]
    },
    {
      "cite": "38 Ark. 477",
      "category": "reporters:state",
      "reporter": "Ark.",
      "case_ids": [
        1900469
      ],
      "opinion_index": -1,
      "case_paths": [
        "/ark/38/0477-01"
      ]
    },
    {
      "cite": "95 Ark. 552",
      "category": "reporters:state",
      "reporter": "Ark.",
      "case_ids": [
        1543598
      ],
      "opinion_index": -1,
      "case_paths": [
        "/ark/95/0552-01"
      ]
    },
    {
      "cite": "91 Ark. 61",
      "category": "reporters:state",
      "reporter": "Ark.",
      "opinion_index": -1
    },
    {
      "cite": "77 Ark. 580",
      "category": "reporters:state",
      "reporter": "Ark.",
      "case_ids": [
        1499203
      ],
      "opinion_index": -1,
      "case_paths": [
        "/ark/77/0580-01"
      ]
    },
    {
      "cite": "47 Ark. 378",
      "category": "reporters:state",
      "reporter": "Ark.",
      "case_ids": [
        1888710
      ],
      "opinion_index": -1,
      "case_paths": [
        "/ark/47/0378-01"
      ]
    },
    {
      "cite": "32 Ark. 619",
      "category": "reporters:state",
      "reporter": "Ark.",
      "case_ids": [
        1877125
      ],
      "opinion_index": -1,
      "case_paths": [
        "/ark/32/0619-01"
      ]
    },
    {
      "cite": "29 Ark. 386",
      "category": "reporters:state",
      "reporter": "Ark.",
      "case_ids": [
        1882946
      ],
      "opinion_index": -1,
      "case_paths": [
        "/ark/29/0386-01"
      ]
    },
    {
      "cite": "130 Ark. 116",
      "category": "reporters:state",
      "reporter": "Ark.",
      "case_ids": [
        8718184
      ],
      "opinion_index": -1,
      "case_paths": [
        "/ark/130/0116-01"
      ]
    },
    {
      "cite": "36 Ark. 89",
      "category": "reporters:state",
      "reporter": "Ark.",
      "case_ids": [
        1872376
      ],
      "opinion_index": -1,
      "case_paths": [
        "/ark/36/0089-01"
      ]
    },
    {
      "cite": "33 Ark. 740",
      "category": "reporters:state",
      "reporter": "Ark.",
      "case_ids": [
        8726121
      ],
      "opinion_index": -1,
      "case_paths": [
        "/ark/33/0740-01"
      ]
    },
    {
      "cite": "134 Ark. 100",
      "category": "reporters:state",
      "reporter": "Ark.",
      "case_ids": [
        1573321
      ],
      "opinion_index": -1,
      "case_paths": [
        "/ark/134/0100-01"
      ]
    },
    {
      "cite": "116 Ark. 377",
      "category": "reporters:state",
      "reporter": "Ark.",
      "case_ids": [
        1532251
      ],
      "opinion_index": 0,
      "case_paths": [
        "/ark/116/0377-01"
      ]
    },
    {
      "cite": "118 Ark. 524",
      "category": "reporters:state",
      "reporter": "Ark.",
      "case_ids": [
        1562527
      ],
      "opinion_index": 0,
      "case_paths": [
        "/ark/118/0524-01"
      ]
    },
    {
      "cite": "130 Ark. 116",
      "category": "reporters:state",
      "reporter": "Ark.",
      "case_ids": [
        8718184
      ],
      "opinion_index": 0,
      "case_paths": [
        "/ark/130/0116-01"
      ]
    }
  ],
  "analysis": {
    "cardinality": 341,
    "char_count": 5949,
    "ocr_confidence": 0.48,
    "pagerank": {
      "raw": 8.431403558356252e-08,
      "percentile": 0.4840450157518836
    },
    "sha256": "f18a5aab0b312397085196fd4c77c5b471d13e7f8cbeddc5dddaecd250d22edb",
    "simhash": "1:67f18fa685160ed2",
    "word_count": 1023
  },
  "last_updated": "2024-02-27T17:37:19.864965+00:00",
  "provenance": {
    "date_added": "2019-08-29",
    "source": "Harvard",
    "batch": "2018"
  },
  "casebody": {
    "judges": [],
    "parties": [
      "McKinney v. First National Bank of Batesville."
    ],
    "opinions": [
      {
        "text": "McCulloch, C. J.\nThe price of the county warrants of Independence County became depreciated, or it was thought that they were about to become depreciated, and on November 1, 1917, the county court entered an order reciting that certain banks in the city of Batesville had agreed to cash the warrants thereafter issued so as to keep the price of warrants at par, and that thereafter the county would pay interest on the warrants semi-annually at the rate of 8 per cent, per annum, payments to be made on the first Monday in May and November if the holders of the warrants should file with the county clerk a list on which interest was claimed. The order of the county court further provided that there should be endorsed on each warrant thereafter issued a stipulation in the following form:\n\u201cThe holder of this warrant is entitled to the benefits accruing under an order made by the county court on the 1st day of November, 1917.\u201d\nIt appears that appellees, three banking institutions in the city of Batesville, are the holders of warrants aggregating the face value of the sum of $61,771.33, issued by the county court after November 1, 1917, and bearing the notation set forth above.\nThe county court made and entered an order on July 25, 1921, calling in all of the county warrants for cancellation and reissuance, and, pursuant to the order, each of the appellees presented for reissuance the warrants which it held. The county court decided that the warrants held by appellees were void on account of the notation in regard to the payment of interest, and made an order canceling the warrants.\nAppellants were made parties in the county courl as citizens and taxpayers protesting against the reissuance of the warrants held by the appellees.\nThere was an appeal prosecuted to the circuit court by the present appellees, and on the trial in that court there was a judgment directing the reissuance of'the warrants for their face value, without adding any accumulated interest and without the notation for the payment of interest in the future.\nAn appeal' has been prosecuted to this court, but there is no bill of exceptions bringing into the record the testimony in the form of an agreed statement of facts upon which the case appears to have been heard.\nThe Constitution, article 16, \u00a7 1, provides that no county, city or municipality shall issue any interest-bearing evidences of indebtedness, and the attempt on the part of the county court to provide for the payment of interest was void. Quinn v. Reed, 130 Ark. 116.\nThe warrants, if issued upon proper allowances made by the county court, were not void except to the extent of the stipulation to pay interest. Forrest City v. Bank of Forrest City, 116 Ark. 377.\nIt was the. duty of the county court, upon the presentation of the warrants, to order a reissuance thereof to the extent that they were valid and legal claims against the county. Monroe County v. Brown, 118 Ark. 524.\nThere being no bill of exceptions in the case preserving the evidence upon which the cause was heard, we must indulge the presumption that the trial court was justified in finding that the warrants were valid to the extent of the amounts stated on the face, exclusive of the agreement to pay interest.\nIt is contended by counsel for appellants that interest was unlawfully collected on these warrants, and that the amounts so collected should be deducted from the reissued warrants, but we must also assume, in the absence of a bill of exceptions, that there was no proof made of the collection of interest.\nThe judgment is therefore affirmed.",
        "type": "majority",
        "author": "McCulloch, C. J."
      }
    ],
    "attorneys": [
      "I. J. Matheny and W. M. Thompson, for appellants.",
      "C. F. Cole, Ernest Neill and Samuel M. Casey, for. appellees."
    ],
    "corrections": "",
    "head_matter": "McKinney v. First National Bank of Batesville.\nOpinion delivered March 13, 1922.\n1. Counties \u2014 interest-bearing evidences of indebtedness.\u2014 Under Const, art. 16, \u00a7 1, providing that no county, city or municipality shall issue any interest-bearing evidences of indebtedness, an attempt on the part of the county court to provide for the payment of interest is void.\n2. Counties \u2014 interest-bearing warrants. \u2014 County warrants stipulating that they shall bear interest, if issued upon proper allowances by the county court, are not void except to the extent of the stipulation to pay interest.\n3. Counties \u2014 order calling in warrants \u2014 reissuance.\u2014Where county warrants are presented in pursuance of an order of the county court calling them in for cancellation and reissuance, it is the duty of the county court to order a reissuance thereof to the extent that they are valid and legal claims against the county.\n4. Appeal and error \u2014 absence op bill of exceptions \u2014 presumption. \u2014 In the absence of a bill of exceptions it will be presumed that the evidence sustained the court\u2019s findings.\nAppeal from Independence Circuit Court; Dene H. Coleman, Judge;\naffirmed.\nI. J. Matheny and W. M. Thompson, for appellants.\nThe county court was legally in session. The order was advertised as required by law. C. & M. Digest, \u00a7 1994. The sheriff\u2019s return was full and complete. 134 Ark. 100.\nThe presentation of the scrip was a waiver of the insufficiency of the notice. 33 Ark. 740.\nThe warrants were issued in violation of law. Const. 1874; 36 Ark. 89; 130 Ark. 116.\nThe contracts entered into between the county judge and the banks were void. Constitution 1874, art. 16, \u00a7 1; 29 Ark. 386; 32 Ark. 619; 47 Ark. 378; 77 Ark. 580; 91 Ark. 61; Bishop on Contracts, \u00a7 458.\nA contract to perform an unlawful act cannot be enforced. 95 Ark. 552.\nC. F. Cole, Ernest Neill and Samuel M. Casey, for. appellees.\nThe failure of appellants to bring the oral testimony into the record calls for an affirmance. 38 Ark. 477; 80 Ark. 579; 80 Ark. 206; 92 Ark. 622; 117 Ark. 221.\nThe certificate of the clerk was in conflict with the judgment. 129 Ark. 193.\nThe warrants were valid claims against the county and should have been reissued. 118 Ark. 524; 120 Ark 476; 96 Ark. 105.\nThe indorsement on tlie 'warrants providing for the payment of interest did not render them void. 116 Ark. 377."
  },
  "file_name": "0403-01",
  "first_page_order": 427,
  "last_page_order": 430
}
