{
  "id": 1364130,
  "name": "Moreno-Burkham Construction Company v. Thorpe",
  "name_abbreviation": "Moreno-Burkham Construction Co. v. Thorpe",
  "decision_date": "1922-03-27",
  "docket_number": "",
  "first_page": "550",
  "last_page": "553",
  "citations": [
    {
      "type": "official",
      "cite": "152 Ark. 550"
    }
  ],
  "court": {
    "name_abbreviation": "Ark.",
    "id": 8808,
    "name": "Arkansas Supreme Court"
  },
  "jurisdiction": {
    "id": 34,
    "name_long": "Arkansas",
    "name": "Ark."
  },
  "cites_to": [
    {
      "cite": "40 Ark. 141",
      "category": "reporters:state",
      "reporter": "Ark.",
      "case_ids": [
        1897091
      ],
      "opinion_index": -1,
      "case_paths": [
        "/ark/40/0141-01"
      ]
    },
    {
      "cite": "32 Ark. 17",
      "category": "reporters:state",
      "reporter": "Ark.",
      "case_ids": [
        1877191
      ],
      "opinion_index": -1,
      "case_paths": [
        "/ark/32/0017-01"
      ]
    },
    {
      "cite": "62 Ark. 144",
      "category": "reporters:state",
      "reporter": "Ark.",
      "case_ids": [
        1905651
      ],
      "opinion_index": -1,
      "case_paths": [
        "/ark/62/0144-01"
      ]
    },
    {
      "cite": "59 Ark. 583",
      "category": "reporters:state",
      "reporter": "Ark.",
      "case_ids": [
        1327713
      ],
      "weight": 2,
      "opinion_index": -1,
      "case_paths": [
        "/ark/59/0583-01"
      ]
    },
    {
      "cite": "144 Ark. 401",
      "category": "reporters:state",
      "reporter": "Ark.",
      "case_ids": [
        1588027
      ],
      "opinion_index": 0,
      "case_paths": [
        "/ark/144/0401-01"
      ]
    },
    {
      "cite": "115 Ark. 272",
      "category": "reporters:state",
      "reporter": "Ark.",
      "case_ids": [
        1533776
      ],
      "opinion_index": 0,
      "case_paths": [
        "/ark/115/0272-01"
      ]
    },
    {
      "cite": "69 Ark. 429",
      "category": "reporters:state",
      "reporter": "Ark.",
      "case_ids": [
        8723895
      ],
      "opinion_index": 0,
      "case_paths": [
        "/ark/69/0429-01"
      ]
    },
    {
      "cite": "59 Ark. 583",
      "category": "reporters:state",
      "reporter": "Ark.",
      "case_ids": [
        1327713
      ],
      "opinion_index": 0,
      "case_paths": [
        "/ark/59/0583-01"
      ]
    }
  ],
  "analysis": {
    "cardinality": 252,
    "char_count": 4874,
    "ocr_confidence": 0.499,
    "pagerank": {
      "raw": 4.03580807328026e-08,
      "percentile": 0.05132229716867663
    },
    "sha256": "ef7f3f84ff0a653c21d49c5808022b3ab8ddd841a7bee63be351aad3b642a965",
    "simhash": "1:da65b6052ee3b949",
    "word_count": 816
  },
  "last_updated": "2024-02-27T17:37:19.864965+00:00",
  "provenance": {
    "date_added": "2019-08-29",
    "source": "Harvard",
    "batch": "2018"
  },
  "casebody": {
    "judges": [],
    "parties": [
      "Moreno-Burkham Construction Company v. Thorpe."
    ],
    "opinions": [
      {
        "text": "Hart, J.,\n(after stating1 the facts). The return of service on the writ of garnishment in this cause shows no sufficient service on the garnishee, MorenoBurkham Construction Company. It does not appear from the record whether the Moreno-Burkham Construction Company was a foreign or domestic corporation, or a partnership. If it was a domestic corporation, the return is not sufficient, because it does not show that service was had on the agent of the corporation during the absence of the president of the company, as required by \u00a7 1147 of Crawford & Moses\u2019 Digest. If appellant was a foreign corporation, the return is not sufficient because it does not show that service was had upon the agent designated by the corporation in the manner provided by \u00a7 1829 of Crawford & Moses\u2019 Digest. See Arkansas Construction Co. v. Mullins, 69 Ark. 429, and Southern Building & Loan Association v. Hallum, 59 Ark. 583. Neither does the return show that the summons was served upon the agent, servant, or employee in charge of a branch office or other place of business of the corporation in Washington County, Ark. Hence.the return is not sufficient as covering the matter of service of process on domestic and foreign corporations who keep or maintain a 'branch office or other place of business in any of the counties of this State. See Fort Smith Lbr. Co. v. Shackleford, 115 Ark. 272, and Terry Dairy Co. v. Parker, 144 Ark. 401.\nIf appellant was a partnership, service must have been had upon the individual members composing the partnership, and the return is insufficient because it does not show that fact.\nThe effect of the above decisions is that no presumption can be indulged upon an appeal from a judgment by default that there was some other and different service had from that which appears in the record.\nThe judgment is therefore reversed and the cause remanded with directions to proceed in the cause, the appellant having entered its appearance by appealing.",
        "type": "majority",
        "author": "Hart, J.,"
      }
    ],
    "attorneys": [
      "Walker S Walker, for appellees."
    ],
    "corrections": "",
    "head_matter": "Moreno-Burkham Construction Company v. Thorpe.\nOpinion delivered March 27, 1922.\n1. Garnishment \u2014 sufficiency of return of service. \u2014 A sheriff\u2019s return to a writ of garnishment that he delivered a copy thereof to the within named company by delivering to its manager a true and perfect copy is insufficient in failing to show whether the company was a domestic or foreign corporation or a partnership; if the company was a domestic corporation, the return should show that service was had on its agent during the absence of the president, as required- by Crawford & Moses\u2019 Dig., \u00a7 1147; if it was a foreign corporation, the return should show that service was had upon the agent designated by the corporation as required by \u00a7 1829 of Crawford & Moses\u2019 Dig., or upon the agent, servant or employee in charge of a branch office in the county; if it was a partnership, service must be had upon the individual members composing it.\n2. Appeal and error \u2014 presumption as to service op process.\u2014 No presumption can be indulged upon appeal from a judgment by default that there was some other and different service had from that which appears in the record.\nAppeal from Washington Circuit Court, W. A. Dickson, Judge;\nreversed.\nSTATEMENT OP PACTS.\nAlbert Thorpe sued E. G. Culbertson in the circuit court to recover the sum of $321.95 alleged to be due him on a certificate of indebtedness signed by said Culbertson which is set forth in the complaint. Thorpe also alleged that the Moreno-Burkham Construction Company was indebted to E. G. Culbertson in the sum of $400, and procured a writ of garnishment to be issued against said Moreno-Burkham Construction Company. The return of the sheriff on writ is as follows:\n\u201cState of Arkansas,\n\u201cCounty of Washington.\n\u201cOn this 21st day of April, 1921, I have duly served the within writ by delivering a copy and stating the substance thereof, to the within named E. G. Culbertson and Moreno-Burkham Construction' Co., by delivering to C. L. French, manager of Moreno-Burkham Construction Company, a true and perfect copy of this summons.\n\u201cH. E. Jackson, Sheriff.\n\u201cJ. G. Gardner, D. S.\u201d\nSubsequently a decree by default was entered of record against the defendant, E. G. Culbertson, and the garnishee, Moreno-Burkham Construction Company, in the sum of $321.95.'\nThe Moreno-Burkham Construction Company has duly prosecuted an appeal to this court.\nJohn Mayes, for appellant.\nThe court did not have jurisdiction. The summons was not legally served. C. & M. Digest, sec. 1826 et seq.; See also 59 Ark. 583.\nService of summons upon any agent or employee of a corporation is not binding. 62 Ark. 144; 32 Ark. 17; 40 Ark. 141; 59 Ark. 583.\nWalker S Walker, for appellees.\nThe testimony fails to show that Moreno-Burkham Construction Company is a corporation, having an agent for service. It is presumed that the service was regular, and that the judgment should be affirmed."
  },
  "file_name": "0550-01",
  "first_page_order": 574,
  "last_page_order": 577
}
