{
  "id": 1373942,
  "name": "Miller v. Watkins",
  "name_abbreviation": "Miller v. Watkins",
  "decision_date": "1925-06-15",
  "docket_number": "",
  "first_page": "60",
  "last_page": "61",
  "citations": [
    {
      "type": "official",
      "cite": "169 Ark. 60"
    }
  ],
  "court": {
    "name_abbreviation": "Ark.",
    "id": 8808,
    "name": "Arkansas Supreme Court"
  },
  "jurisdiction": {
    "id": 34,
    "name_long": "Arkansas",
    "name": "Ark."
  },
  "cites_to": [
    {
      "cite": "167 Ark. 633",
      "category": "reporters:state",
      "reporter": "Ark.",
      "case_ids": [
        1377023
      ],
      "opinion_index": 0,
      "case_paths": [
        "/ark/167/0633-01"
      ]
    },
    {
      "cite": "107 Ark. 402",
      "category": "reporters:state",
      "reporter": "Ark.",
      "case_ids": [
        1344029
      ],
      "opinion_index": 0,
      "case_paths": [
        "/ark/107/0402-01"
      ]
    },
    {
      "cite": "114 Ark. 1",
      "category": "reporters:state",
      "reporter": "Ark.",
      "case_ids": [
        1536302
      ],
      "opinion_index": 0,
      "case_paths": [
        "/ark/114/0001-01"
      ]
    },
    {
      "cite": "72 Ark. 272",
      "category": "reporters:state",
      "reporter": "Ark.",
      "case_ids": [
        1505627
      ],
      "opinion_index": 0,
      "case_paths": [
        "/ark/72/0272-01"
      ]
    }
  ],
  "analysis": {
    "cardinality": 256,
    "char_count": 3975,
    "ocr_confidence": 0.502,
    "pagerank": {
      "raw": 1.313003656746219e-07,
      "percentile": 0.624876199345985
    },
    "sha256": "d472144a846db6307c37a7b58b2620104599b2d731164c9471f1d9ee81906d61",
    "simhash": "1:a6b62401769c7848",
    "word_count": 692
  },
  "last_updated": "2024-02-28T00:06:49.445516+00:00",
  "provenance": {
    "date_added": "2019-08-29",
    "source": "Harvard",
    "batch": "2018"
  },
  "casebody": {
    "judges": [],
    "parties": [
      "Miller v. Watkins."
    ],
    "opinions": [
      {
        "text": "Smith, J.\nThis is a suit by the administrator' of the estate of Mrs. Nellie T. Rogers against the administrator of the estate of T. B. Rogers. The intestates, who were first cousins, were married about thirty years ago, Mrs. Rogers died in 1913, and her husband died March 1, 1922. No children were born to them.\nT. B. Rogers in 1909 purchased from J. H. Franklin a lot in the city of Searcy. The testimony is undisputed that the consideration recited in the deed was paid by T. B. Rogers, but the testimony is conflicting as to whether the deed was made to him, or to his wife, or to both as tenants by the entirety.\nThis deed was never placed of record and was lost, and, upon this representation being made to Franklin, the grantor, he executed a second deed on March 1, 1921, this deed being made to T. B. Rogers.\nPrior to the execution of this deed, and after the death of Mrs. Rogers, a dispute had arisen between Rogers and the heirs of his wife over the title to this land and certain personal property which the heirs claimed belonged to Mrs. Rogers.\nWhile suit for this property was threatened during ihe lifetime of Rogers, it was not actually commenced until after his death, and when commenced the administrator of Rogers\u2019 estate was the sole defendant, his heirs not being made parties, and the administrator of Mrs. Rogers\u2019 estate was the sole plaintiff, her heirs not being made plaintiffs.\nThe suit was (brought to recover both the land and the personal property, or its value, the same having been sold by the administrator of T. B. Rogers\u2019 estate. The complaint alleged plaintiff\u2019s appointment as administrator, and that there were debts due two of the sisters of Mrs. Rogers; but this allegation was specifically denied, and no testimony was offered to show that Mrs. Rogers was indebted to any one. A nonsuit was taken by the plaintiff in so far as the recovery of the value of the personal property was concerned, and the cause was tried as one to establish title to the lot and to recover possession thereof. The court found the fact to be that the deed from Franklin had been made to Mrs. Rogers, but that her heirs were barred from recovering the lot by the adverse possession of her husband, and the plaintiff has appealed.\nThis appeal may be disposed of by saying that the plaintiff shows no authority to sue. The suit was brought as one to establish title and recover possession, and neither the heirs of Mrs. Rogers nor those of her husband \u25a0were made parties to this litigation.\nMoreover, no showing, was made that the administrator of Mrs. Rogers\u2019 estate required possession of the land to pay debts, even though Mrs. Rogers\u2019 title had not been disputed, and the administrator of Mrs. Rogers bad no right to sue, for this reason. \u00a7 152 C. & M. Dig; Hopson v. Oxford, 72 Ark. 272; Doke v. Benton County Lbr. Co., 114 Ark. 1; Jones v. Jones, 107 Ark. 402; Campbell v. Smith, 167 Ark. 633.\nWithout considering, therefore, the question whether the finding of the court below on the issue of fact as to adverse possession is against the preponderance of the testimony, the 'decree of the court below will be affirmed on account of the incapacity of the plaintiff to maintain the action. It is so ordered.",
        "type": "majority",
        "author": "Smith, J."
      }
    ],
    "attorneys": [
      "Tom W. Campbell, for appellant.",
      "Brundidge & Neelly, for appellee."
    ],
    "corrections": "",
    "head_matter": "Miller v. Watkins.\nOpinion delivered June 15, 1925.\n1. Executors and administrators \u2014 recovery of land \u2014 parties.\u2014 The -administrator of a deceased wife\u2019s estate cannot sue to establish title to land, and to recover possession thereof from the administrator of the deceased husband\u2019s estate, without making the heirs of the husband and of the wife parties to the suit.\n2. Executors and administrators! \u2014 right to recover land. \u2014 Under Crawford & Moses\u2019 Dig., \u00a7 152, an administrator cannot sue to establish title to and recover possession of, land without showing that the land was needed to pay debts.\nAppeal from White Chancery Court; John E. Martinecm, Chancellor;\naffirmed.\nTom W. Campbell, for appellant.\nBrundidge & Neelly, for appellee."
  },
  "file_name": "0060-01",
  "first_page_order": 80,
  "last_page_order": 81
}
