{
  "id": 1373930,
  "name": "Nettles v. Alexander",
  "name_abbreviation": "Nettles v. Alexander",
  "decision_date": "1925-10-05",
  "docket_number": "",
  "first_page": "380",
  "last_page": "382",
  "citations": [
    {
      "type": "official",
      "cite": "169 Ark. 380"
    }
  ],
  "court": {
    "name_abbreviation": "Ark.",
    "id": 8808,
    "name": "Arkansas Supreme Court"
  },
  "jurisdiction": {
    "id": 34,
    "name_long": "Arkansas",
    "name": "Ark."
  },
  "cites_to": [
    {
      "cite": "155 Ark. 288",
      "category": "reporters:state",
      "reporter": "Ark.",
      "case_ids": [
        1360489
      ],
      "opinion_index": 0,
      "case_paths": [
        "/ark/155/0288-01"
      ]
    },
    {
      "cite": "154 Ark. 16",
      "category": "reporters:state",
      "reporter": "Ark.",
      "case_ids": [
        1361182
      ],
      "opinion_index": 0,
      "case_paths": [
        "/ark/154/0016-01"
      ]
    }
  ],
  "analysis": {
    "cardinality": 333,
    "char_count": 5225,
    "ocr_confidence": 0.452,
    "pagerank": {
      "raw": 5.4033266686372354e-08,
      "percentile": 0.3386388550066046
    },
    "sha256": "a5186c280e58b7cedc855831458e8c25374c7b679dd77fe2524eeff7421deb6a",
    "simhash": "1:d19b3d6783b6d865",
    "word_count": 891
  },
  "last_updated": "2024-02-28T00:06:49.445516+00:00",
  "provenance": {
    "date_added": "2019-08-29",
    "source": "Harvard",
    "batch": "2018"
  },
  "casebody": {
    "judges": [],
    "parties": [
      "Nettles v. Alexander."
    ],
    "opinions": [
      {
        "text": "Smith, J.\nThe Independent Gin Company was a corporation organized under the laws of this State and domiciled in Greene County. During the calendar year 1918 Eugene Nettles was the president of the company, and from January 1, 1918, to May 4, 1918, J. \"W. Alexander was the secretary. On May 4,1918, C. A. Mack was elected secretary and served as such uhtil January 1, 1919.\n0\u00a1n December 20, 1918, the gin company borrowed a snm of money from a bank in Paragould, which it did not repay, and the bank sued Nettles as the president of the corporation and recovered a judgment against him for this debt. In this suit it was alleged that the president and -secretary of the corporation were in default in failing to file the corporate report required by \u00a7 1715, C. & M. Digest. At the trial of this suit it developed that Nettles, as president, and Alexander, as secretary, had filed a report as required 'by this section, but had neglected to verify it as required by the statute, and the court held, on the authority of Galloway v. Stallings, 154 Ark. 16, that it wias not a sufficient compliance with the statute to relieve him from personal liability for the debts of the corporation contracted during the period of the default, and judgment was rendered against Nettles for the amount of the debt due the bank.\nNettles paid this judgment, and then sued Alexander and Mack for contribution, and in his complaint he alleged that the duty to verify the report rested upon them as well as upon himself, but that he and they had innocently and ignorantly omitted to verify said report, \u2019\u00a3 but they all believed they had complied with the law, and that morally all were blameless. i\n'Separate demurrers were filed to the complaint by both Alexander and Mack, and these demurrers were sustained and the cause dismissed as to each of them, and Nettles has appealed.\nAppellant has reviewed our cases construing the statute under which the liability against him was enforced by the bank, and also cases from other States construing-similar statutes, and insists that this liability is in its nature quasi ex contractu and that'the right to contribution therefore exists. Appellant further insists that if it w\u2019ere held that the liability enforced against him wa-s not contractual or quasi contractual, but sounded in tort, ] the right of contribution would still exist, for the reason \u2019 that no moral -turpitude was involved in the failure to make the affidavit, and that this omission was an act of ^ simple negligence in which the defendants participated. It may be said that counsel have cited cases of the highest authority sustaining their position. We do not review these cases, nor do we decide whether they should be followed by us, for the reason that, although our statute has been designated as remedial, it has become, by the amendment enacted May 6, 1909 (Acts 1909, p. 643), a criminal statute as well. The effect of this amendment \u2014 which; appears in \u00a7 1726, C. & M. Digest\u2014 -was to impose, in addition to the existing civil liability to creditors, a fine not exceeding $500 for such neglect, and each day during which the president and secretary failed to file the required report, properly verified, was made a separate offense.\nIt appears therefore, under our statute,'that, in stating his cause of action, Nettles must show, not merely the discharge of the quasi contractual liability resting alike upon himself and the secretary of the corporation, or a mere tort involving no turpitude, but also a violation of the criminal law of the State. In other words, his cause of action is predicated upon a violation of the criminal l'aws of this State, and his right to contribution must fail on that account.\nIn the case of Carter v. Bradley County Road Imp. Dist., 155 Ark. 288, the right to recover on a contract was denied because the contract was made in violation of public policy. In that case we held that where the plaintiff, to recover, would be required to. prove a contract which contravened public policy, the courts of the State would decline to render aid in the enforcement of the contract. So here the courts cannot aid Nettles in enforcing the asserted demand because, in stating his cause of action, he must prove his own violation of a criminal law of the State, and it profits him nothing to say that the defendants, the secretaries -of the .corporation, were as guilty as he was.\nIt follows that the demurrers were properly sustained, and the decree of the court below is affirmed.",
        "type": "majority",
        "author": "Smith, J."
      }
    ],
    "attorneys": [
      "M. P. Huddleston and Hamilton E. Little, for appellant.",
      "D. O. Beauchamp and Bloch <& Kirsch, for appellee."
    ],
    "corrections": "",
    "head_matter": "Nettles v. Alexander.\nOpinion delivered October 5, 1925.\nContribution- \u2014 -violation op criminal statute. \u2014 Where the president of a private corporation was sued 'by a creditor of the corporation for default in failing to file the sworn corporate report required by \u00a7 1715, Cr.awford & Moses\u2019 Dig., and a recovery was had of him thereunder, he was not entitled to contribution from the secretary of the corporation, who was likewise in default, since the cause of action was predicated upon a violation of a criminal statute (\u00a7 1726, Id.)\nAppeal from Greene Chancery Court; J. M. Futrell Chancellor;\naffirmed.\nM. P. Huddleston and Hamilton E. Little, for appellant.\nD. O. Beauchamp and Bloch <& Kirsch, for appellee."
  },
  "file_name": "0380-01",
  "first_page_order": 400,
  "last_page_order": 402
}
