{
  "id": 1374052,
  "name": "Ballentine v. State",
  "name_abbreviation": "Ballentine v. State",
  "decision_date": "1925-11-16",
  "docket_number": "",
  "first_page": "871",
  "last_page": "876",
  "citations": [
    {
      "type": "official",
      "cite": "169 Ark. 871"
    }
  ],
  "court": {
    "name_abbreviation": "Ark.",
    "id": 8808,
    "name": "Arkansas Supreme Court"
  },
  "jurisdiction": {
    "id": 34,
    "name_long": "Arkansas",
    "name": "Ark."
  },
  "cites_to": [
    {
      "cite": "52 Ark. 46",
      "category": "reporters:state",
      "reporter": "Ark.",
      "opinion_index": 0
    }
  ],
  "analysis": {
    "cardinality": 506,
    "char_count": 10473,
    "ocr_confidence": 0.433,
    "pagerank": {
      "raw": 4.60167783687625e-08,
      "percentile": 0.2886533153091165
    },
    "sha256": "a29414db17d8b1a9ee2111700fbc110cd14d1b98690bd0631f9a99259542b364",
    "simhash": "1:3372cbc2cec7c2d3",
    "word_count": 1778
  },
  "last_updated": "2024-02-28T00:06:49.445516+00:00",
  "provenance": {
    "date_added": "2019-08-29",
    "source": "Harvard",
    "batch": "2018"
  },
  "casebody": {
    "judges": [],
    "parties": [
      "Ballentine v. State."
    ],
    "opinions": [
      {
        "text": "'Smith, J.\nAppellant wias indicted for the -crime of murder in the second degree, alleged to have (been committed by shooting one Fielding Vines, and upon his trial was convicted of voluntary manslaughter, and sentenced to seven years imprisonment in the penitentiary.\nThe first assignment of error for the reversal of the judgment is that the evidence is not sufficient to sustain the conviction. We think it will sufficiently appear from the facts hereinafter recited that this assignment of error is not well taken, as the evidence is legally sufficient to support a 'conviction for an even higher grade of homicide.\nOn July 17, 1924, deceased swore out a warrant for the arrest of appellant, one Lum Baggs and another person, charging them with .stealing Watermelons, and the cause was set for trial for the following day before a justice of the peace. Objection was made to the admission of testimony showing this fact; but we think it was competent as tending to show the state of feeling between the men and the probable motive for the killing, defendant being tried on an indictment for mnrder in the second degree, land was also competent touching the disputed question whether deceased or appellant was the aggressor in the fatal encounter.\nWhen -appellant was arrested on the larceny charge the officer maiking the arrest told him that he- would take him to Mount Ida, where he could make bond for his appearance the next day at the trial. Before starting for Mount Ida, the officer allowed appellant to go home for the purpose of changing his clothes, and appellant admits that while in the house for this purpose he put his pistol in his pocket. He explained that he did this because the officer told him that he would take him to Mount Ida but he could not bring him home, and appellant put the pistol in his pocket for protection during his return home from Mount Ida.\nOn the day appellant was arrested, he made the remark in the presence of Sterling Vines, a brother of the deceased, that \u201cNo son-of-la-bitoh better not swear I was in their watermelon patch,\u201d and the admission of this testimony is also assigned as error. But we think it was admissible for the same reason as was the testimony that a warrant for appelllant\u2019-s arrest had been sworn out -by deceased.\nAppellant testified that -the constable told him he did not know Baggs, for whom the officer also had a warrant of arrest, and appellant volunteered to find Baggs for the officer, and for this purpose he went to Sims, where he found Baggs, and he and Biaggs then arranged to go to Mount Ida in Baggs \u2019 car, and Baggs got a wrench to make some repair about the car, and, as they were walking down the road, they were followed by deceased, who called to them and -asked them to \u201cWait there a minute.\u201d When appellant heard deceased calling to them, he and Baggs turned and walked back to meet deceaseds\nThe testimony of Sterling Vines was to the effect that his brother was going down the ro-a-d, and he was following him, and when appellant and Baggs discovered the presence of Fielding Vines they turned around and walked back to where Fielding Vines was. Some conversation had taken place before Sterling Vines came up to the party, and as he walked up he heard appellant and his brother each say to the other \u201cgo to your eyes,\u201d and following these remarks his brother struck at appellant and reached down to pick up a rock. As his brother straightened up, appellant began firing. -Appellant had gotten partly behind Baggs, and this shot powder-burned Baggs\u2019 arm. At the first shot deceased turned to run, and as he ran he was shot twice. One of these shots entered the right shoulder from the rear and killed deceased.\nThe court gave a very full and comprehensive charge on the issues involved, and no objection is made to the instructions given-, but it is insisted that the court erred in refusing to give instructions A, B and 0 requested by appellant.\nInstruction A dealt with -the right of a person assaulted by another to stand his ground and to repel force with force. The propositions there advanced were fully covered by instruction number 8 given by the court.\nInstruction B told the jury that defendant\u2019s right to fire the pistol in his necessary self-defense was not destroyed by the fiact that 'he was carrying the pistol unlawfully at the time. But this proposition was fully covered by instruction numbered 11 given by the court.\nInstruction C reads as follows: \u201cIf you find from the evidence that the deceased Was the aggressor in bringing on the difficulty, and further find that, after thus beginning the difficulty, deceased undertook to withdraw before fatal injury was inflicted, the defendant under these circumstances would be justifiable in killing the deceased; unless you find from the evidence and circumstances in proof beyond a reasonable doubt, that the defendant, situated as he was and acting as a reasonable person at the time, knew that deceased had withdrawn in time for defendant to know this fa-et before the fatal shot was fired.\u201d\nNo error was committed in refusing this instruction. It declared the law to be that appellant had the right to kill Vines if Vines had brought on the difficulty unless appellant knew that Vines had withdrawn from the encounter in time for appellant to know that Vines had withdrawn before firing the second and third shots. Appellant would have been justified in killing Vines simply because Vines had brought on the difficulty under \u25a0the instructions declaring that if this were true appellant had the right to kill Vines unless Vines had withdrawn from the difficulty and appellant knew that fact. The instruction takes no account of imminent peril or the absence of it. There was testimony from which the jury might have found that appellant was standing behind Baggs, and was therefore not in peril, and also that Vines was running away when the second and third shots were fired, and the instruction did not require the jury to find that appellant was in imminent danger of receiving great bodily harm, but the instruction required only that the jury find that Vines had been the aggressor, and that appellant did not know that Vines was withdrawing.\nThe court covered in instruction numbered 12 this phase of the case.\nIn the case of Luckinbill v. State, 52 Ark. 46, this court declared the conditions under which one might kill a retreating adversary, and instruction numbered 12 conformed to the declarations there contained.\nThe court permitted witness C. A. Snider, near whose store the killing occurred and who was one of the first persons to get to the scene of the killing, to testify that immediately after the killing some one in the crowd which gathered remarked that some one should take charge of appellant. The court permitted this testimony to be admitted because it was in response to this remark that appellant made a statement in regard to the killing, and this remark was explanatory of appellant\u2019s statement. There was therefore no error in this ruling.\nBaggs testified as a witness in appellant\u2019s behalf, and his testimony tended to sustain the defense that the killing had been done by appellant in his necessary self-defense.\nIn the cross-examination of Baggs he was asked if he had not pleaded guilty to a charge of taking corn from a neighbor\u2019s field. Baggs answered that he took five ears of corn and had entered a plea of guilty to doing soBaggs then offered to explain that in taking the corn he did not believe the owner would object to his taking la quantity so very small. The court refused to permit this explanation, and this action is assigned as error.\nWe think no error was committed in this ruling. Baggs admitted taking the corn, and that he had pleaded guilty to so doing, and had paid a fine. He stated that he took only five ears, and there was no error in refusing Baggs the right to express the opinion that the owner of the com should not have complained of a loss so slight.\nThe jury might have found that deceased was not the aggressor, but that appellant brought on the difficulty, and that when deceased saw appellant was about to shoot him he ran away and was shot in the back while he was so doing. This testimony sufficiently supports the verdict, and as no error appears the judgment is affirmed.",
        "type": "majority",
        "author": "'Smith, J."
      }
    ],
    "attorneys": [
      "Gibson Witt, Jerry Witt and Norwood & Alley, for appellant.",
      "H. W. Applegate, Attorney General, and Darden Moose, Assistant, for appellee."
    ],
    "corrections": "",
    "head_matter": "Ballentine v. State.\nOpinion delivered November 16, 1925.\n1. Homicide \u2014 admissibility op evidence. \u2014 In a prosecution for murder in the second degree, proof that deceased shortly before the killing swore out a warrant against accused for stealing watermelons was admissible, as tending to- show the state of feeling between accused and deceased, also a motive for the killing, -and whether deceased or accused was the aggressor.\n2. Homicide \u2014 remark op accused as evidence. \u2014 In a prosecution for murder in the second degree, -a remark of the accused to deceased\u2019s (brother, -after accused\u2019s arrest, instigated by deceased, for stealing watermelons that \u201cno s\u2014 of a b\u2014 had better swear I was in their watermelon patch\u201d was admissible as tending to \u25a0show his state of feeling toward deceased, and whether accused was the aggressor.\n\u2022 3. Criminal law \u2014 repetition op instructions. \u2014 (Refusal of requested instructions fully covered by those- given held not error.\n4. Homicide \u2014 instruction as to justification. \u2014 In a -prosecution , for murder in the -second degree, a requested instruction justifying the killing, independently of any imminent peril, merely because deceased brought on the difficulty, unless he had withdrawn therefrom, held erroneous.\n5. Criminal law \u2014 explanatory testimony. \u2014 Testimony that, immediately after defendant killed deceased, some one in the crowd remarked that some one should take charge of defendant was admissible as explanatory of defendant\u2019s statement made in response thereto'.\n6. Witnesses \u2014 impeachment.\u2014Where a witness in a criminal case admitted that he took five ears of corn from a field and pleaded guilty and paid a fine therefor, refusal of the court to permit the witness to state that in taking the corn he did not believe the owner would object to taking so small a quantity held not error.\n7. Homicide \u2014 voluntary manslaughter \u2014 evidence.\u2014Evidence held to sustain a verdict of guilty of voluntary manslaughter.\nAppeal from Montgomery Circuit Court; Earl Witt, Judge;\naffirmed.\nGibson Witt, Jerry Witt and Norwood & Alley, for appellant.\nH. W. Applegate, Attorney General, and Darden Moose, Assistant, for appellee."
  },
  "file_name": "0871-01",
  "first_page_order": 891,
  "last_page_order": 896
}
