{
  "id": 1374120,
  "name": "Crosby v. State",
  "name_abbreviation": "Crosby v. State",
  "decision_date": "1925-12-07",
  "docket_number": "",
  "first_page": "1058",
  "last_page": "1061",
  "citations": [
    {
      "type": "official",
      "cite": "169 Ark. 1058"
    }
  ],
  "court": {
    "name_abbreviation": "Ark.",
    "id": 8808,
    "name": "Arkansas Supreme Court"
  },
  "jurisdiction": {
    "id": 34,
    "name_long": "Arkansas",
    "name": "Ark."
  },
  "cites_to": [
    {
      "cite": "163 Ark. 232",
      "category": "reporters:state",
      "reporter": "Ark.",
      "case_ids": [
        1383798
      ],
      "opinion_index": 0,
      "case_paths": [
        "/ark/163/0232-01"
      ]
    }
  ],
  "analysis": {
    "cardinality": 394,
    "char_count": 7184,
    "ocr_confidence": 0.459,
    "pagerank": {
      "raw": 3.088680521245233e-07,
      "percentile": 0.8584913637822128
    },
    "sha256": "3da301abf9b1fbb308e924e7edfd417ba19c957045b1d652d6f65380eb63aaf9",
    "simhash": "1:379d2878bcf2bd52",
    "word_count": 1224
  },
  "last_updated": "2024-02-28T00:06:49.445516+00:00",
  "provenance": {
    "date_added": "2019-08-29",
    "source": "Harvard",
    "batch": "2018"
  },
  "casebody": {
    "judges": [],
    "parties": [
      "Crosby v. State."
    ],
    "opinions": [
      {
        "text": "Smiti-t, J.\nAppellant was tried on an indictment containing two counts, the first charging him with the crime of burglary, and the second with that of grand larceny, alleged to have been connnitt\u00e9d on or about April 11th, 1925, by breaking into and entering the store of H. H. Lucas and stealing therefrom 65 suits of clothes. Appellant was acquitted on the first count, but was convicted on the second, and was given a sentence of five years in the penitentiary, and has appealed.\nNumerous objections were made to the argument of special counsel assisting the prosecuting attorney in closing the case for the State. But we have concluded that, while the argument was perfervid, the statements in it were either in response to statements made by an attorney for the appellant, or were mere expressions of special counsel\u2019s opinion.'\nAppellant\u2019s defense was that of an alibi, and he insisted that\u2019he had never been in the county where the crime for which he was convicted was committed until after the commission thereof, and his arrest on that charge when he was taken to Fulton County for the preliminary examination.\nAppellant vigorously insists that the testimony is not legally sufficient to sustain the conviction; but we do not agree with his counsel in this respect.\nThe testimony on the part of the State is to the effect that the store of Lucas was broken into late one night, and about 65 suits of clothes were stolen, enough to fill an automobile. Appellant was suspected of complicity in the crime, and Lucas, accompanied by the sheriff of Fulton County, went to Newport, where appellant operated a clothing store. Lucas discovered and identified some of the suits which had been stolen, and he told appellant that he was going to have a search warrant issued to search the store, whereupon appellant told Lucas that if any of the suits in his store had been stolen from Lucas that he (Lucas) could have them, and 35 suits of clothes were identified, and recovered by Lucas. There was testimony tending to identify appellant as one of two persons seen in Fulton County the day after the burglary with an automobile load of clothing, one suit of which was traded for a few gallons of gasoline.\nAn exception was saved to the order of the introduction of the testimony of witnesses Green Howard and Walter Nichols, who were not called as witnesses for the State until after the testimony introduced in appellant\u2019s behalf had been offered. These were not only material witnesses, but they might also be called essential witnesses, as it was their testimony which tended to show that appellant was in Fulton County immediately after the burglary.\nThe discretion of the trial court in the matter of the order in which testimony may be admitted is so wide that we do not reverse the judgment on this account, but we do express the opinion that it would have been fairer to appellant to have required the production of this testimony as a part of the 'State\u2019s case in chief.\nThe court gave, over appellant\u2019s objection, an instruction reading as follows: \u201cYou are instructed that possession of property recently stolen and unexplained is prima facie evidence of guilt. The words \u2018prima facie\u2019, as used in this instruction, mean such evidence as would authorize a jury to convict the defendant, if same is unexplained and uncontmdicted.\u201d\nA motion has been filed by the Attorney General in which time is asked to amend the bill of exceptions to show the following facts:\nThe court first instructed the jury as follows: \u201cYou are instructed that possession of property recently stolen and unexplained is prima facie evidence of guilt, \u2019 \u2019 and an exception Was saved by appellant. Counsel for the defendant then 'asked the court to define the words \u201cprima facie,\u201d and the court responded to.this request by adding the last sentence of the instruction reading*: \u201cThe words \u2018prima facie,\u2019 as used in this instruction, mean such evidence as would authorize a jury to convict the defendant, if same is unexplained and uncontradicted.\u201d\nFor the purpose of disposing of this motion we assume that an order of court could be obtained to amend the record in the respect stated; \u00a1but we are of opinion that the error in the instruction would not be cured if this were done. On behalf of the State, it is insisted that the error in the instruction was invited, and that appellant cannot therefore be heard to 'complain. We do not concur in this view, because the instruction as originally given was erroneous, and appellant did not waive his objection thereto by asking that it be made less objectionable, inasmuch as the instruction, in its entirety, is erroneous and was objected to in the form given.\nInstructions in substantially the form set out above have been many times condemned by this court for the reason that it is a charge on the weight, of the evidence. We have often said that the unexplained possession of recently stolen property is a fact from which an inference of guilt may be drawn, but that the weight to-be attached to this circumstance in any given case, and the inferences to be deduced therefrom, are wholly for the jury, and it is an invasion of the province of the jury for the court to declare as a matter of law that the unexplained possession of recently stolen property is sufficient to sustain a conviction. A number of cases so holding are cited in the recent case of Mays v. State, 163 Ark. 232.\nThe instruction as first given by the court offends against the rule announced in the Mays case, supra, and in the cases there cited, and appellant did not waive his objection thereto by asking the court to define what was meant by the words \u201cprima facie,\u201d because the instruction as amended was also erroneous.\nFor the error in giving this instruction the .judgment must be reversed, and the cause will be remanded for a new trial.",
        "type": "majority",
        "author": "Smiti-t, J."
      }
    ],
    "attorneys": [
      "Geo. T. Humphries, P. G. Goodwin, F. M. Pickens, and Gustave J ones, for appellant.",
      "II. W. Applegate, Attorney General, and Darden Moose, Assistant, for appellee."
    ],
    "corrections": "",
    "head_matter": "Crosby v. State.\nOpinion delivered December 7, 1925.\n1. Larceny \u2014 sufficiency of evidence. \u2014 Evidence held sufficient to sustain a conviction of grand larceny. '\n2. Criminal law \u2014 order of introduction of evidence. \u2014 In a prosecution for a felony, though it would have been fairer to the accused to require the State to produce its essential witnesses as part of its ease in chief, rather than to allow such witnesses to testify after accused\u2019s testimony had been offered, the latter procedure did not constitute reversible error in view -of the discretion vested in the trial court in the matter of the order of introducing testimony.\n3. Criminal law \u2014 instruction on weight of evidence. \u2014 In a prosecution for larceny, an instruction that the possession of property recently stolen and unexplained is prima fade evidence of guilt is erroneous as being a charge on the weight of the evidence; and accused did not waive his objection thereto by requesting a definition of \u201cprima facie,\u201d which the court stated was such evidence as would authorize the jury to convict if unexplained and uncontradicted.\nAppeal from Fulton Circuit Court; John G. Ashley, Judge;\nreversed.\nGeo. T. Humphries, P. G. Goodwin, F. M. Pickens, and Gustave J ones, for appellant.\nII. W. Applegate, Attorney General, and Darden Moose, Assistant, for appellee."
  },
  "file_name": "1058-01",
  "first_page_order": 1078,
  "last_page_order": 1081
}
