{
  "id": 1373992,
  "name": "Lesser-Goldman Cotton Company v. Miller",
  "name_abbreviation": "Lesser-Goldman Cotton Co. v. Miller",
  "decision_date": "1925-12-21",
  "docket_number": "",
  "first_page": "1099",
  "last_page": "1101",
  "citations": [
    {
      "type": "official",
      "cite": "169 Ark. 1099"
    }
  ],
  "court": {
    "name_abbreviation": "Ark.",
    "id": 8808,
    "name": "Arkansas Supreme Court"
  },
  "jurisdiction": {
    "id": 34,
    "name_long": "Arkansas",
    "name": "Ark."
  },
  "cites_to": [
    {
      "cite": "158 Ark. 432",
      "category": "reporters:state",
      "reporter": "Ark.",
      "case_ids": [
        1355719
      ],
      "opinion_index": 0,
      "case_paths": [
        "/ark/158/0432-01"
      ]
    }
  ],
  "analysis": {
    "cardinality": 302,
    "char_count": 5431,
    "ocr_confidence": 0.479,
    "pagerank": {
      "raw": 5.298132930532853e-08,
      "percentile": 0.332377486100541
    },
    "sha256": "00053987e227c2b825afa20f77495c2594976e5f365baf9ef1d792062dbcd263",
    "simhash": "1:97dfa104365abb00",
    "word_count": 907
  },
  "last_updated": "2024-02-28T00:06:49.445516+00:00",
  "provenance": {
    "date_added": "2019-08-29",
    "source": "Harvard",
    "batch": "2018"
  },
  "casebody": {
    "judges": [],
    "parties": [
      "Lesser-Goldman Cotton Company v. Miller."
    ],
    "opinions": [
      {
        "text": "Humphreys, J.\nThis suit was instituted in the chancery court of Fulton County by appellee against appellant to enforce a landlord\u2019s lien for rent on 21 bales of cotton raised on Mrs. Laura Murrell\u2019s farm in 1922 by her tenant, Mrs. Aliene Williamson.\nAppellant, who purchased the cotton from Williamson Brothers, a partnership composed of John S. Williamson and Ed Williamson, interposed the defense that it bought the cotton in good faith, not knowing that it had been raised on the farm of Mrs. Laura Murrell, or that she had a landlord\u2019s lien thereon for rent.\nThe cause was submitted to the court upon \u2022 the pleadings and testimony adduced by the respective\u2019parties, which resulted in a finding of the issues of fact and law in favor of appellee, and a decree against appellant for the amount sued for, from which an appeal has \u00a1been duly prosecuted to this court.\nAppellant contends for a reversal of the judgment upon the ground that the finding of the chancellor was contrary to the clear preponderance of the evidence under the law applicable to the case. The rule announced in the case of Van Etten v. Lesser-Goldman Cotton Company, 158 Ark. 432, applicable to -a case -of this kind is as follows: \u201cOne who purchases cotton upon which a landlord\u2019s lien exists cannot escape liability therefor except when he has acted in good faith in making such purchase, and good faith requires a reasonable investigation of any information which he has that is calculated to warn him that he is being offered cotton upon which- there exists a landlord\u2019s lien.\u201d\nThe undisputed facts in the case fix liability upon appellant under the rule quoted above. These facts are as follows:\nAppellant has maintained an office in Helena for 23 years under the management of Joseph L. Solomon .for the purpose of buying cotton in Phillips and surrounding counties. It had bought large amounts of cotton yearly for five or six years from Williamson Brothers, who were in business at Holly Grove about forty-five miles from Helena. Williamson Brothers owned a large plantation in Monroe County near Holly Grove, and raised most of the cotton which, they sold to appellant. The senior member of the firm, John S. Williamson, was the husband of Aliene Williamson, who rented the farm of Mrs. Laura Murrell for the years 1920, 1921 and 1922. Joseph L. Solomon was vice president of the Security Bank & Trust Company, and his brother, David L. Solomon, was assistant cashier of said bank. Williamson Brothers did all their business with -that 'bank. They shipped practically all their cotton from time to time during -the season to appellant, and, when it was sold, deposited the proceeds, after paying any drafts which appellant had drawn upon it, to Williamson Brothers\u2019 credit. The individual cotton of Williamson Brothers, when shipped to appellant, wlas marked in their name. The ootton shipped through Williamson Brothers which had been produced on the Murrell farm was marked with the letter \u201cM\u201d in addition to the name of Williamson. Brothers. During\u2019 the years 1920 and 1921 after the cotton raised on the Murrell' place was shipped to appellant, Williamson Brothers drew drafts on appellant in favor of Mrs. Murrell for her rent, which drafts were paid by it. Mrs. Murrell\u2019s lease for 1922 provided for a rental of $850 to be paid on or about November 15th of that year. .Twenty-one bales of cotton were shipped to appellant in small.lots between October 1st and December 15th. - It was-marked with the letter \u201cM\u201d in addition to carrying* the name of Williamson Brothers. On December 1, 1922, Williamson Brothers drew a draft, as usual, upon appellant in favor of Mrs. Murrell for the.rent. At the same time they drew a draft on appellant for $150- to pay' for ginning- the Murrell cotton. Appellant paid the draft for ginning but refused to -pay Mrs. Murrell\u2019s draft for her rent, because they had theretofore applied the proceeds of the cotton to the payment of Williamson'Brothers\u2019 indebtedness to said -bank- . _.\nAccording- to the undisputed facts stated \u00a1 above, appellant had information that a part of the cotton it got from. Williamson- Brothers in 1920 and 1921 was raised on the Murrell farm,-and that Mrs. Murrell had a landlord\u2019s lien thereon for the rent. It paid the rent drafts for these two years to Mrs. Murrell upon the cotton which Williamson Brothers shipped to it under the mark \u201cM\u201d. Cotton marked in the same way was shipped to it by Williamson Brothers in' 1922, aiid this information was sufficient to put it upon inquiry. Had appellants made inquiry, it -would have -ascertained that the 21 bales 'of ootton marked \u201cMl\u201d were raised-on Mrs. Murrell\u2019s farm, and that under h\u00e9r lease she was entitled to a landlord\u2019s lien thereon for $850. Good faith required that it make-an investigation. :\nNo erro'r -appearing, the decree is affirmed.",
        "type": "majority",
        "author": "Humphreys, J."
      }
    ],
    "attorneys": [
      "Humphries & Goodwin and J. G. Burke, for appellant.",
      "G. E. Elmore, for appellee."
    ],
    "corrections": "",
    "head_matter": "Lesser-Goldman Cotton Company v. Miller.\nOpinion delivered December 21, 1925.\nLandlord and tenant \u2014 notice op landlord\u2019s lien. \u2014 The buyer of cotton on which a landlord\u2019s lien exists cannot escape liability therefor unless he has acted in good faith in making such purchase, and good faith requires a reasonable investigation of any information which he has that is calculated to warn him that a landlord\u2019s lien thereon exists.\nAppeal from Fulton Chancery Court; Lyman F. Reeder, Chancellor;\naffirmed.\nHumphries & Goodwin and J. G. Burke, for appellant.\nG. E. Elmore, for appellee."
  },
  "file_name": "1099-01",
  "first_page_order": 1119,
  "last_page_order": 1121
}
