{
  "id": 8721124,
  "name": "McCullough, ex parte, and McCullough v. Blackwell",
  "name_abbreviation": "McCullough v. Blackwell",
  "decision_date": "1888-11",
  "docket_number": "",
  "first_page": "159",
  "last_page": "165",
  "citations": [
    {
      "type": "official",
      "cite": "51 Ark. 159"
    }
  ],
  "court": {
    "name_abbreviation": "Ark.",
    "id": 8808,
    "name": "Arkansas Supreme Court"
  },
  "jurisdiction": {
    "id": 34,
    "name_long": "Arkansas",
    "name": "Ark."
  },
  "cites_to": [
    {
      "cite": "50 Ark., 18",
      "category": "reporters:state",
      "reporter": "Ark.",
      "opinion_index": -1
    },
    {
      "cite": "33 Ark., 508",
      "category": "reporters:state",
      "reporter": "Ark.",
      "case_ids": [
        8724864
      ],
      "opinion_index": -1,
      "case_paths": [
        "/ark/33/0508-01"
      ]
    },
    {
      "cite": "43 Ark,, 42",
      "category": "reporters:state",
      "reporter": "Ark.",
      "case_ids": [
        1894437
      ],
      "pin_cites": [
        {
          "page": "49"
        }
      ],
      "opinion_index": -1,
      "case_paths": [
        "/ark/43/0042-01"
      ]
    },
    {
      "cite": "37 Ark., 374",
      "category": "reporters:state",
      "reporter": "Ark.",
      "case_ids": [
        1870961
      ],
      "opinion_index": -1,
      "case_paths": [
        "/ark/37/0374-01"
      ]
    },
    {
      "cite": "35 Ark., 69",
      "category": "reporters:state",
      "reporter": "Ark.",
      "case_ids": [
        1873803
      ],
      "opinion_index": -1,
      "case_paths": [
        "/ark/35/0069-01"
      ]
    },
    {
      "cite": "69 N. Y., 209",
      "category": "reporters:state",
      "reporter": "N.Y.",
      "case_ids": [
        530695
      ],
      "opinion_index": -1,
      "case_paths": [
        "/ny/69/0209-01"
      ]
    },
    {
      "cite": "3 Gill., 497",
      "category": "reporters:state",
      "reporter": "Gill",
      "case_ids": [
        1703530
      ],
      "opinion_index": -1,
      "case_paths": [
        "/gill/3/0497-01"
      ]
    },
    {
      "cite": "7 Gill., 157",
      "category": "reporters:state",
      "reporter": "Gill",
      "case_ids": [
        1708135
      ],
      "opinion_index": -1,
      "case_paths": [
        "/gill/7/0157-01"
      ]
    },
    {
      "cite": "16 Ind., 15",
      "category": "reporters:state",
      "reporter": "Ind.",
      "case_ids": [
        1451951
      ],
      "opinion_index": -1,
      "case_paths": [
        "/ind/16/0015-01"
      ]
    },
    {
      "cite": "9 Ind., 15",
      "category": "reporters:state",
      "reporter": "Ind.",
      "opinion_index": -1
    },
    {
      "cite": "38 Ark., 329",
      "category": "reporters:state",
      "reporter": "Ark.",
      "case_ids": [
        1900497
      ],
      "opinion_index": -1,
      "case_paths": [
        "/ark/38/0329-01"
      ]
    },
    {
      "cite": "30 Ark., 578",
      "category": "reporters:state",
      "reporter": "Ark.",
      "case_ids": [
        1881132
      ],
      "weight": 2,
      "opinion_index": -1,
      "case_paths": [
        "/ark/30/0578-01"
      ]
    },
    {
      "cite": "45 Barb., 167",
      "category": "reporters:state",
      "reporter": "Barb.",
      "opinion_index": -1
    },
    {
      "cite": "35 Ark., 423",
      "category": "reporters:state",
      "reporter": "Ark.",
      "opinion_index": -1
    },
    {
      "cite": "35 Ark., 73",
      "category": "reporters:state",
      "reporter": "Ark.",
      "opinion_index": -1
    },
    {
      "cite": "26 Ark., 51",
      "category": "reporters:state",
      "reporter": "Ark.",
      "case_ids": [
        8726289
      ],
      "opinion_index": -1,
      "case_paths": [
        "/ark/26/0051-01"
      ]
    },
    {
      "cite": "24 Wend., 249",
      "category": "reporters:state",
      "reporter": "Wend.",
      "opinion_index": -1
    },
    {
      "cite": "80 Ala., 287",
      "category": "reporters:state",
      "reporter": "Ala.",
      "case_ids": [
        3387079
      ],
      "opinion_index": -1,
      "case_paths": [
        "/ala/80/0287-01"
      ]
    },
    {
      "cite": "10 Minn., 30",
      "category": "reporters:state",
      "reporter": "Minn.",
      "case_ids": [
        546089
      ],
      "pin_cites": [
        {
          "page": "37"
        }
      ],
      "opinion_index": -1,
      "case_paths": [
        "/minn/10/0030-01"
      ]
    },
    {
      "cite": "29 Ark., 173",
      "category": "reporters:state",
      "reporter": "Ark.",
      "case_ids": [
        1882886
      ],
      "weight": 2,
      "pin_cites": [
        {
          "page": "181"
        }
      ],
      "opinion_index": -1,
      "case_paths": [
        "/ark/29/0173-01"
      ]
    },
    {
      "cite": "14 Phil., 251",
      "category": "reporters:state",
      "reporter": "Phil.,",
      "opinion_index": -1
    },
    {
      "cite": "40 Ark., 290",
      "category": "reporters:state",
      "reporter": "Ark.",
      "case_ids": [
        1897098
      ],
      "weight": 4,
      "opinion_index": -1,
      "case_paths": [
        "/ark/40/0290-01"
      ]
    },
    {
      "cite": "34 Ohio St., 44",
      "category": "reporters:state",
      "reporter": "Ohio St.",
      "case_ids": [
        904785
      ],
      "opinion_index": 0,
      "case_paths": [
        "/ohio-st/34/0044-01"
      ]
    },
    {
      "cite": "63 Miss., 204",
      "category": "reporters:state",
      "reporter": "Miss.",
      "case_ids": [
        1794735
      ],
      "opinion_index": 0,
      "case_paths": [
        "/miss/63/0204-01"
      ]
    },
    {
      "cite": "80 Ala., 89",
      "category": "reporters:state",
      "reporter": "Ala.",
      "case_ids": [
        3383646
      ],
      "opinion_index": 0,
      "case_paths": [
        "/ala/80/0089-01"
      ]
    },
    {
      "cite": "48 N. J. Law, 118",
      "category": "reporters:state",
      "reporter": "N.J.L.",
      "case_ids": [
        331379
      ],
      "opinion_index": 0,
      "case_paths": [
        "/njl/48/0118-01"
      ]
    },
    {
      "cite": "49 Ark., 18",
      "category": "reporters:state",
      "reporter": "Ark.",
      "case_ids": [
        1309736
      ],
      "opinion_index": 0,
      "case_paths": [
        "/ark/49/0018-01"
      ]
    },
    {
      "cite": "43 Ark., 43",
      "category": "reporters:state",
      "reporter": "Ark.",
      "opinion_index": 0
    }
  ],
  "analysis": {
    "cardinality": 581,
    "char_count": 10881,
    "ocr_confidence": 0.725,
    "pagerank": {
      "raw": 5.003435064363776e-07,
      "percentile": 0.936136044997218
    },
    "sha256": "cbb8982e7789bad9e5b4a62f9690d2b79c90c34ca8755836292f3dcaf514a8c6",
    "simhash": "1:57d73b474856cf46",
    "word_count": 1915
  },
  "last_updated": "2024-02-27T22:07:54.224341+00:00",
  "provenance": {
    "date_added": "2019-08-29",
    "source": "Harvard",
    "batch": "2018"
  },
  "casebody": {
    "judges": [],
    "parties": [
      "McCullough, ex parte, and McCullough v. Blackwell."
    ],
    "opinions": [
      {
        "text": "COCKRILL, C. J.\nTo sustain the certiorari, it is argued that the circuit court acquired no jurisdiction to reverse the order of the county court refusing the prayer of the local option petitioners, because the law makes no provision for appeal in this special statutory proceeding. Our decisions do not sustain the position. Appeals from all judgments of county courts to the circuit courts, under such regulations and restrictions as the legislature may prescribe, are guaranteed by the constitution. Art. 7, sec. 33. In practice, the terms of the act passed in aid of this provision of the constitution, has been applied habitually in special proceedings where the statute regulating them contains no provisions about appeals. Mans. Dig,, sec. 1436; Levy, ex parte, 43 Ark., 43; Phillips County v. Lee County, 34 Ib., 340; Dodson v. Fort Smith, 33 Ib., 508; Williams v. Citizens, 40 Ib., 290; Trammell v. Bradley, 37 Ib., 374; Boyd v. Bryant, 35 Ib., 69.\nMost nearly analogous to this case of any in which . . ,. _ . , _ - question is discussed, is that of Levy, ex parte, supra, where -a petitioner, whose prayer for the issuance of a license to sell liquor had been denied by the county court, was permitted to prosecute his appeal. In Miller, ex parte, 49 Ark., 18, the petitioner\u2019s right of appeal to this court from an order of the circuit court refusing to put the three mile law in operation, was silently recbgnized, as it had been previously in Williams v. Citizens, supra, from the county to the circuit court. The petitioners in such cases, like the liquor dealer in Levy\u2019s case, are parties to the record by virtue of the statute, and their right to test the validity of the proceeding by certiorari or appeal, is clear. But no provision is made by the statute for a remonstrance against the issue of a license where the county court is authorized to issue licenses, nor is provision made for a hearing of those who desire to oppose the prayer of a petitioner under the local option law. The right of remonstrance has nevertheless been ruled to exist in the former case (Austin v. Atlantic City, 48 N. J. Law, 118 ; Dufford v. Nolan, 46 Ib., 87; Ferry v. Williams, 41 Ib., 332), as it unquestionably does in the latter. Williams v. Citizens, 40 Ark., sup. As against the petition to prohibit the sale of liquor, the licensed dealer, or any one who has taken the necessary steps to procure a license, who moves, to be made a party for the purpose of showing that the petition does not contain a majority of the signatures, legally obtained, of the adult residents of the district, does not manifest the impertinent interference of a stranger without interest, and when made a party by order of the court, may sue out a writ of certiorari or prosecute an appeal from the-judgment thereafter rendered, just as the petitioners may do. Ferry v. Williams, sup.: Miller v. Jones, 80 Ala., 89; McCreary v. O'Flinn, 63 Miss., 204. The right to prosecute an appeal on the part of the liquor dealer was recognized by this court in the case of Boyd v. Bryant, 35 Ark., supra, and in Williams v. Citizens, 40 Ib., sup., and we affirm those rulings.\n2. The question arising on the appeal is this: Where a petition to put the three mile law in force has been acted upon by the county court, and an appeal from the order prosecuted to the circuit court, has the petitioner the unqualified right to withdraw from the petition in the circuit court?\nThe question is answered in the negative by the decision in Williams v. Citizens, sup. Speaking of the right of apetitioner to withdraw from the petition in the county court \u2014 the court of first instance \u2014 it is said that if the original signatures were obtained intelligently and without fraud, and have not been erased before presentation, or afterwards by leave of the court for cause, they fulfill the requirements of the statute. See Grinnell v. Adams, 34 Ohio St., 44; Hays v. Jones, 27 Ib., 218; Dutton v. Village of Hanover, 42 Ib., 215.\nThe presentation of the petition is in the nature of an election. When the county court has acted, the votes have been cast and the election returns made, and an appeal does not invest the petitioner with the power to change his vote or to withdraw it except for good cause, as 4s indicated in Williams v. Citizens, supra. While the circuit court tries the issue on appeal, de novo, it can award or refuse a prohibitory order only upon the petition as signed when acted upon by the county court.\nNo cause for striking from the petition the names to which objection is made, was offered or shown. The remonstrance alleged that they were unduly obtained, but that the tions of the remonstrance are not evidence was decided in Williams v. Citizens, supra. No proof was offered to sustain the allegation.\nLet the judgment be affirmed.",
        "type": "majority",
        "author": "COCKRILL, C. J."
      }
    ],
    "attorneys": [
      "Cohn & Cohn, for appellants.",
      "W. S. McCain and E. A. Bolton, for appellees and respondent."
    ],
    "corrections": "",
    "head_matter": "McCullough, ex parte, and McCullough v. Blackwell.\n1. LIQUORS: Proceedings tinder three mile law: Appeal from judgment of county court.\nPetitioners for a prohibitory order under the three mile law, may appeal to the circuit court from a judgment of the county court rejecting their petition. And a liquor dealer admitted as a party to contest such petition, may also prosecute an appeal from a judgment awarding the order.\n2. Same: Same: Withdrawal of petitioner on appeal.\nWhen a petition to put the three mile law in force has been acted upon by the county court, and an appeal from its judgment prosecuted, a petitioner will not be allowed to' withdraw his name in the circuit court, except for good cause.\n3. Same: Same: Allegations of remonstrance.\nThe allegations of a remonstrance filed against a petition for a prohibitory order under the three mile law, to the effect that certain signatures were unduly obtained, are not evidence and must be sustained by proof.\nAPPEAL from Faulkner Circuit Court.\nJ. W. Martin, Judge.\nBlackwell and others petitioned the county court of Faulkner county, under the three mile law, for an order prohibiting the sale or gift of intoxicating liquors within three miles of a certain school-house. McCullough and other licensed dealers were permitted to become parties in the county court and contested the petition, which was denied. The petitioners appealed to the circuit court, where the parties resisting the application raised the objection that eighty-one of the persons whose names were on the petition, were not then in favor of the order prayed for; that they signed the petition without understanding it and that their signatures were procured through misrepresentation. The eighty-one petitioners referred to filed a request to be allowed to withdraw from the petition, which was refused on the ground that they could not, in the circuit court, by a mere petition have their names withdrawn. The court found the number of adult residents within the designated limits, at the time the petition was filed in the county court, to be 1094, and that of this number 623 had signed the petition, which was a majority of such residents. The court thereupon held the petition to be sufficient and made the order therein prayed for, and required the county court to enter the same as the order of that court. McCullough moved for a new trial, which being refused, he appealed. He also filed his petition in this , court for a writ of certiorari to quash the order and proceedings of the circuit court for want of jurisdiction, contending that the law provides for no appeal in such cases from the judgment of the county court. His petition was demurred to and by agreement the appeal and certiorari were argued and submitted as one cause.\nCohn & Cohn, for appellants.\nThe practice outlined in 40 Ark., 290, seems to have been followed in this case. The circuit court ought to have heard the petitioners who desired to withdraw from the petition, and allowed them to withdraw if they were imposed on. See 1 Whart. Cont., sec. 529; Morawetz Pr. Corp., (istEd.),. sec. 302, n. 1; 2d Ed., vol. 1, sec. 97; 59 Texas, 438; 14 Phil., 251; 13 Id., 241.\nCertiorari lies where a new jurisdiction is created. 2 Tidd., 1134; 29 Ark., 173; Hempst., 195; 10 Minn., 30, 37; 80 Ala., 287. The remedy here was certiorari to the circuit court. Mansf. Dig., sec. 1368. Where circuit court exceeds its powers, certiorari and not appeal is the remedy. 29 Ark., 173, 181; 24 Wend., 249; 26 Ark., 51.\nNo appeal is provided for by the law in these cases. Dig., sec. 4524 etseq. The petitioners are analogous to voters. 35 Ark., 73 et seq. The law contemplates that the county court should not have the power to revoke any order it had made. 35 Ark., 423-4. Under the rule expressio unius, etc., sec. Si of article 7, constitution 1874, contemplated that there should not be an appeal in such cases as these.\nHere we, having been made parties, can have certiorari. 45 Barb., 167; 40 Ark., 290; 30 Ark., 578; 26 Id., 461; 26 Id., 95 ; 32 Id., 45.\nPrior to sec. 51, art. 7, constitution 1874, as shown by 30 Ark., 578; 26 1b., 461; lb., 95; 321b., 45, no law authorized an appeal by a county, or person who had no pecuniary interest at stake. Sec. 33, art. 7, is not broader than sec. 1436 Mansf. Dig., which was in force when the above decisions were rendered. Indeed, not as broad. Sec. 1436 only provides for appeals in ordinary cases, by parties aggrieved. Besides, sec. 33 is not self-executing, nor does it define who may take an appeal. See Cooley Cons. Lim. (5th Ed.), 98 et seq.; 38 Ark., 329; 5 Dillon, 380; 9 Ind., 15.\nThe general provisions of the law are presumed to be enacted in view of usual and ordinary proceedings, and do not embrace proceedings under special acts. If such special acts do not authorize appeals, none can be taken by virtue of the general law. 9 Ind. (Tanner), 4.75 ; 16 Ind., 15. Where an inferior court exercises a special limited jurisdiction conferred by statute, no appeal lies unless given by the statute. 8 Md., Si IS Md., 193; 7 Gill., 157; 3 Gill., 497; 69 N. Y., 209.\nIn 35 Ark., 69; 37 Ark., 374; 40 Ark., 290, and 43 Ark,, 42,49, the right of the liquor seller to appeal was passed upon, but the right of petitioners under the local option law has never been decided. The \u201cthree mile law\u2019\u2019 does not provide for an appeal by either side.\nW. S. McCain and E. A. Bolton, for appellees and respondent.\n1. There is no testimony to show that the eighty-one petitioners were imposed on or that their names were procured by fraud. None was offered.\n2. The court properly refused to allow the petitioners to withdraw their names. See 40 Ark., 290. The petition is like an election and the petitioners like voters, and after they have signed and the county court has acted, they can no more change than voters can change their votes after voting.\n3. As to the right of appeal, see Const., art. 7, sec, 33 ; Mansf. Dig., sec. 1436; 33 Ark., 508; 34 Id., 240; 43 Id., 42; 43 Id., 33; 44 Id., 509; 50 Ark., 18."
  },
  "file_name": "0159-01",
  "first_page_order": 211,
  "last_page_order": 217
}
