{
  "id": 8722815,
  "name": "Currie v. Franklin",
  "name_abbreviation": "Currie v. Franklin",
  "decision_date": "1888-11",
  "docket_number": "",
  "first_page": "338",
  "last_page": "341",
  "citations": [
    {
      "type": "official",
      "cite": "51 Ark. 338"
    }
  ],
  "court": {
    "name_abbreviation": "Ark.",
    "id": 8808,
    "name": "Arkansas Supreme Court"
  },
  "jurisdiction": {
    "id": 34,
    "name_long": "Arkansas",
    "name": "Ark."
  },
  "cites_to": [
    {
      "cite": "4 Mass., 190",
      "category": "reporters:state",
      "reporter": "Mass.",
      "opinion_index": -1
    },
    {
      "cite": "47 Ark., 413",
      "category": "reporters:state",
      "reporter": "Ark.",
      "case_ids": [
        1888731
      ],
      "opinion_index": -1,
      "case_paths": [
        "/ark/47/0413-01"
      ]
    },
    {
      "cite": "45 Ark., 48",
      "category": "reporters:state",
      "reporter": "Ark.",
      "opinion_index": -1
    },
    {
      "cite": "94 U. S., 74",
      "category": "reporters:federal",
      "reporter": "U.S.",
      "opinion_index": -1
    },
    {
      "cite": "2 Wall., 609",
      "category": "reporters:scotus_early",
      "reporter": "Wall.,",
      "case_ids": [
        8300431
      ],
      "opinion_index": -1,
      "case_paths": [
        "/us/69/0611-01"
      ]
    },
    {
      "cite": "18 Wall., 364",
      "category": "reporters:scotus_early",
      "reporter": "Wall.,",
      "opinion_index": -1
    },
    {
      "cite": "39 Conn., 199",
      "category": "reporters:state",
      "reporter": "Conn.",
      "opinion_index": -1
    },
    {
      "cite": "47 Ill., 25",
      "category": "reporters:state",
      "reporter": "Ill.",
      "case_ids": [
        5268908
      ],
      "opinion_index": -1,
      "case_paths": [
        "/ill/47/0025-01"
      ]
    },
    {
      "cite": "34 Cal., 391",
      "category": "reporters:state",
      "reporter": "Cal.",
      "case_ids": [
        2284576
      ],
      "opinion_index": -1,
      "case_paths": [
        "/cal/34/0391-01"
      ]
    },
    {
      "cite": "12 Ohio St., 643",
      "category": "reporters:state",
      "reporter": "Ohio St.",
      "opinion_index": -1
    },
    {
      "cite": "25 N. H., 302",
      "category": "reporters:state",
      "reporter": "N.H.",
      "opinion_index": -1
    },
    {
      "cite": "62 Mo., 588",
      "category": "reporters:state",
      "reporter": "Mo.",
      "opinion_index": -1
    },
    {
      "cite": "33 Ark., 428",
      "category": "reporters:state",
      "reporter": "Ark.",
      "opinion_index": -1
    },
    {
      "cite": "18 Ark., 449",
      "category": "reporters:state",
      "reporter": "Ark.",
      "case_ids": [
        8726580
      ],
      "opinion_index": -1,
      "case_paths": [
        "/ark/18/0449-01"
      ]
    },
    {
      "cite": "11 Ark., 5",
      "category": "reporters:state",
      "reporter": "Ark.",
      "opinion_index": 0
    },
    {
      "cite": "18 Ark., 449",
      "category": "reporters:state",
      "reporter": "Ark.",
      "case_ids": [
        8726580
      ],
      "opinion_index": 0,
      "case_paths": [
        "/ark/18/0449-01"
      ]
    }
  ],
  "analysis": {
    "cardinality": 365,
    "char_count": 4590,
    "ocr_confidence": 0.723,
    "pagerank": {
      "raw": 1.612339250136748e-07,
      "percentile": 0.6858050411433253
    },
    "sha256": "4e84991b5b078f3dc461119908d62389165ef50546019cb75a8c41c0001aa326",
    "simhash": "1:76e903e6640c2c40",
    "word_count": 812
  },
  "last_updated": "2024-02-27T22:07:54.224341+00:00",
  "provenance": {
    "date_added": "2019-08-29",
    "source": "Harvard",
    "batch": "2018"
  },
  "casebody": {
    "judges": [],
    "parties": [
      "Currie v. Franklin."
    ],
    "opinions": [
      {
        "text": "COCKRILL, C. J.\nThe judgment in this case is ruled by the decision in Redmond as guardian v. Anderson, 18 Ark., 449, which follows the leading case of Borden v. State, 11 Ark., 5!9- The principle governing the first case is affirmed in George v. Norris, 23 Ib., 129; Fleming v. Johnson, 26 Ib., 421; Gwynn v. McGauley, 32 Ib., 97; Myrick v. Jacks, 33 Ib., 428; Adams v. Thomas, 44 Ib., 267; and Boyd v. Roan, 49 Ib., 397.\nAffirm.",
        "type": "majority",
        "author": "COCKRILL, C. J."
      }
    ],
    "attorneys": [
      "Harrison & Harrison, for appellants.",
      "J. M. & /. G. Taylor, for appellee."
    ],
    "corrections": "",
    "head_matter": "Currie v. Franklin.\nGuardian\u2019s Sale : Presumption as to order for.\nAn order of the probate court for the sale of a minor\u2019s lands will be presumed to have been regularly made, where nothing to the contrary appears in the record, and its validity cannot be questioned in a collateral proceeding. Redmond v. Anderson, 18 Ark., 449.\nAPPEAL from Jefferson Circuit Court.\nJohn A. Williams, Judge.\nIn 1872 the title to the lands in controversy in this suit was in the plaintiffs, subject to,a life estate in their mother, Mrs. Martha A. Mathis. On the 5th day of March of that year, the mother conveyed her life estate to the defendant. 'She was subsequently duly appointed guardian of plaintiffs, and as such applied to the probate court by petition for an order to sell their interest in the lands, stating in her application that such sale was necessary to raise funds for their support and education. The probate court granted the petition, and pursuant to its order the interest of the plaintiffs in the lands was offered for sale on the 16th of September, 1872, and the \u2022defendant became the purchaser thereof. The sale was reported to and confirmed by the court, and the guardian thereupon conveyed the interest of the plaintiffs in the lands to the defendant, who had gone into possession under the conveyance of the life estate. The statutes.in force at the \u25a0date of the order under which the guardian\u2019s sale was made (Gould\u2019s Dig., chap. 4, secs. 180, 182), provided that an \u2022application to sell the real estate of a minor, should, when made under section 181, be verified by the affidavit of some \u2022disinterested person, and if made under section 182, that it should be supported by the testimony of two credible witnesses. The petition for the sale of the lands in controversy is not \u25a0embraced in the record of this cause, and it does not appear from the order made upon it, whether the application was verified or supported in the manner required by the statute. It does, however, appear from the recitals of the order, that it was made upon the written application of the guardian and that the court found that a sale was necessary for the purpose stated in the petition. Mrs. Mathis died in 1884 and in 1886 the plaintiffs brought this action to recover possession of the lands. The defendant by his answer claimed title under the guardian\u2019s conveyance, and set out and exhibited therewith the order of sale, the report and the order of confirmation. The plaintiffs demurred to the answer and their demurrer having been overruled, they rested thereon and appealed.\nHarrison & Harrison, for appellants.\nIt does not appear by the record of the probate court exhibited with defendant\u2019s answer, nor is it averred in the answer, that the affidavits required by the statute were made or filed. These were jurisdictional facts, and there can be no-presumption of the existence of such. They must appear. Const. 1868, art. vii, sec. 5; chap.,4 Gould\u2019s. Dig., p. 134;, act Dec. 23d, 1846, secs. 180, 181, 182; 33 Ark., 428; 32 lb., 97; 19 lb., 499; 26 lb., 421; 31 Id., 74; Hawes, on Jur. 11 sec., 8; 60 Ill.,333; 62 Mo., 588; 11 Wend.,, 651; 25 N. H., 302; 35 lb., 166; 12 Ohio St., 643;, Freeman Void Jud. Sales, sec. 8; FreemanJudg., sec. 125;, Hawes on Jur., 499, sec. 259; 496, sec. 257; 1 Ohio St.,, 372; 8 lb., 613; 34 Cal., 391; 47 Ill., 25; 39 Conn., 199; 18 Wall., 364; 28 Grat., 879; II Mo. App., 34.\nThe court having no jurisdiction, the confirmation of the sale was inoperative and nugatory. Freeman Void Judicial-Sales, sec. 44; 2 Wall., 609; 94 U. S., 74; 2 How. (U. S.), 57-\nJ. M. & /. G. Taylor, for appellee.\nThe probate court had jurisdiction. 45 Ark., 48. Presumably the law was complied with,, and this presumption is-conclusive. 47 Ark., 413. A remainder after a life estate is the subject of sale. Rorer Jud. Sales, 259, 261. The-guardian, under the orders of the probate court, had'the authority to sell. 4 Mass., 190; Schouler Dom. Rel., 367,, 368.\nThe probate court had jurisdiction of the subject matter,, and there being no fraud or irregularity the sale must stand. Schouler Dom. Rel., 336; L. R. 6 Chy., p. 850; L. R. 14. Eq., 251."
  },
  "file_name": "0338-01",
  "first_page_order": 390,
  "last_page_order": 393
}
