{
  "id": 4356494,
  "name": "The State of Washington, Respondent, v. Peter Richard Barton, Petitioner",
  "name_abbreviation": "State v. Barton",
  "decision_date": "2014-07-31",
  "docket_number": "No. 89390-0",
  "first_page": "148",
  "last_page": "169",
  "citations": [
    {
      "type": "official",
      "cite": "181 Wash. 2d 148"
    }
  ],
  "court": {
    "name_abbreviation": "Wash.",
    "id": 9029,
    "name": "Washington Supreme Court"
  },
  "jurisdiction": {
    "id": 38,
    "name_long": "Washington",
    "name": "Wash."
  },
  "cites_to": [
    {
      "cite": "63 P.3d 177",
      "category": "reporters:state_regional",
      "reporter": "P.3d",
      "year": 2003,
      "opinion_index": 0
    },
    {
      "cite": "115 Wn. App. 604",
      "category": "reporters:state",
      "reporter": "Wash. App.",
      "case_ids": [
        221871
      ],
      "year": 2003,
      "pin_cites": [
        {
          "page": "605"
        }
      ],
      "opinion_index": 0,
      "case_paths": [
        "/wash-app/115/0604-01"
      ]
    },
    {
      "cite": "18 U.S.C. \u00a7\u00a7 3146-3152",
      "category": "laws:leg_statute",
      "reporter": "U.S.C.",
      "weight": 2,
      "opinion_index": 0
    },
    {
      "cite": "404 U.S. 357",
      "category": "reporters:federal",
      "reporter": "U.S.",
      "case_ids": [
        6173319
      ],
      "weight": 5,
      "year": 1971,
      "pin_cites": [
        {
          "page": "359-60",
          "parenthetical": "interpreting similarly worded Illinois statute"
        },
        {
          "parenthetical": "interpreting similarly worded Illinois statute"
        },
        {
          "parenthetical": "interpreting similarly worded Illinois statute"
        },
        {
          "page": "359"
        },
        {
          "page": "371"
        }
      ],
      "opinion_index": 0,
      "case_paths": [
        "/us/404/0357-01"
      ]
    },
    {
      "cite": "312 P.3d 960",
      "category": "reporters:state_regional",
      "reporter": "P.3d",
      "year": 2013,
      "opinion_index": 0
    },
    {
      "cite": "179 Wn.2d 145",
      "category": "reporters:state",
      "reporter": "Wash. 2d",
      "case_ids": [
        4033677
      ],
      "year": 2013,
      "pin_cites": [
        {
          "page": "150"
        }
      ],
      "opinion_index": 0,
      "case_paths": [
        "/wash-2d/179/0145-01"
      ]
    },
    {
      "cite": "384 S.W.3d 208",
      "category": "reporters:state_regional",
      "reporter": "S.W.3d",
      "case_ids": [
        7094737
      ],
      "year": 2012,
      "pin_cites": [
        {
          "page": "215"
        }
      ],
      "opinion_index": 0,
      "case_paths": [
        "/sw3d/384/0208-01"
      ]
    },
    {
      "cite": "835 N.E.2d 5",
      "category": "reporters:state_regional",
      "reporter": "N.E.2d",
      "pin_cites": [
        {
          "page": "18"
        }
      ],
      "opinion_index": 0
    },
    {
      "cite": "2005-Ohio-5125",
      "category": "reporters:neutral",
      "reporter": "Ohio",
      "opinion_index": 0
    },
    {
      "cite": "106 Ohio St. 3d 309",
      "category": "reporters:state",
      "reporter": "Ohio St. 3d",
      "case_ids": [
        1257928
      ],
      "opinion_index": 0,
      "case_paths": [
        "/ohio-st-3d/106/0309-01"
      ]
    },
    {
      "cite": "2006 VT 97",
      "category": "reporters:neutral",
      "reporter": "VT",
      "case_ids": [
        3149295
      ],
      "weight": 3,
      "pin_cites": [
        {
          "page": "876"
        }
      ],
      "opinion_index": 0,
      "case_paths": [
        "/vt/180/0357-01"
      ]
    },
    {
      "cite": "150 Idaho 647",
      "category": "reporters:state",
      "reporter": "Idaho",
      "case_ids": [
        4076839
      ],
      "weight": 2,
      "year": 2011,
      "pin_cites": [
        {
          "parenthetical": "explaining that \"the Idaho Constitution prevents cash-only bail\" under its sufficient sureties clause"
        },
        {
          "page": "847",
          "parenthetical": "explaining that \"the Idaho Constitution prevents cash-only bail\" under its sufficient sureties clause"
        }
      ],
      "opinion_index": 0,
      "case_paths": [
        "/idaho/150/0647-01"
      ]
    },
    {
      "cite": "666 N.W.2d 573",
      "category": "reporters:state_regional",
      "reporter": "N.W.2d",
      "case_ids": [
        9108086
      ],
      "weight": 6,
      "year": 2003,
      "pin_cites": [
        {
          "page": "578-80"
        },
        {
          "page": "582"
        },
        {
          "page": "581"
        },
        {
          "page": "583"
        },
        {
          "page": "584"
        }
      ],
      "opinion_index": 0,
      "case_paths": [
        "/nw2d/666/0573-01"
      ]
    },
    {
      "cite": "19 Or. App. 247",
      "category": "reporters:state",
      "reporter": "Or. App.",
      "case_ids": [
        2134776
      ],
      "weight": 3,
      "year": 1974,
      "pin_cites": [
        {
          "page": "126"
        }
      ],
      "opinion_index": 0,
      "case_paths": [
        "/or-app/19/0247-01"
      ]
    },
    {
      "cite": "217 N.E.2d 803",
      "category": "reporters:state_regional",
      "reporter": "N.E.2d",
      "weight": 7,
      "year": 1966,
      "pin_cites": [
        {
          "page": "805-06"
        },
        {
          "page": "805"
        },
        {
          "page": "805-06",
          "parenthetical": "citations omitted"
        },
        {
          "page": "806"
        },
        {
          "page": "805"
        }
      ],
      "opinion_index": 0
    },
    {
      "cite": "34 Ill. 2d 623",
      "category": "reporters:state",
      "reporter": "Ill. 2d",
      "case_ids": [
        2878040
      ],
      "year": 1966,
      "opinion_index": 0,
      "case_paths": [
        "/ill-2d/34/0623-01"
      ]
    },
    {
      "cite": "210 Ariz. 427",
      "category": "reporters:state",
      "reporter": "Ariz.",
      "case_ids": [
        648440
      ],
      "weight": 5,
      "year": 2005,
      "pin_cites": [
        {
          "parenthetical": "reasoning that \"it is conceivable that bail by cash (or personal property of value such as a horse or a firearm) might have been the only practical form of bail in Arizona when our constitution was adopted\""
        },
        {
          "page": "1032-33",
          "parenthetical": "reasoning that \"it is conceivable that bail by cash (or personal property of value such as a horse or a firearm) might have been the only practical form of bail in Arizona when our constitution was adopted\""
        },
        {
          "page": "1032",
          "parenthetical": "reasoning that \"sufficient sureties\" creates a right to access surety in some form but that cash can function as a surety"
        },
        {
          "page": "1032-33"
        }
      ],
      "opinion_index": 0,
      "case_paths": [
        "/ariz/210/0427-01"
      ]
    },
    {
      "cite": "609 N.E.2d 541",
      "category": "reporters:state_regional",
      "reporter": "N.E.2d",
      "year": 1993,
      "pin_cites": [
        {
          "page": "544"
        }
      ],
      "opinion_index": 0
    },
    {
      "cite": "66 Ohio St. 3d 115",
      "category": "reporters:state",
      "reporter": "Ohio St. 3d",
      "case_ids": [
        1721003
      ],
      "year": 1993,
      "opinion_index": 0,
      "case_paths": [
        "/ohio-st-3d/66/0115-01"
      ]
    },
    {
      "cite": "604 N.W.2d 345",
      "category": "reporters:state_regional",
      "reporter": "N.W.2d",
      "case_ids": [
        11494218
      ],
      "weight": 18,
      "year": 2000,
      "pin_cites": [
        {
          "page": "352-53"
        },
        {
          "page": "349"
        },
        {
          "page": "349-50"
        },
        {
          "page": "350"
        },
        {
          "page": "350-52"
        },
        {
          "page": "350",
          "parenthetical": "citation omitted"
        },
        {
          "page": "349"
        },
        {
          "page": "349-50"
        },
        {
          "page": "354",
          "parenthetical": "holding that an all-cash bail violates Minnesota's sufficient sureties clause"
        }
      ],
      "opinion_index": 0,
      "case_paths": [
        "/nw2d/604/0345-01"
      ]
    },
    {
      "cite": "546 So. 2d 501",
      "category": "reporters:state_regional",
      "reporter": "So. 2d",
      "case_ids": [
        7548180
      ],
      "weight": 2,
      "year": 1989,
      "pin_cites": [
        {
          "page": "503"
        },
        {
          "page": "502-03",
          "parenthetical": "holding all-cash bail violates Louisiana's sufficient sureties clause"
        }
      ],
      "opinion_index": 0,
      "case_paths": [
        "/so2d/546/0501-01"
      ]
    },
    {
      "cite": "546 So. 2d 186",
      "category": "reporters:state_regional",
      "reporter": "So. 2d",
      "case_ids": [
        7544512,
        7544571,
        7544542
      ],
      "year": 1989,
      "pin_cites": [
        {
          "page": "186"
        }
      ],
      "opinion_index": 0,
      "case_paths": [
        "/so2d/546/0186-01",
        "/so2d/546/0186-03",
        "/so2d/546/0186-02"
      ]
    },
    {
      "cite": "855 P.2d 1174",
      "category": "reporters:state_regional",
      "reporter": "P.2d",
      "year": 1993,
      "pin_cites": [
        {
          "parenthetical": "quoting 8 C.J.S. Bail \u00a7 88, at 109 (1988)"
        }
      ],
      "opinion_index": 0
    },
    {
      "cite": "70 Wn. App. 646",
      "category": "reporters:state",
      "reporter": "Wash. App.",
      "case_ids": [
        1745136
      ],
      "weight": 3,
      "year": 1993,
      "pin_cites": [
        {
          "page": "653",
          "parenthetical": "quoting 8 C.J.S. Bail \u00a7 88, at 109 (1988)"
        },
        {
          "page": "653-54"
        },
        {
          "page": "653"
        }
      ],
      "opinion_index": 0,
      "case_paths": [
        "/wash-app/70/0646-01"
      ]
    },
    {
      "cite": "219 P.3d 700",
      "category": "reporters:state_regional",
      "reporter": "P.3d",
      "year": 2009,
      "opinion_index": 0
    },
    {
      "cite": "167 Wn.2d 548",
      "category": "reporters:state",
      "reporter": "Wash. 2d",
      "case_ids": [
        4005096
      ],
      "year": 2009,
      "pin_cites": [
        {
          "page": "561"
        }
      ],
      "opinion_index": 0,
      "case_paths": [
        "/wash-2d/167/0548-01"
      ]
    },
    {
      "cite": "960 P.2d 952",
      "category": "reporters:state_regional",
      "reporter": "P.2d",
      "year": 1998,
      "opinion_index": 0
    },
    {
      "cite": "91 Wn. App. 860",
      "category": "reporters:state",
      "reporter": "Wash. App.",
      "case_ids": [
        1681809
      ],
      "weight": 3,
      "year": 1998,
      "pin_cites": [
        {
          "page": "863"
        },
        {
          "page": "861-62",
          "parenthetical": "noting abuse of discretion standard applied in review of the terms of a particular bail order"
        }
      ],
      "opinion_index": 0,
      "case_paths": [
        "/wash-app/91/0860-01"
      ]
    },
    {
      "cite": "976 P.2d 1272",
      "category": "reporters:state_regional",
      "reporter": "P.2d",
      "year": 1999,
      "opinion_index": 0
    },
    {
      "cite": "95 Wn. App. 775",
      "category": "reporters:state",
      "reporter": "Wash. App.",
      "case_ids": [
        255015
      ],
      "year": 1999,
      "pin_cites": [
        {
          "page": "778"
        }
      ],
      "opinion_index": 0,
      "case_paths": [
        "/wash-app/95/0775-01"
      ]
    },
    {
      "cite": "90 P.3d 42",
      "category": "reporters:state_regional",
      "reporter": "P.3d",
      "weight": 3,
      "year": 2004,
      "pin_cites": [
        {
          "parenthetical": "Water Jet"
        }
      ],
      "opinion_index": 0
    },
    {
      "cite": "151 Wn.2d 470",
      "category": "reporters:state",
      "reporter": "Wash. 2d",
      "case_ids": [
        428172
      ],
      "year": 2004,
      "pin_cites": [
        {
          "page": "477",
          "parenthetical": "Water Jet"
        }
      ],
      "opinion_index": 0,
      "case_paths": [
        "/wash-2d/151/0470-01"
      ]
    },
    {
      "cite": "892 P.2d 1067",
      "category": "reporters:state_regional",
      "reporter": "P.2d",
      "year": 1994,
      "opinion_index": 0
    },
    {
      "cite": "125 Wn.2d 277",
      "category": "reporters:state",
      "reporter": "Wash. 2d",
      "case_ids": [
        437131
      ],
      "year": 1994,
      "pin_cites": [
        {
          "page": "288"
        }
      ],
      "opinion_index": 0,
      "case_paths": [
        "/wash-2d/125/0277-01"
      ]
    }
  ],
  "analysis": {
    "cardinality": 1569,
    "char_count": 40944,
    "ocr_confidence": 0.756,
    "pagerank": {
      "raw": 8.734102991684873e-08,
      "percentile": 0.49442477148281616
    },
    "sha256": "06aeb66fa055ea8f67501d29cac999c4c3d0942aa5c2815eadf445113f98e7c4",
    "simhash": "1:2f28fcae71ef9fe4",
    "word_count": 6868
  },
  "last_updated": "2024-02-27T19:47:16.443836+00:00",
  "provenance": {
    "date_added": "2019-08-29",
    "source": "Harvard",
    "batch": "2018"
  },
  "casebody": {
    "judges": [],
    "parties": [
      "The State of Washington, Respondent, v. Peter Richard Barton, Petitioner."
    ],
    "opinions": [
      {
        "text": "\u00b61 This case centers on article I, section 20 of the Washington State Constitution and its mandate that criminal defendants \u201cshall be bailable by sufficient sureties.\u201d Peter Barton\u2019s bail was set at $500,000; invoking Criminal Rule (CrR) 3.2(b)(4), the trial court ordered that Barton post 10 percent of that amount with the registry of the court in cash or other security. Barton claims this order violates his guaranty to bail by sufficient sureties.\nStephens, J.\n\u00b62 We hold that article I, section 20 means a defendant must be allowed the option to secure bail via a surety, as distinct from cash or other security. To the extent the trial court\u2019s order disallowed this possibility, we vacate the order and remand for further proceedings consistent with this opinion.\nFACTS AND PROCEDURAL HISTORY\n\u00b63 At his arraignment on August 13, 2012, Barton pleaded not guilty to a charge of rape of a child in the first degree. The court set bail at $250,000. The prosecutor asked for a condition requiring 10 percent of the amount to be deposited in cash with the registry of the court. Barton objected to the cash-only bail, and the trial court delayed consideration of the request.\n\u00b64 At a hearing the next day, the State asked the court to increase Barton\u2019s bail to $1,000,000 and direct that if Barton \u201cshould post bond that 10 percent of that be in cash.\u201d Verbatim Report of Proceedings (VRP) (Aug. 14,2012) at 3. The judge entered an order setting bail at $500,000 and stating that Barton was required to execute a \u201cbond with [sic] depositing 10% cash in the registry of the court.\u201d Clerk\u2019s Papers (CP) at 11 (Order on Release/Det. of Def. (Aug. 15, 2012)). The judge\u2019s bail order made headlines. Diana Hefley, Judge requires unusual bail in child rape case, HeraldNet, Aug. 16, 2012, http://www.heraldnet.com/ article/20120816/NEWS01/708169921. Barton moved to strike the cash-only provision. At a hearing held on September 7, 2012, the trial court explained that it had intended its August 15, 2012 order to track the language of CrR 3.2(b)(4). Accordingly, the trial court clarified that Barton could post 10 percent of the bail amount \u201c \u2018in cash or other security.\u2019 \u201d VRP (Sept. 7, 2012) at 25, 27-28 (court quoting language of the rule). However, the court did not enter its ruling that day because defense counsel asked to brief the matter further. Id. at 26-27. On October 18, 2012, after additional briefing, the court explained it was denying the defense motion to strike the cash-only provision \u201cas formulated.\u201d VRP (Oct. 18,2012) at 26. The court reiterated its intention to track the language of CrR 3.2(b)(4) and require Barton to post 10 percent of the bond with the court \u201cin cash or other security.\u201d Id. at 27. The court modified its August 15, 2012 order to read, \u201cDefendant shall execute a bond in the amount of $500,000 and deposit in the registry of the court in [sic] $50,000 cash or other security. . . .\u201d CP at 13 (Order (Oct. 18, 2012)).\n\u00b65 Barton appealed the bail order, and the parties stipulated that the order was reviewable under Rule of Appellate Procedure (RAP) 2.3(b)(4). The commissioner of the Court of Appeals accepted the stipulation and granted review, explaining that even if the case became moot the court would still review the question. Barton moved to transfer the case to this court, which the acting commissioner granted. In doing so, our acting commissioner noted that \u201cthe proper form of bail is a matter of continuing and substantial public interest,\u201d overcoming any claim of mootness. Ruling Granting Mot. To Transfer (Nov. 21, 2013) at 3.\nANALYSIS\n\u00b66 Article I, section 20 reads:\nAll persons charged with crime shall be bailable by sufficient sureties, except for capital offenses when the proof is evident, or the presumption great. Bail may be denied for offenses punishable by the possibility of life in prison upon a showing by clear and convincing evidence of a propensity for violence that creates a substantial likelihood of danger to the community or any persons, subject to such limitations as shall be determined by the legislature.\nWash. Const, art. I, \u00a7 20 (emphasis added).\n\u00b67 This provision became the focus of attention in 2009, when Maurice Clemmons shot and killed four police officers in Lakewood. Clemmons committed his murders while out on bail for felony charges that could have resulted in life imprisonment. In response to this tragedy, the legislature proposed a constitutional amendment to article I, section 20 that would make hail more difficult to obtain for a person awaiting trial for a crime that would be punishable by life in prison. The amendment read, \u201cBail may be denied for offenses punishable by the possibility of life in prison upon a showing by clear and convincing evidence of a propensity for violence that creates a substantial likelihood of danger to the community or any persons, subject to such limitations as shall be determined by the legislature.\u201d Engrossed Substitute H.J. Res. 4220,61st Leg., Reg. Sess. (Wash. 2010). Voters approved the constitutional amendment on November 2, 2010. Wash. Const, art. I, \u00a7 20.\n\u00b68 A further result of the Lakewood tragedy was that the legislature convened a bail practices work group \u201cto study bail practices and procedures\u201d in a \u201ccomprehensive and well-considered manner,\u201d and \u201creport its findings and recommendations to the Washington state supreme court, the governor, and appropriate committees of the legislature.\u201d Laws of 2010, ch. 256, \u00a7\u00a7 1, 2(6). During the legislature\u2019s review of a bill introduced as a result of the group\u2019s work, an amendment was proposed that would have required five percent of the bond amount be collected by a bail bondsman before the accused could be released. See Amend. 2668-S AMS PADD GORR 672 to Substitute H.B. 2668, 62d Leg., Reg. Sess. (Wash. 2012). The motivation for this amendment was apparently the belief that it was becoming too easy for persons accused of a crime to make bail. See S.B. Rep. on Substitute H.B. 2668, at 2-3, 62d Leg., Reg. Sess. (Wash. 2012) (explaining the view of some individuals that the bill as written did not do enough to address a premium rate for bail).\n\u00b69 Against this backdrop, Barton\u2019s bail order was entered. As noted, the State initially asked for the court to impose a condition that Barton deposit 10 percent of his bond amount in cash before being released on bail. The deputy prosecutor explained,\nThe problem that I think my office is concerned about is the fact that it is possible that Mr. Barton is - the way that the rules currently are, Mr. Barton could post bond without having any money put up at all. That\u2019s the concern for the State.\n. . . [J]ust yesterday when I was driving around the county campus, there was somebody who was waving a sign that said something like \u201cyou sign, you walk\u201d with respect to bail. So the requirement of cash is really a fiction because there isn\u2019t cash that\u2019s required.\nVRP (Aug. 15, 2012) at 7. The deputy prosecutor asked the court to impose bail that \u201cmean[t] something.\u201d Id. at 8. The trial court did impose a condition that Barton deposit, in cash, 10 percent of the bond amount before release. See CP at 11 (Order on Release/Det. of Def. (Aug. 15,2012)). But as noted, it later amended its order to require, consistent with the language of CrR 3.2(b)(4), that Barton deposit 10 percent of the bond amount in cash or other security with the registry of the court. CP at 13.\n\u00b610 This case mainly concerns the meaning of article I, section 20 of the Washington State Constitution. In order to determine if the bail order here is proper, we must first understand the import of the phrase \u201cbailable by sufficient sureties.\u201d Because the federal constitution contains no clause requiring that defendants be bailable by sufficient sureties, this is purely a question of state constitutional law.\n1. Article I, section 20 of the Washington State Constitution guarantees a criminal defendant who is bailable the opportunity to make bail via a suret\n\u00b611 The meaning of the phrase \u201cbailable by sufficient sureties\u201d presents a question of first impression. \u201cWhen interpreting a constitutional provision, we seek to ascertain and give effect to the manifest purpose for which it was adopted.\u201d Westerman v. Cary, 125 Wn.2d 277, 288, 892 P.2d 1067 (1994). In doing so, we look first to the plain language of the text \u201cand will accord it its reasonable interpretation.\u201d Wash. Water Jet Workers Ass\u2019n v. Yarbrough, 151 Wn.2d 470, 477, 90 P.3d 42 (2004) (Water Jet). \u201cThe words of the text will be given their common and ordinary meaning, as determined at the time they were drafted.\u201d Id. We should look to the historical context of the provision for guidance. Id.\nf 12 The parties seem to agree that the constitutional framers had in mind more than one purpose in adopting article I, section 20. They disagree on which purpose should take prominence. Barton argues that, more than ensuring a defendant\u2019s appearance, the provision is intended to protect the accused\u2019s presumption of innocence. Pet\u2019r\u2019s Opening Br. at 16. In contrast, the State emphasizes the court\u2019s interest over the defendant\u2019s. See, e.g., Br. of Resp\u2019t at 6-7 (explaining its view that \u201cWashington courts have recognized that the court\u2019s interest is the main reason for bail in modern times\u201d (citing State v. Paul, 95 Wn. App. 775, 778, 976 P.2d 1272 (1999); State v. Banuelos, 91 Wn. App. 860, 863, 960 P.2d 952 (1998); State v. Kramer, 167 Wn.2d 548, 561, 219 P.3d 700 (2009))). \u201cOf course, there can be more than one purpose motivating a provision of the state constitution.\u201d Water Jet, 151 Wn.2d at 484. Thus, we must examine article I, section 20 with both of these purposes in mind.\n\u00b613 The key word at issue in article I, section 20 is \u201csureties.\u201d Black\u2019s Law Dictionary defines \u201csurety\u201d as \u201c[a] person who is primarily liable for paying another\u2019s debt or performing another\u2019s obligation.\u201d Black\u2019s Law Dictionary 1579 (9th ed. 2009). This modern definition is not markedly different from the definition of \u201csurety\u201d at the time the provision in question was adopted, which the State acknowledges. An 1891 edition of Black\u2019s Law Dictionary defined \u201csurety\u201d as \u201cone who at the request of another, and for the purpose of securing to him a benefit, becomes responsible for the performance by the latter of some act in favor of a third person, or hypothecates[] property as security therefor.\u201d Black\u2019s Dictionary of Law 1142 (1891); Br. of Resp\u2019t at 8. The 1897 edition of the Bouvier\u2019s Law Dictionary defined \u201csurety\u201d as \u201c[a] person who binds himself for the payment of a sum of money, or for the performance of something else, for another.\u201d 2 Bouvier\u2019s Law Dictionary 1073 (1897); Br. of Resp\u2019t at 8.\n\u201cThe underlying legal theories behind bail bonds and cash bail are different; in bail bonds the law looks to the surety to guarantee the defendant\u2019s appearance, while in cash bail the law looks to the money already in the hands of the state to insure defendant\u2019s appearance.\u201d\nIn re Marriage of Bralley, 70 Wn. App. 646, 653, 855 P.2d 1174 (1993) (quoting 8 C.J.S. Bail \u00a7 88, at 109 (1988)). In other words, a cash deposit renders a surety unnecessary and vice versa. One cannot stand in for the other.\n\u00b614 For this reason, we cannot conclude that a surety arrangement is simply the putting up of cash or property. It involves a third-party promise to fulfill a financial burden in the event of nonperformance or to compel that performance. As a matter of plain language, \u201cbailable by sufficient sureties\u201d means a defendant must have the option to utilize a surety in making bail. Several other jurisdictions to consider identical phrasing in their state constitutions have reached the same conclusion. See, e.g., State v. Parker, 546 So. 2d 186, 186 (La. 1989); State v. Golden, 546 So. 2d 501, 503 (La. Ct. App. 1989); State v. Brooks, 604 N.W.2d 345, 352-53 (Minn. 2000); State ex rel. Jones v. Hendon, 66 Ohio St. 3d 115, 609 N.E.2d 541, 544 (1993).\n\u00b615 The historical context behind article I, section 20\u2019s adoption also provides support for the conclusion that \u201csufficient sureties\u201d contemplates a surety arrangement as a method distinct from requiring cash or property to secure bail. As the Minnesota State Supreme Court explained in its decision in Brooks, the practice of bail surety arose in England at a time when magistrates traveled from town to town, potentially detaining the accused for long periods of time awaiting trial. 604 N.W.2d at 349. \u201cThe bail system and its reliance on personal surety emerged to prevent excessive pretrial detention.\u201d Id. \u201cPersonal surety\u201d meant that a person of good repute agreed to be responsible for ensuring the accused\u2019s appearance in court or would pay a monetary penalty otherwise. Id. At that time, crimes were generally punished with a monetary fine. Id. But when corporal punishment began to replace monetary fines, \u201c [b] ail availability was increasingly restricted, in part because corporal punishment afforded an accused greater incentive to flee.\u201d Id. The \u201cStatute of Westminster,\u201d adopted in 1275, attempted to create a uniform system of bail administration, but it was confusing and complicated. Id. Nevertheless it governed English bail law for the next five centuries. Id. at 349-50.\n\u00b616 Against this backdrop, explained the Brooks court, the phrase \u201cbailable by sufficient sureties\u201d was first adopted in colonial Pennsylvania\u2019s \u201cGreat Law of 1682.\u201d Id. at 350. The Quakers who founded Pennsylvania \u201chad an aversion to the inefficient bail system that had evolved\u201d in England. Id. \u201cHaving been persecuted in England, they had greater sympathy for detained defendants than for a powerful judiciary.\u201d Id. Hence, they took care to draft language that made almost all offenses bailable by sufficient sureties. Id. This language was eventually incorporated into the Pennsylvania Constitution. Two-thirds of state constitutions today \u2014 including ours \u2014 borrow this phrasing. Id. at 350-52.\n\u00b617 The Brooks court explained,\nBecause our bail system, with some modification, is largely patterned after the English system, American courts \u2014 at least until the nineteenth century \u2014 utilized the personal surety system. But, as modern society evolved, it became increasingly difficult to find reliable persons known by both the courts and the accused. As a result, the personal surety system evolved into the commercial bondsman system that exists today.\nId. at 350 (citation omitted). As noted, the personal surety system utilized by American courts \u201cuntil the nineteenth century,\u201d id., contemplated that a surety made a promise to secure the accused\u2019s appearance \u2014 not that he or she provided cash or property for this purpose. Id. at 349. But see Fragoso v. Fell, 210 Ariz. 427, 111 P.3d 1027, 1032-33 (2005) (reasoning that \u201cit is conceivable that bail by cash (or personal property of value such as a horse or a firearm) might have been the only practical form of bail in Arizona when our constitution was adopted\u201d).\n\u00b618 The State argues that the phrase \u201cbailable by sufficient sureties\u201d means simply sufficient to ensure the defendant\u2019s appearance. Br. of Resp\u2019t at 13. \u201cThroughout history the interest served by bail has always been to ensure the defendant appears for trial or other hearings as required by the court. Thus, a surety that is not sufficient to achieve that goal is not guaranteed by the State constitution.\u201d Id. The State cites at least one other court that came to the same conclusion when interpreting its state constitutional provision regarding bail by sufficient sureties. Br. of Resp\u2019t at 11-12 (citing People ex rel. Gendron v. Ingram, 34 Ill. 2d 623, 217 N.E.2d 803, 805-06 (1966)). The defendant in Gendron attempted to execute a bond in the amount of $5,000 through a commercial surety, hut the bond was refused by the court because no cash, stocks, or bonds for real estate were deposited to secure the bond as required by an Illinois statute. Id. at 805.\n\u00b619 The Gendron court found no constitutional infirmity in this scenario. It reasoned that a bond with sufficient sureties is \u201cpremised on the assumption that economic loss to the accused, his family or friends, will assure his appearance for trial.\u201d Id. But, lamented the court, in actual practice a commercial surety often took on the burden for a fee, which the defendant lost whether he appeared or not. \u201cHence, the economic loss deterrent loses force when an accused is admitted to bail with professional sureties, and the purpose of admitting persons to bail is frustrated.\u201d Id. The court explained:\nExperience has shown that the method of allowing a person to make bond with a professional surety does not accomplish the purpose of bail. The legislature in section 110 \u2014 8 has determined more is needed than the mere ability to pay bail bond forfeitures on a business basis. . . . Sufficient, as used in the constitution, means sufficient to accomplish the purpose of bail, not just the ability to pay in the event of a \u201cskip\u201d. The State is not primarily interested in collecting bond forfeitures, but is more concerned with granting liberty to an accused pending trial while obtaining the greatest possible assurance that he will appear.\nId. at 805-06 (citations omitted).\n\u00b620 We decline to follow this line of reasoning, as it rests on a categorical rejection of commercial sureties. The Illinois State Supreme Court\u2019s decision suggests that it would have interpreted the phrase \u201cbailable by sufficient sureties\u201d differently had the surety at issue been a personal surety. It read the provision at issue to exclude the ability to bail by commercial bail bondsmen. Nothing in the language of the provision allows an interpretation that picks and chooses among surety arrangements, only that a surety be guaranteed. Certainly the order the Gendron court reviewed unequivocally denied the defendant the ability to utilize any surety. See Bralley, 70 Wn. App. at 653-54. It therefore negated the coequal purpose of bail to protect the defendant from detention before conviction, which the Gendron court itself recognized was a goal of bail. 217 N.E.2d at 806.\n\u00b621 Other courts have expressed a different line of reasoning in holding that \u201cbailable by sufficient sureties\u201d does not guarantee a defendant the ability to bail via surety. In Burton v. Tomlinson, 19 Or. App. 247, 527 P.2d 123, 126 (1974), the Oregon Court of Appeals concluded that the \u201csufficient sureties\u201d provision nowhere says the \u201clawful release of a defendant may be accomplished only through the medium of sureties.\u201d The court reasoned that \u201c[w]ere this contention sound, release of a defendant on his own recognizance or by any other means would be constitutionally prohibited \u2014 an obvious absurdity.\u201d Id. We do not find this persuasive. Personal recognizance does not contemplate the imposition of bail at all. See CrR 3.2(a), (b) (if court concludes personal recognizance will not assure defendant\u2019s presence, then it will set bail). There is no absurdity in concluding that our constitution means that when bail is required, the accused may access it by surety.\n\u00b622 Still other courts have held that cash itself is a surety, i.e., a method available to the defendant of securing release. Fragoso, 111 P.3d at 1032 (reasoning that \u201csufficient sureties\u201d creates a right to access surety in some form but that cash can function as a surety). As explained above, a surety has consistently been defined both historically and in modern times as a third-party promise to either incur a financial burden or force performance. It has not been defined as the deposit of cash. See Bralley, 70 Wn. App. at 653.\n\u00b623 Finally, the State relies on State v. Briggs, 666 N.W.2d 573 (Iowa 2003), mostly for citations to historical background it claims supports its position. Br. of Resp\u2019t at 6-7,15,18-19. But the recitation of the applicable history in Briggs is not substantially different from that in Brooks, quoted above. Compare Briggs, 666 N.W.2d at 578-80, with Brooks, 604 N.W.2d at 349-50. Briggs suggests that \u201csufficient sureties\u201d means a \u201cdefendant was given the right to be bailed, subject to the state\u2019s analysis of a surety\u2019s sufficiency to provide adequate recompense if the prisoner did not show for his judicial proceedings.\u201d 666 N.W.2d at 582. As explained above, this is a dubious proposition.\n\u00b624 Perhaps more problematically for the State, the Briggs court \u201c[ultimately\u201d believed that \u201cthe core purpose of the clause was to guarantee a bailable individual access to a surety of some form.\u201d Id. at 581. It concluded that a cash-only bail \u201cis permissible under the sufficient sureties clause of the Iowa Constitution so long as the accused is permitted access to a surety in some form \u201d Id. at 583. Thus, the Briggs court seemed to recognize that cash and surety are separate options. The court explained that the defendant had\npresented no evidence to show that she was absolutely precluded from accessing a surety of some form. Instead, her allegations appear to center on the denial of access to a commercial bail bond. . . . [T]here is no absolute right to such access. Briggs has made no claim that she could not otherwise find a sufficient surety. Under other circumstances, we would, perhaps, remand this issue to the district court to determine whether Briggs\u2019 access to a surety was completely precluded.\nId. at 584. In the end, the Briggs court was equivocal about what the constitutional provision actually required. To the extent it suggested a surety option is required, we agree.\n\u00b625 Admittedly, it is challenging to sort through the cases relied on by Barton and the State because many involve slightly different questions than are presented here. For example, Barton cites several cases that reject cash-only bail but do not specifically address whether allowing for \u201ccash or other security\u201d would satisfy their state constitutions\u2019 bail provisions. See, e.g., Two Jinn, Inc. v. District Court, 150 Idaho 647, 249 P.3d 840, 847 (2011) (explaining that \u201cthe Idaho Constitution prevents cash-only bail\u201d under its sufficient sureties clause); State v. Hance, 2006 VT 97, 180 Vt. 357, 910 A.2d 874, 876 (holding that an all-cash bail violates Vermont\u2019s sufficient sureties clause); Smith v. Leis, 106 Ohio St. 3d 309, 2005-Ohio-5125, 835 N.E.2d 5, 18 (holding an all-cash bail violated Ohio\u2019s sufficient sureties clause); Brooks, 604 N.W.2d at 354 (holding that an all-cash bail violates Minnesota\u2019s sufficient sureties clause); Golden, 546 So. 2d at 502-03 (holding all-cash bail violates Louisiana\u2019s sufficient sureties clause). Nonetheless, the discussion in these cases is helpful to Barton to the extent there is a clear contrast between cash deposited with the court and a third-party surety arrangement. At a minimum, they support the notion that a defendant must be allowed the option of accessing a third-party surety\u2014 regardless of whether it is a commercial surety.\n\u00b626 As for some of the cases relied on by the State, they seem to hold that a defendant is not entitled to use a commercial bail bondsman. See Gendron, 217 N.E.2d at 805; Fragoso, 111 P.3d at 1032-33; State v. Jackson, 384 S.W.3d 208, 215 (Mo. 2012). But, this does not answer the question whether disallowing any surety arrangement meets the constitutional guaranty to bail by sufficient sureties. Focusing on the plain language of article I, section 20 and reviewing the historical understanding of a surety at the time this language was adopted, we conclude the better view is that a defendant must be allowed the option of a surety arrangement in addition to the option of depositing cash or property in the registry of the court. While this does not mean that a defendant has the right to actually make bail, article I, section 20 guarantees the option of seeking to make bail via a surety, which involves a third-party promise and not merely the deposit of cash or equivalent property with the court.\n2. The trial court\u2019s October 18, 2012 order limited Barton\u2019s access to a surety arrangement in violation of article I, section 20\n\u00b627 Because Barton claims the trial court\u2019s October 18, 2012 order violated a constitutional provision, our review is de novo. See State v. Jorgenson, 179 Wn.2d 145, 150, 312 P.3d 960 (2013); cf. Banuelos, 91 Wn. App. at 861-62 (noting abuse of discretion standard applied in review of the terms of a particular bail order). As noted, the order here tracked the language of CrR 3.2(b)(4). CrR 3.2 as a whole deals with the release of the accused. The rule first requires a presumption that the accused will be released on his or her personal recognizance, unless the court determines that the accused is unlikely to appear when required or that that he or she poses a danger to the public or is likely to interfere with witnesses. CrR 3.2(a). If the court determines the defendant is unlikely to appear, it can turn to the options listed in CrR 3.2(b) and \u201cimpose the least restrictive of [those] conditions [or a combination thereof] that will reasonably assure that the accused will be present for later hearings.\u201d CrR 3.2(b). If the court determines that the accused is likely to present a danger to others or tamper with witnesses, it may impose any of the (nonexclusive) conditions listed in CrR 3.2(d).\n\u00b628 Here, the trial court explained that it was conditioning bail under CrR 3.2(b), which applies where there is a showing of a likely failure to appear. CrR 3.2(b) sets forth the following conditions of release in the event of a showing of a likely failure to appear:\n(1) Place the accused in the custody of a designated person or organization agreeing to supervise the accused;\n(2) Place restrictions on the travel, association, or place of abode of the accused during the period of release;\n(3) Require the execution of an unsecured bond in a specified amount;\n(4) Require the execution of a bond in a specified amount and the deposit in the registry of the court in cash or other security as directed, of a sum not to exceed 10 percent of the amount of the bond, such deposit to be returned upon the performance of the conditions of release or forfeited for violation of any condition of release;\n(5) Require the execution of a bond with sufficient solvent sureties, or the deposit of cash in lieu thereof;\n(6) Require the accused to return to custody during specified hours or to be placed on electronic monitoring, if available; or\n(7) Impose any condition other than detention deemed reasonably necessary to assure appearance as required.\nIf the court determines that the accused must post a secured or unsecured bond, the court shall consider, on the available information, the accused\u2019s financial resources for the purposes of setting a bond that will reasonably assure the accused\u2019s appearance.\n\u00b629 As noted, the court \u201cshall\u201d impose the least restrictive condition or combination of conditions. Subsection (b)(4) appears to differ from the other subsections dealing with bonds in that it requires a deposit of cash or other security directly with the court.\n\u00b630 Barton explains that he is not challenging the constitutionality of the rule. Pet\u2019r\u2019s Reply Br. at 16-17. He argues that the phrase \u201cother security\u201d in the rule can be read to mean a surety bond for 10 percent of the bail amount and an unsecured bond for the remaining 90 percent of the bail amount. Pet\u2019r\u2019s Reply Br. at 17. He maintains that the October 18, 2012 order is more restrictive than CrR 3.2(b)(4) because it requires he deposit 10 percent of the bond amount in cash or property without allowing a surety bond. See, e.g., Pet\u2019r\u2019s Opening Br. at 3, 23-26. The court\u2019s description of its order seems to support Barton\u2019s characterization insofar as it required \u201c$50,000 in cash or other security, but that is in addition to the bond of $500,000.\u201d VRP (Sept. 7,2012) at 28. And the court\u2019s August 15, 2012 order was accomplished by interlineating the standard court form to specifically exclude the execution of a bond with \u201csufficient sureties.\u201d CP at 11 (Order on Release/Det. of Def. (Aug. 15, 2012)). Indeed, the standard court form does not appear to incorporate the language of CrR 3.2(b)(4) at all, but rather the language of CrR 3.2(b)(5), which allows execution of a bond with sufficient solvent sureties or the deposit of cash in lieu thereof. See id. Here, the trial court accomplished its order by striking the language tracking CrR 3.2(b)(5) and writing in its own language tracking CrR 3.2(b)(4); it later modified the order to be sure that the language did track CrR 3.2(b)(4). But its modification cut out the (b)(5) option under CrR 3.2. It appears that Barton is therefore correct that the trial court\u2019s order in fact excluded execution of a bond via \u201csufficient sureties.\u201d\n\u00b631 Accepting Barton\u2019s argument that the October 18, 2012 order restricts his access to a surety, we disagree that CrR 3.2(b)(4) can be read in isolation to allow a surety under the provision of \u201cother security.\u201d The language of CrR 3.2(b)(4) contemplates that the relationship securing the defendant\u2019s appearance will be between the defendant and the court; there is no third-party surety involved. The trial court understood this, explaining that\nCourts contemplate that when bail is set, that that [sic] defendant will have to go to a surety and post some security in order to get the bond, but that is not the case. . . .\n[W]hat this provision does, this rule, what this rule does is it requires the security to be posted with the Court. It takes that choice away and that\u2019s why the language is [sic] of the rule is important .... So that allows the defendant to go out and secure an unsecured bond where he can make a promissory note or some kind of promise to pay or a payment plan and that - - this provision ensures that the Court will have security for that posted, and that I think is the rationale for that provision, and I think that that makes it constitutional.\nVRP (Oct. 18, 2012) at 26-27. The court therefore explained that the import of the rule, and what distinguishes the rule from the other subsections of CrR 3.2(b), is that it requires some money or other security to be posted by the defendant with the court. Under the rule, the money or other security itself secures the defendant\u2019s bond and his appearance, even if he obtains the money or security through some kind of loan (such as the trial court here suggested, a promissory note). For this reason, CrR 3.2(b)(4) does not appear to contemplate that a third party will assume the defendant\u2019s burden and obligation, which is the definition of a surety. Under a traditional surety arrangement, a third party stands in the shoes of the defendant. Under CrR 3.2(b)(4), it appears the defendant must stand in his own shoes.\n\u00b632 The history of CrR 3.2 supports our determination that CrR 3.2(b)(4) does not itself contemplate a surety arrangement. Adoption of the rule followed a national trend to limit the role of commercial bail bondsmen, who frequently charged a 10 percent \u201c \u2018premium\u2019 \u201d on bail, which the defendant forfeited regardless of whether he appeared. Schilb v. Kuebel, 404 U.S. 357, 359-60, 92 S. Ct. 479, 30 L. Ed. 2d 502 (1971) (interpreting similarly worded Illinois statute). The drafters of CrR 3.2 explained that the Bail Reform Act of 1966,18 U.S.C. \u00a7\u00a7 3146-3152, was \u201cthe major source of the wording\u201d of the rule. Criminal Rules Task Force, Washington Proposed Rules of Criminal Procedure 22 (1971). \u201cThe purpose of the rule,\u201d explained the drafters, \u201cis to make money bail the trial court\u2019s last resort in setting conditions for ensuring the accused\u2019s appearance at trial.\u201d Id.\n\u00b633 This history of the rule suggests that the drafters contemplated CrR 3.2(b)(4) would function separately from the surety arrangement addressed in CrR 3.2(b)(5). The distinction was important at the time the rule was drafted because the bail bondsmen system had grown into \u201cfull and odorous bloom.\u201d Schilb, 404 U.S. at 359. But now, using a commercial bail bondsman is often less expensive than paying a deposit to the court. Also of note is the fact that the federal constitution does not guarantee the right to access bail via a sufficient surety. CrR 3.2(b)(4) was therefore modeled after a federal scheme that may not have appreciated Washington\u2019s unique constitutional framework.\n\u00b634 Nonetheless, it is possible to read CrR 3.2(b) consistent with our surety guaranty. Even though CrR 3.2(b)(4) does not satisfy article I, section 20 on its own, the rule as a whole requires the court to impose the least restrictive alternative that reasonably assures the accused\u2019s appearance. As noted, CrR 3.2(b)(5) allows a court to \u201c[r]equire the execution of a bond with sufficient solvent sureties, or the deposit of cash in lieu thereof.\u201d This provision safeguards a defendant\u2019s right to a surety bond as an alternative to putting up cash or collateral, thus providing an option that will often be less restrictive than the scenario contemplated in CrR 3.2(b)(4). A court setting bail is obligated to allow the option listed under CrR 3.2(b)(5) unless it finds such a surety arrangement will not adequately secure the defendant\u2019s appearance. Other than general discussion about whether the current state of the commercial bail bonding system adequately ensures appearance, this record contains no particularized findings about Barton\u2019s likelihood of appearance.\n135 To the extent that the trial court\u2019s October 18, 2012 order excluded a surety bond under CrR 3.2(b)(5) from the list of options available to Barton, it was more restrictive than CrR 3.2(b) as a whole allows and contrary to article I, section 20. We hold that the October 18, 2012 order entered in this case improperly prohibited Barton\u2019s access to a surety as guaranteed by article I, section 20.\nCONCLUSION\nf 36 Article I, section 20 of the Washington State Constitution guarantees those accused of bailable offenses the right to access bail by sufficient sureties. Consistent with both its historical and ordinary meaning, we hold that \u201csurety\u201d contemplates a third-party arrangement, as distinguished from the accused depositing cash or property directly with the court. Barton was ordered to secure his bail with a 10 percent deposit in the amount of the bond \u201cin cash or other security.\u201d We hold that this order, insofar as it disallowed use of a surety, violates the constitutional mandate of article I, section 20. We vacate the order and remand for proceedings consistent with this opinion.\nC. Johnson, Owens, Fairhurst, and Wiggins, JJ, and Korsmo, J. Pro Tem., concur.\nThat subsection reads:\n(b) ... If the court determines that the accused is not likely to appear if released on personal recognizance, the court shall impose the least restrictive of the following conditions that will reasonably assure that the accused will be present for later hearings, or, if no single condition gives that assurance, any combination of the following conditions:\n(4) Require the execution of a bond in a specified amount and the deposit in the registry of the court in cash or other security as directed, of a sum not to exceed 10 percent of the amount of the bond, such deposit to be returned upon the performance of the conditions of release or forfeited for violation of any condition of release.\nCrR 3.2.\nHttp://apps.leg. wa.gov/documents/billdocs/2011-12/Pdf/Amendments/Senate/ 2668-S%20AMS%20PADD%20GORR%20672.pdf.\nCity of Yakima v. Mollett, 115 Wn. App. 604, 605, 63 P.3d 177 (2003), cited by both parties, considered the propriety of an order that limited a defendant\u2019s bail to \u201c \u2018cash only\u201d \u201d under CrR 3.2(b)(5). The court concluded that the language of the criminal court rule required a judge to allow a defendant to elect between a bond or cash in lieu thereof to post bail, but could not order one option to the exclusion of the other. Id. at 609-10. It did not reach the question of whether the order would have been constitutionally permissible under article I, section 20. Id. at 611.\n\u201cTo hypothecate\u201d means \u201c[t]o pledge.\u201d Black\u2019s Dictionary of Law 585 (1891).\nThe State complains that Bralley is not on point because it is not a criminal case. But whether criminal or civil, its citation to the C.J.S. section on bail is well taken. Bralley\u2019s discussion of the difference among cash bail, bail bonds, and sureties plainly concerns the criminal context.\nReports from the Washington State constitutional convention itself do not lend support to either Barton\u2019s or the State\u2019s position. An alternate proposal to the provision as adopted was submitted to the convention. The Journal of the Washington State Constitutional Convention 1889 509 (Beverly Paulik Rosenow ed., 1962). This alternate provision would have made all offenses except murder and treason bailable but would not have included the \u201cby sufficient sureties\u201d language. Although this provision was not adopted, there is no indication that the presence or absence of the \u201csufficient sureties\u201d language tipped the balance for the framers.\nThe State seems to argue that CrR 3.2(b)(4) is unique in a different respect because it allows courts to impose a financial incentive to follow conditions of release other than appearance. See, e.g., Br. of Resp\u2019t at 32. This argument is hard to square with the text of CrR 3.2. CrR 3.2(b)(4) is contained in the prong of CrR 3.2 dealing with measures to secure a defendant\u2019s appearance. Conditions of release are addressed later in CrR 3.2(d). The Snohomish County prosecutor\u2019s form dealing with orders on release does not clearly distinguish these inquiries. CP at 11. This is not to fault the form but to explain that our inquiry reads CrR 3.2(b)(4) in the context in which it appears.\nEven if Barton convinced a family member or friend to put up some kind of collateral worth $50,000, that collateral \u2014 not a third-party promise \u2014 would secure Barton\u2019s appearance.\nWe note that the Schilb Court was of the opinion that the Bail Reform Act of 1966 was not directed against professional bail bondsmen. 404 U.S. at 371.\nIn light of our resolution of this case, we do not address Barton\u2019s additional claims that the bail order violates his constitutional right to equal protection and offends the constitutional bar against excessive bail.",
        "type": "majority",
        "author": "Stephens, J."
      },
      {
        "text": "\u00b637 (concurring) \u2014 The Washington Constitution, article I, section 20, states that criminal defendants \u201cshall be bailable by sufficient sureties.\u201d I agree with the majority that this means that criminal defendants have the right to make bail not just by posting cash but alternatively by using a surety, that is, a third party guarantor. I agree with the majority\u2019s analysis of the meaning and importance of this constitutional provision. And I agree with the majority that the trial court\u2019s October 18, 2012, order in this case violated that constitutional provision: it required the defendant to post cash with the court and prohibited him from using a surety. Majority at 168 (\u201cWe hold that the October 18, 2012 order entered in this case improperly prohibited Barton\u2019s access to a surety as guaranteed by article I, section 20.\u201d).\nGordon McCloud, J.\n\u00b638 But, as the majority acknowledges, the trial court\u2019s October 18, 2012, order \u201ctracked the language of [Criminal Rule] CrR 3.2(b)(4).\u201d Majority at 163. And as the majority further acknowledges, even the portion of the trial court\u2019s October 18, 2012, order barring the defendant from using a surety to post cash with the court tracked CrR 3.2(b)(4), when read in context with the rest of that rule. Majority at 165-66. A fortiori, CrR 3.2(b)(4) itself \u2014 and not just the trial court\u2019s order that relied on that rule and tracked its language \u2014 violates article I, section 20.\n\u00b639 The majority, however, makes a complicated argument about why CrR 3.2(b)(4) nevertheless remains constitutional. It reasons that the rule was fine but that the trial court erred in following that rule to the letter.\n\u00b640 I disagree. The trial court did follow the rule. The trial court\u2019s order was unconstitutional in this case. The subsection of CrR 3.2(b) that the trial court tracked was unconstitutional as applied in this case. I don\u2019t understand how one can fault the trial court for applying the literal language of the rule but not fault the rule.\n\u00b641 For that reason, I respectfully concur in the vast bulk of the majority\u2019s analysis and in its conclusion. I disagree, however, with its assertion that CrR 3.2(b)(4)\u2014 the statutory subsection that formed the basis for the unconstitutional bail order \u2014 survives constitutional scrutiny.\nMadsen, C.J., and Gonz\u00e1lez, J., concur with Gordon McCloud, J.",
        "type": "concurrence",
        "author": "Gordon McCloud, J."
      }
    ],
    "attorneys": [
      "Kathleen M. Kyle (of Snohomish County PDA)-, and Jeffrey B. Coopersmith and Anthony S. Wisen (of Davis Wright Tremaine LLP), for petitioner.",
      "Mark K. Roe, Prosecuting Attorney, and Mary K. Webber, Deputy, for respondent."
    ],
    "corrections": "",
    "head_matter": "[No. 89390-0.\nEn Banc.]\nArgued March 13, 2014.\nDecided July 31, 2014.\nThe State of Washington, Respondent, v. Peter Richard Barton, Petitioner.\nKathleen M. Kyle (of Snohomish County PDA)-, and Jeffrey B. Coopersmith and Anthony S. Wisen (of Davis Wright Tremaine LLP), for petitioner.\nMark K. Roe, Prosecuting Attorney, and Mary K. Webber, Deputy, for respondent."
  },
  "file_name": "0148-01",
  "first_page_order": 190,
  "last_page_order": 211
}
