{
  "id": 1432068,
  "name": "McPherson v. State",
  "name_abbreviation": "McPherson v. State",
  "decision_date": "1933-09-25",
  "docket_number": "Crim. 3849",
  "first_page": "872",
  "last_page": "875",
  "citations": [
    {
      "type": "official",
      "cite": "187 Ark. 872"
    }
  ],
  "court": {
    "name_abbreviation": "Ark.",
    "id": 8808,
    "name": "Arkansas Supreme Court"
  },
  "jurisdiction": {
    "id": 34,
    "name_long": "Arkansas",
    "name": "Ark."
  },
  "cites_to": [
    {
      "cite": "22 S. W. (2d) 36",
      "category": "reporters:state_regional",
      "reporter": "S.W.2d",
      "opinion_index": 0
    },
    {
      "cite": "180 Ark. 633",
      "category": "reporters:state",
      "reporter": "Ark.",
      "case_ids": [
        1393518
      ],
      "opinion_index": 0,
      "case_paths": [
        "/ark/180/0633-01"
      ]
    },
    {
      "cite": "286 S. W. 975",
      "category": "reporters:state_regional",
      "reporter": "S.W.",
      "opinion_index": 0
    },
    {
      "cite": "171 Ark. 835",
      "category": "reporters:state",
      "reporter": "Ark.",
      "case_ids": [
        1369443
      ],
      "opinion_index": 0,
      "case_paths": [
        "/ark/171/0835-01"
      ]
    },
    {
      "cite": "145 S. W. 542",
      "category": "reporters:state_regional",
      "reporter": "S.W.",
      "opinion_index": 0
    },
    {
      "cite": "103 Ark. 4",
      "category": "reporters:state",
      "reporter": "Ark.",
      "case_ids": [
        1351987
      ],
      "opinion_index": 0,
      "case_paths": [
        "/ark/103/0004-01"
      ]
    },
    {
      "cite": "129 S. W. 80",
      "category": "reporters:state_regional",
      "reporter": "S.W.",
      "opinion_index": 0
    },
    {
      "cite": "93 Ark. 168",
      "category": "reporters:state",
      "reporter": "Ark.",
      "case_ids": [
        1546832
      ],
      "opinion_index": 0,
      "case_paths": [
        "/ark/93/0168-01"
      ]
    },
    {
      "cite": "95 S. W. 476",
      "category": "reporters:state_regional",
      "reporter": "S.W.",
      "opinion_index": 0
    },
    {
      "cite": "78 Ark. 226",
      "category": "reporters:state",
      "reporter": "Ark.",
      "case_ids": [
        1497287
      ],
      "opinion_index": 0,
      "case_paths": [
        "/ark/78/0226-01"
      ]
    },
    {
      "cite": "273 S. W. 367",
      "category": "reporters:state_regional",
      "reporter": "S.W.",
      "opinion_index": 0
    },
    {
      "cite": "169 Ark. 167",
      "category": "reporters:state",
      "reporter": "Ark.",
      "case_ids": [
        1373929
      ],
      "opinion_index": 0,
      "case_paths": [
        "/ark/169/0167-01"
      ]
    },
    {
      "cite": "215 S. W. 385",
      "category": "reporters:state_regional",
      "reporter": "S.W.",
      "opinion_index": 0
    },
    {
      "cite": "140 Ark. 218",
      "category": "reporters:state",
      "reporter": "Ark.",
      "case_ids": [
        1594380
      ],
      "opinion_index": 0,
      "case_paths": [
        "/ark/140/0218-01"
      ]
    }
  ],
  "analysis": {
    "cardinality": 230,
    "char_count": 2694,
    "ocr_confidence": 0.521,
    "pagerank": {
      "raw": 2.321891962834327e-07,
      "percentile": 0.7900950982084284
    },
    "sha256": "f5d2ecdec84dc2462272630c45c68464303c5e7cfc728e8e92049e74416661e7",
    "simhash": "1:33cb8d9d0951284c",
    "word_count": 486
  },
  "last_updated": "2024-02-27T21:18:50.990705+00:00",
  "provenance": {
    "date_added": "2019-08-29",
    "source": "Harvard",
    "batch": "2018"
  },
  "casebody": {
    "judges": [],
    "parties": [
      "McPherson v. State."
    ],
    "opinions": [
      {
        "text": "Kirby, J.,\n(after stating the facts). It is uniformly held that a court of record may correct mistakes in its record which did not arise from the judicial acts of the court but from the mistakes of its recording officers. Smith v. Wallis-McKinney Coal Co., 140 Ark. 218, 215 S. W. 385. It is also thoroughly settled that it is within the court\u2019s discretion to enter a nunc pro tunc order correcting the record at a subsequent term in criminal as well as civil cases. Richardson v. State, 169 Ark. 167, 273 S. W. 367; Goddard v. State, 78 Ark. 226, 95 S. W. 476; Bowman v. State, 93 Ark. 168, 129 S. W. 80, and Hydrick v. State, 103 Ark. 4, 145 S. W. 542.\nThe evidence was ample to justify the court in making the order nunc pro turne sentencing the appellant on the pleas of guilty already long entered, and it does not appear that any discretion was abused in so doing. It was established that appellant had pleaded guilty to the two indictments in question, and it is not necessary to consider the demurrer or any plea of former conviction or the plea that more than two terms of court had elapsed since the return of the indictments without appellant having been brought to trial. The pleas of guilty formerly entered precluded any consideration of the questions attempted to be raised by these three pleas at the time of the rendition of the judgment.\nIt is true the judgment did not follow until long after the pleas of guilty were entered in these two cases, but the prosecution had not been abandoned nor the cases dismissed, as appears from the testimony, and appellant could not have been prejudiced by the failure of the court to sooner enter judgment and sentence against him. Stocks v. State, 171 Ark. 835, 286 S. W. 975.\nNeither was any showing made of abuse of discretion in refusing to allow the defendant to withdraw his pleas of guilty and enter pleas of not guilty to the said indictments. Estes v. State, 180 Ark. 633, 22 S. W. (2d) 36.\nIt may be that appellant had the impression at the time the pleas of guilty were entered that these two cases against bim would be dismissed or nol' prossed upon entry of judgment in the other seven cases in which pleas of guilty were made, but the evidence herein discloses that there was no such agreement made by the State at the time or any conduct that would warrant such belief on his part, and, there being no error in the record, the testimony being amply sufficient to support the court\u2019s findings, the judgment must be affirmed. It is so ordered.",
        "type": "majority",
        "author": "Kirby, J.,"
      }
    ],
    "attorneys": [
      "Mark E. Woolsey, for appellant.",
      "Hal L. Norwood, Attorney General, and Robert F. Smith, Assistant, for appellee."
    ],
    "corrections": "",
    "head_matter": "McPherson v. State.\nCrim. 3849\nOpinion delivered September 25, 1933.\nMark E. Woolsey, for appellant.\nHal L. Norwood, Attorney General, and Robert F. Smith, Assistant, for appellee."
  },
  "file_name": "0872-01",
  "first_page_order": 892,
  "last_page_order": 895
}
