{
  "id": 8720236,
  "name": "Marree v. Ingle",
  "name_abbreviation": "Marree v. Ingle",
  "decision_date": "1901-03-02",
  "docket_number": "",
  "first_page": "126",
  "last_page": "129",
  "citations": [
    {
      "type": "official",
      "cite": "69 Ark. 126"
    }
  ],
  "court": {
    "name_abbreviation": "Ark.",
    "id": 8808,
    "name": "Arkansas Supreme Court"
  },
  "jurisdiction": {
    "id": 34,
    "name_long": "Arkansas",
    "name": "Ark."
  },
  "cites_to": [
    {
      "cite": "1 Rob. 212",
      "category": "reporters:state",
      "reporter": "Rob.",
      "case_ids": [
        8506294
      ],
      "opinion_index": -1,
      "case_paths": [
        "/rob/1/0212-01"
      ]
    },
    {
      "cite": "65 Tex. 258",
      "category": "reporters:state",
      "reporter": "Tex.",
      "case_ids": [
        2204544
      ],
      "opinion_index": -1,
      "case_paths": [
        "/tex/65/0258-01"
      ]
    },
    {
      "cite": "11 S. W. 608",
      "category": "reporters:state_regional",
      "reporter": "S.W.",
      "opinion_index": -1
    },
    {
      "cite": "10 Mo. App. 595",
      "category": "reporters:state",
      "reporter": "Mo. App.",
      "opinion_index": -1
    },
    {
      "cite": "28 S. E. 147",
      "category": "reporters:state_regional",
      "reporter": "S.E.",
      "opinion_index": -1
    },
    {
      "cite": "56 Pac. 41",
      "category": "reporters:state_regional",
      "reporter": "P.",
      "opinion_index": -1
    },
    {
      "cite": "56 Pac. 641",
      "category": "reporters:state_regional",
      "reporter": "P.",
      "case_ids": [
        2255580
      ],
      "opinion_index": -1,
      "case_paths": [
        "/or/34/0555-01"
      ]
    },
    {
      "cite": "12 So. 544",
      "category": "reporters:state_regional",
      "reporter": "So.",
      "opinion_index": -1
    },
    {
      "cite": "49 Cal. 131",
      "category": "reporters:state",
      "reporter": "Cal.",
      "case_ids": [
        2347058
      ],
      "weight": 2,
      "opinion_index": -1,
      "case_paths": [
        "/cal/49/0131-01"
      ]
    },
    {
      "cite": "36 Minn. 439",
      "category": "reporters:state",
      "reporter": "Minn.",
      "case_ids": [
        563703
      ],
      "opinion_index": -1,
      "case_paths": [
        "/minn/36/0439-01"
      ]
    },
    {
      "cite": "52 Minn. 101",
      "category": "reporters:state",
      "reporter": "Minn.",
      "case_ids": [
        772615
      ],
      "opinion_index": -1,
      "case_paths": [
        "/minn/52/0101-01"
      ]
    },
    {
      "cite": "65 Ark. 550",
      "category": "reporters:state",
      "reporter": "Ark.",
      "case_ids": [
        609252
      ],
      "opinion_index": -1,
      "case_paths": [
        "/ark/65/0550-01"
      ]
    },
    {
      "cite": "12 So. Rep. 544",
      "category": "reporters:state_regional",
      "reporter": "So.",
      "opinion_index": 0
    },
    {
      "cite": "23 N. E. 1095",
      "category": "reporters:state_regional",
      "reporter": "N.E.",
      "opinion_index": 0
    },
    {
      "cite": "23 How. 165",
      "category": "reporters:scotus_early",
      "reporter": "How.",
      "opinion_index": 0
    },
    {
      "cite": "56 Pac. 641",
      "category": "reporters:state_regional",
      "reporter": "P.",
      "case_ids": [
        2255580
      ],
      "opinion_index": 0,
      "case_paths": [
        "/or/34/0555-01"
      ]
    },
    {
      "cite": "65 Ark. 550",
      "category": "reporters:state",
      "reporter": "Ark.",
      "case_ids": [
        609252
      ],
      "opinion_index": 0,
      "case_paths": [
        "/ark/65/0550-01"
      ]
    }
  ],
  "analysis": {
    "cardinality": 471,
    "char_count": 8671,
    "ocr_confidence": 0.5,
    "pagerank": {
      "raw": 1.238961015936172e-07,
      "percentile": 0.6074128259987358
    },
    "sha256": "bf960311963d2747d227d1f643f583ce02c839acbb1e879d961715a0295c5086",
    "simhash": "1:78bb2ae13c07ced3",
    "word_count": 1545
  },
  "last_updated": "2024-02-27T22:11:39.806946+00:00",
  "provenance": {
    "date_added": "2019-08-29",
    "source": "Harvard",
    "batch": "2018"
  },
  "casebody": {
    "judges": [],
    "parties": [
      "Marree v. Ingle."
    ],
    "opinions": [
      {
        "text": "Hughes, J.,\n(after stating the facts). It is settled in this court, as well as elsewhere, that a material or substantial change in a contract releases sureties in a bond given to secure the performance of the contract. O'Neal v. Kelley, 65 Ark. 550.\nIn Benjamin v. Hilliard, 23 How. 165, it is said, in reference to the release of sureties by alteration of a contract, that \u201cthere must be another contract substituted for the original contract, or some alteration in a point so material as in effect to make a new contract.\u201d Was there an alteration in the contract in the case at bar ? The only deviation from it was that the proprietor . paid the contractors one day before the last payment should have been made according to the contract. The building had been com-\npleted, and there were $333.34 due to be paid on the contract the day after it was paid to the contractors. Upon settlement the proprietor assumed several bills for materials that had not been paid, amounting 'to $140.45, thus leaving a balance due of $192.89, which was paid to the contractors while there was outstanding the unpaid bill of $445.75 for materials that had been furnished for the erection of the building for which the material man was entitled to have a lien declared upon the building. It follows therefore that the sureties were injured only to the extent that they were deprived by the premature payment of the $192.89 that should have been paid upon the lumber bill for $449.75. This amount the proprietor should have held as a security or protection pro tanto to them against liability upon their bond. The principle is that \u201cwhen by the act of the creditor the surety has been deprived of the benefit of a fund for the payment of a debt, and the contract by which the surety is bound is not changed, he is only discharged to the extent that he is injured as in such case. It is the fact that he is injured that entitled him to a discharge.-\u201d Foster v. Gaston, 23 N. E. 1095; Cochran v. Baker, 56 Pac. Rep. 641; Pickard v. Shantz, 12 So. Rep. 544. There was no alteration of the contract in this ease. This construction is in accord with reason and justice, and is supported by the decisions.\nWe are of the opinion that it was optional with the proprietor to pay the contractor while there were claims for material and labor unpaid, and that this did not change the contract. ' \u201cNor were the sureties released by the fact that plaintiffs failed to retain money to pay liens' that might be filed, although authorized by the contract to do- so. One of the purposes of the bond was to relieve plaintiff from looking after such claims.\u201d\nThe court erred in instructing the jury peremptorily to return a verdict for the defendants.\nThe judgment is reversed, and the cause is remanded for further proceedings not inconsistent herewith.",
        "type": "majority",
        "author": "Hughes, J.,"
      }
    ],
    "attorneys": [
      "F. W. Jamison, for appellant.",
      "Mechem & Bryant, for appellees."
    ],
    "corrections": "",
    "head_matter": "Marree v. Ingle.\nOpinion delivered March 2, 1901.\nSurety \u2014 Discharge.\u2014A surety upon a building contractor\u2019s bond is not discharged in toto by the fact that the obligee paid off the contractor one day earlier than was stipulated in the contract, but only to the extent that the surety was injured. Thus, where the obligee one day earlier than stipulated settled with the contractor and paid him $222.95, and subsequently was compelled to pay $449.75 to discharge a material man\u2019s lien on the building, for which the contractor was liable, he will be entitled to recover on the contractor\u2019s bond to the extent that the latter sum exceeds the former. (Page 128.)\nAppeal from Sebastian Circuit Court.\nStyles T. Rowe, Judge.\nSTATEMENT BY THE COURT.\nDeWitt Bros., contractors, entered into a contract with appellant by which they agreed to furnish all material, labor, etc., and build a cottage for appellant in' Dort Smith, Ark., for the sum of $1,000, to be paid in five installments; the last payment of $333.34 to be paid when the building was completed, and after the expiration of ten days from such completion, and when the drawing and specifications had been returned to D. C. Wurtz, architect. The contract provided that the building was to be completed on or before June 30, 1898, under a penalty of $5 a day after that date until completed. Appellees executed their bond to appellant in the sum of $1,000, conditioned for the faithful performance of said contract by DeWitt Bros. DeWitt Bros, constructed the cottage, and were paid the contract price; the last payment being made on July 9, 1898. Sometime after the completion of the cottage, and after appellant had paid DeWitt Bros, the $1,000, the Van Bur\u00e9n Lumber Company filed a lien on the cottage for lumber and other material furnished by said company to DeWitt Bros., and used by them in the construction of said cottage, brought suit to foreclose the lien, obtained a decree, and were proceeding to subject the cottage to the satisfaction of the lien amounting with costs to $449.75, when appellant, to save the cottage from sale, executed a stay bond, and suspended the execution of the decree. He thereupon brought this suit against the appellees as sureties on said bond for said sum of $449.47.\nOne of the defenses set up by appellees was that they were discharged as sureties on said bond because appellant had deviated from the contract in making the last payment to DeWitt Bros, before it was due and payable by the terms of said contract, and that appellees had been discharged by acts of appellant and the contractor in derogation of contract. Another defense set up by the appellees was that appellant as owner of the cottage had paid over money to the contractor before all laborers and mechanics employed m same and all material furnishers had been paid for work done or naterial furnished in building said cottage as required by section 18 of Mechanics\u2019 Lien Law, Acts of 1895, page 225.\nAppellant was the only witness. He testified that he made the last payment on July 9, 1898, which was Saturday. That prior to that date he had advertised in the Fort Smith News-Record for all persons,who had bills for labor or material against the cottage to present them to him by July 9, 1898. That on Saturday, July 9, 1898, he and DeWitt Bros, had a settlement, and in this settlement appellant assumed.the payment of certain small bills that had been presented to him in answer to his advertisement, amounting to the sum of $140.45, and for the balance that they found to be due DeWitt Bros, he gave his check in the sum of $222.95. That at the time they were making this settlement DeWitt Bros, told appellant that they owed the Van Bur\u00e9n Lumber Company for material used in the cottage $90, and that when appellant paid them they.would go over and pay that bill. That the said check for $222.95 is dated July 9, 1898, and was given by appellant to De-Witt Bros, on that date in payment of balance due them under the contract. The small bills, aggregating $140.45, that appellant had assumed to pay were paid by him on July 13, 1898. Appellant testified that the cottage was completed on June 30 or July 1, 1898; was not positive which of these days it was, but that it was one or. the other. Possession was delivered to him on July 9, 1898.\n\u2022At the close of appellant\u2019s testimony, the court stated that, upon the evidence of plaintiff showing that he had, in less than ten days after the completion of the house, settled with DeWitt Bros, and paid them the full amount of balance due under the contract (less certain outstanding bills which he agreed to pay), defendants were discharged from liability, and gave a peremptory instruction to the jury to return the verdict for defendants.\nF. W. Jamison, for appellant.\nThe making of the last payment before the time specified in the contract did not discharge the surety, the departure being immaterial. 77 1ST. W. 737; 64 IJ. S. 578; 65 Ark. 550; 52 Minn. 101; Brandt, Sur. & Guar. 34-5; 46 3ST. W. 1021; 36 Minn. 439; 49 Cal. 131. At most, the sureties would be released to only the extent of the premature payment. Brandt, Sur. & Guar. \u00a7 373; 12 So. 544; 23 F. E. 1095; 56 Pac. 641. The payment by appellant did not violate the act of April 20, 1895. Gf. 73 F. W. 524.\nMechem & Bryant, for appellees.\nSettlement and payment of the balance due before the time permitted by the contract discharged the sureties wholly. Gf. 56 Pac. 41; 23 F. E. 1092; 77 F. W. 737. See 81 F. W. 882; 31 F. W. 861; 28 S. E. 147; 6 C. B. (F. S.), 550; 2 Keene, 638; 49 Cal. 131; 10 Mo. App. 595; 25 Eed. Cas. 671. Gf. also 14 Fev. W. 293; 11 S. W. 608; 65 Tex. 258. The sureties were discharged by appellant paying the creditors money when labor and material put into the house remained unpaid for. See \u201cMechanics\u2019 Lien Law,\u201d 1895, \u00a7 18; 1 Rob. 212."
  },
  "file_name": "0126-01",
  "first_page_order": 144,
  "last_page_order": 147
}
