{
  "id": 8722272,
  "name": "Central Coal & Coke Company v. John Henry Shoe Company",
  "name_abbreviation": "Central Coal & Coke Co. v. John Henry Shoe Co.",
  "decision_date": "1901-05-04",
  "docket_number": "",
  "first_page": "302",
  "last_page": "306",
  "citations": [
    {
      "type": "official",
      "cite": "69 Ark. 302"
    }
  ],
  "court": {
    "name_abbreviation": "Ark.",
    "id": 8808,
    "name": "Arkansas Supreme Court"
  },
  "jurisdiction": {
    "id": 34,
    "name_long": "Arkansas",
    "name": "Ark."
  },
  "cites_to": [
    {
      "cite": "48 Ark. 177",
      "category": "reporters:state",
      "reporter": "Ark.",
      "case_ids": [
        1887797
      ],
      "opinion_index": -1,
      "case_paths": [
        "/ark/48/0177-01"
      ]
    },
    {
      "cite": "25 Ark. 380",
      "category": "reporters:state",
      "reporter": "Ark.",
      "case_ids": [
        1864487
      ],
      "opinion_index": -1,
      "case_paths": [
        "/ark/25/0380-01"
      ]
    },
    {
      "cite": "65 Ark. 106",
      "category": "reporters:state",
      "reporter": "Ark.",
      "case_ids": [
        609287
      ],
      "opinion_index": -1,
      "case_paths": [
        "/ark/65/0106-01"
      ]
    },
    {
      "cite": "32 Atl. 714",
      "category": "reporters:state_regional",
      "reporter": "A.",
      "opinion_index": -1
    },
    {
      "cite": "23 Wend. 285",
      "category": "reporters:state",
      "reporter": "Wend.",
      "opinion_index": -1
    },
    {
      "cite": "9 Ark. 46",
      "category": "reporters:state",
      "reporter": "Ark.",
      "case_ids": [
        8726919
      ],
      "opinion_index": -1,
      "case_paths": [
        "/ark/9/0046-01"
      ]
    },
    {
      "cite": "55 S. W. 392",
      "category": "reporters:state_regional",
      "reporter": "S.W.",
      "opinion_index": -1
    },
    {
      "cite": "100 U. S. 432",
      "category": "reporters:federal",
      "reporter": "U.S.",
      "opinion_index": -1
    },
    {
      "cite": "65 Ark. 448",
      "category": "reporters:state",
      "reporter": "Ark.",
      "case_ids": [
        609333
      ],
      "opinion_index": -1,
      "case_paths": [
        "/ark/65/0448-01"
      ]
    },
    {
      "cite": "44 Ark. 210",
      "category": "reporters:state",
      "reporter": "Ark.",
      "case_ids": [
        1893369
      ],
      "opinion_index": -1,
      "case_paths": [
        "/ark/44/0210-01"
      ]
    },
    {
      "cite": "30 Am. Rep. 629",
      "category": "reporters:state_regional",
      "reporter": "Am. Rep.",
      "opinion_index": -1
    },
    {
      "cite": "7 Am. Rep. 654",
      "category": "reporters:state_regional",
      "reporter": "Am. Rep.",
      "opinion_index": -1
    },
    {
      "cite": "32 Mich. 311",
      "category": "reporters:state",
      "reporter": "Mich.",
      "opinion_index": -1
    },
    {
      "cite": "30 Am. Rep. 030",
      "category": "reporters:state_regional",
      "reporter": "Am. Rep.",
      "opinion_index": -1
    },
    {
      "cite": "32 Oh. St. 571",
      "category": "reporters:state",
      "reporter": "Ohio St.",
      "case_ids": [
        901178
      ],
      "weight": 2,
      "opinion_index": -1,
      "case_paths": [
        "/ohio-st/32/0571-01"
      ]
    },
    {
      "cite": "7 Am. Rep. 124",
      "category": "reporters:state_regional",
      "reporter": "Am. Rep.",
      "opinion_index": -1
    },
    {
      "cite": "37 Mich. 332",
      "category": "reporters:state",
      "reporter": "Mich.",
      "case_ids": [
        1341467
      ],
      "opinion_index": -1,
      "case_paths": [
        "/mich/37/0332-01"
      ]
    },
    {
      "cite": "55 Ark. 307",
      "category": "reporters:state",
      "reporter": "Ark.",
      "case_ids": [
        1322380
      ],
      "weight": 2,
      "opinion_index": -1,
      "case_paths": [
        "/ark/55/0307-01"
      ]
    },
    {
      "cite": "135 Mass. 435",
      "category": "reporters:state",
      "reporter": "Mass.",
      "case_ids": [
        724647
      ],
      "opinion_index": 0,
      "case_paths": [
        "/mass/135/0435-01"
      ]
    },
    {
      "cite": "47 Am. St. Rep. 304",
      "category": "reporters:state",
      "reporter": "Am. St. Rep.",
      "opinion_index": 0
    },
    {
      "cite": "87 Me. 34",
      "category": "reporters:state",
      "reporter": "Me.",
      "case_ids": [
        652628
      ],
      "opinion_index": 0,
      "case_paths": [
        "/me/87/0034-01"
      ]
    },
    {
      "cite": "54 Am. St. Rep. 159",
      "category": "reporters:state",
      "reporter": "Am. St. Rep.",
      "opinion_index": 0
    },
    {
      "cite": "108 Ala. 270",
      "category": "reporters:state",
      "reporter": "Ala.",
      "case_ids": [
        8491331
      ],
      "opinion_index": 0,
      "case_paths": [
        "/ala/108/0270-01"
      ]
    },
    {
      "cite": "106 U. S. 432",
      "category": "reporters:federal",
      "reporter": "U.S.",
      "case_ids": [
        3499010
      ],
      "opinion_index": 0,
      "case_paths": [
        "/us/106/0432-01"
      ]
    },
    {
      "cite": "65 Ark. 448",
      "category": "reporters:state",
      "reporter": "Ark.",
      "case_ids": [
        609333
      ],
      "opinion_index": 0,
      "case_paths": [
        "/ark/65/0448-01"
      ]
    }
  ],
  "analysis": {
    "cardinality": 566,
    "char_count": 10253,
    "ocr_confidence": 0.464,
    "pagerank": {
      "raw": 3.70789069137175e-07,
      "percentile": 0.8932348951618415
    },
    "sha256": "61423251f99891f55727fead5fc6922facfb776faa856e113b60f1101cdbf6e2",
    "simhash": "1:24ecf41a884730df",
    "word_count": 1834
  },
  "last_updated": "2024-02-27T22:11:39.806946+00:00",
  "provenance": {
    "date_added": "2019-08-29",
    "source": "Harvard",
    "batch": "2018"
  },
  "casebody": {
    "judges": [],
    "parties": [
      "Central Coal & Coke Company v. John Henry Shoe Company."
    ],
    "opinions": [
      {
        "text": "Riddick, J.,\n(after stating the facts). This is an action for damages for the unlawful conversion of railway ties. The evidence makes out a very clear case of willful trespass on the part of Less & Watkins, from whom defendant purchased the ties. Less & Watkins had notice that the land from which the ties were cut belonged to the plaintiffs, and yet, without permission or authority from them, entered upon it with a large force of men, and cut the timber and converted it into ties. Under these circumstances, it is clear that, being willful trespassers, they were liable to the plaintiffs for the full value of the ties at the time of the sale and conversion, and, had they been sued, would have been entitled to no reduction on account of labor and expense. The rule would have been different had they been innocent of intentional wrong, the reasons for which are fully explained in the opinion in a recent case decided by this court. Eaton v. Langley, 65 Ark. 448. But they were not innocent, and the question here for decision is whether the defendant, who purchased the ties from these trespassers, and then converted them to its own use, is entitled to any reduction in the damages on account of the increase in value caused by the work and labor of the willful trespassers. We must answer this question in the negative. The timber belonged to plaintiffs. The title to it was not changed by the trespass, or the conversion to [cross ties. It still belonged, in its improved shape, to the plaintiffs. [Had Less & Watkins, who knowingly and wrongfully put labor upon these ties, been sued, they, as before stated, would have been entitled to no allowance or reduction of damages on account of the labor expended or value added to the timber, and could convey no such right to the Coal & Coke Company. Admit that the company was an innocent purchaser; still it purchased property belonging to plaintiffs from those having no right to sell, it converted this property to its own use, and plaintiffs were by this conversion damaged to the extent of the value of the property at the time of the conversion.\nThe company, it will be noticed, did not perform any work and labor on these ties, nor add any value to them. Under these circumstances, we think the circuit judge correctly ruled that the measure of damages was the value of the ties at the time and place they were converted by the defendant company, with interest at 6 per cent, from date of conversion. Woodenware Co. v. United States, 106 U. S. 432; White v. Yawhey, 108 Ala. 270, 54 Am. St. Rep. 159; Powers v. Tilley, 87 Me. 34, 47 Am. St. Rep. 304; Glaspy v. Cabot, 135 Mass. 435.\nThe next contention is that the judgment should be reversed because it is said the trial judge admitted hearsay testimony tending to show the number of ties taken from the lands of plaintiffs. The only question of fact in the case about which there was any room for doubt was as to the number of ties which were taken by Less & Watkins from the lands of plaintiffs and sold to defendant. On this point the circuit judge permitted the plaintiffs to introduce the deposition of one Iiarkness, who testified that he went over plaintiffs\u2019 land with three men, and estimated the number of ties taken therefrom. The witness said, that they \u201ctook the woods three abreast.\u201d \u201cIn making our estimate,\u201d he said, we \u201cwould go along, and each one carried a book, and marked therein each tree cut, as we came to it, with, the letters fN. 2/ meaning the trees cut in 1896 and 189?, and with \u2018O\u2019 for old, meaning the trees that had been cut in 1895, and from these, placed together, I found that there had been cut but 14,700 ties, of which 4,700 had been cut in 1896 and 1897.\u201d\nblow, counsel for appellee contends that the witness did not, by this language, mean that he put the books together carried by the different men, but that by \u201cputting the trees together,\u201d or, in other words, he added the different entries in his own book, and determined the number of ties in that way. But it seems to us that the natural import of the language is that each of them carried a book in which they entered each tree cut as they came to it, and that, by putting the entries in their books together, the witness ascertained the number of ties cut. If we concede that the witness meant that he \u201cput the trees together,\u201d as counsel contend, the language he used does not show that he measured each of the trees, but leaves it uncertain whether he relied altogether upon his own masurements, or in part upon measurements made by his assistants. It was for plaintiff, who introduced the deposition of the witness, to show that the witness referred only to his own entries or to those concerning the correctness of which he had a personal knowledge. He did not do this, and the language is nowhere explained, and we think the court should have excluded it. The same objection was made to portions of the deposition of S. Gr. Watkins, introduced by plaintiff. Watkins testified that, from the reports of men hired by himself and Less to work in the woods, he understood that about 12,000 ties came from the lands of plaintiffs. This was plainly hearsay. The defendant in apt time objected to these portions of the depositions of Ilarkness and Watkins,, and they should have been excluded. In refusing to do so, we think the trial judge committed an error prejudicial to the appellants.\nOur attention has been called by counsel for appellees to the state of the transcript in this case. It would seem, to quote the language of counsel, \u201cthat some sudden and severe wind blew the leaves of the transcript apart, and that when they were picked up no attempt was made to arrange them in proper order before they were fastened in the record.\u201d The pages are numbered consecutively as they are placed in the record, thus showing that they were wrongfully arranged by the clerk, or some one for him before having the numbers placed on them. In addition to this, the bill \u00f3i cxce]3tions, containing over two hundred pages, is not indexed. A record in such a confused shape without an index adds greatly to the labors of both counsel and court. It is the duty of the appellant to see that not only a complete, but a correct and orderly, transcript is filed in this court. If he submits his case upon a transcript such as this one, we have the discretion, if we choose to consider it, not to permit the costs of same to be taxed against the other party, in the event the judgment below is reversed. We are of the opinion that it is proper to make such an order in this case, and therefore direct that no costs be taxed against the appellee for the making of the transcript filed here.\nFor the error indicated, the judgment is reversed, and new trial granted.",
        "type": "majority",
        "author": "Riddick, J.,"
      }
    ],
    "attorneys": [
      "W. II. Arnold and Estes & King, for appellant.",
      "Scott & Jones, for appellees."
    ],
    "corrections": "",
    "head_matter": "Central Coal & Coke Company v. John Henry Shoe Company.\nOpinion delivered May 4, 1901.\n1. Trespass \u2014 Cutting Timber \u2014 Enhanced Value. \u2014 Where a trespasser wilfully entered upon another\u2019s land, and cut and removed timber therefrom, and by his labor enhanced its value, one who innocently purchased the timber from such trespasser will he liable to the owner for the value of the timber with 6 per cent, interest from the date of the conversion, without deduction on account of the increase in value caused by the work and labor of such trespasser. (Page 303.)\n2. Evidence \u2014 Hearsay.\u2014Evidence of a witness, in an action for trees cut and converted into'railroad ties, to the effect that he and two others went through the timber three abreast, and each noted in a book the number of trees cut, and that their figures, added together, showed that a certain number of ties were cut, was hearsay and inadmissible. (Page 304.)\n3. Appeal \u2014 Defective Transcript \u2014 Disallowance of Costs. \u2014 Where a transcript on appeal was not arranged in order, and the bill of exceptions, containing over 200 pages, was not indexed, the court, on a reversal, will direct that the costs of the transcript be not taxed against the appellee. (Page 305.)\nAppeal from Little River Circuit Court.\nWill P. Feazel, Judge.\nSTATEMENT BY THE COURT.\nThe John Iienry Shoe. Company, a corporation organized under the laws of Louisiana, and Abide McShea were the owners of certain timber lands in this state. In 1895 Gns Less and S. G-. Watkins, partners doing business under the firm name of Gus Less & Go., wilfully and without right entered upon these lands, and cut timber therefrom, aud converted it into railway ties. They after-wards sold the ties to the Central Coal & Coke Company, a Missouri corporation, engaged, among other things, in the business of buying and selling ties. The Coal & Coke Company took possession of the ties near where they were cut, and paid Less & Watkins for them, and then shipped the ties out of the state.\nAfterwards the Shoe Company and Abbie McShea brought this action against the Coal & Coke Company for conversion of the ties and to recover damages. There was a verdict and judgment in favor of plaintiffs for the sum of $2,000, from which the defendant appealed.\nW. II. Arnold and Estes & King, for appellant.\nThe court erred in instructing the jury that appellee could recover the market value of the ties, irrespective of the motive or knowledge or good faith with which they were cut from the land or purchased by appellant. Upon the difference of the rules as to wilful and unintentional trespassers, see: 55 Ark. 307; 37 Mich. 332; S. C. 7 Am. Rep. 124. In the latter case only actual damages are recoverable. 32 Oh. St. 571; S. C. 30 Am. Rep. 030; 32 Mich. 311; S. C. 7 Am. Rep. 654; 3 Suth. Dam. 370; Cooley, Torts, 50. But the former rule cannot apply where an innocent purchaser has come into the ease. 32 Oh. St. 571 ; S. C. 30 Am. Rep. 629. It was error to admit the hearsay testimony of Harkness and Watkins.\nScott & Jones, for appellees.\nAppellees were entitled to the value of the ties at the date of their manufacture, and interest thereon, since they were made by wilful trespass. 44 Ark. 210; 55 Ark. 307; 65 Ark. 448; 100 U. S. 432; 55 S. W. 392; 9 Ark. 46; 33 U. E. 391; 23 Wend. 285; 3 Comst. 379; 32 Atl. 714. The objection to the evidence of Watkins, being only general, cannot be sustained if any portion of it is proper. 65 Ark. 106; 25 Ark. 380; 48 Ark. 177."
  },
  "file_name": "0302-01",
  "first_page_order": 320,
  "last_page_order": 324
}
