{
  "id": 1502554,
  "name": "Little Rock Traction & Electric Company v. McCaskill",
  "name_abbreviation": "Little Rock Traction & Electric Co. v. McCaskill",
  "decision_date": "1905-04-22",
  "docket_number": "",
  "first_page": "133",
  "last_page": "137",
  "citations": [
    {
      "type": "official",
      "cite": "75 Ark. 133"
    }
  ],
  "court": {
    "name_abbreviation": "Ark.",
    "id": 8808,
    "name": "Arkansas Supreme Court"
  },
  "jurisdiction": {
    "id": 34,
    "name_long": "Arkansas",
    "name": "Ark."
  },
  "cites_to": [
    {
      "cite": "42 Ark. 321",
      "category": "reporters:state",
      "reporter": "Ark.",
      "case_ids": [
        8724071
      ],
      "opinion_index": -1,
      "case_paths": [
        "/ark/42/0321-01"
      ]
    },
    {
      "cite": "40 S. W. 635",
      "category": "reporters:state_regional",
      "reporter": "S.W.",
      "opinion_index": -1
    },
    {
      "cite": "59 Ind. 317",
      "category": "reporters:state",
      "reporter": "Ind.",
      "case_ids": [
        1498928
      ],
      "opinion_index": -1,
      "case_paths": [
        "/ind/59/0317-01"
      ]
    },
    {
      "cite": "102 Ind. 478",
      "category": "reporters:state",
      "reporter": "Ind.",
      "case_ids": [
        1358671
      ],
      "opinion_index": -1,
      "case_paths": [
        "/ind/102/0478-01"
      ]
    },
    {
      "cite": "72 N. Y. 76",
      "category": "reporters:state",
      "reporter": "N.Y.",
      "opinion_index": -1
    },
    {
      "cite": "71 N. Y. 579",
      "category": "reporters:state",
      "reporter": "N.Y.",
      "opinion_index": -1
    },
    {
      "cite": "30 Me. 253",
      "category": "reporters:state",
      "reporter": "Me.",
      "case_ids": [
        618201
      ],
      "opinion_index": -1,
      "case_paths": [
        "/me/30/0253-01"
      ]
    },
    {
      "cite": "105 Mass. 213",
      "category": "reporters:state",
      "reporter": "Mass.",
      "case_ids": [
        713110
      ],
      "opinion_index": -1,
      "case_paths": [
        "/mass/105/0213-01"
      ]
    },
    {
      "cite": "103 Mass. 220",
      "category": "reporters:state",
      "reporter": "Mass.",
      "opinion_index": -1
    },
    {
      "cite": "105 Mo. 154",
      "category": "reporters:state",
      "reporter": "Mo.",
      "case_ids": [
        463741
      ],
      "opinion_index": -1,
      "case_paths": [
        "/mo/105/0154-01"
      ]
    },
    {
      "cite": "100 la. 16",
      "category": "reporters:state",
      "reporter": "Iowa",
      "case_ids": [
        2099922
      ],
      "opinion_index": -1,
      "case_paths": [
        "/iowa/100/0016-01"
      ]
    },
    {
      "cite": "19 Johns. 223",
      "category": "reporters:state",
      "reporter": "Johns.",
      "case_ids": [
        380556
      ],
      "opinion_index": -1,
      "case_paths": [
        "/johns/19/0223-01"
      ]
    },
    {
      "cite": "21 Wend.- 3425",
      "category": "reporters:state",
      "reporter": "Wend.",
      "opinion_index": -1
    },
    {
      "cite": "2 Hill, 217",
      "category": "reporters:state",
      "reporter": "Hill,",
      "opinion_index": -1
    },
    {
      "cite": "18 Wend. 223",
      "category": "reporters:state",
      "reporter": "Wend.",
      "opinion_index": -1
    },
    {
      "cite": "24 Barb. 273",
      "category": "reporters:state",
      "reporter": "Barb.",
      "case_ids": [
        4990425
      ],
      "opinion_index": -1,
      "case_paths": [
        "/barb/24/0273-01"
      ]
    },
    {
      "cite": "109 Mass. 277",
      "category": "reporters:state",
      "reporter": "Mass.",
      "case_ids": [
        2108013
      ],
      "opinion_index": 0,
      "case_paths": [
        "/mass/109/0277-01"
      ]
    }
  ],
  "analysis": {
    "cardinality": 472,
    "char_count": 7804,
    "ocr_confidence": 0.69,
    "pagerank": {
      "raw": 3.7313512194784035e-07,
      "percentile": 0.8943146878447353
    },
    "sha256": "25bf4e340cc2f554b5d55e04ce8d7e10f4ed23251fff72f7d04ce7029ce73e55",
    "simhash": "1:a0b3c63ad0179699",
    "word_count": 1377
  },
  "last_updated": "2024-02-27T17:39:12.597449+00:00",
  "provenance": {
    "date_added": "2019-08-29",
    "source": "Harvard",
    "batch": "2018"
  },
  "casebody": {
    "judges": [],
    "parties": [
      "Little Rock Traction & Electric Company v. McCaskill."
    ],
    "opinions": [
      {
        "text": "Hill, C. J.\nMcCaskill\u2019s house was .burning in the night time, and three streams of water were playing upon it, one from a hose crossing Markham street which lay across the street car track. The hose was four or five inches in diameter, and the street brilliantly illuminated from the burning building which was near by. A car of appellant company ran over the hose, and cut it on each rail. There was no reason why the motorman could not have seen it for a long distance. He denies seeing the hose, but tells of watching the fire as he came near it. McCaskill\u2019s evidence tended to prove that the cessation of water from the hose stopped the work of taking furniture out of the burning house, and that the fire was in such a state of control that most of his furniture could have been rescued if this stream of water had not suddenly ceased. The evidence conflicted, and the issues went to a jury, and a verdict for McCaskill resulted. The Reporter will set out the instructions and the substance of the testimony.\nThe appellant presents the case of Mott v. Hudson River Ry. Co., 1 Robertson; 585, as conclusive against appellee\u2019s action. This is a decision of the Superior Court of the City of New York, and the case in question was heard and determined before Justices Robertson, White and Barbour, and decided in 1863. The point reaching to this case is thus stated in the syllabus: \u201cDamages caused by the spreading of a fire, in consequence of the defendant\u2019s negligently injuring a hose actually in use in extinguishing it, whereby the only supply of water available for the purpose was stopped, are too remote to sustain an action.\u201d Justice- White, in a dissenting opinion, pointed out that cutting a fire hose in an instance remotely causing loss would not be actionable, and then added: \u201cBut in the present instance the hose was actually carrying water upon the plaintiff\u2019s burning building and rapidly extinguishing the fire, when it was cut. The plaintiff was instantly deprived by this act of the flow of water upon his house, and the flames that had been going out under the action of the hose immediately rose and destroyed that and other property owned by him. It would be difficult to state a case of more direct or immediate damage resulting from a specific act.\u201d The same question came before the Supreme Judicial Court of Massachusetts in 1872, and the Mott case was cited as first in a long list of cases relied upon by the appellant, but it did not receive notice in the opinion. After discussing the question and reviewing cases on proximate causes, the court said: \u201cThe law regards practical distinctions, rather than those which are merely theoretical; and practically, when a man cuts off the hose through which firemen are throwing a stream upon a burning building, and thereupon the building is consumed for want of water to extinguish it, his act it to be regarded as the direct and efficient cause of the injury.\u201d Metallic Compression Casting Co. v. Fitchburg Ry. Co., 109 Mass. 277.\nThe high standing of the Massachusetts court, the sound reasoning given, reinforced by the able dissenting opinion in the Mott case, impel the court to follow it, rather than the Mott case.\nNo other questions are presented, and the judgment is affirmed.",
        "type": "majority",
        "author": "Hill, C. J."
      }
    ],
    "attorneys": [
      "Rose, Hemingway & Rose and Cantrell & Loughborough, for appellants.",
      "John Hallum, for appellee."
    ],
    "corrections": "",
    "head_matter": "Little Rock Traction & Electric Company v. McCaskill.\nOpinion delivered April 22, 1905.\nFire \u2014 proximate cause of damage \u2014 cutting hose. \u2014 Where a street car company severed the hose through which firemen were throwing a stream upon a burning building, whereupon furniture contained therein, which otherwise could have been saved, was consumed for want of water to extinguish the fire, the act of cutting off the hose is to be regarded as the proximate cause of the injury.\nAppeal from Pulaski Circuit Court.\nEdward W. WjnEield, Judge.\nAffirmed.\nThis was an action of tort against a street railway company for negligently severing a line of hose laid across defendant\u2019s track in Tittle Rock, and thereby cutting off in part the supply of water from, a fire which was consuming plaintiff\u2019s furniture in the house which he was occupying, and which could have been saved if the hose had not been severed. The substance of the evidence is stated in the opinion of the court.\nAt the instance of plaintiff, the court instructed the jury as' follows:\n\u201c1. The jury is instructed that it is the duty of the defendant in the operation of the cars to have its employees in running its cars to maintain such watchfulness and precaution as are fairly proportionate to the danger to be avoided, judged by the standard of common prudence and experience, or, in other words, to have its employees exercise such care as a reasonably prudent man under the peculiar circumstances of the case would exercise, and a failure of the defendant\u2019s employees to exercise such care would render the defendant guilty of negligence.\n\u201c2. The jury is instructed that it is the duty of the motorman in the operation of the cars to keep a lookout for persons and property that may be upon the track, and his failure to do so is negligence.\n\u201c4.. The jury is instructed that if they find that the fire hose was negligently cut by defendant\u2019s car, and the flow of water was thereby diverted from the house which was being consumed by fire and in which plaintiff\u2019s goods were, and that such diversion of the water severely impaired the power of the fire company in its efforts to control and subdue-said fire, and thereby rendered it impossible for the plaintiff to rescue from said fire and save a large amount of property, which, in the absence of the cutting of said hose and the consequent impairment of the water supply, the plaintiff could and would have saved, you will find for the plaintiff.\n\u201c6. The jury is instructed that if you find for the plaintiff you will assess as his damages the fair market value of the goods which he was prevented from saving as the result of the cutting of said hose by the defendant\u2019s car, or which, in the absence of the cutting of said hose, he could and would have saved.\u201d\nThe court further instructed the jury as follows:\n\u201cIf you find there was negligence by defendant, any loss to plaintiff thereby which you undertake to compensate in damages must be such as is directly attributable to such negligence; not such as might or could have resulted, but such as did result from such negligence.\u201d\nDefendant requested the following instructions, which were refused:\n\u201cx. You will find for the defendant.\n\u201c2. You are instructed that the damages sought to be recovered in this case are too remote and speculative to be esth mated by q jury, and your verdict must be for the defendant.\n\u201c3. As it was not shown that there was anything.to advise the motorman in charge of the car that the hose was across \u25a0 the track, he was not negligent in failing to keep a lookout for it, and your verdict must be for the defendant.\n\u201c4, All that the law exacted of the defendant was ordinary care not to. cut the hose after becoming aware that it was stretched across the track; and if there was no notice to the defendant or its servants of the position of the hose, and the motorman did not see it before running over it, you will find for the defendant.\u201d\nThere was a verdict for the plaintiff. Defendant appeals.\nRose, Hemingway & Rose and Cantrell & Loughborough, for appellants.\nThe consequences were too remote to make appellant liable. 1 Robertson, 585; 24 Barb. 273; 18 Wend. 223; 11 Mete. 290; 2 Hill, 217; 21 Wend.- 3425 .19 Johns. 223.\nJohn Hallum, for appellee.\nThe damages sustained by plaintiff cannot be reduced by the amount of insurance received. 2 Am. & Eng. Enc. Law, 690; 100 la. 16; 105 Mo. 154; 103 Mass. 220; Suth. Dam. 242; 105 Mass. 213; 30 Me. 253; 71 N. Y. 579; 72 N. Y. 76; 102 Ind. 478; 59 Ind. 317; 40 S. W. 635; 42 Ark. 321."
  },
  "file_name": "0133-01",
  "first_page_order": 155,
  "last_page_order": 159
}
