{
  "id": 1502531,
  "name": "Ingram v. Sherwood",
  "name_abbreviation": "Ingram v. Sherwood",
  "decision_date": "1905-04-22",
  "docket_number": "",
  "first_page": "176",
  "last_page": "181",
  "citations": [
    {
      "type": "official",
      "cite": "75 Ark. 176"
    }
  ],
  "court": {
    "name_abbreviation": "Ark.",
    "id": 8808,
    "name": "Arkansas Supreme Court"
  },
  "jurisdiction": {
    "id": 34,
    "name_long": "Arkansas",
    "name": "Ark."
  },
  "cites_to": [
    {
      "cite": "25 Colo. 76",
      "category": "reporters:state",
      "reporter": "Colo.",
      "opinion_index": -1
    },
    {
      "cite": "68 Mo. 871",
      "category": "reporters:state",
      "reporter": "Mo.",
      "opinion_index": -1
    },
    {
      "cite": "3 Mo. 106",
      "category": "reporters:state",
      "reporter": "Mo.",
      "opinion_index": -1
    },
    {
      "cite": "29 Vt. 179",
      "category": "reporters:state",
      "reporter": "Vt.",
      "case_ids": [
        8544303
      ],
      "opinion_index": -1,
      "case_paths": [
        "/vt/29/0179-01"
      ]
    },
    {
      "cite": "27 Tex. 139",
      "category": "reporters:state",
      "reporter": "Tex.",
      "case_ids": [
        2105399
      ],
      "opinion_index": -1,
      "case_paths": [
        "/tex/27/0139-01"
      ]
    },
    {
      "cite": "18 Mo. 274",
      "category": "reporters:state",
      "reporter": "Mo.",
      "case_ids": [
        8855029
      ],
      "opinion_index": -1,
      "case_paths": [
        "/mo/18/0274-01"
      ]
    },
    {
      "cite": "3 A. K. Marsh. 202",
      "category": "reporters:state",
      "reporter": "A.K. Marsh.",
      "case_ids": [
        6407064
      ],
      "opinion_index": -1,
      "case_paths": [
        "/ky/10/0202-01"
      ]
    },
    {
      "cite": "108 U. S. 32",
      "category": "reporters:federal",
      "reporter": "U.S.",
      "case_ids": [
        3502752
      ],
      "opinion_index": -1,
      "case_paths": [
        "/us/108/0032-01"
      ]
    },
    {
      "cite": "73 Fed. 701",
      "category": "reporters:federal",
      "reporter": "F.",
      "case_ids": [
        7853962
      ],
      "opinion_index": -1,
      "case_paths": [
        "/f/73/0701-01"
      ]
    },
    {
      "cite": "57 Ark. 523",
      "category": "reporters:state",
      "reporter": "Ark.",
      "case_ids": [
        1324629
      ],
      "opinion_index": -1,
      "case_paths": [
        "/ark/57/0523-01"
      ]
    },
    {
      "cite": "35 Ind. 380",
      "category": "reporters:state",
      "reporter": "Ind.",
      "case_ids": [
        1461935
      ],
      "opinion_index": -1,
      "case_paths": [
        "/ind/35/0380-01"
      ]
    },
    {
      "cite": "44 Ind. 223",
      "category": "reporters:state",
      "reporter": "Ind.",
      "case_ids": [
        1405096,
        1405179
      ],
      "opinion_index": -1,
      "case_paths": [
        "/ind/44/0223-01",
        "/ind/44/0223-02"
      ]
    },
    {
      "cite": "85 Ind. 311",
      "category": "reporters:state",
      "reporter": "Ind.",
      "opinion_index": -1
    },
    {
      "cite": "69 Ark. 101",
      "category": "reporters:state",
      "reporter": "Ark.",
      "opinion_index": -1
    },
    {
      "cite": "38 Conn. 397",
      "category": "reporters:state",
      "reporter": "Conn.",
      "case_ids": [
        760045
      ],
      "opinion_index": -1,
      "case_paths": [
        "/conn/38/0397-01"
      ]
    },
    {
      "cite": "66 N. C. 398",
      "category": "reporters:state",
      "reporter": "N.C.",
      "case_ids": [
        11277404
      ],
      "opinion_index": -1,
      "case_paths": [
        "/nc/66/0398-01"
      ]
    },
    {
      "cite": "59 N. H. 35",
      "category": "reporters:state",
      "reporter": "N.H.",
      "case_ids": [
        4472209
      ],
      "opinion_index": -1,
      "case_paths": [
        "/nh/59/0035-01"
      ]
    },
    {
      "cite": "23 S. W. 639",
      "category": "reporters:state_regional",
      "reporter": "S.W.",
      "opinion_index": -1
    },
    {
      "cite": "60 Ark. 333",
      "category": "reporters:state",
      "reporter": "Ark.",
      "case_ids": [
        1903739
      ],
      "opinion_index": -1,
      "case_paths": [
        "/ark/60/0333-01"
      ]
    },
    {
      "cite": "58 Ark. 381",
      "category": "reporters:state",
      "reporter": "Ark.",
      "case_ids": [
        1329186
      ],
      "opinion_index": -1,
      "case_paths": [
        "/ark/58/0381-01"
      ]
    },
    {
      "cite": "72 Ark. 67",
      "category": "reporters:state",
      "reporter": "Ark.",
      "case_ids": [
        1505548
      ],
      "opinion_index": -1,
      "case_paths": [
        "/ark/72/0067-01"
      ]
    },
    {
      "cite": "73 Ark. 344",
      "category": "reporters:state",
      "reporter": "Ark.",
      "case_ids": [
        1504073
      ],
      "opinion_index": -1,
      "case_paths": [
        "/ark/73/0344-01"
      ]
    },
    {
      "cite": "72 Ark. 601",
      "category": "reporters:state",
      "reporter": "Ark.",
      "case_ids": [
        1505581
      ],
      "opinion_index": -1,
      "case_paths": [
        "/ark/72/0601-01"
      ]
    },
    {
      "cite": "73 Ark. 27",
      "category": "reporters:state",
      "reporter": "Ark.",
      "case_ids": [
        1503965
      ],
      "opinion_index": -1,
      "case_paths": [
        "/ark/73/0027-01"
      ]
    },
    {
      "cite": "72 Ark. 108",
      "category": "reporters:state",
      "reporter": "Ark.",
      "opinion_index": -1
    },
    {
      "cite": "68 Ark. 213",
      "category": "reporters:state",
      "reporter": "Ark.",
      "opinion_index": -1
    },
    {
      "cite": "66 Ark. 1",
      "category": "reporters:state",
      "reporter": "Ark.",
      "case_ids": [
        1909740
      ],
      "pin_cites": [
        {
          "page": "180"
        }
      ],
      "opinion_index": -1,
      "case_paths": [
        "/ark/66/0001-01"
      ]
    },
    {
      "cite": "4 S. D. 41",
      "category": "reporters:state",
      "reporter": "S.D.",
      "opinion_index": -1
    },
    {
      "cite": "27 Mich. 489",
      "category": "reporters:state",
      "reporter": "Mich.",
      "case_ids": [
        1954579
      ],
      "opinion_index": -1,
      "case_paths": [
        "/mich/27/0489-01"
      ]
    },
    {
      "cite": "43 Minn. 347",
      "category": "reporters:state",
      "reporter": "Minn.",
      "opinion_index": -1
    },
    {
      "cite": "44 Minn. 269",
      "category": "reporters:state",
      "reporter": "Minn.",
      "opinion_index": -1
    },
    {
      "cite": "105 Pa. St. 601",
      "category": "reporters:state",
      "reporter": "Pa.",
      "opinion_index": -1
    },
    {
      "cite": "51 N. C. 528",
      "category": "reporters:state",
      "reporter": "N.C.",
      "opinion_index": -1
    },
    {
      "cite": "66 Ark. 134",
      "category": "reporters:state",
      "reporter": "Ark.",
      "opinion_index": -1
    },
    {
      "cite": "124 U. S. 187",
      "category": "reporters:federal",
      "reporter": "U.S.",
      "opinion_index": -1
    },
    {
      "cite": "94 U. S. 811",
      "category": "reporters:federal",
      "reporter": "U.S.",
      "opinion_index": -1
    },
    {
      "cite": "19 Ark. 16",
      "category": "reporters:state",
      "reporter": "Ark.",
      "case_ids": [
        8724817
      ],
      "opinion_index": -1,
      "case_paths": [
        "/ark/19/0016-01"
      ]
    },
    {
      "cite": "55 Ark. 92",
      "category": "reporters:state",
      "reporter": "Ark.",
      "opinion_index": -1
    },
    {
      "cite": "14 Ark. 62",
      "category": "reporters:state",
      "reporter": "Ark.",
      "case_ids": [
        1862674
      ],
      "opinion_index": -1,
      "case_paths": [
        "/ark/14/0062-01"
      ]
    },
    {
      "cite": "137 U. S. 556",
      "category": "reporters:federal",
      "reporter": "U.S.",
      "case_ids": [
        3546784
      ],
      "opinion_index": -1,
      "case_paths": [
        "/us/137/0556-01"
      ]
    },
    {
      "cite": "72 Ark. 106",
      "category": "reporters:state",
      "reporter": "Ark.",
      "opinion_index": -1
    },
    {
      "cite": "24 La. Ann. 48",
      "category": "reporters:state",
      "reporter": "La. Ann.",
      "case_ids": [
        2540465
      ],
      "opinion_index": -1,
      "case_paths": [
        "/la-ann/24/0048-01"
      ]
    },
    {
      "cite": "2 Hayw. 342",
      "category": "reporters:state",
      "reporter": "Hayw.",
      "case_ids": [
        11983418,
        11983494
      ],
      "opinion_index": -1,
      "case_paths": [
        "/nc/3/0342-01",
        "/nc/3/0342-02"
      ]
    },
    {
      "cite": "12 Pick. 270",
      "category": "reporters:state",
      "reporter": "Pick.",
      "case_ids": [
        2060335
      ],
      "opinion_index": -1,
      "case_paths": [
        "/mass/29/0274-01"
      ]
    },
    {
      "cite": "56 Ark. 632",
      "category": "reporters:state",
      "reporter": "Ark.",
      "opinion_index": -1
    },
    {
      "cite": "56 Ark. 139",
      "category": "reporters:state",
      "reporter": "Ark.",
      "case_ids": [
        1326109
      ],
      "opinion_index": -1,
      "case_paths": [
        "/ark/56/0139-01"
      ]
    },
    {
      "cite": "50 Ark. 71",
      "category": "reporters:state",
      "reporter": "Ark.",
      "case_ids": [
        8720199
      ],
      "opinion_index": -1,
      "case_paths": [
        "/ark/50/0071-01"
      ]
    },
    {
      "cite": "49 Ark. 207",
      "category": "reporters:state",
      "reporter": "Ark.",
      "case_ids": [
        1309682
      ],
      "opinion_index": -1,
      "case_paths": [
        "/ark/49/0207-01"
      ]
    },
    {
      "cite": "62 Ark. 7",
      "category": "reporters:state",
      "reporter": "Ark.",
      "case_ids": [
        1905677
      ],
      "opinion_index": -1,
      "case_paths": [
        "/ark/62/0007-01"
      ]
    },
    {
      "cite": "31 Ark. 163",
      "category": "reporters:state",
      "reporter": "Ark.",
      "case_ids": [
        1879307
      ],
      "opinion_index": -1,
      "case_paths": [
        "/ark/31/0163-01"
      ]
    },
    {
      "cite": "40 Ark. 146",
      "category": "reporters:state",
      "reporter": "Ark.",
      "case_ids": [
        1897155
      ],
      "opinion_index": -1,
      "case_paths": [
        "/ark/40/0146-01"
      ]
    },
    {
      "cite": "19 Ark. 278",
      "category": "reporters:state",
      "reporter": "Ark.",
      "case_ids": [
        8726252
      ],
      "opinion_index": -1,
      "case_paths": [
        "/ark/19/0278-01"
      ]
    },
    {
      "cite": "22 Ark. 556",
      "category": "reporters:state",
      "reporter": "Ark.",
      "case_ids": [
        8727302
      ],
      "weight": 2,
      "opinion_index": -1,
      "case_paths": [
        "/ark/22/0556-01"
      ]
    },
    {
      "cite": "68 Ark. 211",
      "category": "reporters:state",
      "reporter": "Ark.",
      "case_ids": [
        1334046
      ],
      "opinion_index": -1,
      "case_paths": [
        "/ark/68/0211-01"
      ]
    },
    {
      "cite": "67 Miss. 5341",
      "category": "reporters:state",
      "reporter": "Miss.",
      "opinion_index": -1
    },
    {
      "cite": "37 Minn. 194",
      "category": "reporters:state",
      "reporter": "Minn.",
      "case_ids": [
        8877158
      ],
      "opinion_index": -1,
      "case_paths": [
        "/minn/37/0194-01"
      ]
    },
    {
      "cite": "44 Mo. 252",
      "category": "reporters:state",
      "reporter": "Mo.",
      "case_ids": [
        950169
      ],
      "opinion_index": -1,
      "case_paths": [
        "/mo/44/0252-01"
      ]
    },
    {
      "cite": "42 Mo. 482",
      "category": "reporters:state",
      "reporter": "Mo.",
      "case_ids": [
        954480
      ],
      "opinion_index": -1,
      "case_paths": [
        "/mo/42/0482-01"
      ]
    },
    {
      "cite": "38 Mo. 395",
      "category": "reporters:state",
      "reporter": "Mo.",
      "case_ids": [
        8850795
      ],
      "opinion_index": -1,
      "case_paths": [
        "/mo/38/0395-01"
      ]
    },
    {
      "cite": "11 Ark. 120",
      "category": "reporters:state",
      "reporter": "Ark.",
      "case_ids": [
        8727510
      ],
      "opinion_index": -1,
      "case_paths": [
        "/ark/11/0120-01"
      ]
    },
    {
      "cite": "13 Ark. 49",
      "category": "reporters:state",
      "reporter": "Ark.",
      "opinion_index": -1
    },
    {
      "cite": "52 Ark. 312",
      "category": "reporters:state",
      "reporter": "Ark.",
      "case_ids": [
        1913350
      ],
      "opinion_index": -1,
      "case_paths": [
        "/ark/52/0312-01"
      ]
    },
    {
      "cite": "3 Ark. 185",
      "category": "reporters:state",
      "reporter": "Ark.",
      "opinion_index": -1
    },
    {
      "cite": "23 Ark. 510",
      "category": "reporters:state",
      "reporter": "Ark.",
      "case_ids": [
        1866141
      ],
      "opinion_index": -1,
      "case_paths": [
        "/ark/23/0510-01"
      ]
    },
    {
      "cite": "22 Ark. 286",
      "category": "reporters:state",
      "reporter": "Ark.",
      "case_ids": [
        8726559
      ],
      "opinion_index": -1,
      "case_paths": [
        "/ark/22/0286-01"
      ]
    },
    {
      "cite": "70 Ark. 409",
      "category": "reporters:state",
      "reporter": "Ark.",
      "case_ids": [
        1509469
      ],
      "opinion_index": -1,
      "case_paths": [
        "/ark/70/0409-01"
      ]
    },
    {
      "cite": "70 Ark. 207",
      "category": "reporters:state",
      "reporter": "Ark.",
      "case_ids": [
        1509428
      ],
      "opinion_index": -1,
      "case_paths": [
        "/ark/70/0207-01"
      ]
    },
    {
      "cite": "51 Ark. 34",
      "category": "reporters:state",
      "reporter": "Ark.",
      "case_ids": [
        8719807
      ],
      "opinion_index": -1,
      "case_paths": [
        "/ark/51/0034-01"
      ]
    },
    {
      "cite": "59 Ark. 483",
      "category": "reporters:state",
      "reporter": "Ark.",
      "case_ids": [
        1327685
      ],
      "opinion_index": -1,
      "case_paths": [
        "/ark/59/0483-01"
      ]
    },
    {
      "cite": "68 Ark. 269",
      "category": "reporters:state",
      "reporter": "Ark.",
      "case_ids": [
        1333993
      ],
      "opinion_index": -1,
      "case_paths": [
        "/ark/68/0269-01"
      ]
    },
    {
      "cite": "48 Ark. 238",
      "category": "reporters:state",
      "reporter": "Ark.",
      "case_ids": [
        1887772
      ],
      "opinion_index": -1,
      "case_paths": [
        "/ark/48/0238-01"
      ]
    },
    {
      "cite": "55 Ark. 30",
      "category": "reporters:state",
      "reporter": "Ark.",
      "case_ids": [
        1322255
      ],
      "opinion_index": -1,
      "case_paths": [
        "/ark/55/0030-01"
      ]
    },
    {
      "cite": "117 U. S. 269",
      "category": "reporters:federal",
      "reporter": "U.S.",
      "opinion_index": 0
    },
    {
      "cite": "49 Ark. 397",
      "category": "reporters:state",
      "reporter": "Ark.",
      "case_ids": [
        1309318
      ],
      "opinion_index": 0,
      "case_paths": [
        "/ark/49/0397-01"
      ]
    },
    {
      "cite": "21 Ark. 364",
      "category": "reporters:state",
      "reporter": "Ark.",
      "case_ids": [
        1868293
      ],
      "opinion_index": 0,
      "case_paths": [
        "/ark/21/0364-01"
      ]
    },
    {
      "cite": "22 Ark. 556",
      "category": "reporters:state",
      "reporter": "Ark.",
      "case_ids": [
        8727302
      ],
      "opinion_index": 0,
      "case_paths": [
        "/ark/22/0556-01"
      ]
    }
  ],
  "analysis": {
    "cardinality": 616,
    "char_count": 11608,
    "ocr_confidence": 0.697,
    "pagerank": {
      "raw": 8.812711085725597e-08,
      "percentile": 0.49694634706502194
    },
    "sha256": "54705dc15790a5b69c79a280f8c9a49c99fcd341cb98774117de0d629dcc0ec8",
    "simhash": "1:80d8a04398936767",
    "word_count": 2131
  },
  "last_updated": "2024-02-27T17:39:12.597449+00:00",
  "provenance": {
    "date_added": "2019-08-29",
    "source": "Harvard",
    "batch": "2018"
  },
  "casebody": {
    "judges": [],
    "parties": [
      "Ingram v. Sherwood."
    ],
    "opinions": [
      {
        "text": "Riddick, J.,\n(after stating the facts.) The only question presented by this appeal is whether a decree confirming a tax title rendered in a suit brought by one Rugg, who afterwards conveyed the land to the ancestor of defendant, was a valid decree or not.\nRugg purchased this tax title from Burroughs, and as he had borrowed the money with which to pay for the land from F. A. Sherwood, by agreement between these parties the land was conveyed by Burroughs to Sherwood, to be held by him as security for the debt which Rugg owed him. While the legal title to the land was in Sherwood, yet he held this title as security for the payment of the debt due from Rugg. Rugg was owner of the equitable title, and in equity would be treated as the owner of the land, and that was sufficient to entitle him to bring an action to confirm the tax title. Scott v. Watkins, 22 Ark. 556.\nNor do we think that the allegation in the notice for confirmation that the land'had come to Rugg by a regular chain of conveyances from Burroughs, the purchaser from the State, was such a misrepresentation as rendered the decree of confirmation invalid. The statement was inserted in the notice by the attorney for Rugg while under the impression that Rugg was the owner of the legal title. On being informed by Rugg that he was the owner only of an equitable title, no change was made. But this variance was not so material as to affect the .jurisdiction of the court. Rugg was in fact the owner of a valid and subsisting interest in the land that entitled him to bring the proceedings to confirm, and this was sufficient to give the court jurisdiction. It is true that, at the time Rugg brought this action to confirm his tax title, he had an agreement with Sherwood that he would sell and convey the land so soon as he could procure a decree confirming his title. .But the confirmation of the tax title held by Rugg was in the nature of a condition precedent upon which this contract was based. Sherwood refused to buy until the title was confirmed, and his contract to purchase was on the condition that the tax title should be first confirmed. This contract left Rugg the owner of the land until the confirmation decree was procured; and as it was made in good faith for a legitimate purpose, we do not think this contract deprived the court of jurisdiction to confirm the tax title in an action brought by Rugg for that purpose.\nThis proceeding to confirm was brought by Rugg in 1892, and the publication was made before the act of March, 1893, but the decree of confirmation was rendered after that act took effect. That act required that the petitioner at the trial should exhibit to the court tax receipts showing the payment of the taxes by petitioner, or those under whom he holds, for at least three successive years next before the publication of the notice to confirm. It also required the petitioner to show by oral or written testimony of witnesses acquainted with the land that there was no one in possession thereof claiming adversely to the petitioner. The act further provided that \u201cthere shall be no confirmation of the sale of any lands that are in the actual possession of any person claiming title adverse to the petitioner, nor shall there be any confirmation of th.e sale of lands unless the petitioner, or his grantor, or those under whom he claims title, has paid the taxes on the lands for at least two years after' the expiration of the right of redemption, said payment of taxes to be .three consecutive years immediately prior to the application to confirm.\u201d Kirby\u2019s Digest, \u00a7 665. Now, it does not affirmatively appear from the record in the proceeding to confirm, which was read in evidence in this case, that any proof was introduced to show that no one was in possession of the land holding the same adversely to petitioner, or that he had paid the taxes for three years immediately preceding the publication of the notice to confirm.. But the evidence in this case shows that as a fact no one was in possession of the land, and that the plaintiff in the confirmation suit had in fact paid the taxes required. The record in the confirmation suit is silent on those points, though the language of the decree intimates that other papers were read in evidence besides' those named in the decree. The record shows that notice of the confirmation proceedings was published as required by law, and that a petition asking for the confirmation of the tax sale was duly filed. The decree of confirmation then recites that \u201cthe case came on to be heard upon the petition, proof of publication, deeds, etc.,\u201d the abbreviation, \u201cetc.\u201d which follows the word \u201cdeeds\u201d in the above 'quotation from the decree, tends to show that the case was heard not only on the petition, proof of publication and deeds, but that other papers besides the deeds were read in evidence. What these papers were does not appear. The record is silent; and if we concede that tire filing of affidavits that no one was. in possession of the land and also of copies of tax receipts showing payment of taxes by plaintiff for three years before the petition was filed were jurisdictional, still, as the record does not affirmatively show that they were not filed, but does show that other papers besides deeds were read in evidence, it should be presumed that these other papers were the affidavit and copies of tax receipts which the statute requires to be filed; for this is a collateral'attack on the decree of confirmation, and, as the court which rendered it was a superior court of general jurisdiction, the presumptions are in \u2022favor of its judgment. Scott v. Pleasants, 21 Ark. 364; Boyd v. Roane, 49 Ark. 397; Applegate v. Lexington & Carter County Mining Company, 117 U. S. 269.\nOn the whole case, we' are of the opinion that the judgment should be affirmed, and it is so ordered.",
        "type": "majority",
        "author": "Riddick, J.,"
      }
    ],
    "attorneys": [
      "George C. Lezvis and P. C. Dooley, for appellants.",
      "Bdwin Pettit and C. B. Pettit, for appellees.",
      "George C. Lewis and P. C. Dooley, for appellant in reply."
    ],
    "corrections": "",
    "head_matter": "Ingram v. Sherwood.\nOpinion delivered April 22, 1905.\n1. Confirmation of tax title \u2014 equitable ownership. \u2014 One who holdjs the equitable title to land may bring an- action to confirm a tax title on which his title is based. (Page 178.)\n2. Same \u2014 validity of decree \u2014 notice.\u2014A decree of confirmation of a tax title is not invalid because the notice alleged that the legal title was in petitioner when he held only the equitable title, nor because petitioner had contracted' to sell the land when the title was\u2019confirmed. (Page 179.)\n3. Same \u2014 presumption on collateral attack. \u2014 Under the rule that the presumptions are in favor of the judgment of a superior court of general jurisdiction, where a decree confirming a tax title recites that \u201cthe case came on to be heard upon the petition, proof of publication, deeds, etc.,\u201d it will be presumed on collateral attack that petitioner produced his receipts for at least three successive years next before the publication of the notice to confirm, and that he furnished proof that there was no one in possession of the land claiming adversely to the petitioner, as required by Kirby\u2019s Digest, \u00a7 665. (Page 179.)\nAppeal from Arkansas Chancery Court.\nJohn M. Feeiott, Chancellor.\nAffirmed.\nstatement by the court.\nThe southeast quarter of section 35, township 3 south, range 5 west, 160 acres, lying in Arkansas County, was granted by act of Congress to the State of Arkansas as swamp and overflowed land, and was afterwards in 1861 entered by one H. Howard, and the title thereto transferred by the State to him. This land was forfeited and sold to the State in 1869 for nonpayment of taxes in 1868. Afterwards in 1872 J. R. Berry, as Auditor of the State, conveyed the land to C. W. Burroughs. Burroughs sold the land to George H. Rugg, and executed a bond for title to him. In 1890 Rugg borrowed money from F. A. Sherwood to pay for the land, and, to secure the payment of the sum borrowed, he had Burroughs to make a deed conveying the land to Sherwood; it being agreed betwee\u00f1 Rugg and Sherwood that Sherwood would reconvey the land to Rugg upon the payment of the debt to Sherwood, or would convey to such person as Rugg might direct. Rugg in 1892 brought a suit in equity to confirm the tax sale to the State made in 1869 for taxes of 1868, and under which tax sale he claimed the land. The notice of confirmation was duly published the length of time required, the first publication being on the 27th day of July, 1892, and the last on the 7th day of September following. A decree confirming the tax sale was rendered at the November term of the chancery court of Arkansas County, in 1893, to which term the case had been continued. Rugg and Sherwood had a settlement previous to this decree, by which it was orally agreed that, after Rugg had confirmed his tax title, he would sell the land to Sherwood, and make him a quitclaim deed thereto, which he did in 1897. Soon afterwards he and Sherwood both died.\nIn 1900 John L,. Ingram procured a deed to the land from H. Howard, who was or claimed to be the person who originally owned the land by purchase or entry from the State. Ingram took actual possession of the land, and brought this suit in equity against the heirs of F. A. Sherwood to set aside and cancel the . deeds from the State to Burroughs and from Burroughs as clouds upon his title. The heirs of Sherwood appeared,' and set up the tax title held by Burroughs and the confirmation thereof as a bar to the action of plaintiff.\nOn the hearing the court dismissed the complaint of Ingram for want of equity, and he appealed.\nGeorge C. Lezvis and P. C. Dooley, for appellants.\nThe decree was void because the notice was insufficient. 55 Ark. 30; 48 Ark. 238; 68 Ark. 269; 59 Ark. 483; 51 Ark. 34; 70 Ark. 207; 71 Ark. 3x8; 70 Ark. 409; 22 Ark. 286; 23 Ark. 510; 5-3 Ark. 185; 52 Ark. 312; 13 Ark. 49; 11 Ark. 120; 38 Mo. 395; 42 Mo. 482; 44 Mo. 252; 37 Minn. 194; 54 Texas, 193; 67 Miss. 5341 35 Ih. 315. The petition was insufficient in the statement of necessary jurisdictional facts. Sand. & H. Dig. \u00a7 \u00a7 630-633; 68 Ark. 211. The petitioner had no authority to have the sale confirmed. 22 Ark. 556; 19 Ark. 278; 40 Ark. 146; 31 Ark. 163; 44 Ark..48; 62 Ark. 7; 49 Ark. 207; 50 Ark. 71; 56 Ark. 139; 56 Ark. 632. Fraud and deceit were practiced in obtaining the decree of confirmation. Bigelow, Fraud, \u00a7 \u00a7 171, 175; 12 Pick. 270; 52 111. 35; 2 Hayw. 342; 24 La. Ann. 48.\nBdwin Pettit and C. B. Pettit, for appellees.\nAppellant is barred by laches. Wood, Lim. \u00a7 60; 72 Ark. 106; 137 U. S. 556. Laches need not be pleaded. 14 Ark. 62; 55 Ark. 92; 19 Ark. 16; 94 U. S. 811; 124 U. S. 187; 57 111. 17. Appellant fails on his own proof. 66 Ark. 134; 51 N. C. 528; 105 Pa. St. 601; 29 N. Ii. 431; 44 Minn. 269; 43 Minn. 347; 27 Mich. 489; 4 S. D. 41; Harris, Law of Identification, 212; Mart. Abs. of Tit. art. 173, 175. The decree cannot be collaterally attacked. 66 Ark. 1, 180; 68 Ark. 213; 72 Ark. 108; 73 Ark. 27; 72 Ark. 601. The petitioner had sufficient interest in the land. Kirby\u2019s Dig. \u00a7 6098; 73 Ark. 344; 22 Ark. 556; 72 Ark. 67; 58 Ark. 381; 60 Ark. 333. The petition was sufficient. Kirby\u2019s Dig. \u00a7 7798; 23 S. W. 639; 59 N. H. 35; 66 N. C. 398; 38 Conn. 397. The tax sale of 1869 is not shown to be void. 69 Ark. 101; 85 Ind. 311; 44 Ind. 223; 35 Ind. 380.\nGeorge C. Lewis and P. C. Dooley, for appellant in reply.\nThe claimant under a void tax title is never in constructive possession. 57 Ark. 523. By such claimant laches cannot be pleaded. 73 Fed. 701, Acknowledgment of a deed is prima facie evidence of the identity of the grantor. 108 U. S. 32; 3 A. K. Marsh. 202; 18 Mo. 274; 27 Tex. 139; 29 Vt. 179; 36 111. 362; hi 111. 541; 3 Mo. 106; 68 Mo. 871; 25 Colo. 76."
  },
  "file_name": "0176-01",
  "first_page_order": 198,
  "last_page_order": 203
}
