{
  "id": 1502520,
  "name": "Pate v. Jonesboro",
  "name_abbreviation": "Pate v. Jonesboro",
  "decision_date": "1905-05-06",
  "docket_number": "",
  "first_page": "276",
  "last_page": "279",
  "citations": [
    {
      "type": "official",
      "cite": "75 Ark. 276"
    }
  ],
  "court": {
    "name_abbreviation": "Ark.",
    "id": 8808,
    "name": "Arkansas Supreme Court"
  },
  "jurisdiction": {
    "id": 34,
    "name_long": "Arkansas",
    "name": "Ark."
  },
  "cites_to": [
    {
      "cite": "48 Ark. 227",
      "category": "reporters:state",
      "reporter": "Ark.",
      "case_ids": [
        1887793
      ],
      "opinion_index": -1,
      "case_paths": [
        "/ark/48/0227-01"
      ]
    },
    {
      "cite": "63 Ark. 1",
      "category": "reporters:state",
      "reporter": "Ark.",
      "case_ids": [
        8720208
      ],
      "opinion_index": -1,
      "case_paths": [
        "/ark/63/0001-01"
      ]
    },
    {
      "cite": "74 S. W. 748",
      "category": "reporters:state_regional",
      "reporter": "S.W.",
      "opinion_index": -1
    },
    {
      "cite": "45 Ark. 454",
      "category": "reporters:state",
      "reporter": "Ark.",
      "case_ids": [
        1892073
      ],
      "opinion_index": -1,
      "case_paths": [
        "/ark/45/0454-01"
      ]
    },
    {
      "cite": "49 Ark. 160",
      "category": "reporters:state",
      "reporter": "Ark.",
      "case_ids": [
        1309037
      ],
      "opinion_index": -1,
      "case_paths": [
        "/ark/49/0160-01"
      ]
    },
    {
      "cite": "45 Ark. 336",
      "category": "reporters:state",
      "reporter": "Ark.",
      "case_ids": [
        1892019
      ],
      "opinion_index": -1,
      "case_paths": [
        "/ark/45/0336-01"
      ]
    },
    {
      "cite": "71 Mich. 38",
      "category": "reporters:state",
      "reporter": "Mich.",
      "case_ids": [
        1366334
      ],
      "opinion_index": 0,
      "case_paths": [
        "/mich/71/0038-01"
      ]
    },
    {
      "cite": "134 Mass. 194",
      "category": "reporters:state",
      "reporter": "Mass.",
      "case_ids": [
        2126633
      ],
      "opinion_index": 0,
      "case_paths": [
        "/mass/134/0194-01"
      ]
    }
  ],
  "analysis": {
    "cardinality": 366,
    "char_count": 5393,
    "ocr_confidence": 0.736,
    "pagerank": {
      "raw": 7.452205406242247e-08,
      "percentile": 0.4443255185920106
    },
    "sha256": "afaf044bf3aa9470d774f74152c0b7a5636b6a8deecec1ed23f14f8cf0a2ced2",
    "simhash": "1:2ea7eee3449899a9",
    "word_count": 940
  },
  "last_updated": "2024-02-27T17:39:12.597449+00:00",
  "provenance": {
    "date_added": "2019-08-29",
    "source": "Harvard",
    "batch": "2018"
  },
  "casebody": {
    "judges": [],
    "parties": [
      "Pate v. Jonesboro."
    ],
    "opinions": [
      {
        "text": "Battue, J.\nW. T. Pate was tried and convicted in the police court of the city of Jonesboro upon information stating that Pate did unlawfully permit persons to sit down upon kegs, boxes, barrels and casks in a saloon occupied and run by him in that city in violation of one of its ordinances. He appealed to the circuit court, where he was again convicted, and he then appealed to this court.\nThe ordinance violated was as follows:\n\u201cSection 205. It shall be unlawful for the keeper of any saloon or dramshop to keep in such saloon or bar room any chairs, seats or stools upon which any one can sit down; neither shall it be lawful for any saloon or dramshop keeper to allow any person to sit down upon any keg, box or barrel or beer case in such building; provided that stools of chairs may be kept behind the bar or other inclosure for the use of the bartender or proprietor. Any person violating the provisions of this ordinance shall, upon conviction thereof, be fined in any sum not less than twenty-five dollars, and each and every violation shall be construed as a separate offense.\u201d . \u201e\nThe evidence adduced tended to prove the information.\nWas the ordinance valid? By section 5438, Kirby\u2019s Digest, power is granted to cities to \u201clicense, regulate, tax or suppress tippling houses and dramshops;\u201d and by section 5454 of the same Digest power is granted to them to \u201cregulate or to prohibit ale and porter shops or houses and public places of habitual resort for tippling and intemperance.\u201d\nJudge Dillon, in his work on Municipal Corporations, says: \u201cUnder a general power to pass 'any other by-laws for the well-being of the city,\u2019 its council may, by ordinance, prohibit saloons, restaurants, and other places of public entertainment, to be kept open after ten o\u2019clock at night. * * * It regulates, but does not deprive the party of his rights.\u201d So the ordinance in this case regulates the saloon or dramshop, and for the same reason is a valid exercise of the power granted to it. See 1 Dillon on Municipal Corporations (4th Ed.), \u00a7 400.\nIn Commonwealth v. Casey, 134 Mass. 194, the court sustained a statute \u201cproviding that no licensee shall maintain or permit to be maintained upon any premises used by him for the sale of spirituous or intoxicating liquor, under the provisions of his license, any screen, blind, shutter or other obstruction, in such a way as to interfere with a view of the business conducted upon the premises, or with a view of the interior of the premises.\u201d\nIn Robison v. Haug, 71 Mich. 38, a similar statute was upheld. The court said: \u201cThe business of selling intoxicating liquors is one which the Legislature have an undoubted right to regulate or prohibit, and they have therefore the power to impose such conditions and restrictions upon the sale as in 'their judgment may seem wise, where such restrictions are applied to all alike or to the same class alike. It is' within the power of the legislative branch of the State government, and is a part of the police regulation such as the State may make in respect to the sale of intoxicating liquors for the prevention of intemperance, pauperism, and crime.\u201d\nIf the State can exercise such powers, it can grant them to cities, one of its governmental agencies. The ordinance in question was an exercise of the power to regulate tippling houses and dramshops, and its tendency was and is to prevent the assembly of disorderly or intemperate persons, and to diminish intemperance and its evil effects by lessening the inducements to make long stays in dramshops, and by making it inconvenient, unpleasant and tiresome to do so. A customer taking his drink would not, probably, remain long when he finds that he cannot sit down; but would seek places more comfortable and inviting; and when out of the dramshop, his temptation would be less, and his drinks fewer. The saloon becomes less inviting and less a place for resort, and its evil influences are reduced. The ordinance is, therefore, a valid and reasonable exercise of- the power to regulate.\nWe are asked to decide other questions which were not raised in the circuit court, and were not, probably, because there was no foundation upon which they could have rested, and because facts would have probably been proved which would have shown no such questions existed. We will not, therefore, decide them.\nJudgment affirmed.",
        "type": "majority",
        "author": "Battue, J."
      }
    ],
    "attorneys": [
      "F. G. Taylor, for appellant."
    ],
    "corrections": "",
    "head_matter": "Pate v. Jonesboro.\nOpinion delivered May 6, 1905.\nMunicipal ordinance \u2014 regulation of dramshop. \u2014 A city ordinance providing that it shall be unlawful for the keeper of any saloon or dramshop to keep in -any such saloon or dramshop any chairs, seats or stools upon which any one can sit down, or to allow any person to sit down upon any keg, box or barrel or beer case in such building, is a valid exercise of the power conferred by Kirby\u2019s Digest, \u00a7 5438, to regulate dramshops.\nAppeal from Craighead Circuit. Court.\nAeren Hughes, Judge.\nAffirmed.\nF. G. Taylor, for appellant.\nThe ordinance under which defendant was convicted is void. Const, art 12, \u00a7 4; Sand. & H. Dig. \u00a7 \u00a7 5145, 5132, 5139. The ordinance undertakes to regulate the conduct of people. 45 Ark. 336; 49 Ark. 160. Authority to pass an ordinance must plainly appear from the statute. 45 Ark. 454; Dill. Mun. Corp. \u00a7 \u00a7 89, 319, 330. There could be no such officer as police judge, appellee not being a city of the first class. 74 S. W. 748; 63 Ark. 1; 48 Ark. 227."
  },
  "file_name": "0276-01",
  "first_page_order": 298,
  "last_page_order": 301
}
