{
  "id": 1502548,
  "name": "Carpenter v. Hammer",
  "name_abbreviation": "Carpenter v. Hammer",
  "decision_date": "1905-05-13",
  "docket_number": "",
  "first_page": "347",
  "last_page": "349",
  "citations": [
    {
      "type": "official",
      "cite": "75 Ark. 347"
    }
  ],
  "court": {
    "name_abbreviation": "Ark.",
    "id": 8808,
    "name": "Arkansas Supreme Court"
  },
  "jurisdiction": {
    "id": 34,
    "name_long": "Arkansas",
    "name": "Ark."
  },
  "cites_to": [
    {
      "cite": "33 Ark. 150",
      "category": "reporters:state",
      "reporter": "Ark.",
      "case_ids": [
        8722345
      ],
      "opinion_index": -1,
      "case_paths": [
        "/ark/33/0150-01"
      ]
    },
    {
      "cite": "26 Ark. 296",
      "category": "reporters:state",
      "reporter": "Ark.",
      "opinion_index": -1
    },
    {
      "cite": "21 Ark. 69",
      "category": "reporters:state",
      "reporter": "Ark.",
      "case_ids": [
        1868338
      ],
      "pin_cites": [
        {
          "page": "309"
        }
      ],
      "opinion_index": -1,
      "case_paths": [
        "/ark/21/0069-01"
      ]
    },
    {
      "cite": "35 Ark. 156",
      "category": "reporters:state",
      "reporter": "Ark.",
      "case_ids": [
        1873876
      ],
      "opinion_index": -1,
      "case_paths": [
        "/ark/35/0156-01"
      ]
    },
    {
      "cite": "5 Ark. 672",
      "category": "reporters:state",
      "reporter": "Ark.",
      "case_ids": [
        8727880
      ],
      "opinion_index": -1,
      "case_paths": [
        "/ark/5/0672-01"
      ]
    },
    {
      "cite": "6 Ark. 51",
      "category": "reporters:state",
      "reporter": "Ark.",
      "opinion_index": -1
    },
    {
      "cite": "4 Ark. 179",
      "category": "reporters:state",
      "reporter": "Ark.",
      "case_ids": [
        8728587
      ],
      "opinion_index": -1,
      "case_paths": [
        "/ark/4/0179-01"
      ]
    },
    {
      "cite": "34 Ark. 332",
      "category": "reporters:state",
      "reporter": "Ark.",
      "opinion_index": -1
    },
    {
      "cite": "66 Pa. St. 332",
      "category": "reporters:state",
      "reporter": "Pa.",
      "case_ids": [
        432323
      ],
      "opinion_index": -1,
      "case_paths": [
        "/pa/66/0332-01"
      ]
    },
    {
      "cite": "102 N. Y. 505",
      "category": "reporters:state",
      "reporter": "N.Y.",
      "case_ids": [
        2203085
      ],
      "opinion_index": -1,
      "case_paths": [
        "/ny/102/0505-01"
      ]
    },
    {
      "cite": "59 N. Y. 97",
      "category": "reporters:state",
      "reporter": "N.Y.",
      "opinion_index": -1
    },
    {
      "cite": "93 Am. Dec. 718",
      "category": "reporters:federal",
      "reporter": "Am. Dec.",
      "opinion_index": -1
    },
    {
      "cite": "59 N. W. 27",
      "category": "reporters:state_regional",
      "reporter": "N.W.",
      "opinion_index": -1
    },
    {
      "cite": "39 Mich.. 511",
      "category": "reporters:state",
      "reporter": "Mich.",
      "case_ids": [
        1332904
      ],
      "opinion_index": -1,
      "case_paths": [
        "/mich/39/0511-01"
      ]
    },
    {
      "cite": "74 Ark. 320",
      "category": "reporters:state",
      "reporter": "Ark.",
      "case_ids": [
        8720723
      ],
      "opinion_index": 0,
      "case_paths": [
        "/ark/74/0320-01"
      ]
    },
    {
      "cite": "55 Ark. 547",
      "category": "reporters:state",
      "reporter": "Ark.",
      "case_ids": [
        1322351
      ],
      "opinion_index": 0,
      "case_paths": [
        "/ark/55/0547-01"
      ]
    }
  ],
  "analysis": {
    "cardinality": 366,
    "char_count": 4793,
    "ocr_confidence": 0.71,
    "pagerank": {
      "raw": 2.8426318104940444e-07,
      "percentile": 0.840056505224822
    },
    "sha256": "1c7ef8d9be38bbd78cc39389126aeac09de268f4ea413cce97e1d0321ebb116d",
    "simhash": "1:ba9dee02d11c7511",
    "word_count": 823
  },
  "last_updated": "2024-02-27T17:39:12.597449+00:00",
  "provenance": {
    "date_added": "2019-08-29",
    "source": "Harvard",
    "batch": "2018"
  },
  "casebody": {
    "judges": [],
    "parties": [
      "Carpenter v. Hammer."
    ],
    "opinions": [
      {
        "text": "Hire, C. J.\nHammer lived in Illinois, and had some property in Arkansas County in this State, and came with some land seekers on one occasion, and desired to do so again. Carpenter & Farmer were a firm of real estate agents, .operating in Arkansas and adjoining counties. A contract was entered into between Plammer and said firm by which it was agreed that Plammer should have a commission of 10 per cent, on all sales of real estate in Arkansas County or the Southern District of Prairie County, which might be made by Carpenter & Farmer, in which Hammer brought them the purchaser, or was instrumental in bringing them the purchaser. Hammer stipulated to work exclusively for Carpenter & Farmer in bringing emigrants to Arkansas County. Hammer came with a friend from Illinois and his friend\u2019s brother; the latter was homeseeking, having sold out in South Dakota. These men, named Kilbury, were introduced -to Carpenter & Farmer, and the real estate men took them in charge, and drove them to various places in the county they desired to visit, and showed them the country, and incidentally priced farms to them. The Kilburys were vigorously protesting that th\u00e9y did not desire to buy land, but these protestations, probably because they protested overmuch, did not cause the real estate agents tp desist from their courtesies. Kilbury on returning to Dakota decided to move to Arkansas, and wrote to Carpenter & Farmer to rent him a farm. They did so, but could not hold it long enough, and Kilbury reached Arkansas County with his farm stock, horses, cattle and hogs, and had no farm to go to, and was anxious to rent or buy. Carpenter & Farmer effected a purchase of a farm for him from Col. Halliburton for $4,000, and the agents received from Col. Halliburton $200 commission. Hammer brought this suit on the contract for $400 commission. The appellants denied that he brought the purchaser to them, and charged bad faith on Hammer\u2019s part, and put in a counterclaim for $16 and another item, which was abandoned.\nHammer recovered judgment for $400.\nThe appellant has fairly abstracted the testimony, and it appears therefrom that there was sufficient evidence to go to the jury to sustain Hammer\u2019s case, and a verdict on it will not be disturbed as without evidence to sustain it.\nThe appellant complains of the refusal of the court to give ten instructions as asked, and giving one of those with a modification. These instructions are set out in the abstract. The modification complained of was not error. The court gave four instructions, but the appellant has failed to set them out in the abstract; and hence the presumption is that the court correctly instructed the jury, and that all of the appellant\u2019s instructions which should have been given were covered in those given. Koch v. Kimberling, 55 Ark. 547; Neal v. Brandon, 74 Ark. 320.\nError is alleged in the manner of cross-examination of a witness in mentioning the fact that the venue was changed in the case. It was claimed by the cross-examining counsel that the question was not for the purpose of proving that fact, but was incidental to his effort to prove that the witness was not telling the truth about the matter under inquiry. The court instructed the jury properly, on objection being made, to disregard all the irrelevant matter. There is no reversible error in this. Scott v. State, ante, p. 142.\nThe judgment is affirmed.",
        "type": "majority",
        "author": "Hire, C. J."
      }
    ],
    "attorneys": [
      "H. A. & J. R. Parker, for appellants.",
      "John L. Ingram and George C. Lewis, for appellee."
    ],
    "corrections": "",
    "head_matter": "Carpenter v. Hammer.\nOpinion delivered May 13, 1905.\n1. Appeal \u2014 presumption where abstract is silent. \u2014 Where appellant\u2019s abstract sets out the instructions which he asked and the court refused to give, and recites that the court gave certain instructions which are not set out, it will be presumed that the court correctly instructed the jury, and that all of appellant\u2019s prayers, which should have been given, were covered in those given. (Page 349.)\n2. Trial \u2014 prejudicial remark of counsel \u2014 when cured. \u2014 Where plaintiff\u2019s counsel, in cross-examining a witness, mentioned that the venue had been changed in the cause, whatever prejudice there was in the remark was removed by a direction to the jury to disregard it. (Page 349-)\nAppeal from Monroe Circuit Court.\nGeorge M. Chaprine, Judge.\nAffirmed.\nH. A. & J. R. Parker, for appellants.\nAgents cannot act for parties1 whose interest in the least interferes with that of their principal. Evans, Ag. 212; 39 Mich.. 511; 59 N. W. 27; 93 Am. Dec. 718. If the agent acts adversely to his agreement, it amounts to a fraud on the principal. 59 N. Y. 97; 102 N. Y. 505; ri R. I. 311; 66 Pa. St. 332; 34 Ark. 332. Plaintiff was not entitled to recover the $16, amount of expense bill. 4 Ark. 179; 6 Ark. 51; 5 Ark. 672; 24'Ark. 210; 35 Ark. 156; 21 Ark. 69, 309; 26 Ark. 296; 33 Ark. 150.\nJohn L. Ingram and George C. Lewis, for appellee."
  },
  "file_name": "0347-01",
  "first_page_order": 369,
  "last_page_order": 371
}
