{
  "id": 1502441,
  "name": "Featherstone v. Folbre",
  "name_abbreviation": "Featherstone v. Folbre",
  "decision_date": "1905-05-27",
  "docket_number": "",
  "first_page": "510",
  "last_page": "512",
  "citations": [
    {
      "type": "official",
      "cite": "75 Ark. 510"
    }
  ],
  "court": {
    "name_abbreviation": "Ark.",
    "id": 8808,
    "name": "Arkansas Supreme Court"
  },
  "jurisdiction": {
    "id": 34,
    "name_long": "Arkansas",
    "name": "Ark."
  },
  "cites_to": [
    {
      "cite": "12 Ark. 103",
      "category": "reporters:state",
      "reporter": "Ark.",
      "opinion_index": -1
    },
    {
      "cite": "43 Ark. 33",
      "category": "reporters:state",
      "reporter": "Ark.",
      "case_ids": [
        1894507
      ],
      "opinion_index": -1,
      "case_paths": [
        "/ark/43/0033-01"
      ]
    },
    {
      "cite": "6 Ark. 422",
      "category": "reporters:state",
      "reporter": "Ark.",
      "case_ids": [
        8727393
      ],
      "opinion_index": -1,
      "case_paths": [
        "/ark/6/0422-01"
      ]
    },
    {
      "cite": "5 Ark. 372",
      "category": "reporters:state",
      "reporter": "Ark.",
      "opinion_index": -1
    },
    {
      "cite": "4 Ark. 68",
      "category": "reporters:state",
      "reporter": "Ark.",
      "opinion_index": -1
    },
    {
      "cite": "26 Ark. 482",
      "category": "reporters:state",
      "reporter": "Ark.",
      "case_ids": [
        8727226
      ],
      "opinion_index": -1,
      "case_paths": [
        "/ark/26/0482-01"
      ]
    },
    {
      "cite": "26 Ark. 100",
      "category": "reporters:state",
      "reporter": "Ark.",
      "case_ids": [
        8726450
      ],
      "opinion_index": -1,
      "case_paths": [
        "/ark/26/0100-01"
      ]
    },
    {
      "cite": "25 Ark. 527",
      "category": "reporters:state",
      "reporter": "Ark.",
      "case_ids": [
        1864508
      ],
      "opinion_index": -1,
      "case_paths": [
        "/ark/25/0527-01"
      ]
    },
    {
      "cite": "1 Ark. 121",
      "category": "reporters:state",
      "reporter": "Ark.",
      "case_ids": [
        8728395
      ],
      "opinion_index": -1,
      "case_paths": [
        "/ark/1/0121-01"
      ]
    },
    {
      "cite": "25 Ark. 527",
      "category": "reporters:state",
      "reporter": "Ark.",
      "case_ids": [
        1864508
      ],
      "weight": 2,
      "opinion_index": 0,
      "case_paths": [
        "/ark/25/0527-01"
      ]
    }
  ],
  "analysis": {
    "cardinality": 294,
    "char_count": 6613,
    "ocr_confidence": 0.707,
    "pagerank": {
      "raw": 6.819374949086835e-08,
      "percentile": 0.41640130370535117
    },
    "sha256": "347bd30619add582506c87cebdbe14ac1c8ca86746ba98c697b4719fb64d67a1",
    "simhash": "1:12f761ad25d3da60",
    "word_count": 1096
  },
  "last_updated": "2024-02-27T17:39:12.597449+00:00",
  "provenance": {
    "date_added": "2019-08-29",
    "source": "Harvard",
    "batch": "2018"
  },
  "casebody": {
    "judges": [],
    "parties": [
      "Featherstone v. Folbre."
    ],
    "opinions": [
      {
        "text": "Wood, J.,\n(after stating the facts.) The application is made direct to this court because it is said \u201cthe circuit court will not be in session until next March, a#nd the necessity is urgent,\u201d etc.\nSection 14 of article 7 of the Constitution provides: \u201cThe circuit courts shall exercise a superintending control and appellate jurisdiction over county, probate, court of common pleas, and corporation courts and justices of the peace, and shall have power to issue, hear and determine all the necessary writs to carry into effect their general and specific powers, any of which writs may be issued upon order of the judge of the appropriate court in vacation.\u201d\nSection 4, article 7, provides: \u201cThe Supreme Court, except in cases otherwise provided by this Constitution, shall have appellate jurisdiction only, which shall be co-extensive with the State, under such restrictions as may from time to time be prescribed by law. It shall have a general superintending control over all inferior courts of law and equity. And, in aid of its appellate and supervisory jurisdiction, it shall have power to issue writs of error and supersedeas, certiorari, habeas corpus, prohibition, mandamus and quo warranto, and other remedial writs, and to hear and determine same.\u201d\nThe aid of this court is asked to perfect an appeal from the probate to the circuit court. That is a matter, under our present Constitution, exclusively for the circuit court. The circuit court only has power to issue this writ in order to carry into effect its appellate jurisdiction over the probate court. The framers of the present Constitution, under section 14, article 7, supra, lodged the power in the circuit courts to perfect their appellate jurisdiction over inferior courts, and to this end gave them authority to issue \u201call necessary writs.\u201d The writ, it will be observed, is not asked in aid of any appellate or supervisory jurisdiction of this court over .the probate court, but is asked only in aid of the appellate jurisdiction of the circuit court. The language of our present Constitution differs from that of all prior Constitutions (except that of 1861) in that it gives the Supreme Court power to issue the various writs enumerated in section 4, article 7, \u201cin aid of its appellate and supervisory jurisdiction.\u201d\nThese words were doubtless used by the makers of the Constitution, having in view the organic laws that had been adopted prior thereto, and the decisions of this court construing them. \u201cFrom the organization of the State,-in 1836, until 1851, a period of fifteen years,\u201d says this court in Price v. Page, 25 Ark. 527, \u201cthis court held that it had original jurisdiction to grant writs of habeas corpus, mandamus, and quo warranto, and to hear and determine same. In 1851, this court changed its opinion, and held, as long as the Constitution of 1836 remained in force, that this court did not have original jurisdiction of any character, and that writs specifically named in the Constitution could only be used as a means of superintending control, and in aid of the appellate jurisdiction of the court.\u201d The framers of the Constitution of 1874, doubtless having in view the construction that had been put upon the Constitution of 1868, and the prior Constitution, by the decision in Price v. Page, supra, and the earlier decisions, adopted the language in the present Constitution, so as to make it certain that the Supreme Court had no original jurisdiction to issue the writs enumerated in section 4, article 7, supra. Hence it used the language: \u201cIn aid of its appellate and supervisory jurisdiction, it shall have power to issue writs of error and supersedeas, certiorari, habeas corpus, prohibition, mandamus and other remedial writs,\u201d etc. The Constitutions of 1836, 1864 and 1868 omitted the words, \u201cin aid of its appellate and supervisory jurisdiction,\u201d which is significant.\nUnder our judicial system, appeals from all tribunals inferior to the circuit courts go to the circuit courts, and from the circuit courts to his court. This court has no original jurisdiction to control or supervise any proceedings of the probate court. That all belongs to the circuit courts, as matters of original jurisdiction, and to this court by appellate and supervisory jurisdiction over the circuit courts. This court supervises and controls all courts inferior to the circuit courts'only through the latter courts. In no other way can the harmony of our judicial system, as at present constituted, be preserved. Construing the two sections of the Constitution as above quoted, our conclusion is that the framers of the Constitution \u2022 of 1874 did not intend to confer upon the Supreme Court concurrent jurisdiction with the circuit courts to issue writs of mandamus, etc., in aid of the appellate and supervisory jurisdiction- of the circuit courts over inferior courts, but only in aid of its own appellate and supervisory jurisdiction, and its supervisory jurisdiction over the probate courts comes, not originally, but by \u00abway of appeal and supervision through the circuit courts.\nWrit denied.",
        "type": "majority",
        "author": "Wood, J.,"
      }
    ],
    "attorneys": [
      "/. R. Beasley, for petitioner on petition for mandamus."
    ],
    "corrections": "",
    "head_matter": "Featherstone v. Folbre.\nOpinion delivered May 27, 1905.\nSupreme Court \u2014 Jurisdiction.-\u2014Under Const. 1874, art 7 \u00a7 \u00a7 4, 14, providing that the circuit court shall have superintending control and appellate jurisdiction over the probate and other subordinate courts mentioned, with power to issue, hear and determine all necessary-writs, and that the Supreme Court shall have a general superintending control over all inferior courts, and, \u201cin aid of its appellate and Supervisory jurisdiction,\u201d shall have power to issue mandamus and other remedial writs, the Supreme Court has no original jurisdiction to control or supervise any proceeding of the probate court by ' mandamus or otherwise, but only by way of appeal and supervision through the circuit courts.\nPetition for mandamus to St. Francis Probate Court.\nWrit denied.\nSTATEMENT BY THE COURT.\nThis is a petition to this court for a writ of mandamus directing T. C. Folbre, as judge of St. Francis Probate Court, to enter a nunc pro tunc order as of the April term, 1900, of said court, granting to petitioner an appeal from the judgment of the probate court rendered against him on January 29, 1900, for $991.28, affidavit for appeal from the judgment having been filed by him, etc.\n/. R. Beasley, for petitioner on petition for mandamus.\nThe Supreme Court has jurisdiction to issue the writ of mandamus to any inferior court. Const, art. 7, \u00a7 4; 1 Ark. 121; 25 Ark. 527; 26 Ark. 100; 35' Ark. 298; 26 Ark. 482; 4 Ark. 68; 5 Ark. 372; 6 Ark. 422; 43 Ark. 33; 12 Ark. 103."
  },
  "file_name": "0510-01",
  "first_page_order": 532,
  "last_page_order": 534
}
