{
  "id": 1428293,
  "name": "Missouri Pacific Railroad Company v. Sellers",
  "name_abbreviation": "Missouri Pacific Railroad v. Sellers",
  "decision_date": "1933-11-20",
  "docket_number": "4-3204",
  "first_page": "218",
  "last_page": "221",
  "citations": [
    {
      "type": "official",
      "cite": "188 Ark. 218"
    }
  ],
  "court": {
    "name_abbreviation": "Ark.",
    "id": 8808,
    "name": "Arkansas Supreme Court"
  },
  "jurisdiction": {
    "id": 34,
    "name_long": "Arkansas",
    "name": "Ark."
  },
  "cites_to": [
    {
      "cite": "9 L. R. A. (N. S.) 874",
      "category": "reporters:federal",
      "reporter": "L.R.A.N.S.",
      "opinion_index": 0
    },
    {
      "cite": "79 N. E. 742",
      "category": "reporters:state_regional",
      "reporter": "N.E.",
      "opinion_index": 0
    },
    {
      "cite": "193 Mass. 359",
      "category": "reporters:state",
      "reporter": "Mass.",
      "case_ids": [
        3502798
      ],
      "opinion_index": 0,
      "case_paths": [
        "/mass/193/0359-01"
      ]
    },
    {
      "cite": "113 Atl. 247",
      "category": "reporters:state_regional",
      "reporter": "A.",
      "opinion_index": 0
    },
    {
      "cite": "95 N. J. Law 490",
      "category": "reporters:state",
      "reporter": "N.J.L.",
      "case_ids": [
        8864330
      ],
      "opinion_index": 0,
      "case_paths": [
        "/njl/95/0490-01"
      ]
    },
    {
      "cite": "145 S. W. 898",
      "category": "reporters:state_regional",
      "reporter": "S.W.",
      "opinion_index": 0
    },
    {
      "cite": "103 Ark. 99",
      "category": "reporters:state",
      "reporter": "Ark.",
      "case_ids": [
        1352032
      ],
      "opinion_index": 0,
      "case_paths": [
        "/ark/103/0099-01"
      ]
    }
  ],
  "analysis": {
    "cardinality": 349,
    "char_count": 5227,
    "ocr_confidence": 0.497,
    "pagerank": {
      "raw": 1.3636421150196394e-07,
      "percentile": 0.6368145401527271
    },
    "sha256": "99135178d6a6eddf39ea8d3bdd7de45ec42b5b739075bc8a49fdc683e4c32884",
    "simhash": "1:25f1f352b40e6f09",
    "word_count": 948
  },
  "last_updated": "2024-02-27T23:51:14.545434+00:00",
  "provenance": {
    "date_added": "2019-08-29",
    "source": "Harvard",
    "batch": "2018"
  },
  "casebody": {
    "judges": [],
    "parties": [
      "Missouri Pacific Railroad Company v. Sellers."
    ],
    "opinions": [
      {
        "text": "Mehaffy, J.\nThe appellee, Ralph Sellers, while unloading a car of gravel at Swifton, Arkansas, received personal injuries on account of an alleged defect in the car, and sues the appellant, the Missouri Pacific Railroad Company, which was the delivering carrier, to recover damages for his injuries. The car of gravel was shipped from Black Rock to Swifton, consigned to D. H. Dalton & Company, a partnership composed of D. H. Dalton and T. B. Sarles. The car went over the St. Louis-San Francisco Railroad Company from Black Rock to Hoxie, and was at Hoxie turned over to the appellant, and transported over its line to Swifton, and placed on a sidetrack to 'be unloaded. The appellant is the delivering carrier.\nThere was a hole in the bottom of the car, and, according to the testimony of appellee, was four or five feet long and eight or ten inches wide. One witness for appellant testified that the hole was approximately six inches wide and eighteen inches long. The hole was covered with a board or plank, and in unloading the car this board was removed by the clam bucket, which was used to unload the gravel. The appellee ivas unloading the car for Dalton & Company, by whom he was employed at the time. The car was being unloaded in the usual manner, and appellee did not discover the hole in the bottom of the car until he stepped into the hole and was injured. His left shoulder and arm were wrenched, twisted and sprained, the ligaments and muscles were torn, lacerated and pulled loose, and the bones of his left shoulder fractured and dislocated.\nThere is no conflict in the evidence about the hole in the car, nor about how the accident occurred. No one saw the clam bucket pick up the board, but the evidence showed that it was bound to have been over the hole, otherwise the gravel would have been lost through it.\nAn employee of the Lutesville Sand & Gravel Company testified that when cars were delivered to them in which to ship gravel, they had to clean the cars out and patch them if they needed it, and make them in a safe condition, and that they never let a car go out that needed repairs, but witness did not remember about this particular car. They repaired cars like this by putting a plank over the hole and spiking it down.\nThe Frisco agent at Hoxie testified that there was no car inspector there, but they looked them over for any defect which they could see; that if a car came after he left, which was 1:30 in the afternoon, it would not be inspected at all.\nIt is contended by the appellant that the court erred in refusing to direct a verdict for it, and it is argued that the verdict of the jury was clearly contrary to the preponderance of the evidence under the rule of law that the only obligation resting on a carrier is to exercise ordinary care to furnish cars in such repair that they can be unloaded in reasonable safety to those engaged in that work.\nThe court gave instruction No. 1. By this instruction the court told the jury that it was the duty of the carrier to exercise ordinary care to furnish cars in such repair that they could be unloaded with reasonable safety to those engaged in that work. This instruction was not only not objected to by appellant, but it is a correct statement of the law as contended for by appellant.\nThe question of appellant\u2019s negligence was therefore submitted to the jury under proper instructions, and, if there is any substantial evidence to support the finding of the jury, its verdict cannot be disturbed by this court. The car was loaded with gravel, and it would therefore have been impossible for the appellant or any one else to inspect the floor from the inside of the car without removing the gravel. This fact, however, did not relieve the carrier from exercising ordinary care to make the car reasonably safe for the persons who unloaded it. The evidence does not show who repaired the car, nor where it was repaired, and the jury were justified in finding that there was no proper inspection made to discover the defect in the floor of the car, and that no proper inspection was made. As we have said, there is practically no conflict in the evidence, and we deem- it unnecessary to set ont the evidence at length.\nIt was the duty of the appellant to make delivery of freight to the consignees, and when, in accordance with the custom or for the convenience of both parties, the delivery was made by placing the car on a side track to be unloaded by the consignee, an obligation rested on the carrier to exercise ordinary care to furnish cars in such repair that they could be unloaded with reasonable safety to those engaged in the work. C., R. I. & P. Ry. Co. v. Lewis, 103 Ark. 99, 145 S. W. 898; 3 Elliott on Railroads, \u00a7 1265 C; Griffin v. Payne, 95 N. J. Law 490, 113 Atl. 247; Ladd v. N. Y., N. H. & Hartford Rd. Co., 193 Mass. 359, 79 N. E. 742, 9 L. R. A. (N. S.) 874, 9 Ann. Cas. 988.\nWe think the jury were justified in finding that the car was unsafe, and had not been properly repaired.\nWe find no error, and the judgment is affirmed.",
        "type": "majority",
        "author": "Mehaffy, J."
      }
    ],
    "attorneys": [
      "Thos. B. Pryor and Harvey G. Combs, for appellant.",
      "Richardson & Richardson, for appellee."
    ],
    "corrections": "",
    "head_matter": "Missouri Pacific Railroad Company v. Sellers.\n4-3204\nOpinion delivered November 20, 1933.\nThos. B. Pryor and Harvey G. Combs, for appellant.\nRichardson & Richardson, for appellee."
  },
  "file_name": "0218-01",
  "first_page_order": 236,
  "last_page_order": 239
}
