{
  "id": 8726711,
  "name": "Ellett and Burton vs. Chilton",
  "name_abbreviation": "Ellett v. Chilton",
  "decision_date": "1843-07",
  "docket_number": "",
  "first_page": "181",
  "last_page": "183",
  "citations": [
    {
      "type": "official",
      "cite": "5 Ark. 181"
    }
  ],
  "court": {
    "name_abbreviation": "Ark.",
    "id": 8808,
    "name": "Arkansas Supreme Court"
  },
  "jurisdiction": {
    "id": 34,
    "name_long": "Arkansas",
    "name": "Ark."
  },
  "cites_to": [
    {
      "cite": "4 Ark. 450",
      "category": "reporters:state",
      "reporter": "Ark.",
      "case_ids": [
        8728970
      ],
      "weight": 2,
      "opinion_index": -1,
      "case_paths": [
        "/ark/4/0450-01"
      ]
    },
    {
      "cite": "4 Ark. 124",
      "category": "reporters:state",
      "reporter": "Ark.",
      "case_ids": [
        8728408
      ],
      "opinion_index": -1,
      "case_paths": [
        "/ark/4/0124-01"
      ]
    }
  ],
  "analysis": {
    "cardinality": 230,
    "char_count": 3192,
    "ocr_confidence": 0.509,
    "pagerank": {
      "raw": 1.5522964274278852e-07,
      "percentile": 0.6753378285761061
    },
    "sha256": "c0b97c2fcbd138c7da6357651ef7ae1f47259c5a67026db0c5b7e9dc824a666d",
    "simhash": "1:e7cd68c318586b6d",
    "word_count": 561
  },
  "last_updated": "2024-02-27T21:30:20.185486+00:00",
  "provenance": {
    "date_added": "2019-08-29",
    "source": "Harvard",
    "batch": "2018"
  },
  "casebody": {
    "judges": [],
    "parties": [
      "Ellett and Burton vs. Chilton."
    ],
    "opinions": [
      {
        "text": "By the Court,\nLacy, J.\nIt is necessary to notice but a single point assigned as error; for all the others are wholly immaterial or untenable. The writing sued on was payable in current bank notes, and due one year thereafter. This obligation is for unliquidated damages, and so we have expressly adjudged the'point on several occasions. Here judgment was given by the Court for the full amount of the instrument, without examination of witnesses, showing the value of the bank notes, and without awarding a writ of inquiry to ascertain the unliquidated damages. In this there is manifest error, as has, been decided in Day et al. vs. Lafferty, 4 Ark. Rep., and in Wallace vs. Collins, ante, and several other cases. Judgment reversed.",
        "type": "majority",
        "author": "Lacy, J."
      }
    ],
    "attorneys": [
      "Pike & Baldwin, for plaintiff.",
      "Cummins, contra."
    ],
    "corrections": "",
    "head_matter": "Ellett and Burton vs. Chilton.\nA note payable in current bank notes is unliquidated,'and a judgment for the full amount of such note, without ascertaining the value of the bank notes, is erroneous.\nThis was an action of assumpsit, determined in the Hempstead Circuit Court, at the May term, 1843, before the Hon. John Field, one of the circuit judges. Chilton sued Ellett and Burton. The declaration contained but one count, on a note for $425, in current bank notes, the value whereof was not averred in the declaration. The defendants demurred to the declaration, for want of profert of the writing sued on, and the demurrer was sustained. The plaintiffs then moved for leave to amend, which the record states was granted, and the declaration amended by interlining, but it does not appear anywhere in the declaration sent to this Court, that there was any profert whatever, either before or after demurrer and amendment; and then moved for final judgment for want of a plea, and the judgment was rendered accordingly. Ellett and Burton brought error.\nPike & Baldwin, for plaintiff.\nBy the record in this case, four points are presented:\n1st. The declaration is fatally defective, because there was no profert of the writing sued on. Beebe el al. vs. The Real Estate Bank, 4 Ark. 124. Buckner et al. vs. Real Estate Bank, id. 440.\n2d. That, after amendment of the declaration in a material point, the case ought to have b\u00e9en continued.\n3d. That the Court did not ascertain the value of the current bank notes mentioned in the declaration.\n4th. That the judgment is for a sum too large.\nTo the second point: It is declared by the Revised Statutes, that if an amendment be made in matter of substance, the other party shall be allowed an opportunity to answer. Rev. St. 634, sec. 113.\nAs to the third point: This Court has settled the principle in Day et al. vs. Lafferty, 4 Ark. 450, where the Court says that \u201c if the party fails to make a defence, a writ of inquiry must issue to ascertain the damages.\u201d In this case, no writ of inquiry was issued, nor was the value of the \u201ccurrent bank notes\u201d ascertained in any manner; and this point, if it needed more authority, was settled by two cases at the last term of this Court, which are not yet published. The cases of Wallace vs. Collins, and Hudspeth & Sutton vs. Gray, Durrive & Co., are directly in point.\nThe fourth point is settled by the case of Day et al. vs. Lafferty, 4 Ark. 450.\nCummins, contra."
  },
  "file_name": "0181-01",
  "first_page_order": 181,
  "last_page_order": 183
}
