{
  "id": 8726974,
  "name": "Deloach et al. vs. Neal",
  "name_abbreviation": "Deloach v. Neal",
  "decision_date": "1843-07",
  "docket_number": "",
  "first_page": "243",
  "last_page": "245",
  "citations": [
    {
      "type": "official",
      "cite": "5 Ark. 243"
    }
  ],
  "court": {
    "name_abbreviation": "Ark.",
    "id": 8808,
    "name": "Arkansas Supreme Court"
  },
  "jurisdiction": {
    "id": 34,
    "name_long": "Arkansas",
    "name": "Ark."
  },
  "cites_to": [],
  "analysis": {
    "cardinality": 248,
    "char_count": 3473,
    "ocr_confidence": 0.523,
    "pagerank": {
      "raw": 2.865114278970581e-07,
      "percentile": 0.8418002362299887
    },
    "sha256": "338d716a409c635d08243e282a54a8e2ef6f7143c0931e633de01f1e8e8304f6",
    "simhash": "1:82e312b5ad1807bc",
    "word_count": 589
  },
  "last_updated": "2023-07-14T20:02:08.123138+00:00",
  "provenance": {
    "date_added": "2019-08-29",
    "source": "Harvard",
    "batch": "2018"
  },
  "casebody": {
    "judges": [],
    "parties": [
      "Deloach et al. vs. Neal."
    ],
    "opinions": [
      {
        "text": "By the Court,\nRingo, C. J.\nThe objection urged against this judgment is, that the court, upon overruling the demurrer of the defendants below to the declaration, was bound by law to have entered up judgment that they answer over, instead of giving final judgment thereupon for the debt. This objection may well be regarded as futile. The demurrer, if one was in fact interposed, the law considers as a defence to the action in bar thereof, and therefore if the party demurring elected to stand by the demurrer, or omitted (o pray leave to withdraw it, or to plead over to the action, the judgment would necessarily be final. But the record does not show affirmatively that any demurrer was filed or interposed by the defendants below, and none is transcribed into the transcript of the record before us; nor is the filing or interposing thereof in any manner noted of record; consequently we should consider ourselves warranted in wholly disregarding the judgment purporting to have been pronounced on the demurrer.\nBut in either view, that is, whether the judgment on the demurrer be regarded or disregarded, the result must be the same; because the declaration is, in our opinion, at least substantially good, and upon a demurrer not assigning specially any ground of demurrer, must be held and adjudged sufficient. And also, if the demurrer be disregarded, still as the defendants below were duly served with valid pro. cess binding them to appear, and are stated on the record as having in fact appeared, and suffered judgment to pass against them, without availing themselves of the objection in abatement, that the writ issued before the declaration was filed, they must now be considered as having waived it. There is not therefore any error in the proceedings and judgment of the circuit court in this cause for which the same should be reversed. Judgment affirmed.",
        "type": "majority",
        "author": "Ringo, C. J."
      }
    ],
    "attorneys": [
      "The case was argued here by Cummins for plaintiffs in error, and Pike Sf Baldwin contra."
    ],
    "corrections": "",
    "head_matter": "Deloach et al. vs. Neal.\nWhere a demurrer to declaration is overruled, it may regularly be followed by final judgment. The court is not bound to enter judgment of respondeat ouster.\nIf the defendant does not ask leave to withdraw it, or to plead over, the judgment is necessarily final.\nWhere the record merely states the final judgment on sueh demurrer, without showing that any demurrer was filed, still, if process has been regularly served and the declaration is substantially good, the judgment will be affirmed.\nThis was an action of debt, determined in the Crittenden Circuit Court, in April, 1841, before the Hon. William K. Sebastian, one of the circuit judges. The original summons bears dale the 25th August, 1840: and the declaration appears to have been filed on the first day of September, following. The process^was well executed. Only one entry appears to have been made on the court record; which, after the proper statement of the names of the parties, is as follows: \u201cThis day came the parties by their attornies, and the court being sufficiently advised of the matters arising upon the demurrer of the defendants, it is ordered that the same be overruled; and it is therefore considered by the court, that the plaintiff recover of the defendants, five hundred dollars, the debt in the declaration mentioned; together with interest thereon at the rate of six per ceut. per annum, from the first day of May, 1840, until paid, and his cost in this behalf expended.\u201d The case came up on error.\nThe case was argued here by Cummins for plaintiffs in error, and Pike Sf Baldwin contra."
  },
  "file_name": "0243-01",
  "first_page_order": 243,
  "last_page_order": 245
}
