{
  "id": 8727272,
  "name": "Johnson's ex'r vs. Clark",
  "name_abbreviation": "Johnson's ex'r v. Clark",
  "decision_date": "1843-01",
  "docket_number": "",
  "first_page": "321",
  "last_page": "345",
  "citations": [
    {
      "type": "official",
      "cite": "5 Ark. 321"
    }
  ],
  "court": {
    "name_abbreviation": "Ark.",
    "id": 8808,
    "name": "Arkansas Supreme Court"
  },
  "jurisdiction": {
    "id": 34,
    "name_long": "Arkansas",
    "name": "Ark."
  },
  "cites_to": [
    {
      "cite": "5 Pick. 160",
      "category": "reporters:state",
      "reporter": "Pick.",
      "opinion_index": -1
    },
    {
      "cite": "3 J. J. Marsh. 108",
      "category": "reporters:state",
      "reporter": "J.J. Marsh.",
      "opinion_index": -1
    },
    {
      "cite": "4 Mon. 347",
      "category": "reporters:state",
      "reporter": "Mon.",
      "opinion_index": -1
    },
    {
      "cite": "1 Bibb 195",
      "category": "reporters:state",
      "reporter": "Bibb",
      "case_ids": [
        6682681
      ],
      "opinion_index": -1,
      "case_paths": [
        "/ky/4/0195-01"
      ]
    },
    {
      "cite": "6 Mon. 122",
      "category": "reporters:state",
      "reporter": "Mon.",
      "opinion_index": -1
    },
    {
      "cite": "3 Bibb 18",
      "category": "reporters:state",
      "reporter": "Bibb",
      "case_ids": [
        6379448
      ],
      "opinion_index": -1,
      "case_paths": [
        "/ky/6/0018-01"
      ]
    },
    {
      "cite": "4 Mon. 348",
      "category": "reporters:state",
      "reporter": "Mon.",
      "opinion_index": -1
    },
    {
      "cite": "2 J. J Marsh. 465",
      "category": "reporters:state",
      "reporter": "J.J. Marsh.",
      "opinion_index": -1
    },
    {
      "cite": "1 Edw. 399",
      "category": "reporters:state",
      "reporter": "Edw. Ch.",
      "case_ids": [
        486085
      ],
      "opinion_index": -1,
      "case_paths": [
        "/edw-ch/1/0399-01"
      ]
    },
    {
      "cite": "5 Pick 260",
      "category": "reporters:state",
      "reporter": "Pick.",
      "opinion_index": -1
    },
    {
      "cite": "1 Dana 286",
      "category": "reporters:state",
      "reporter": "Dana",
      "opinion_index": -1
    },
    {
      "cite": "2 Call 421",
      "category": "reporters:state",
      "reporter": "Call",
      "case_ids": [
        6716304
      ],
      "opinion_index": -1,
      "case_paths": [
        "/va/6/0361-01"
      ]
    },
    {
      "cite": "5 Paige 9",
      "category": "reporters:state",
      "reporter": "Paige Ch.",
      "weight": 2,
      "opinion_index": -1
    },
    {
      "cite": "2 J. J. Marsh. 471",
      "category": "reporters:state",
      "reporter": "J.J. Marsh.",
      "case_ids": [
        8521014
      ],
      "opinion_index": -1,
      "case_paths": [
        "/ky/25/0471-01"
      ]
    },
    {
      "cite": "8 Wend. 641",
      "category": "reporters:state",
      "reporter": "Wend.",
      "case_ids": [
        2147350
      ],
      "opinion_index": -1,
      "case_paths": [
        "/wend/8/0641-01"
      ]
    },
    {
      "cite": "1 Day 139",
      "category": "reporters:state",
      "reporter": "Day",
      "case_ids": [
        6753689
      ],
      "opinion_index": -1,
      "case_paths": [
        "/day/1/0139-01"
      ]
    },
    {
      "cite": "1 Mon. 73",
      "category": "reporters:state",
      "reporter": "Mon.",
      "opinion_index": -1
    },
    {
      "cite": "19 Wend. 03",
      "category": "reporters:state",
      "reporter": "Wend.",
      "opinion_index": -1
    },
    {
      "cite": "8 Conn. 120",
      "category": "reporters:state",
      "reporter": "Conn.",
      "opinion_index": -1
    },
    {
      "cite": "9 Wend. 227",
      "category": "reporters:state",
      "reporter": "Wend.",
      "case_ids": [
        2011239
      ],
      "opinion_index": -1,
      "case_paths": [
        "/wend/9/0227-01"
      ]
    },
    {
      "cite": "2 Sumn. 232",
      "category": "reporters:federal",
      "reporter": "Sumn.",
      "opinion_index": -1
    },
    {
      "cite": "2 Aik. 98",
      "category": "reporters:state",
      "reporter": "Aik.",
      "opinion_index": -1
    },
    {
      "cite": "2 Hall, 1",
      "category": "reporters:state",
      "reporter": "Hall",
      "case_ids": [
        1361737
      ],
      "pin_cites": [
        {
          "page": "13"
        }
      ],
      "opinion_index": -1,
      "case_paths": [
        "/ny-super-ct/2/0001-01"
      ]
    },
    {
      "cite": "5 Binn. 503",
      "category": "reporters:state",
      "reporter": "Binn.",
      "opinion_index": -1
    },
    {
      "cite": "4 Howard 317",
      "category": "reporters:state",
      "reporter": "Howard",
      "case_ids": [
        1628016
      ],
      "opinion_index": -1,
      "case_paths": [
        "/miss/5/0317-01"
      ]
    },
    {
      "cite": "12 Pick. 526",
      "category": "reporters:state",
      "reporter": "Pick.",
      "opinion_index": -1
    },
    {
      "cite": "5 Binn. 499",
      "category": "reporters:state",
      "reporter": "Binn.",
      "case_ids": [
        1793659
      ],
      "opinion_index": -1,
      "case_paths": [
        "/binn/5/0499-01"
      ]
    },
    {
      "cite": "1 Murph. 117",
      "category": "reporters:state",
      "reporter": "Mur.",
      "opinion_index": -1
    },
    {
      "cite": "7 Pick. 157",
      "category": "reporters:state",
      "reporter": "Pick.",
      "opinion_index": -1
    },
    {
      "cite": "4 Pick. 349",
      "category": "reporters:state",
      "reporter": "Pick.",
      "case_ids": [
        2031119
      ],
      "opinion_index": -1,
      "case_paths": [
        "/mass/21/0363-01"
      ]
    },
    {
      "cite": "7 Cranch 218",
      "category": "reporters:scotus_early",
      "reporter": "Cranch",
      "case_ids": [
        572746
      ],
      "opinion_index": -1,
      "case_paths": [
        "/us/11/0218-01"
      ]
    },
    {
      "cite": "19 Wend. 518",
      "category": "reporters:state",
      "reporter": "Wend.",
      "case_ids": [
        2023416
      ],
      "opinion_index": -1,
      "case_paths": [
        "/wend/19/0518-01"
      ]
    },
    {
      "cite": "3 J. J. Marsh. 356",
      "category": "reporters:state",
      "reporter": "J.J. Marsh.",
      "opinion_index": -1
    },
    {
      "cite": "1 Paige 48",
      "category": "reporters:state",
      "reporter": "Paige Ch.",
      "case_ids": [
        2178436
      ],
      "weight": 2,
      "opinion_index": -1,
      "case_paths": [
        "/paige-ch/1/0048-01"
      ]
    },
    {
      "cite": "2 Sumn. 533",
      "category": "reporters:federal",
      "reporter": "Sumn.",
      "opinion_index": -1
    },
    {
      "cite": "2 Aik. 496",
      "category": "reporters:state",
      "reporter": "Aik.",
      "opinion_index": -1
    },
    {
      "cite": "13 Pick. 411",
      "category": "reporters:state",
      "reporter": "Pick.",
      "case_ids": [
        2017914
      ],
      "weight": 2,
      "opinion_index": -1,
      "case_paths": [
        "/mass/30/0411-01"
      ]
    },
    {
      "cite": "1 Litt. Rep. 193",
      "category": "reporters:state",
      "reporter": "Litt.",
      "opinion_index": -1
    },
    {
      "cite": "3 Yerg. Rep. 517",
      "category": "reporters:state",
      "reporter": "Yer.",
      "opinion_index": -1
    },
    {
      "cite": "3 Hayw. Rep. 181",
      "category": "reporters:state",
      "reporter": "Hayw. Rep.",
      "weight": 2,
      "opinion_index": -1
    },
    {
      "cite": "1 Call Rep. 286",
      "category": "reporters:state",
      "reporter": "Call",
      "weight": 2,
      "opinion_index": -1
    },
    {
      "cite": "2 Mass. Rep. 497",
      "category": "reporters:state",
      "reporter": "Mass.",
      "opinion_index": -1
    },
    {
      "cite": "2 J. J. Marsh. 114",
      "category": "reporters:state",
      "reporter": "J.J. Marsh.",
      "opinion_index": -1
    },
    {
      "cite": "3 Yerg. Rep. 519",
      "category": "reporters:state",
      "reporter": "Yer.",
      "opinion_index": -1
    },
    {
      "cite": "2 Yerg. Rep. 8",
      "category": "reporters:state",
      "reporter": "Yer.",
      "weight": 4,
      "opinion_index": -1
    },
    {
      "cite": "10 John. Rep. 531",
      "category": "reporters:state",
      "reporter": "Johns.",
      "opinion_index": -1
    },
    {
      "cite": "1 Paige Rep. 242",
      "category": "reporters:state",
      "reporter": "Paige Ch.",
      "opinion_index": -1
    },
    {
      "cite": "2 J. J. Marsh. 115",
      "category": "reporters:state",
      "reporter": "J.J. Marsh.",
      "opinion_index": -1
    },
    {
      "cite": "1 Call. Rep. 280",
      "category": "reporters:state",
      "reporter": "Call",
      "case_ids": [
        2094941
      ],
      "weight": 2,
      "opinion_index": -1,
      "case_paths": [
        "/va/5/0105-01"
      ]
    },
    {
      "cite": "10 John Rep. 540",
      "category": "reporters:state",
      "reporter": "Johns.",
      "opinion_index": -1
    },
    {
      "cite": "6 Wheat. Rep. 453",
      "category": "reporters:scotus_early",
      "reporter": "Wheat.",
      "case_ids": [
        11730566
      ],
      "opinion_index": -1,
      "case_paths": [
        "/us/19/0453-01"
      ]
    },
    {
      "cite": "4 Mon. Rep. 174",
      "category": "reporters:state",
      "reporter": "Mon. Rep.",
      "opinion_index": -1
    },
    {
      "cite": "3 Hayw. Rep. 19",
      "category": "reporters:state",
      "reporter": "Hayw. Rep.",
      "opinion_index": -1
    },
    {
      "cite": "3 Wheat. Rep. 520",
      "category": "reporters:scotus_early",
      "reporter": "Wheat.",
      "case_ids": [
        1443477
      ],
      "opinion_index": -1,
      "case_paths": [
        "/us/16/0520-01"
      ]
    },
    {
      "cite": "4 Litt. Rep. 261",
      "category": "reporters:state",
      "reporter": "Litt.",
      "case_ids": [
        6807318
      ],
      "opinion_index": -1,
      "case_paths": [
        "/ky/14/0261-01"
      ]
    },
    {
      "cite": "10 Wheat. Rep. 89",
      "category": "reporters:scotus_early",
      "reporter": "Wheat.",
      "opinion_index": -1
    },
    {
      "cite": "3 Litt. Rep. 339",
      "category": "reporters:state",
      "reporter": "Litt.",
      "case_ids": [
        6808718
      ],
      "opinion_index": -1,
      "case_paths": [
        "/ky/13/0339-01"
      ]
    },
    {
      "cite": "2 Bibb Rep. 7",
      "category": "reporters:state",
      "reporter": "Bibb",
      "case_ids": [
        6390060
      ],
      "pin_cites": [
        {
          "page": "26, 384"
        }
      ],
      "opinion_index": -1,
      "case_paths": [
        "/ky/5/0007-01"
      ]
    },
    {
      "cite": "1 Bibb Rep. 175",
      "category": "reporters:state",
      "reporter": "Bibb",
      "pin_cites": [
        {
          "page": "316, 212"
        }
      ],
      "opinion_index": -1
    },
    {
      "cite": "1 Paige Rep. 56",
      "category": "reporters:state",
      "reporter": "Paige Ch.",
      "opinion_index": -1
    },
    {
      "cite": "3 Yerg. Rep. 513",
      "category": "reporters:state",
      "reporter": "Yer.",
      "case_ids": [
        8543647
      ],
      "opinion_index": -1,
      "case_paths": [
        "/tenn/11/0513-01"
      ]
    },
    {
      "cite": "2 Yerg. Rep. 6",
      "category": "reporters:state",
      "reporter": "Yer.",
      "case_ids": [
        11265540
      ],
      "opinion_index": -1,
      "case_paths": [
        "/tenn/10/0006-01"
      ]
    },
    {
      "cite": "3 Hayw. Rep. 179",
      "category": "reporters:state",
      "reporter": "Hayw. Rep.",
      "opinion_index": -1
    },
    {
      "cite": "2 J. J. Marsh. 113",
      "category": "reporters:state",
      "reporter": "J.J. Marsh.",
      "case_ids": [
        8518388
      ],
      "opinion_index": -1,
      "case_paths": [
        "/ky/25/0113-01"
      ]
    },
    {
      "cite": "1 Marsh. 170",
      "category": "reporters:state",
      "reporter": "Marsh.",
      "opinion_index": -1
    },
    {
      "cite": "4 John. Rep. 187",
      "category": "reporters:state",
      "reporter": "Johns.",
      "opinion_index": -1
    },
    {
      "cite": "8 Mass. Rep. 159",
      "category": "reporters:state",
      "reporter": "Mass.",
      "case_ids": [
        2028510
      ],
      "opinion_index": -1,
      "case_paths": [
        "/mass/8/0139-01"
      ]
    },
    {
      "cite": "2 Mass. Rep. 493",
      "category": "reporters:state",
      "reporter": "Mass.",
      "case_ids": [
        2007216
      ],
      "weight": 2,
      "opinion_index": -1,
      "case_paths": [
        "/mass/2/0443-01"
      ]
    },
    {
      "cite": "5 Mass. Rep. 109",
      "category": "reporters:state",
      "reporter": "Mass.",
      "case_ids": [
        2002257
      ],
      "opinion_index": -1,
      "case_paths": [
        "/mass/5/0081-01"
      ]
    },
    {
      "cite": "3 Ark. Rep. 364",
      "category": "reporters:state",
      "reporter": "Ark.",
      "case_ids": [
        8728559
      ],
      "weight": 2,
      "opinion_index": -1,
      "case_paths": [
        "/ark/3/0364-01"
      ]
    },
    {
      "cite": "3 Ark. Rep. 385",
      "category": "reporters:state",
      "reporter": "Ark.",
      "opinion_index": 0
    },
    {
      "cite": "2 Just. 672",
      "category": "reporters:state",
      "reporter": "Just.",
      "opinion_index": 0
    },
    {
      "cite": "7 Cranch 289",
      "category": "reporters:scotus_early",
      "reporter": "Cranch",
      "opinion_index": 0
    },
    {
      "cite": "3 Ark. Rep. 364",
      "category": "reporters:state",
      "reporter": "Ark.",
      "case_ids": [
        8728559
      ],
      "opinion_index": 0,
      "case_paths": [
        "/ark/3/0364-01"
      ]
    }
  ],
  "analysis": {
    "cardinality": 1964,
    "char_count": 59095,
    "ocr_confidence": 0.466,
    "pagerank": {
      "raw": 5.765927462659996e-07,
      "percentile": 0.9507249264339349
    },
    "sha256": "4b3f1c15b652b23f2b07ac122aabe5c34eb008556dcaa17f883e9c792ba3db60",
    "simhash": "1:654cef261420f4e6",
    "word_count": 10560
  },
  "last_updated": "2024-02-27T21:30:20.185486+00:00",
  "provenance": {
    "date_added": "2019-08-29",
    "source": "Harvard",
    "batch": "2018"
  },
  "casebody": {
    "judges": [],
    "parties": [
      "Johnson's ex'r vs. Clark."
    ],
    "opinions": [
      {
        "text": "By the Court,\nPaschal, J.\nThis is a suit in chancery, instituted on the chancery side of the circuit court of Hempstead county. A decree was rendered in favor of the complainant, and an appeal has been presented to this court for a reversal of that decree. We deem it necessary to give the history of the case with some minuteness.\nClark alleges in his bill, that about the 14th of June, A. D. 1834, he obtained from Johnson, the loan of about $2600, to be paid in twelve months; that he gave as security a mortgage to eight negr\u00a9 slaves therein named. This writing is referred to in Johnson\u2019s answer. [The reader will find it set out in the preceding statement.]\nAfter averring an incrcse in one of the negroes, after the delivery to Johnson of all the negroes, the bill alleges that the negroes were redeemable in twelve months, and that, at the time of the arrangement, the negroes were under execution. The bill then positively charges, that the advancement of money was a loan, and that the transfer of the negroes was as a security to guaranty the re-pay ment of the money, that he had a right to redeem, &c. The bill then charges that, in 1834, one Jo. Stewart called on Johnson to redeem the negroes for complainant; that Johnson consented to take, in part payment of said debt thereof, the negroes at such price as he should fix; that he fixed a price; that Stewart tendered him the balance of the money \u201cborrowed as aforesaid,\u201d which Johnson counted out; that all this was done at a day and place appointed by Johnson; that Johnson counted .the money, then rejected the tender; that he has kept the negroes, and had the use and benefit of them ever since; that the hire and service of the nogroes has amounted to as piuch as \u25a0the whole original sum borrowed, and (hat the debt is therefore fully satisfied; and that, also, Johnson once offered and fixed a day to return the negroes; he has refused, &c. The complainant .offers to, discharge the debt. The bill calls for estimate of hire, and oilers balance, if any; calls on Johnson to exhibit the deed, &c. The bill was exhibited in April, 1838.\nJohnson, in his answer, admits that in June, 1834, Clark received <o'f him the sum of $\u00a12950, in consideration for the eight slaves which were then conveyed to him. He positively denies that the money advanced was a loan, but that the same was received in full consideration, as a sale and delivery. For greater certainty, he sets forth' the instrument; he contends that the condition was but a privilege to Clark to re-purchase, but the defendant refers to the sale and condition to correct any nais-apprehension of his, as to the tenor of the deed. The defendant contends, that the deed is not a mortgage, but an absolute sale, without condition other than a privilege to Clark to re-purchase within twelve months, and that no equity of redemption was reserved; that the purchase was made in June, 1834, and that, at that time the negroes were not worth more than the sum paid; that this sum was in fact their full value. He admits an increase of one child; he denies that Clark ever tendered him his money, or that he ever prevented him from re-purchasing; denies that he ever offered to take part of the negroes in part payment; denies that the money advanced was a debt from Clark to him, but only a sum agreed upon for a re-purchase; reiterates that it was not a loan but a sale; that the deed was not a security or guaranty, but a deed of sale; de-. nies Stewart\u2019s authority from Clark to redeem the negroes; that he acted as a volunteer; that whatever money he, Stewart, offered, was paper, and that Stewart\u2019s object was to acquire a mortgage- from Clark and possession of the negroes in himself; that sometime in 1834, he made a verbal agreement with Clark to pay him $250 for any right of redeeming the negroes which Clark might have, and that, in June, 1835, the defendant paid Huida Clark, the wife of the complainant, the said $250, in full extinguishment of the right of redemption or re-purchase. He admits the continued possession, estimates the value at the usual hiring, at $2100; denies that he had yet'prevented Clark from r\u00e9-purchasing; but denies any right to do so after the expiration of twelve months from the date of the deed.\nAt the May term, 1839, the death of Johnson was made to appear, and the suit was revived in the name of Trimble and Lucretia Johnson, his executors. The suit was afterwards abated as to the widow by her marriage, and progressed in the name of Trimble alone. Trimble afterwards files an amended answer, in which he denies the loan, and insists that no bond, note, or bill, was given by Clark to Johnson for the re-payment, &c.\nClark filed a general replication to Johnson\u2019s answer, and moved to strike out the answer of Trimble. This motion seems never to have been disposed of \u2014 a replication to the amended answer was afterwards filed. A number of depositions are copied into the record, There are a]so numerous exceptions filed to the depositions, the consideration of which was reserved until the final hearing. The cause seems never to have been set for final hearing. The cause seems to have been submitted for hearing in April, 1841, and taken under advisement, the court, not being sufficiently advised what decree to render; and at an adjourned term thereafter, the cause was continued with leave to the complainant to file a supplemental bill in reference to the purchase of the equity of redemption, and that the defendant have leave to answer thereto; that the parties have leave to take farther testimony in support of the supplemental bill and amended answer; that the defendant have leave to file a cross bill, and the complainant, a replication, &c. Neither party ever acted on this order. At the next term the Chancellor entered his decree, that the instrument was a mortgage, allowed Johnson ten per cent, interest; directed the master to take an account of hire and expenses \u2014 to calculate costs \u2014 to strike a balance, and finally, that the defendant, Trimble, re-convey.\nNow', it is to be observed, that the negroes passed into the possession of Johnson, in June, 1834. They remained in his undisturbed possession until the exhibiting of complainant\u2019s bill, in April, 1838. The deed was also in Johnson\u2019s possession. The property at the lime being personal, so far as -to pass by delivery, Clark could not have recovered it at law. He then exhibits, very properly, his bill, in which he charges that although the possession is in Johnson; that he only holds them as a mortgage, having taken them as a security for money advanced to him, Clark. He does not state that the money borrowed was to draw interest, nor does he distinctly charge that the profits or hire of the property was to go to extinguish the principal debt. It is true that in a part of his bill, he docs charge (hut (he annual hire and services of said negroes have, upon a fair estimate, amounted to as much as the whole original sum so borrowed as aforesaid, if not more, and said original debt is thereby extinguished. Here the complainant makes no offer to satisfy interest. He does not allege, that he is held to pay any; in other words he does not offer to do equity, when coming into chancery to ask it. At the same time, he had a right on his allegations to demand a discovery, and having once brought himself within the equity jurisdiction, the court would, if convinced of the justice of his cause, render the correct decree upon the general prayer for relief. These remarks are only to show that the complainant is not himself very distinct in charging the equities of his borrowing.\nThe defendant, on the other hand, distinctly denies that there ever was a borrowing; that either party ever understood it as such; that the negroes ever were transferred asa security for money; but, on the other hand, he positively responds that the negroes were absolutely sold and delivered, and that he was subject to no other condition than the obligation to allow Clark to re-purchase them within twelve months and, that failing to re-purchase within the twelve months, his right to do so was forever barred; he farther sets up new matter to the effect that, if Clark ever had any right to r.e-purchasc, he had extinguished that right, upon the payment of $250, as a full consideration of any right which Clark might have to re-purchase.\nThe response of Johnson, so far as relates to the understanding of the parties, is well sustained by the depositions of witnesses, read at the hearing. Moss, one of the subscribing witnesses, at first, calls the instrument a mortgage; but he afterwards says, that at the time of signing it, he did not know what it was; he does not know whether it was a mortgage or sale, or whether the money advanced was a loan or purchase. In fact, he proves nothing except the execution of the instrument in question. But Myrick, the other subscribing witness, not only proves the execution, but proves the payment of $2651 57i cents of the money, and states that the money was the price agreed on for the negroes, that $700 was agreed to be paid for the fellows, and that $2900 was the full value of the whole number; that the contract was not made in his presence; that when they came into his counting-room and Clark signed it, Johnson said the price was high; that he was to pay $700 each, for Bob and Ned; that Clark was embarrassed \u2014 some thought him insolvent, and the money went to pay the executions against him; that witness himself paid $2651 59 cents to the sheriff, under the instruction of the parlies.\nIn support of the bill, the evidence of Stewart was offered. He states that \u201csome short time before the morlgage expired, agreeable to previous arrangement, I went to Samuel Hopsons, for the purpose of redeeming the negroes, mortgaged to Edward Johnson by Benjamin Clark. I counted out the full amount of money that was mentioned in said mortgage; said Johnson took it and recounted it. Johnson then asked me if it was Clark\u2019s money or mine? I believe that I answered him, that a part of it was Clark\u2019s and a part mine; that I was redeeming them for Clark\u2019s benefit; I further told him that I was to have a part of the negroes, and that I was to retain a part until Clark paid me back my money; Johnson observed, that if it was for my benefit, that he could do as well for Clark as any other man, and that I should not redeem them, and handed me the money back;\u201d that the amount of money was $>2950; that he had been spoken to, sometime before by Clark to redeem the negroes for him. This was in the summer of 1835. The witness, sometime after that, went with Mrs. Clark, to redeem Phillis and family. Johnson declined doing any thing more with the negroes until Clark got home, but paid Mrs. Clark, between two and three hundred dollars, for which she gave him a receipt; that Clark had told witness that Johnson would do better than the mortgage called for, and witness supposed this was the additional sum promised. On cross examination, witness stated that, at the time of the tender of the 2950 dollars to Johnson, he showed no written authority from Clark; that he had no written authority; that the money was on solvent banks; that Johnson made no objection to the money not being gold or silver coin. The rest of his evidence is only of a negative character.\nHopson, a witness, states that Stewart and Johnson came to his house in the winter \u201cfour years before Sept., 1839;\u201d that Stewart counted out some money to Johnson; Johnson handled it, and then declined taking it, and went off home; that some time before that time, the witness went with Clark to Johnson, and offered to redeem all the negroes except one negro man, with money enough to redeem all but said negro man, and Johnson refused to take it. Johnson took Clark out and had some conversation, and Clark and himself then left. Gibson, the sheriff, was offered as a witness for defendant: his evidence goes to show that the negroes were priced by himself and Johnson, but mot in Clark\u2019s presence; that the parties treated it as a purchase; that it was spoken of in the room as such; that they did not exchange exact words to that effect, but such was clearly his understanding; that $2950 was the full value of the negroes; that he saw not the written contract, but from Clark\u2019s order to him to deliver the negroes to Johnson, and from every circumstance, he supposed the transaction to be a purchase.\nThis is the whole case, both as presented by the pleadings and by the parol evidence.\nThe most important question is to determine the character of the instrument itself. Was it a mortgage or a conditional sale \u2014 a sale which authorized Clark to re-purchase within one year, by repaying the amount of the purchase money? Was this a privilege, which, if not punctually exercised, was lost after the expiration of a year? and is there evidence that this right to re-purchase was relinquished for a valuable re-consideration? If the instrument was a conditional sale, giving to Clark the right to re-purchase, has he raised an equity against Johnson, by proving a lawful tender of the money, and any act on his part refusing to allow the re-purchase?\nThese are questions not without their difficulty, and can only be determined by an application of this cause to original principles, and to cases of an analogous character. \u201cA mortgage is the conveyance of an estate by way of pledge for the security of a debt, and to become void on the payment of it. The legal ownership is vested in the creditor, but in equity the mortgagor remains the actual owner, until he is debarred by his own default or by judicial decree.\u201d 4 Kent's Com. 135. \u201cThe particular form of words of the conveyance are unimportant, and it may be laid down as a general rule, subject to few exceptions, that whenever a conveyance, assignment, or other instrument transferring an estate, was originally intended between the parties, as a security for money, or any other incumbrance, whether the intention appears fiom the same or any other instrument, it is always considered as a mortgage, and consequently, redeemable upon the performance of the conditions or stipulations thereof.\u201d 2 Story's Com. 287. 2 Fondb. Eq., B. 3, ch. 1, and note.\nThe English law of mortgages appears to have been borrowed, iu a great degree, from the civil law, and the Roman hypolheca, corresponds very closely with the description of a mortgage in our law. 4 Kent's Com. p. 136; 2 Story's Com. on Eq. p. 270 to 278, ch. 28. Mr. Butler is of opinion,' that mortgages were introduced more on the model of the Roman pignus or hypotheca, than upon the common law doctrine of conditions. But Chancellor Kent rejects this doctrine, and insists that the English law of mortgages, taken in its most comprehensive sense, was essentially borrowed from the civil law. See 4 Kent's Com. part 6, sec. 58, p. 136, note a. In the Roman law, there were two sorts of transfers of property as security\u2019 of debts, viz: the pignus and the hypotheca. The pignus or pledge was when any thing was pledged as security for money lent, and the possession was passed to the creditor, upon the condition of returning it to the owner, when the debt was paid. The hypotheca was when the thing pledged was not delivered to the creditor, but remained in possession of the debtor. Bac. Abr. Mortgage A. 2 Story's Com. on Eq. 272. There were, however, some important distinctions between real and personal estate, at common law, as to remedies at common law, which it is unnecessary to notice in this place. A distinction is also made between a conditional sale and a mortgage. The former, if clearly . proven to be a real sale, and not a mere transaction to disguise a .loan, will be held valid, though every transaction of this sort is viewed \u00bfwith jealousy. 2 Story's Com. 288. This is also in accordance with the civil law. 1 Domat B. 3, title 1, sec. 3, Art. 11. Digest, Liber 20, title 1, ch. 16, sec. 9.\nIn equity, the character of the conveyance is determined by the clear and certain intention of the parties. A deed, absolute on the face of it, and registered as such, will be valid and effectual as a mortgage between the parties, if it were intended by them to be merely a security for a debt, and this would be the case, though the defeazance or the agreement rested in parol. Parol evidence is adissible to show that a deed was intended as a mortgage, and that the defeazance has been omitted. 1 Kent, 143. This principle is peculiar to mortgages and trusts, and so courts of law and equity hold it. It is an elementary principle, applicable to these estates, recognized and affirmed by the common law, civil law, and equity jurispiudence. it rests upon the principle of policy and a sense of justice, and the extrinsic evidence is received, not to qualify or destroy the terms of the deed, but to establish the fact of a loan; and this fact being established, makes the deed, which would otherwise have been absoluto, a defeasible conveyance. Ring et al. vs. Franklin, 1 Hale Rep. in Flagg vs. Mann, 1 Sumner 530, Justice Story aptly remarks, that courts of equity do not regard the forms of instruments, hut that they look to the intent, and give to the acts of the parties that construction which that intention justifies and requires.\u201d And at page 534, he remarks, \u201cThe true question is, whether there is still a debt subsisting between the parties, capable of being enforced in any way, in rem or in personam. See Floger vs. Lavington, 1 P. Will. Rep. 270, 271. Lougent vs. Scarvon, 1 Ves. Rep. 406. And at page 533 he remarks, \u201cIt was argued at the bar that the test whether it be a mortgage or not, is to ascertain whether it was a- security for the payment of any money or not.\u201d Judge Story: \u201cI agree to that; and indeed in all cases the true test is to ascertain whether the conveyance is a security for the performance or non-performance of any act or thing. If the transaction resolved itself into a security, whatever be Jts form, it is in equity a mortgage. If it be not a security, then it is a conditional, oran absolute purchase. The case of an absolute sale with an agreement for a re-purchase within a given lime, is totally distinct, and not applicable .to mortgages. Such defeasible purchases, though narrowly watched, are valid, and to be taken strictly as independent dealings between the parties, and the time limited for a rc-purchasc must be precisely observed, or the vendor\u2019s right to reclaim his property will be lost forever. 4 Kent, 144.\nA mortgage is almost universally accompanied with a bond for a debt intended to be secured. The absence of a bond or a covenant to repay the money, would not make it the less a mortgage, if it was clearly established to be such, or a loan or security far the payment of a debt. 4 Kent Com. 144.\nIf he true question in all cases, no matter what may be the form of the conveyance,, seems to- be to determine whether there was a loan or borrowing, or intention to secure a debt on- the one part, and- <t\u00bb lending and taking mortgage or trust security on the other. Thus in the case of Comuayh ex\u2019rs and devisees vs. Alexander, 7 Cranch 289; 2 Con\u2019d Rep. 482. A. advanced money to B., and B, thereupon conveyed lands to trustees to execute to- A, in fee, should' B. fail to repay the money and interest upon a given day. R. failed to- repay the-money, and the trustees conveyed:- Held by the court, that B. had no equity of redemption.. Chief Justice Marshall, in delivering, the opinion of the court, remarks: \u201cThe question to-be decided'is,., whether Robert Alexander, by his deed of March, 1788, made a conditional sale of the property conveyed by that deed to trustees,, which sale became absolute by the- non-payment of'seven hundred! pounds with interest, on- the 1st of July, 1790, and by the conveyance-of the 19th of that month j or is to be considered as having only mortgaged the property so conveyed.\u201d To deny the power of two. individuals, capable of acting for themselves, to make a contract forth e purchase and sale of lands, defeasible by tho payment of money at a future day-, or in other words,, to make a sale with a reservation\u00bb to the vendor of a right to purchase the same land at a fixed price and at a time specified,' would be to transfer to the court of chancery in. a. considerable degree, the guardianship of adulis, as well as infants\u00bb. Such contracts are certainly not prohibited by the letter or policy of the law. But the policy of the law does prohibit the conversion of a real mortgage into a sale. \u201cBut as a conditional, sale, if really in-fend'ed, is valid, the inquiry in every case-must be, whether the. contract in the specified case, is a security for the re-payment of money, or an actual sale.\u201d This is also (he precise doctrine laid down, if possible, in stronger terms, in the case of Huntington vs. Harper, 5 J. J. Marshall, Ky. Rep. 354\nChief Justice Marshall., after the fullest review of the above cause-of Conway, both from the deed itself as well as the extrinsic evidence, decides that the grantor had no cqpity of redemption; in other words\u00bb, (that although a third person was a trustee, the deed was a conditional Sale.\nIn the ease of Chapman vs. Turner, 1 Call Va. Rep. 281, the instrument in question, was as follows-; \u201cI have this day received from John Turner the sum of \u00a330, and put a negfo woman, named Hannah, in his hands as security, and if thirty pounds is not paid at\u2018or \u25a0before the next July Hanover court, the said Turner is to have the viegro for the said \u00a330.\u201d Chapman prosecuted a bill in chancery, charging that the instrument in question was a mortgage. Turner (denied, and insisted that it was a conditional sale. The judges were \u25a0unanimous that it was a conditional sale. The reasoning was the .same as that used by Judge Marshall, in the case of Conway, above cited. They lay down the doctrine, that the line of discrimination between mortgages and conditional sales cannot fee marked out by any general rule, but that every case, as to the true nature of the transaction and the intention of the parties, must be determined by its own circumstances. They add, \u201cIn defeasible purchases, tb-e condition must be strictly performed at the day, or no relief will be granted-; because it does not admit of compensation for the risk. If the thing perish the next day, it -must be the loss of the purchaser, he having no covenant or implied promise for the return of the money in -that event. We are -taught by the maxims in equity, that in these casual cases, eventual loss or gain must accrue to, or fall upon him who runs the risk.\u201d Equity -allows the redemption upon the ground that there being a -security for the debt, no price for parting with it is contemplated; and as the thing pledged or mortgaged is of more value than the debt, it would be unjust that the mortgagor should lose the property, from his inability to pay upon a particular day. If that were the case, the creditor would receive his debt and interest, for both being secured by the -mortgage, and of course he would run no risk of either loss or injury, which would be as unconscionable as it would bo unjust. The reason for holding vendors to strictness in conditional sales, applies with peculiar force and weight where'slaves are the subject of contract in this country. They are regarded by the law as perishable property, and may die the next .day after the purchase. If they should not, their labor may become profitable, and their value greatly enhanced by their increase.' Now would it be just or proper, for &\u25a0 vendor to lie by until their labor or increase had greatly exceeded the principal and interest of the money agreed to be paid, and then be allowed to come into a court of equity, and (o redeem the slaves, when the purchaser in the meantime had run all the risk of their lives, and had been at the trouble and expense of roaring; and where., in the first instance, he had not only paid the full valu\u00e9 of them, but would have been deprived of laying out his money for other slaves, unconditionally.\u201d\nThe principles and reasoning laid down by the court of appeals of Virginia, we apprehend apply with a good deal of force to the present case. Indeed, in the Virginia case, the term security is used. Thus far, the language is technically a mortgage, but the intention is taken into consideration, and upon,principle, the language is held to be doubtful; and the vendee having no other security for his money, the instrument is held to be a conditional sale, notwithstanding, from the report of the case, it would appear that the sum paid was not the full value, but was probably as much as the negroes would have brought under the hammer. In this case the negroes were already under execution, and the price paid is proven to be more than the ordinary selling price of negroes. Johnson refuses to lend money, but at the very moment of signing, called it a purchase, and in the presence of Clark and the subscribing witness, complained that ho had paid loo much.\nThe instrument in question, it is true, partakes somewhat of the form, although it is far from being technically a mortgage. A mortgage is in form like any absolute deed of conveyance, except that in reciting the consideration, it alludes to the debt, which should generally be set out at length in the condition; and Cite sale is defeasible upon the payment of the debt therein named. The law, however, will construe that to be a mortgage which the parties intended should be a mortgage, and not an absolute sale. Because the condition may bo on a counter letter or separate paper, or may even exist in parol, as the authorities above cited abundantly show. Now, in the instrument under consideration, the form of conveyance is absolute\u2014 the delivery accompanies the act \u2014 no separate security is taken for the money \u2014 no interest is stipulated for; nor is there any reservation made as to hiring, increase, or death. The condition, it is true, gives to Clark, or his legal representatives, the privilege of re-paying the purchase-money within twelve months, \u201cthen the above deed of bargain and sale to be void in law, else to be and remain in full force and virtue.\u201d Now, a mortgage usually recites that upon the payment of the note, bond, or bill, then the same, as well as the said mortgage, to be void. If the party was really executing a mortgage, he ought to have explained himself in terms less strong than that set forth. A bargain and sale was originally a contract for the conveyance of land for a valuable consideration; and though the land itself would not pass without livery, the contract was sufficient to raise a use, which the bargainor was in equity bound to perform. Churtleigh's case, 1 Coke, 121, b, Nothing can be more liberal than-the rules of law as to the words requisite to create a bargain and sale. There must be a valuable consideration, and then any words that will raise a use, will amount to a bargain and sale. 2 Just. 672. Jackson vs. Fish, 10 J. R. 456, 457. After the statute of uses was passed, the uses which were raised and vested in the bargainee, by means of the bargain, were annexed to the possession, and by that operation the bargain became at once a sale and complete transfer of title. 2 Black. Com. 335. 4 Kent Com. 495, 496.\nIn the case under consideration, the possession accompanied the deed. The property vested in the grantee, with a privilege to the grantor to re-purchase at a price stipulated, within one year. This privilege he might, or might not exercise if he chose. If he failed to do so, the grantee had no power either to compel him to do so, or to refund. If he went into equity, the grantor might answer him\u2014 you purchased the negro.es at a stipulated price' \u2014 you took no security, lor the re-payment of the money \u2014 you treated the instrument asa purchase, and not as a mortgage \u2014 you cannot compel me to receive my own rights. Much less had Johnson a remedy for his money, had the negroes died; because the risk was all his own, and he chose not to proyide for such a contingency. You suffered me to call the instrument \u201ca bargain and sale\u201d \u2014 you caused mo to create an use to yourself \u2014 you went into-possession, and thereby your title became absolute.\nThe case of Porter et al. vs. Clements, 3 Ark. Rep. 364, although not exactly in point, (for every cause of this class depends upon its own peculiar circumstances,) may be referred to with profit. Here Phillips, the vendee, signed an obligation, reciting that Edmund Clements, and Louisa Clements, his daughter, had sold and delivered to him the four negroes in question, for the'sum or $400; and he annexed a condition that should they, within two years and a half, pay him $500, then, he obligated himself to re-convey to them, the aforesaid negro servants, provided (hey did not die, run away, or be stolen. The court here very properly determine, that this was not a mortgage, but a conditional sale. The only wonder seems to be, that there ever should have been any doubt about it. The negroes were 'sold to Phillips for $400, and being personal chattels,- they passed by delivery. And he executed this as a covenant, by which lie promised to re-convey upon payment of $500, a sum greater than the sum advanced. In the case at bar, Clark executes the conveyance, which he calls a \u201cbargain and s-tle,\u201d and he accompanies the same by delivery, reserving to himself the right to repay the purchase money within twelve months. But he executes no covenant by which he acknowledges an indebtedness; nor can it be gathered from the instrument, that there is any certain obligation on his part to do so. By repaying the money, he had a right to demand possession of the negroes, but should he fail to do so, where was the remedy of Johnson? Had he any contract which he could enforce in per-sonam or in rem? We are of opinion that he liad not.' In the case of Conway vs. Alexander, above cited, we have seen that if adults choose to make these conditional sales to become absolute on a certain contingency, courts of chancery will not become their guardians, nor will they do more than inquire what were their intentions.' And in the case from Virginia, we have seen that a parly will not be permitted to lie by, and after the negroes have increased in numbers, or in value, or their services may have amounted to a considerable amount, come forward and demand the property. All these cases, it will be observed, turn not so much upon the principle of policy, as upon the proposition that no instrument which was intended to be a mortgage, can be converted into a sale conditional, or absolute, nor vice versa.\nIt being settled, then, that the instrument in question was a sale subject to become void upon the re-payment of the money; or a conditional sale, to become absolute upon failure thereof, it becomes necessary to consider the next question, viz: Did Johnson, by any act of his, prevent Clark from repaying the money according to contract, and if so, what are the equities between the parties? The allegation in the bill is, not that Clark tendered the money, and thereby imposed a trust upon Johnson, but he charges, that after the advance of the money and the delivery of the negroes, Johnson agreed to lake three of the negroes at a price to be fixed by himself; that complainant being unable to attend, Stewart attended for him; that Johnson fixed a price on the three negroes, and Stewart tendered him the balance of the money; that Johnson counted it, and would then have nothing further to do with Stewart. Now here is an allegation inaptly made and worse proven. Stewart very- indiflferenfly proves' his agency, but this we may pass by. His evidence does not prove the allegation. He says nothing about an agreement on Johnson\u2019s part to take a portion of the negroes absolutely. On the contrary, he pretends to have offered the whole amount advanced. This proof certainly does not support the allegation; because, were it proven that the advance was a loan and Johnson afterwards, agreed to take three of the negroes pledged as a security, as absolute payment of part of the advance, surely he should not now be held to re-convey those same negroes. It will at once be seen that, having the negroes in possession, (even admitting that they were held as security) Clark might sell his equity of redemption as well to Johnson as any other person. The same strictness is not required in chancery proceedings as at common law; but still it may be laid down as a general rule, that a party cannot support a material allegation in his bill by bringing evidence of a wholly different character. The complainant charges a given case or state of facts: the defendant positively denies i!. The complainant then offers evidence, which would1 support a different equity, and possibly might materially change the result. Such looseness is not to be indulged. See 1 Mad. Chan. 384. Mortimer vs. Orchard, 2 Ves. 243.\nThe evidence of Hopson is not less objectionable. Aside from its not being directly charged in the bill, it proves no tender or demand, but a mere conversation. These points are merely referred to, because, it having been settled that the transaction was not a mortgage to secure a loan or debt, but a conditional sale, the principle here involved is settled in the caso of Porter et al. vs. Clements, 3 Ark. Rep. 385. The court there say, \u201cIf the covenant was broken by Phillips, the parties have their remedy against his estate for damages; and that, although the period for re-purchase was two years and a half, yet as soon as Phillips, by selling the properly or any portion of it to Porter or any other person, placed it out of his power to comply with his covenant, it was broken, and an action for damages could have been sustained against him at law. The object of taking a mortgage is always to secure money loaned or due, and to compel a payment with interest. But here the object on both sides was a sale, and only a collateral right to re-purchase by a given day. They were under no obligation to make the purchase, nor were they responsible to either Phillips or Porter, if the parties were to do so. If all the slaves had died, Phillips must have sustained the loss. So Porter would have no recourse on any person if they had ali died in his possession, and as Clements and his daughter Caroline have a plain, complete, and adequate remedy at law against Phillips\u2019 representatives, for any damages they may have sustained by a breach of covenant, a court of equity cannot have jurisdiction over it.\u201d\nThese two cases will be found analogous, so far as to settle that-if Clark sold Johnson his negroes, with the agreement, on the part of Johnson, that Clark might re-purchase them within twelve months, and Johnson prevented him from doing so, he and his estate are liable for damages in an action at law. Or upon a case properly charged and made out, a court of chancery might have held that Johnson, by putting it out of the power of Clark to redeem the negroes, in the terms of (he condition, thereby made himself the trustee of Clark, his cestui que trust, and that he should account for the use of the trust property, not from the time of the advancement of the money, but from the time of the tender. But in this case, he chooses to charge a mortgage and a subsequent new contract, and to call upon the conscience of the defendant to respond to these substantive allegations. The defendant positively denies both allegations. It was then certainly competent for both parties to adduce evidence in order to determine the character of the instrument, and the existence of a new contract, varying the condition of the original covenant. Lewellin vs. Owen, Iredell\u2019s N. C. Dec. 1840, vol. 1, No. 2, p. 296. King vs. King, ib. 189. These cases abundantly show, that where the party, by his own act, has made the answer evidence in the cause, and it is directly responsive to the bill, it becomes legitimate proof to establish the nature of the transaction. McDonald vs. Leonard, ib..\nThe decree of the circuit court must therefore be reversed, and the cause remanded to the court, below, with instructions to decree in accordance with this opinion.\nPetition for reconsideration filed, and overruled at January term, A. D. 1844.",
        "type": "majority",
        "author": "Paschal, J."
      }
    ],
    "attorneys": [
      "Trimble & Fowler, for appellant.",
      "Trapnall & Cocke, Pike & Baldwin, contra."
    ],
    "corrections": "",
    "head_matter": "Johnson's ex'r vs. Clark.\nAn instrument to tho following effect, to wit: \u201cReceived of E. J. $2950, in consideration of eight negro slaves, [ naming them, ] which I have this day sold and de. iivered to said E. J.;\u201d with warranty of soundness and title; concluding thus, \u201cThe condition of the above obligation is such, that if I, B. C., my heirs, &c., shall within twelve.months from date, pay to said E. J., his heirs, &c., the aforesaid sum of \u00a72950, then the above deed of bargain and sale to be void in law, else to be and remain in full force and virtue,\u201d is not a mortgage, but a conditional sale.,\nWhenever a conveyance, assignment, or other instrument, transferring an estate, was originally intended between the parties as a security for money or any other incum-brance, whether the intention appears from the same or any other instrument, it is a mortgage.\nA conditional sale, if clearly proven to be a real sale, and not a mere transaction to disguise a loan, will be held valid, though every transaction of this sort is viewed with jealousy.\nFarol evidence is admissible to show that a deed absolute on its face, was intended as a mortgage. This principle is peculiar to mortgagesand tinsts.\nit vests upon principles of policy and \u00e1sense of justice, and the extrinsic evidence is \u25a0received, not to qualify or destroy the terms of the deed, but to establish the fact of a loan. This fact established, makes it a mortgage.\nThe construction is a question of intention: and to determine whether the instrument is a mortgage, the true question is, whether there is still a debt subsisting between the parties, capable of being enforced in any way, in rein or in personam. The test is, in other words, whether the instrument is a security for the payment of any money, or the performance or non-performance of any act or thing.\nif tho transaction resolves itself into a security, whatever be its form, it is in equity a mortgage. If not a security, it is a conditional salo or an,absolute purchase.\nThe absence of a bond or covenant to repay the money will not make it the less a mortgage, if it is clearly established to be a security for a loan or the payment of a debt.\nThe line of discrimination between mortgages and conditional sales cannot he marked out by any general rule; but every case as to the true nature of the transaction and the intention of the parties, must be determined by its own circumstances.\nThe construction given to the instrument in this case is strongly sustained by evidence (hat the negroes wore under execution ; that the sum mentioned in it was more than the ordinary selling price; and that when executing it the parties called it a salo and purchase, and the purchaser complained that he had paid too much for them.\nNor is the instrument in this case in the ordinary form of mortgage ; which ought, in the condition to specify the debt intended to be secured, and set it out at length. Though, still, the condition may be contained in a counter letter or separate paper, or exjst in parol.\nIf this was not a conditional sale, the terms used should not have been so strong. Delivery accompanied the act; no separate security was taken for the money; no interest was stipulated to be paid ; no reservation was made as to hire, increase, or death ; and the instrument is called, even in the condition, a bargain arid sale. This grantor had no, remedy which he could enforce,'to obtain payment of tho money, in personam or in rcm.\nIf the grantee in this case, had prevented the grantor from re-purchasing within the-twelve months, he and his estate were liable in an action at law for damages; or, upon a case properly charged and made out, chancery would hold the 'grantee to ' stand in the situation of a trustee, and compel him to account for the use of the property, not from the lime lie advanced the money, hut from tho time of tender.\nBut where the bill for redemption charges the instrument to he a mortgage, and alto that there was a subsequent new contract, and requires the defendant to answei as \u25a0m both those points, it is corn pc lent for hoik parlies to adduce evidence as to the character of the instrument and the existence of such new contract.\nIf the bill charges the transaction to have been a loan, and requires the defendant l\u00a9 answer to that charge, which the answer denies, and alleges it was a sale, the defendant may introduce evidence to sustain his answer. The complainant, by his-o.wnactt makes the bill evidence, and testimony to sustain it,, competent.\nThis was a-suit in chancery, heard in the Circuit Court of Hemp-stead county, in April, A. D. 1842, before the Hon. William Conway Xk, oii-e of the circuit judges. On the 31 si day'of June, A\u00bbD. 1834, Benjamin Clark executed the following instrument, under his-seal: \u201cReceived of Edward Johnson, jr., two thousand nine-hundred and fifty dollars, in'consideration of eight negro slaves, to wit: Ned, Bob, Hannah, Phillis, Patts, Henry, Christopher, and Walker,, which. I have this day sold and delivered to the said Edward Johnson,, an# I hereby, for myself, my heirs, executors, and administrators, warrant the said' negro slaves, to be sound of body and mind, and slaves for life; and I warrant and defend the title to the said slaves, to the said Edward Johnson, and his heirs, executors, and administrators, forever\u00bb The condition of the above obligation is suehr that if J, Benjamins Clark, my heirs, executors, or administrators', shall well and truly, within twelve months from the dale hereof, pay to the said Edward Johnson, jr., his heirs, executors, or - administrators, the aforesaid'' sum-of two-thousand nine hundred and fifty dollars, then the above deed of bargain and sale, (o be void in law, else to be and remain in full force and virtue.\u201d The negroes were delivered to Johnson at the date of the deed, where they remained until the determination? of the suit.\nOn the 10th day of April, 1838, Clark filed his bill of redemption. He stated the money advanced him by Johnson, to have been a loan, and the instrument intended as a mortgage. That in.the NovenabeE following the execution of the deed, Clark, by his agent, tendered Johnson the amount due on the mortgage, which he refused to receive.\nJohnson answered, denying that the money was a loan, and aver-i\u2019ng the transaction to have been a conditional sale: to prove which, he exhibited the instrument itself, and alleged that there was no condition other than was expressed in the deed. He denied that Clark ever oflered to re-purchase or redeem the negroes, and averred lhat the person who made the alleged tender was not authorized by Clark, nor even made a legal tender; that he acted as a mere volunteer,. \u2022and for the purpose of getting the negroes, and then taking a mortgage from Clark to himself; and that the tender was in paper money, \u00a1and not the funds of Clark. Ho also stated that sometime in 1834,. ire agreed to give Clark \u202125@ for any right he might have to re-purchase or redeem the negroes, and that in Jane, 1835, he,paid that sum to Ciark\u2019s wife for that purpose.\nThe suit afterwards proceeded against William Trimble, as executor of Johnson, who filed an amended answer, alleging that Clark never executed any bond, bill, note, or other instrument of writing, <or made any contract to, or with, Johnson, acknowledging the money received to be a debt or loan, nor was there any agreement that it was a debt or lean. General replications were filed to each answer.\nSeveral depositions were taken in the cause, and on the hearing' an October, 1841, they were read, subject by consent, to certain exceptions and objections to them, taken by the complainant.\nThe complainant proved by two witnesses, the tender, by his agent, ns alleged in the biM; that the money tendered was paper money, but good current money, is which Johnson did not object, but refused to receive it, because part of it was the agent\u2019s own money, who was 4\u00ae retain part of the negroes until he was paid. One of the complainant\u2019s witnesses also proved, that Johnson had proposed to purchase the residue of Clark\u2019s interest in the negroes, that Clark had said that if he would give him as much as any body elso would, he -should have them, and that Johnson, at one lime, gave Mrs. Clark between two and three hundred dollars on account of some promise he had made Clark in regard to the negroes.\nThe defendant proved that the money advanced by Johnson was spoken of at the time, as the price agreed on for the negroes, each being priced separately, and that \u00a1nothing was said about a loan when the.deed was made, but it was spoken of between the parties, \u00a1as a sale and purchase. That the prices given were as much as the negroes were worth; that Clark was much in debt, supposed to be insolvent, and the money went to pay executions against him.\nThe complainant excepted to the depositions on several grounds\u2014 principally, that parol evidence was inadmissible to explain or contradict the deed, and that the questions were leading.\nIn May, 1811, the court, supposing the cause not to be fully at issue, after it had been heard and argued, continued the cause, with leave to the compfainant to-file an amended or supplemental bill in reference to the purchase of the equity of redemption, and the defendant to answer, and that further testimony might be taken, and a cross bill and amended replication filed.\nIn October, 1811, However, the cause being found to have been fully at issue, it.was heard, and the court decreed that Claik'should be allowed to redeem, and directed the master to take an account, charging interest against Clark on the mortgage money, at the rate of ten per centum per annum., and crediting him with the hire and profits, deducting (he expenses of the negroes, and making annual rests. At April term, 1842, the master reported the sum of \u2021 1002 27 cents, still due, having allowed hire at credit prices, and deducted the hire for each year at the end thereof; and the decree was made final, allowing Clark to redeem on payment of the sum lound due, and adjudging the costs against him. .\u2019The defendant appealed.\nTrimble & Fowler, for appellant.\nThe contract is a conditional sale, or sale with a right reserved to re-purchase -within a definite period, and not a mortgage. See 4 Kent Com. 142; 2 Pet. Con'd Rep. 480; Conway's cx'r and devisee>vs. Alexander, 3 J. J. Marsh. Rep. 355; Porter vs. Clemens, 3 Ark. Rep. 364; 2 Story's Eq. 285, 288; Flagg vs. Mann, 2 Sumner C. C, Rep>. 530; Chapman vs. Turner, 1 Call Rep. 2S0; 5 Mass. Rep. 109; 2 Mass. Rep. 493, el srq.-, 8 Mass. Rep. 159; I Ves. sr. 402; Longuit vs. O'Conner, -Sug. on Vendors, 179; 2 Sch. & L\u00b0f. Rep. 393, note a. 395; 19 Ves. 412; 4 John. Rep. 187; 1 Marsh. 170; Com\u25a0 Dig. 699; JYewl. on Cont. 152; 2 Ball & Beal. 139; Harrison vs. Lee, 1 Liltell Rep. 193; 5 Lilt. Rep. 86; Oldham vs. Halley,2 J. J. Marsh. 113; Myrick's heirs vs. Boyd, el al., 3 Hayw. Rep. 179;' 2 Yerg. Rep. 6; Benne.lt vs. Holt, 3 Yerg. Rep. 513; Overton vs. Bigelow, 1 Paige Rep. 56.\nClark does not specifically allege in his bill a tender of the money within the time specified in the contract, but attempts to save himself by setting up a new contract, or special tender agreed to by Johnson, and then rejected; which is positively denied in the answer and unsustained by proof. The answer standing uncontradicted by evidence, disproves both a general and special tender, as. well as the new contract, consequently no decree could be rendered against it on that point. The allegations and proof must correspond, and \u201ca fact alleged but not proved, cannot be the foundation of a decree.\u201d 1 Bibb Rep. 175, 316, 212. 2 Bibb Rep. 7, 26, 384. 2 Story Eq. PI. 214. .1 J. J. Marsh. Rep. 351. 3 Litt. Rep. 339. 3 Monroe Rep. 50, 225. 10 Wheat. Rep. 89. 6 Monroe, Rep. 22. 4 Monroe Rep. 174. 4 Litt. Rep. 261.\nClark, for a valuable consideration, sold his right to re-purchase or redeem to Johnson; therefore, whether the deed be a mortgage or conditional sale, he is entitled to no relief, eilher at law or in equity.\nAppellee can take no benefit in this court from his exceptions to appellant\u2019s depositions in the court below; because this court will consider them as.'waived, unless the record had shown that they were insisted upon and decided by that court. 5 Monroe Rep. 164, et seq.. Because the depositions are unexceptionable, and because, even were they stricken from the case entirely, a decree must be rendered in favor of the appellant upon the answer alone,\nClark having alleged in his bill, and specially interrogated Johnson as to the nature of the contract, whether a sale ora mortgage; whether Johnson had advanced the money as a loan, and the sale and delivery was made to him as a security for its re-payment; whether Clark had not made a tender within the time specified, general or special; and upon every other allegation claiming any merits upon which to base a decree in his favor; and Johnson having positively denied them all, severally,-and his answer being strictly consistent with the written contract, and all the evidence corroborating the answer, there is no ground left for Clark\u2019s decree to rest upon. The answer in such case, even without (he corroborating circumstances and evidence, must prevail and be taken as conclusive against Clark\u2019s pretended equity. An answer responding to, and denying the allegations of the bill, as to matters within defendant\u2019s knowledge, must be taken as true, unless disproved by two witnesses, or one, and strong corroborating circumstances. See 1 Cooke Rep. LiO; 4 Con'd Rep.' 311; 3 Wheat. Rep. 520; 2 Con\u2019d, Rep. 293; and in notes. 1 Cow\u201e Rep. 743; Woodcock vs. Bennett, Gilb. Lam of Ev. 45; 1 Vern. Rep. 136, 208; 3 Monroe Rep. 225; Hawkins vs. Embry, 3 Hayw. Rep. 19; Blair & Co. vs. Brabsom, 4 Mon. Rep. 174; Whittington & Co. vs. Roberts, 5 Con'd Rep. 136; Hughes vs. Blake, 6 Wheat. Rep. 453; 10 John Rep. 540; Clasonvs. Morris, Hardin's Rep. 537; Bright's heirs vs. Haggin, 3 Chan. Cas. 123; 1 Harr. Ch. Pr. 305; 1 Lilt. Rep. 41; and every book upon the subject. 1 Call. Rep. 280, Chapman vs. Turner; 2 J. J. Marsh. 115; 7 Cr. Rep. 69; 9 Cr. Rep. 153; I Wash. C. C. Rep. 230, Higbee vs. Hopkins; 1 Paige Rep. 242, Stafford vs. Bryan.\nThe evidence of tender, even were it sufficient in other respects, is wholly defective and insufficient in this, that the witness\u2019 statement of time is indefinite, and given only on supposition, and is also the amount tendered. Where a witness states that the facts stated in his deposition are to the best of his knowledge and belief, without mentioning whence his knowledge is derived, or his belief induced, this is no evidence at all.1 10 John. Rep. 531, Clasonvs. Morris,\nIn equity, the intention of the parties at the time, is the main criterion by which the nature of the contract \u2014 whether a mortgage or defeasible sale \u2014 must be determined. And this is conclusively established in favor of the appellant. 2 Con'd Rep. 480, Conway's ex'r vs. Alexander; 1 Eq. Cas. Abr. 310, 311, el seq.; 3 Ark. Rep. 364, Porter vs. Clemens; 1 Call 280; 2 Yerg. Rep. 8, Bennett vs. Holt; 3 Yerg. Rep. 519, Overton vs. Bigelow; 3 J. J. Marsh. Rep; 355, Ed-rington & Co. vs. Harper; 1 Lilt. Rep. 192, Harrison vs. Lee; l J. J. Marsh. 312; 2 J. J. Marsh. 114; 1 Marshall 178; 2 Mass. Rep. 497, Erskine vs. Townsend; 2 Cowen Rep. 331, Clark vs. Henry.\nWhere the words of the contract show a sale and a fixed price, it evinces that a sale and not a mortgage was the intention, and excludes judicial interference for redemption. 1 Call Rep. 286, Chapman vs. Turner; 2 Yerg. Rep. 8; Bennett vs. Holt.\nA mortgage is always founded on a loan or debt, and is a security for the re-payment of the money. 1 Call Rep. 286; 3 Hayw. Rep. 181; 2 Yerg. Rep. 8; 3 Yerg. Rep. 517; 3 J.J. Marsh. Rep. 355.\nA defeasible sale is where no debt is duo, and the property in the mean time belongs to the vendee. 3 Hayw. Rep. 181; 2 Yerg. Rep. 8.\nIn this case, Johnson had no remedy against Clark, for a recovery of the amount paid, &c. The remedy must be mutual, or equity will not interfere. 2 Con'd Rep. 480, Conway's ex\u2019r &c. vs. Alexander; 7 Monroe\u2019s Rep. 423, Butts vs. Boudenant; 1 Litt. Rep. 193, Harrison vs. Lee.\nTrapnall & Cocke, Pike & Baldwin, contra.\nThe instrument in this case was in form a mortgage according to the strict technical definition of that word. It created an estate upon a condition defeasi-ble upon the performance of the condition, according to its legal effect. Erskine vs. Townsend, 2 Mass. 493.\nA mortgage is elsewhere defined to be, a conditional conveyance of land, designed as security for the payment of money, or performance of some other act, and to be void upon such payment, or performance. 1 Hilliard, 266. 1 Powell, 1, 2, 3, 4, 5.\nA mortgage may be made by an absolute deed, and a defeasance both; instead of a single conditional deed. Hilliard, 267. Bod-well vs. Webster, 13 Pick. 411. Colwell vs. Woods, 3 Walts, 188.\nAs to what constitutes a mortgage, there is no difficulty. The particular form, or words, of the conveyance, are unimportant, and it is a general rule, subject to few exceptions, that wherever a conveyance, assignment, or other instrument, transferring an estate, is originally intended between the parties, as a security for money, or for any other incumbrance, whether this intention appears from the same or any other instrument, it is always considered as a mortgage, and consequently redeemable. 2 Story's Eq. 287. 4 Kent, 142. 2 Fondb. B. 3, ch. 1, \u00a7 4, and note e. Id. \u00a7 5, note h.\nSo inseparable is the equity of redemption, that it cannot be dis.annexed, even by an express agreement of the parties. 2 Story Eq. 287. 2 Newcomb vs. Benham, 1 Vern. 232. Seton vs. Slade, 7 Ves. 273. Holdridge vs. Gillespie, 2 J. C. R. 33.\nThe equity of redemption exists in mortgages of personal as well as of real estate. 2 Story Eq. 297. Kemp vs. Westbrook, 1 Ves. 273. Hart vs. Ten Eyck, 2 J. C. R. 100. Harrison vs. Hart, Co. R. 392, 44.\nA mortgage, in form, purports to convey a present estate to the mortgagee* liable to be defeated by (he performance of the condition named: but the modern doctrine is, that the mortgagor as well at law, as in equity, remains the owner of the land. 1 Hilliard, 296. 2 Hilliard, 319.\nA conditional sale is an absolute sale, with an agreement to permit a re-purchase. This is the distinction between it and a mortgage. 1 Hilliard 271. Davis vs. Thomas, 1 Russ. & Mylne, 506.\nIn regard to the absence of a covenant to repay, or bond, or other collateral evidence of debt, the rule is now settled, that nothing of the kind is now necessary to constitute a mortgage, or to make the grantor liable for the money. Nor would it be the less a mortgage, because the mortgagee chose to rely on the property alone for his security \u2014 deeming it an adequate fund. The true test is, whether thcic is a debt subsisting, capable of being enforced, either in rem or in personam. Nor does it make any difference, that the property has been placed in the hands of the mortgagee. The fact (hat (here is no such covenant or obligation, is of no importance at all, where the instrument isdn form a mortgage, but only where it is in form a conditional sale, (hat is, an absolute sale, with a covenant to recon-vcy. Floyer vs. Lavington, I P. Wil. 270. Iiozoell vs. Price, ib. 294. King vs. King & Ennis, 3 P. Wil. 359. Cope vs. Cope, 2 Salk. 449. Balsh vs. Hyman, 2 P. Wil. 455. Manlove vs. Bale & Bruton, 2 Vern. 84. Belvedere vs. Rockfort, 6 Bro. P. C. 520. Phillips vs. Phillips, 2 Bro. C. R. 273. Mellar vs. Lees, 2 Aik. 496. Goodman vs. Grierson, 2 Ball & Beat. 278. Flagg vs. Mann, 2 Sumn. 533. B/own vs. Bement & Strong, 8 J. R. 96. Clark vs. Henry, 2 Cowen 324. Slee vs. Manhattan Co. 1 Paige 48. Edring-ton vs. Harper, 3 J. J. Marsh. 356. Dougherty- vs. McColgin, 6 Gill & John. 275. Glover vs. Payn, 19 Wend. 518. Comoay's ex\u2019r vs. Alexander, 7 Cranch 218. Rice vs. Rice>4 Pick. 349. Jfewhall vs. Bent, 7 Pick. 157. Wilcox vs. Morris, 1 Murph. 117. Wharf vs. Howell, 5 Binn. 499. Eaton vs. Green, 12 Pick. 526. Kent vs. Aubrilain, 4 Howard 317.\nTo say that there is no remedy for the recovery of the money, is a mere begging of the question, for if the instrument is a mortgage, there is a remedy. Wharf vs. Howell, 5 Binn. 503. Whee.land vs.. Swartz, l Ycalcs 583.\nThe innovation upon the general rale of evidence, that no parol evidence is admissible to contradict or vary the legal effect of a deed, by which it is allowable to show an absolute deed to have been intended as a mortgage, is made in favorem debiloris exclusively. No such evidence is admissible in favor of the creditor, to show that an instrument in form a mortgage, was intended to be a conditional sale. \u25a0Flagg vs. Mann, ub sup.; Ring vs. Franklin, 2 Hall, 1, 13; Walker vs. Walker, 2 Aik. 98; Vernon vs. Bethell, 2 Eden, 110; Marks vs. Pell, 1 J. C. R. 594; Taylor vs. Luther, 2 Sumn. 232; Clark vs. Henry, 2 Cowen 324; Slee vs. Manhattan Co., 1 Paige 48; Roach vs. Cosine, 9 Wend. 227; Reading vs. Weston, 8 Conn. 120; Walton vs. Craily, 19 Wend. 03; Murphy vs. Trigg, 1 Mon. 73; Washburn vs. Merrily, 1 Day 139; James vs. Mory, 2 Cowen 247; Gilchrist vs. Cunningham, 8 Wend. 641; Champlin vs.. Butler, 18 J. R. 173; Strong vs. Stezoart, 4 J. C. R. 167; James vs. Johnson & Mory, GJ. C. R. 417; Skin/ier vs. Miller,. 5 Lilt. 85; Reed vs. Lansdale, Hardin 6; Secrest vs. Turner, 2 J. J. Marsh. 471; Fan Bur\u00e9n vs. Olmstead, 5 Paige 9.\nThe simple question is, would the court, looking at the face of the instrument alone, hold it to be a mortgage? If so, the whole matter is decided.\nThe mortgagee of negroes is liable for the hire, an allowance for raising being deducted, and the hire is properly applied in annual rests to keep down the interest, and also to extinguish the principal. An agreement that the hire should simply off-set the interest, would have been usurious. Robertson vs. Campbell, 2 Call 421. Fenzoick vs '. Macy's ex'r, 1 Dana 286. Saunders vs. Frost\u2019, 5 Pick 260. Wal-cott vs. Sullivan, 1 Edw. 399. Bainbridge vs. Ozuen, 2 J. J Marsh. 465. Reed vs. Lansdale, Hardin 7. Bennington vs. Harzoood, Tur. & Russ. 477. Wilson vs. Metcalfe, 1 Russ. 530. Whittick vs. Kane, I Paige 202. Wilkins vs. Sears, 4 Mon. 348. 'Field vs. Beebe, 3 Bibb 18. Van Bur\u00e9n vs. Olmstead, 5 Paige 9. Gould vs: Tancred, HAtk. 538. 6 Mon. 122. Ballinger vs. Worley, 1 Bibb 195. Davenport vs. Tarllon, 1 Marsh\u2022 244. Wilkiti\u2019s ex'rs vs. Sears, 4 Mon. 347. Morris vs. Morris, 3 J. J. Marsh. 108. Gordon, vs. Lewis, 2 Sumner 147. Sheppard vs. Elliott, 4 Madd. 251- Gibson vs. Crehore, 5 Pick. 160. Saunders vs. Frost, 5 Ih'c/c. 259. Reed vs. Reed, 10- Pick. 398.\n[At January Term, 1843:]"
  },
  "file_name": "0321-01",
  "first_page_order": 321,
  "last_page_order": 345
}
