{
  "id": 8727507,
  "name": "Evans and Black vs. Percifull",
  "name_abbreviation": "Evans v. Percifull",
  "decision_date": "1844-01",
  "docket_number": "",
  "first_page": "424",
  "last_page": "431",
  "citations": [
    {
      "type": "official",
      "cite": "5 Ark. 424"
    }
  ],
  "court": {
    "name_abbreviation": "Ark.",
    "id": 8808,
    "name": "Arkansas Supreme Court"
  },
  "jurisdiction": {
    "id": 34,
    "name_long": "Arkansas",
    "name": "Ark."
  },
  "cites_to": [
    {
      "cite": "3 Ohio 232",
      "category": "reporters:state",
      "reporter": "Ohio",
      "case_ids": [
        211649
      ],
      "opinion_index": -1,
      "case_paths": [
        "/ohio/3/0218-01"
      ]
    },
    {
      "cite": "2 Ohio 233",
      "category": "reporters:state",
      "reporter": "Ohio",
      "case_ids": [
        574748
      ],
      "opinion_index": -1,
      "case_paths": [
        "/ohio/2/0213-01"
      ]
    },
    {
      "cite": "2 Yeates 284",
      "category": "reporters:state",
      "reporter": "Yeates",
      "opinion_index": -1
    },
    {
      "cite": "13 Serg. & R- 208",
      "category": "reporters:state",
      "reporter": "Serg. & Rawle",
      "case_ids": [
        1813973
      ],
      "opinion_index": -1,
      "case_paths": [
        "/serg-rawl/13/0208-01"
      ]
    },
    {
      "cite": "14 Peters 322",
      "category": "reporters:scotus_early",
      "reporter": "Pet.",
      "case_ids": [
        3334629
      ],
      "weight": 3,
      "pin_cites": [
        {
          "page": "330"
        }
      ],
      "opinion_index": -1,
      "case_paths": [
        "/us/39/0322-01"
      ]
    },
    {
      "cite": "4 Peters 349",
      "category": "reporters:scotus_early",
      "reporter": "Pet.",
      "case_ids": [
        3309350
      ],
      "opinion_index": -1,
      "case_paths": [
        "/us/29/0349-01"
      ]
    },
    {
      "cite": "5 Wheat. 116",
      "category": "reporters:scotus_early",
      "reporter": "Wheat.",
      "case_ids": [
        1442077
      ],
      "opinion_index": -1,
      "case_paths": [
        "/us/18/0116-01"
      ]
    },
    {
      "cite": "4 Wheat. 77",
      "category": "reporters:scotus_early",
      "reporter": "Wheat.",
      "case_ids": [
        4707
      ],
      "opinion_index": -1,
      "case_paths": [
        "/us/17/0077-01"
      ]
    },
    {
      "cite": "9 Cranch 64",
      "category": "reporters:scotus_early",
      "reporter": "Cranch",
      "case_ids": [
        533615
      ],
      "opinion_index": -1,
      "case_paths": [
        "/us/13/0064-01"
      ]
    },
    {
      "cite": "4 Cranch 403",
      "category": "reporters:scotus_early",
      "reporter": "Cranch",
      "case_ids": [
        639421
      ],
      "opinion_index": -1,
      "case_paths": [
        "/us/8/0240-01"
      ]
    },
    {
      "cite": "2 Peters 169",
      "category": "reporters:scotus_early",
      "reporter": "Pet.",
      "opinion_index": 0
    },
    {
      "cite": "1 Peters 340",
      "category": "reporters:scotus_early",
      "reporter": "Pet.",
      "opinion_index": 0
    },
    {
      "cite": "10 Peters Rep. 479",
      "category": "reporters:scotus_early",
      "reporter": "Pet.",
      "opinion_index": 0
    }
  ],
  "analysis": {
    "cardinality": 767,
    "char_count": 15693,
    "ocr_confidence": 0.513,
    "pagerank": {
      "raw": 3.6675128693513007e-07,
      "percentile": 0.8908071474437312
    },
    "sha256": "dd86ed4480f0a09134152637d3bed0e4db9b03af3ae42b9619d2736a77129aca",
    "simhash": "1:03f78c20191c93af",
    "word_count": 2727
  },
  "last_updated": "2024-02-27T21:30:20.185486+00:00",
  "provenance": {
    "date_added": "2019-08-29",
    "source": "Harvard",
    "batch": "2018"
  },
  "casebody": {
    "judges": [],
    "parties": [
      "Evans and Black vs. Percifull."
    ],
    "opinions": [
      {
        "text": "By the Court,\nSebastian, J.\nThe question whether the admission of 'the deed from the auditor of the Territory, was error in the circuit court is not necessarily presented by the record for adjudication. Nor is it, in the view which we entertain, necessary to decide how far the deed was competent to prove title to the premises in question. Whether the deed was properly admitted or not, is a mere question of practice as to the proper order of making proof of the facts. The deed and record of the proceedings in the suit'for confirmation, were virtually introduced together. The effect of the decree rendered in the previous suit did not depend upon the fact whether the deed was offered previously or subsequent to it. They were both before the court, and constituted a part of the plaintiff\u2019s case, and the decree, if nof an absolute nullity, was sufficient evidence of plaintiff\u2019s title as between the parties, or peisons claiming under them, as Evans did under Black.\nThe cause rests entirely on the question whether the proceedings for confirmation of the title to the land in question were absolutely void or only reversible for error. If the decree of confirmation was a mere nullity, its invalidity can be shown collaterally in another action; if only reversible for error, it is binding as an adjudication of the rights of the parties to the subject in \u00e9ontroversy between them until avoided or reversed by a court having appellate jurisdiction. The whole doctrine upon the eonclusiveness of judgments and decrees has been ably expounded by the Supreme Court of the United States in the case of Vorhies vs. Bank of the United States, 10 Peters Rep. 479, and has become too well settled to require discussion. It has been justly said that \u201cthe line which separates error in judgment from the usurpation of power is very definite, and is precisely that which denotes the cases where a judgment or decree is reversible by an appellate court, or may be declared a nullity collaterally, when it- is offered in evidence in an action concerning the matter adjudicated or purporting to have been so. In the one case, it is a record importing absolute verity, in the other, mere waste paper.\u201d ^There can be no middle character assigned to judicial proceedings, which are irreversible for error. Such is their effect between the parties to the suit, and such are the immunities which the law affords to a plaintiff, who has obtained an erroneous judgment.\u201d And again, in the same case the court say, \u201cThe errors of the court do not impair their validity; binding till reversed, any objection to their full effect must go to the authority under which they have been conducted.\u201d In Tomlie vs. Thompson, the court further say, \u201cThe general and well settled rule of law in such cases is, that where the proceedings are collaterally drawn in question, and it appears on the face of them that the subject matter was within the jurisdiction of the court, they are voidable only. The errors and irregularities, if any exist, are to be corrected by some direct proceeding, either before the same court, to set them aside, or in an appellate court. If there is a total want of jurisdiction, the proceedings are void, and a mere nullity, and confer no right, and may be rejected when collaterally drawn in question.\u201d Where a court has once jurisdiction over a subject matter and the parties, it has a right to decide every question that arises in the cause; and whether the decision be correct or not, its judgment, until reversed, is regarded as binding in every other court. Elliott vs. Piersall, 1 Peters 340. 2 Peters 169. The decisions of a\ncourt, therefore, of competent jurisdiction, must be regarded however erroneous, as the final and paramount test of the rights of the parties to them, unless reversed or annulled by some appropriate proceeding, either in that or an appellate court. These doctrines have become settled rules of property, and it would be of mischievous consequences to disturb them. If a person complains of the proceedings of a Gourt, he should take the proper steps, within the prescribed time to reverse them, and his .failure to do so is the highest evidence of his intention to acquiesce in them. It amounts absolutely to acquiescence. By the jurisprudence of almost every country, a time is limited within which a person must assert his rights in the tribunals of the country. Some sanctity and protection must be afforded by these means to the judgments and decrees of courts, as necessary to the protection of property, the quieting of possessions, and to constitute them indisputable muniments of title. Were the rule otherwise, it would be in vain that the law prescribed an act of limitation or a mode of reversing the proceedings of tribunals in the appropriate forums, if the parties should be permitted to controvert their validity whenever collaterally drawn in question in'any court. This would be enabling a court to do that indirectly which it could not do directly, and exercise appellate jurisdiction where none is conferred upon it.\nIt is contended in this case, that the court has no jurisdiction of the subject matter of the suit, and that the proceedings wee to be regarded as coram non judice, because the case of title under Territorial auditor\u2019s deeds was not embraced by the provisions of the Rev. Stat. page 746. ' The words of the act are, sale \u201cmade by the auditor of this State,\u201d which, it is insisted, do not embrace deeds or sales made by the auditor of the Territory, and that this fact goes to the juris\u00bb diction of the court. The circuit court, at the date of this act, possessed \u201coriginal jurisdiction of ail civil cases, which shall not be cognizable before justices of the peace.\u201d The subject matter here is \u201cthe title to the land\u201d in question or \u201cin controversy,\u201d and jurisdiction of titles to land, was, by the constitution, left in the circuit court, and whenever any contest arose as to titles to land, the circuit court necessarily obtained jurisdiction, and which has been defined by this court, in Toby et al. vs. Bower, 3 Arks. 361. \u201cThe. power to distribute justice by legal trial and determination of the controversy between the parties, and so concludes them as to the matter adjudicated and determined.\u201d This jurisdiction could have been exercised in the ordinary forms, before the act which only prescribed a cumulative mode for the asserting such rights, and more effectually quieting such titles. The form of process adopted and subsequent proceedings in the cause are literally in compliance with the statute, and constructively operated as notice to all persons interested in the subject matter, and gave the court jurisdiction to bind their rights by its decree. The court, in deciding that the provisions of the statute, embraced the case of sales made by the auditor of the Territory, undoubtedly misconceived the law, and his proper remedy for redress was a resort to an appellate court to correct the error. The fact of sale by a State auditor, formed no ingredient in the question of jurisdiction, but affected only the manner of its exercise. It w'as a mere link in the chain of title \u2014 a part of the evidence constituting the plaintiff\u2019s case, without which he was not entitled to a confirmation of title. Had there been no deed at-all, the decree would have been conclusive of the sufficiency of the evidence to warrant it. Voorhies vs. Bank U. S., previously cited, and here there was only an insufficient evidence of title, showing a misapplication of the remedy to the right to be asserted. The same result occurs in every case where a person misconceives the proper form of action. In such cases the judgment, though reversible, is not void, but only an improper exercise of jurisdiction, and as such we regard the proceeding in this case, The judgment of the court, being one of competent jurisdiction, though erroneous, has been acquiesced in by the parties to it. It is to be regarded therefore as a solemn adjudication of their rights, and a muniment of title, by which they are concluded. It is binding, not because it is right, but because the error has been acquiesced in. The judgment of the circuit court must therefore be affirmed.",
        "type": "majority",
        "author": "Sebastian, J."
      }
    ],
    "attorneys": [
      "Pike for plaintiff.",
      "Ashley & Watkins, Trapnall & Cocke, contra."
    ],
    "corrections": "",
    "head_matter": "Evans and Black vs. Percifull.\nWhere a decree is a mere nullity, its Invalidity may be shown collaterally in another suit; otherwise where it is only reversible for error, when it is binding on the parties until reversed.\nThe line which separates error in judgment from usurpation, is very definite, and de. notes the cases revetsible for error by an appellate court, and such as may be de. dared a nullity.\nThe errors of the court do not impair the validity of their judgments \u2014 they are binding until reversed. If there be a total want of jurisdiction, the proceedings are a mere nullity and confer no right, and may be .rejected when collaterally drawn in question.\nA court once obtaining jurisdiction of the parties and of the subject matter, has the right to decide every question arising in the cause; and whether its decision be correct or not, until reversed, it is binding in every other court.\nWhere one is aggrieved by the decision of a court, he should take the proper steps, Within proper time to 'reverse it, and his failure to do so, is the highest evidence of his intention to acquiesce.\nThe circuit court has jurisdiction in all civil cases not cognizable before justices of th\u00ae peace, and in cases involving, the titles to land, that court necessarily has juris, diction.\nThis was an action of ejectment, determined in the Pulaski Circuit Court, at September term, 1840, before the Hon. Joiin J. Clex-deNin, one of the circuit judges. Percifull sued Evans for a tract of land, in said county, being the S. W. i of sec. 9, T. 2 N., R. 7 W., containing 1G0 acres. Black was made co-defendant on motion. PJea of the genera! issue entered by both defendants, and joinder,in short, by consent. At the trial, the jury found for Percifull. The defendants, during the trial, excepted to the admission of the evidence offered by Percifull, and filed two bills of exception. The first evidence offered by Percifull, was the deed of the auditor of public accounts of th'e late Territory of Arkansas, executed by him, under his private seal, in the presence of two witnesses, but neither acknowledged nor recorded, conveying to P. the tax title to the land in dispute, as having been purchased by him, at Auditor\u2019s sale.of land for taxes in 1834. The other evidence offered by P. was the petition of P. to said Pulaski circuit court for confirmation of the title so obtained, and the advertisement of notice to all persons to contest; the answer of Black to the petition, and the decree of the court confirming the title, at October term, 1837. This was all the evidence offered on the question of title. On the writ of inquiry, the jury found one cent damages. Percifull refused to receive the verdict or to pay the jury, but a rule to show cause was entered against him, returnable at once, and he failing to show cause against the rule, ft was made absolute, and he paid the jury. Percifull moved for new trial of the inquiry of damages, but his motion was overruled, and he excepted and filed his bill of exceptions. The bill of exceptions states that the plaintiff proved by three witnesses, that the defendant, Black, had been in possession of the place since 1832, and that the rent of the place was worth $ 150 a years; but neither one of the witnesses stated whether the land mentioned in the declaration was that upon which the defendant, Black, lived \u2014 the identity was not established. The defendants moved the court, upon this evidence, to instruct the jury, that where there was no proof before them as to the title of the plaintiff, or where it commenced, their verdict could only be for nominal damages. This instruction was given, and the plaintiffs excepted. Evans and Black brought error.\nPike for plaintiff.\nThe rale of law is well settled, that no presumption can be raised in behalf of a collector who sells land for taxes, to cover any radical defect in his proceedings; and the proof of regularity in the procedure devolves opon the person who claims under the collector\u2019s sale. The same rules apply to sales by an Auditor. Stead's eos*rs vs. Cause, 4 Cranch 403. Parker vs. Rule\u2019s Lessee, 9 Cranch 64. Williams vs. Peyton\u2019s Lessee, 4 Wheat. 77. McClungvs. Ross, 5 Wheat. 116. Thatcher vs. Powell, 6 Wheat. I1& Rankendorff vs. Taylor's Lessee, 4 Peters 349. Gaines et al. vs. Stiles, 14 Peters 322. James vs. Gordon, 1 Wash. C. C. R. 333v Wistar vs. Kammerer, 2 Yeales 10U. Young vs. Marlin, id. 312\". Watt vs. Gilmore, id. 330. Birch vs. Fisher, 13 Serg. & R- 208. Blair vs. Caldwell, 2 Yeates 284. Jackson vs. Shepard, 7 Cowen 88'. Garret vs. Wiggins, 1 Seam. 335.\nAn auditor\u2019s deed for land sold for taxes, cannot be permitted to go in evidence to the jury, without proof that the requisites of the law, which subjected the land to taxation and sale, have been complied with; even under a statute which provides\u2019that all deeds of lands sold for taxes shall convey to the purchaser all the right, title, and interest, of the former proprietor, in, and to, the land so soldj and shall be received in all courts as good and sufficient evidence of title in such purchase. ~ Gaines et al. vs. Stiles, ub sup. 2 Ohio 233. Lessee \u00f3fc. vs. H-tnphilCs heirs, 3 Ohio 232. The deed having been made before the passage of the law, as in this case.\nThe law in force when the deed was made, governed and-determined the effect of it as evidence. A subsequent act, giving such deeds greater effect as evidence, has no effect upon it. Garret vs. Wiggins, 1 Scamman 335.\nBefore any lands could be sold by the territorial auditor, under the act of 1833, they must have been regularly listed for taxation, the list acted upon by the clerk, a copy sent to the auditor, and one hied in the clerk\u2019s office, or else the list must have been regularly transmitted by the auditor to the sheriff, in the case of non-resident or military bounty lands. The land must further have been regularly advertised for sale, sixty days before the sale, and the sale must have-taken place on the proper day, and at the court house door. The kind must have been offered for sale, and for want of bidders, stricken off the States and this must have taken place previous to the first of December, 1828. Then the auditor must have complied with all the provisions of the act of 1833. Terr. Dig. 485, 465, sec\u2019s 15* 16, p. 466, sec. 17; p. 492, sec. 87; sec\u2019s 17,18, 19, 21, 22,23, 24, 84, 85, 86, 28, 72.\nTranscripts, abstracts, tax lists, &\u00ab., required to be registered in books by this law, became records, and could not be proven by the certificate or statement of the auditor. Nor could advertisements. Gaines vs.' Stiles, ub sup.\nBy the chapter in the Revised Code concerning tax titles, the rule of evidence is changed, and the burden of showing any informality, irregularity, &c., is devolved upon the former proprietor, only in the particular proceeding for confirmation, created by that chapter. The deed of the sheriff or auditor is made better evidence than it was before, only when offered in evidence under that particular proceeding.\nThe deed was never recorded. A sheriff\u2019s deed must be recorded like any other deed. Jackson vs. Post, 9 Cowen 120. Jackson vs. Terry, 13 J. R. 471.\nThe decree of confirmation was no evidence. No such proceeding could kgaily be had on a deed of the Territorial auditor. The act only gives the proceeding on deeds executed by the auditor of the Stale, and such are its express words.\nAshley & Watkins, Trapnall & Cocke, contra."
  },
  "file_name": "0424-01",
  "first_page_order": 424,
  "last_page_order": 431
}
