{
  "id": 8727591,
  "name": "Duke et al. vs. Crabtree",
  "name_abbreviation": "Duke v. Crabtree",
  "decision_date": "1844-01",
  "docket_number": "",
  "first_page": "478",
  "last_page": "479",
  "citations": [
    {
      "type": "official",
      "cite": "5 Ark. 478"
    }
  ],
  "court": {
    "name_abbreviation": "Ark.",
    "id": 8808,
    "name": "Arkansas Supreme Court"
  },
  "jurisdiction": {
    "id": 34,
    "name_long": "Arkansas",
    "name": "Ark."
  },
  "cites_to": [
    {
      "cite": "2 Ark. Rep. 330",
      "category": "reporters:state",
      "reporter": "Ark.",
      "case_ids": [
        1848248
      ],
      "opinion_index": -1,
      "case_paths": [
        "/ark/2/0330-01"
      ]
    },
    {
      "cite": "3 Ark. 271",
      "category": "reporters:state",
      "reporter": "Ark.",
      "opinion_index": -1
    },
    {
      "cite": "2 Ark. Rep. 490",
      "category": "reporters:state",
      "reporter": "Ark.",
      "opinion_index": -1
    },
    {
      "cite": "1 Ark. Rep. 365",
      "category": "reporters:state",
      "reporter": "Ark.",
      "opinion_index": -1
    }
  ],
  "analysis": {
    "cardinality": 277,
    "char_count": 3601,
    "ocr_confidence": 0.53,
    "pagerank": {
      "raw": 7.011288093947085e-08,
      "percentile": 0.423392058764816
    },
    "sha256": "0bffb68a79f05c4ece1d3b49dc6bc776e2ef0db9a74e0d4d89e2cba9a49f1b77",
    "simhash": "1:3264b68158634485",
    "word_count": 637
  },
  "last_updated": "2024-02-27T21:30:20.185486+00:00",
  "provenance": {
    "date_added": "2019-08-29",
    "source": "Harvard",
    "batch": "2018"
  },
  "casebody": {
    "judges": [],
    "parties": [
      "Duke et al. vs. Crabtree."
    ],
    "opinions": [
      {
        "text": "By the Court,\nLacy, J.\nThis case comes within the principle just decided in the case of Perkins and wife vs. Crabtree, as adm\u2019r, and for the reasons there assigned, is reversed. There is another error assigned, which it is necessary to notice. It is said that the plea of payment was in and undisposed of, and the case went off on demurrer. We have inspected the record and find no such plea upon the rolls. The clerk states that there was such a plea upon which issue was-joined. This statement of his, as has been repeatedly here ruled, forms no part of the record; and consequently we are not at liberty to notice the objection.",
        "type": "majority",
        "author": "Lacy, J."
      }
    ],
    "attorneys": [
      "Conway B., for plaintiffs.",
      "Fowler, contra."
    ],
    "corrections": "",
    "head_matter": "Duke et al. vs. Crabtree.\nThe statement of the clerk that a plea was filed and issue joined, forms no part of the record \u2014 the filing must bo noticed upon the record, or it is not sufficient. Perkins and wife vs. Crabtree, ante, affirmed.\nThis was a petition in debt, in the Lafayette Circuit Court, in April, 1843, before fhc Hon. John Field, one of the circuit judges. The principles decided are similar to-those in Perkins andzoifevs. Crabtree, ante, but the cases differ somewhat in detail, and it is thought best to give a statement of both. Crabtree filed his petition in debt, according to the form of the slalnte, staling that, as administrator, &c., 'lie was the legal holder of a bond against the defendants, James M. Duke, Retus J. Williams, George Dooley, and Henry M. Robinson, \u25a0executed to him, as administrator, &c., and copied therein the following writing obligatory, to wit: \u201cTwelve months after date, we, or \u2022either of us promise to pay William Crabtree, junior, administrator \u2022of the estate of Davidson Bradley, deceased, two hundred and sixty-one dollars, for value received, this 1st day of January, 1840, to bear ten per cent, after date until paid. J. M. Duke, [seal], R. J, Williams, [seal], George Dooley, [seal], H. M. Robinson, [seal].\u201d The \u25a0defendants all appeared to the action. There also appears an entry on the record, that Duke filed a plea of payment, ad diem., that Crabtree joined issue thereto; but no plea, replication, or similiter is copied in the transcript. Afterwards, all of the defendants joined in a demurrer to the petition, and stated therein the following special \u2022causes, to wit: 1st, that they were sued by the names of James M. Duke, Retus J. Williams, George Dooley, and Henry M. Robinson, when in fact their names were J. M. Duke, R. J. Williams, George Dooley, H. M. Robinson. 2d, that Crabtree sued as administrator, &c., when he ought to have sued in his own right, which demurrer was overruled, and the demurrants electing to abide thereby, judgment was rendered against them for the debt, interest, and costs. The case came here by writ of error.\nConway B., for plaintiffs.\nThe record in this case is replete with error, and the rules of pleading have been disregarded. The demurrer should not have been considered by the court; and the court committed error in recognizing the demurrer and overruling it after receiving and acting on it. Vide Brown vs. Hicks, I Ark. Rep. 241. Eyon vs. Evans et al. 1 Ark. Rep. 365. Sabin ad. vs. Hamilton, 2 Ark. Rep. 490, and Watkins adm\u2019r vs. McDonald et al., 3 Ark. 271.\nFowler, contra.\nThe first objection taken to the petition in the demurrer, as to the names of the defendants, if tenable at all, must have been taken by plea in abatement for variance. But the objection was idle and futile, taken at any stage of the proceedings or in any manner. It is now res adjudicata. Webb vs. Jones et al., 2 Ark. Rep. 330. Dudley vs. Smith, ib. 365. Yeates vs. Heard, ib. 457."
  },
  "file_name": "0478-01",
  "first_page_order": 478,
  "last_page_order": 479
}
