{
  "id": 8728765,
  "name": "The State against John E. Graham",
  "name_abbreviation": "State v. Graham",
  "decision_date": "1839-01",
  "docket_number": "",
  "first_page": "428",
  "last_page": "436",
  "citations": [
    {
      "type": "official",
      "cite": "1 Ark. 428"
    }
  ],
  "court": {
    "name_abbreviation": "Ark.",
    "id": 8808,
    "name": "Arkansas Supreme Court"
  },
  "jurisdiction": {
    "id": 34,
    "name_long": "Arkansas",
    "name": "Ark."
  },
  "cites_to": [],
  "analysis": {
    "cardinality": 816,
    "char_count": 22353,
    "ocr_confidence": 0.421,
    "pagerank": {
      "raw": 5.66852739945238e-07,
      "percentile": 0.9491188482417314
    },
    "sha256": "4ba3672020e00e47dd7a012485d9be5bd9ce8aaf352750eb88f047eef27cbaf4",
    "simhash": "1:96f3e5cfc400f289",
    "word_count": 3751
  },
  "last_updated": "2023-07-14T20:13:03.293086+00:00",
  "provenance": {
    "date_added": "2019-08-29",
    "source": "Harvard",
    "batch": "2018"
  },
  "casebody": {
    "judges": [],
    "parties": [
      "The State against John E. Graham."
    ],
    "opinions": [
      {
        "text": "Rincso, Chief Justice,\ndelivered the following opinion in two cases, the two being precisely alike in every respect:\nThis is an indictment originally prosecuted in the City Court of Little Rock, against the defendant,for betting at a prohibited game commonly called faro; upon which the defendant was convicted on his own .confession of guilt, and a lino imposed upon him, and judgment therefor given in the City Court. To reverse which the defendant prosecuted a writ of error out of this court, whereby a transcript of the record, proceedings and judgment against him in the City Court, was brought before this court, and the judgment reversed, and the case remanded to the Circuit Court of Palaski county, to be there proceeded in according to law, and the opinion of this court delivered therein. The Circuit Court on the appearance of the case therein, ordered and permitted the mandate of this court to be filed and entered on the. record; and afterwards permitted the defendant to plead to the jurisdiction of the court, and upon the issue formed thereupon, decided that the Circuit Court had no jurisdiction of the case, and gave a final judgment, \u201c that the' defendant be discharged, and go hence without\nTo this opinion and judgment the attorney proseculingjfor the Slate excepted and filed his bill of exceptions, which was made a part of the record; and thereupon prosecutes this writ of error, in the name of the State, to reverse said judgment.\nThe first question presented is this: Is the State entitled by law to the writ of error. This right is denied by the defendant, and willbe examined by the court. The case originated in the city court, but as to the present question, it must be governed by the same principles and laws as if it had been originally prosecuted in the Circuit Court; the question therefore, from the extent of its appreciation, is one of interest and importance, and is not free from difficulty.\"\nPrior to the adoption of the constitution, the jurisdiction of the Circuit Court in all criminal cases of which they had cognizance, was \u201c exclusive.\u201d\nThe 5th section of the act of Congress approved April 17, 1828, Ark. Dig. jo. 42, expressly prohibited the right of appeal in criminal cases, from the Circuit Court to the Superior Court; and the Legislature by an act approved October 22, 1828, Ark. Dig. p. 122, S. 2, provided that the Circuit Courts should have \u201c the exclusive cognizance of all criminal cases within their respective circuits,\u201d whereby the whole jurisdiction of criminal cases became vested in the Circuit Court.\nThese Statutory provisions were in force when the constitution was adopted, and the change from a Territorial to a State form of Government, took place, except so far as the latter act, was modified by the act of 1835, in conferring upon the City Court of Little Rock, the exclusive original of all criminal cases, less than felony at common law, arising within the incorporated limits of said city; a modification which has no influence on the question now under consideration.\nThe constitution in section 3rd of artille YI, provides that \u201c the Circuit Court shall have original jurisdiction over all criminal cases which shall not be otherwise provided for bylaw; and exclusive original jurisdiction of all crimes amounting to felony at the common law.\u201d\nAnd in section 2, of the same article, it is provided that \u201cthe Supreme Court, except in cases otherwise directed by this constitution, shall have appellate jurisdiction only, which shall be co-extensive with the State, under such restrictions and regulations as may from time to time be presented by law.\u201d\nThese are believed to be the only provisions in the constitution which-have any relation to-the subject; and they do not direct the Circuit Courts of their \u201c exclusive\u201d jurisdiction in criminal matters; for between the grant of original jurisdiction conferred by the constitution, and the grant of \u201c exclusive \u201d jurisdiction given by the Statute, there is no conflict: because it is obviously true, that the same tribunal may have the original, sole, and final adjudication of any given case or class of cases, and whenever this is the case, the jurisdiction of such-tribunal over such case or class of,cases, is exclusive; but whenever the jurisdiction of any case or class of cases, is distributed between different tribunals, as where one has original, and another appellate-jurisdiction over the same case, neither tribunal has the exclusive jurisdiction thereof. The grant in the constitution confirms in the Circuit Courts, a part of the powers with which they were then invested by the Statute, without divesting them of any other power, conferred upon them by law.\nNor is there any conflict between the provisions of the Statute conferring on the Circuit Courts exclusive jurisdiction in criminal cases, and the appellate jurisdiction conferred by the constitution on the Supreme Court. The latter, although it is declared to be co-extensive with the-State, is no where defined in the constitution, that is, the constitution wholly omits to point out the subjects to which the appellate jurisdiction of the Supreme Court shall extend, or to indicate in any manner whether it shall be exercised over the decisions of the Circuit Courts, the county courts, the probate courts, corporation courts, or justices of the peace, or all, any or either of them-: therefore the\u2019whole appellate power and jurisdiction of the Supreme Court is made by the constitution itself to depend upon the law as it stood when the constitution was adopted; subject,however, to such alterations as the legislature should from time to time prescribe by law \u2014 thereby confiding to the law and the legislature without any restraint whatever, the whole right and the exclusive privilege of specifying the particular subject to which the appellate power of the Supreme Court shall extend, and regulating and prescribing the manner in which they shall be brought before the court, whether by appeal, writ of error, or otherwise; also at what ' time, by whom, and from the decision of what court they shall or may be so brought up; consequently the legislature may bylaw at any time, change or modify the different subject matters to which the appellate power of this courtshall extend, making it cover more or less space, asthey \u2022shall think proper. If this view of the appellate jurisdiction of the Supreme Court be correct, as from a careful examination of the whole judiciary system and every branch thereof, and of the powers of each, as conferred or limited by the Constitution, we are induced to believe it is, it follows as a nec\u00e9ssary consequence, that the exclusive jurisdiction of the Circuit Courts over criminal matters is not affected or impaired by any thing contained m the constitution. The schedule 'in the constitution, section 2, declares, \u201c that all lays now in force in the Territory of Arkansas, which are not repugnant to the constitu-lion, shall remain in full force until they expire by their own limitations, orbe altered or repealed by .the General Assembly.\u201d\nAnd the act approved 7th November, 1836, section 3, provides that the Circuit Courts \u201c shall have cognizance and legal jurisdiction \u201d \u201c of all pleas in the State, and criminal matters of what nature or denomination soever,\u201d and declares that sgid courts shall \u201c have full powers and authority to give judgment and award execution and other process necessary to the action of said Courts thereupon, as heretofore belonged to the Circuit Courts in the late Territory of Arkansas, and have use exclusive and enjoy the same powers, authorities, lights, and privileges, as were, had, used, and enjoyed, by the said Circuit Courts heretofore existing, except where it is otherwise directed by this-or some other act; or where'such powers, authorities, rights, or privileges, or any of them, maybe inconsistent or repugnant to the present form of government.\nThese provisions in the schedule contained in the constitution, and the act of 1836, were\u00bbevidently intended to leave the jurisdiction and powers of the Circuit Courts, over criminal cases, precisely as they stood when the constitution was adopted; and We think it is shown satisfactorily, from the concise view of the subject already presented, that they are not in conflict with the constitution, or \u201cinconsistent or repugnant to the present form of government,\u201d \u2014 and of course the jurisdiction of criminal matters, in the Circuit Courts, remained \u201cexclusive\u201d after the change of government, precisely as it stood before the change: and the powers vested in the Supreme Court, and the judges thereof in vacation, to issue writs of error and supersedeas, does not, in our opinion, have the least influence upon the present question; because if we are right in the conclusion, that the appellate jurisdiction of the Supreme Court is made by the constitution to depend upon the law for its application to, and exercise over, any specified subject, it necessar% results that it can never be exercised in any case, without' the aid of the law, in ascertaining and defining the particular case, class of cases, or subject matter, to which it shall extend, which being thus ascertained, but n\u00f3 provision made by law, whereby the subject may be brought before the Supreme Court, the court under the authority expressly given to it, to issue writs of error, supersedeas, &c., can, by means of some of the writs which it is authorized to issue, cause the case to be brought before it, to enableitto exercise appellate jurisdiction over the subject; and the court is therefore, notwithstanding the omission in the law, authorized to hear and determine the cause; and this we understand to be the extent of the power conferred by the constitution, in the clause which empowers the Supreme Court, or the judges thereof in vacation, to issue the writs therein enumerated, or thereby authorized, so far as they relate to, or can be applied in, the exercise of the appellate power by this court, unless they may be also used to bring before the court cases which are directed by law, to be brought up in some different manner, prescribed by law;\u2014 a proposition, the truth of which we doubt, and do not decide, as it can have have no influence on the question before us. And therefore we say, a fortiori, the Supreme Court cannot exercise appellate jurisdiction in any case, over which it is provided by law, that another tribunal shall have \u201c the exclusive jurisdiction;\u201d and upon this ground the judges of this court have uniformly refused to take jurisdiction of, or exercise any appellate power in regard to criminal matters prosecuted in the Circuit Courts, prior to the taking effect of the act to regulate criminal proceedings, approved February 13,1838, by refusing to issue writs of error or supersedeas upon application therefor made, without looking into the case further than to see that the Circuit Court had jurisdiction thereof.\nThe actof 1838, above mentioned,contains the following provisions: \u201cSec. 213. In all cases of .final judgment, rendered upon any indictment, an appeal to the Supreme Court shall be allowed, if applied for at the term at which such judgment may be rendered. Sec. 214. Writs of error on application therefor shall issue, of course, in vacation,as well as in term time, outof the Supreme Court, on. final judgment in criminal matters.\nThese provisions are broad and comprehensive as language can make them. They refer as appropriately to one party as to the other, and embrace every criminal matter upon which a final judgment is tendered; and authorize an appeal to the Supreme Court if applied for at the term at which the judgment is given, or a writ of error out \u25a0of the Supreme Court, which shall issue of course, on application, in vacation, as well as in term time.\nThese provisions confer valuable legal rights; but upon whom are they conferred ? The language of the grant is general, and may appljr, as well to the State as to the defendant, unless they are restrained by the context, or some other part of the law. or prohibited by the constitution. We have looked attentively into the whole law upon this \u25a0subject, as well as the constitution, without being able to discover any thing by which the right is, or was designed to be, restricted to either party, in exclusion of the other j or prohibited to either. And there appears to us to be as much propriety in extending it to the one as to the other. It certainly was not designed to impair the existing rights of either, or to place them' on unequal ground, by a discrimination between them, the policy and justice of which would be at least questionable; for it must be conceded that the claims of public justice occupy in morals and in political economy, as elevated a position as any considerations of mere private right, and demand of the constituted authorities of the country, equal favor and protection; and the law as stood when the enactments under consideration were made, so regarded them, and denied both parlies the right of appeal. What, then, was the object of the legislature in enacting the precisions before us? The evil thought to exist, and which it was tbe principal design to remedy, by these provisions, it is confidently believed, consisted in the great uncertainty and contrarityof decision, in the different courts in criminal matters, arising from the fact of their being no superior tribunal authorized by law to revere their adjudications, and thereby establish a uniform rule of decision in that class of cases throughout the State; and therefore with a view to the accomplishment of this most desirable object, the appellate power of the Supreme Court was extended by the act under consideration, to this class of cases. If this was not the great object and design of these provisions, we are wholly at a loss \u00bfo discover what they could have been: for no one who is familiar with the various provisions of our criminal laws, and acquainted with the history of the country at the period of its passage, can entertain the opinion that there existed in the mind of any raiional person, the least apprehension of any exercise of any undue rigor or oppression towards the accused, either on the part of the courts or juries, to which their trial was then exclusively confided; but on the contrary, it is a notrious fact, amounting almost, if n.ot altogether, to a reproach upon the authorities entrusted with the administration of criminal justice, that from their great lenity and indulgence to the accused, and the too easy ear given to slight excuses, and frivolous exceptions, not extending to, or affecting the merits of the accusation, or tending to establish the guilt or confirm the innocence of the accused, many wicked and notorious offenders against the criminal laws \u25a0but too often escaped the richly merited punishment demanded against them for the violation of law which they had committed. And inde\u2022pendently of this, the constitution and laws, by investing the accused with the right of a speedy public trial, by an impartial jury of his \u2022ownselection, and the right of challenge, and of changing the ven- \u2022 ue, with the privilege of anew trial, whenever a verdict should be obtained against him by any mistake, either of law or the facts, or by any improper conduct on the part of the jury; besides numerous oth\u2022er privileges conferred by law, in addition to the ultimate right of appeal to the executive authority for a pardon, had thrown around him such ample means of security and protection, that no one ever apprehended the least danger of any innocent person suilerring punishment from any maladministration of the criminal laws of the country; consequently, if the facts existed as we have stated them, and that they did so exist cannot, in our opinion, he denied; because they comprise a part of the public history of the country, and are known to every observing member of the community; and therefore the object of the enactment under consideration, could not have been to obviate the -evil, of any real or supposed \u00bfanger of oppression or injustice towards -the defendant in criminal prosecutions: wherefore it is legitimate to ..presume that the legislature did not, intend to restrict the right of ap .peal, and have a writ of error in criminal matters to the defendant \u2022only; and the object which we have supposed they intended to accomplish thereby will be more fully answered by extending the right equally to both parties, according to the evident intention of the Legislature.\nWe are therefore of the opinion that the State is by law entitled to the writ of error in this case.\nWe arc aware of an objection which may urged against the exercise of this right, on the part of the State, in \u00e1 different class of cases, where the punishment may extend to life or limb; because of the provision contained in the constitution of the United States, as well as the constitution of this State \u2014 \u201c that no person shall, for the same offence, be twice put in jeopardy of life or limb;\u201d but however that class of cases may be effected by the provision just recited, is not a question now before us; and we do not therefore express or even intimate any opinion upon .it. The provision can have no application to, or influence upon, the right claimed for the State in this case; because the legal punishment for the offence charged in the indictment does-not affect either the life or limb of the defendant \u2014 it being a pecuniary mulct only. \u2022\nHaving disposed of the preliminary question raised in this case, we will now proceed to dispose of the only remaining question presented by the record and assignment of errors: that is, did the Circuit Court err in refusing to take jurisdiction of, and dismissing the case, and rendering judgment, that the defendant be discharged, and go hence without day. This question was in effect decided by the court, at the last term, when it was adjudged, \u201c that this case be remanded to the Circuit Court of Pulaski county, to be there proceeded in according to law, and in comformity with the opinion \u201d of this court, then delivered in this cause.\nWe have now, again, carefully re-examined this question,.and entertain no doubt of the correctness'of the judgment in this respect, then pronounced. It is a question depending solely on the act of the Legislature, approved February 21, 1838, entitled \u201cAn act supplementary and amendatory to an act, entitled 4 an act to incorporate the City of Little Rock,\u2019 approved November 2, 1835,\u201d in the 8th section of which, it is among other things provided \u201c that the jurisdiction of all offences heretofore given to, and extended by, the City Court of Little Rock, which is not by this act given to the .justices of the peace therein, is hereby transferred to the Circuit Court of the County of Pulaski, which shall hereafter have and entertain full and complete jurisdiction of all such offences.\u201d The language here used by the Legislature is clear, perspicuous, and comprehensive, admitting of no doubt, and incapable of receiving a different interpretation from that put upon it by this court at the last term. The case is embraced nothin the express letter of the law, and it was not given to the justices of the peace mentioned in the act, or any or either of \u25a0 them. The Circuit Court therefore unquestionably had jurisdiction-thereof, and erred in refusing to exercise its jurifidic tion over the case, and in dismissing the case and giving final judgment, that the defendant be discharged and go hence without day; and for this error the judgment must be, and the sam\u00e9is hereby reversed, annulled, and set aside.\nBut suppose this court had mistaken the law, and pronounced an erroneous judgment in remanding the case to the Circuit Court of Pulaski county, and in requiring that court to take cognizance thereof, and proceed to.adjudicate the case, was it competent for the court to question the correctness of the decision and judgment, and refuse obedience to the mandate? Certainly it was not. For if that court disregard the judgment and mandate in this case, it could, with equal propriety in every other case, and thus by the usurpation of powers belonging exclusively to a superior, constitute itself into a tribunal of su-supervision over the proceedings, judgments, and decrees of the Supreme Court, in direct violation of the constitution and laws of the, land.\nWherefore the judgment of the Circuit Court of Pulaski county given in the case of the defendant, ought to be, and the same is hereby reversed, annulled, and set aside with costs, and the case remanded to said,Circuit Court; and the said Circuit Court is hereby ordered and directed to take cognizance of this case, and proceed thereupon, to adjudicate this case upon the matters in controversy between the parties,, according to law, and in a manner not inconsistent, with this opinion, or the- opinion of this -court pronounced in this case at the last terna thereof.",
        "type": "majority",
        "author": "Rincso, Chief Justice,"
      }
    ],
    "attorneys": [],
    "corrections": "",
    "head_matter": "The State against John E. Graham.\nE\u00ab\u00aboa to Pulaski Circuit Court.\nl\u2019riov to the adoption of the constitution of this state, the jurisdiction of the Circuit Courts, in all criminal cases of which they had cognizance was ex-elusive.\nThe consti tution confirms in the Circuit Court a part of the powers with which they were then invested by the statute, without divesting them of any other power conferred upon them by law.\nThere is no conflict between the provisions of the statute conferring on the Circuit Courts exclusive jurisdiction in criminal cases, and the appellate jurisdiction conferred by the Constitution on the Supreme Court.\nThe appellate jurisdiction of the Supreme Court, though co-cxtensive with the state, is no where defined in the .constitution. It depends upon the law as it stood when the constitution was adopted, subject to such alterations as the legislature prescribe by law.\nThe legislature may therefore, by law, at any time change or modify the different subject matters to which the appellate power of the Supreme Court shall extend, making il cover more or less space, as thoy shall think proper.\nThe provisions in the schedule of the constitution, and the act of 1836, leave th'e jurisdiction and powers of the Circuit Court over criminal cases, precisely as they stood when the constitution was adopted."
  },
  "file_name": "0428-01",
  "first_page_order": 432,
  "last_page_order": 440
}
