{
  "id": 8727743,
  "name": "Burton vs. Hynson",
  "name_abbreviation": "Burton v. Hynson",
  "decision_date": "1847-01",
  "docket_number": "",
  "first_page": "502",
  "last_page": "503",
  "citations": [
    {
      "type": "official",
      "cite": "7 Ark. 502"
    }
  ],
  "court": {
    "name_abbreviation": "Ark.",
    "id": 8808,
    "name": "Arkansas Supreme Court"
  },
  "jurisdiction": {
    "id": 34,
    "name_long": "Arkansas",
    "name": "Ark."
  },
  "cites_to": [],
  "analysis": {
    "cardinality": 176,
    "char_count": 2515,
    "ocr_confidence": 0.544,
    "pagerank": {
      "raw": 7.475168751076561e-08,
      "percentile": 0.44546458113967263
    },
    "sha256": "be384050d65e9d0354d65cd2c257da7e4aaa950a235919077d06024e794176bc",
    "simhash": "1:05fcd157c3de9e91",
    "word_count": 413
  },
  "last_updated": "2023-07-14T20:42:58.213020+00:00",
  "provenance": {
    "date_added": "2019-08-29",
    "source": "Harvard",
    "batch": "2018"
  },
  "casebody": {
    "judges": [],
    "parties": [
      "Burton vs. Hynson."
    ],
    "opinions": [
      {
        "text": "Oldham, J.\nA plea puis darrein continuance is always pleaded by way of substitution for the former plea on which no proceeding is afterwards had. Steph. Pl. 83. If matter in abatement be pleaded puis darrein continuance the judgment, if against the defendant, will be peremptory, as well on demurrer as on trial. The plea is a waiver of the first plea, and no advantage can afterwards be taken of it. Chit. Pl. 697. The court therefore did not err in rendering judgment for the plaintiff, and we therefore affirm the same.",
        "type": "majority",
        "author": "Oldham, J."
      }
    ],
    "attorneys": [
      "Pike & Baldwin and Fowlek, for plaintiff.",
      "ByeRS & Pattekson, contra.",
      "Conway B, J. did not sit in this case, having tried the caus\u00e9 below."
    ],
    "corrections": "",
    "head_matter": "Burton vs. Hynson.\nA plea puis darrein continuance is a waiver of all previous pleas : and if the judgment on the plea be against the defendant it will be peremptory.\nWrit of Error to the Circuit Court of Independence County.\nDebt, by Hynson against Burton on a writing obligatory. Burton pleaded payment, set-ofF, and accord and satisfaction. Replb \u25a0cations and issues to the first two pleas, demurrer sustained to third, .and cause continued. At a subsequent term defendant filed a plea puis darrein continuance., alleging the bankruptcy of plaintiff, plaintiff replied, demurrer to replication sustained, Hynson appealed, and this court reversed the judgment, and remanded the cause. (See Hynson vs. Burton, 5 Ark. R. 492.)\nAt the August term 1844, plaintiff filed the mandate of this court, and in pursuance thereof the court overruled defendant\u2019s demurrer to plaintiff\u2019s replication to defendant\u2019s plea puis darrein continuance. On motion of plaintiff, a rule was made upon defendant requiring him to file bills of particulars under his pleas of payment and set-off by the next term, and the cause was continued.\nAt the February term 1845, defendant asked leave to file an amended plea of accord and satisfaction, which was refused by the court, and he excepted. On motion of plaintiff the cause was again continued.\nAt the February term 1846, plaintiff moved the court for judgment against defendant \u201cupon the demurrer\u201d theretofore \u201csustained by the court quashing defendants plea puis darrein continuance.\u201d\nThe court rendered judgment against defendant \u201cas for want of a plea,\u201d for the amount of the bond sued on, and defendant, excepted, showing in his bill of exceptions that he offered to prove that the debt declared for had been paid, but the court refusing to permit such proof made, rendered judgment as aforesaid. Defendant brought error.\nPike & Baldwin and Fowlek, for plaintiff.\nByeRS & Pattekson, contra.\nConway B, J. did not sit in this case, having tried the caus\u00e9 below."
  },
  "file_name": "0502-01",
  "first_page_order": 502,
  "last_page_order": 503
}
