{
  "id": 1324609,
  "name": "Railway Company v. Mitchell",
  "name_abbreviation": "Railway Co. v. Mitchell",
  "decision_date": "1893-03-18",
  "docket_number": "",
  "first_page": "418",
  "last_page": "422",
  "citations": [
    {
      "type": "official",
      "cite": "57 Ark. 418"
    }
  ],
  "court": {
    "name_abbreviation": "Ark.",
    "id": 8808,
    "name": "Arkansas Supreme Court"
  },
  "jurisdiction": {
    "id": 34,
    "name_long": "Arkansas",
    "name": "Ark."
  },
  "cites_to": [
    {
      "cite": "122 Ind. 295",
      "category": "reporters:state",
      "reporter": "Ind.",
      "opinion_index": -1
    },
    {
      "cite": "88 Mo. 348",
      "category": "reporters:state",
      "reporter": "Mo.",
      "case_ids": [
        438801
      ],
      "opinion_index": -1,
      "case_paths": [
        "/mo/88/0348-01"
      ]
    },
    {
      "cite": "11 Kas. 85",
      "category": "reporters:state",
      "reporter": "Kan.",
      "opinion_index": -1
    },
    {
      "cite": "51 Ark. 466",
      "category": "reporters:state",
      "reporter": "Ark.",
      "opinion_index": -1
    },
    {
      "cite": "50 N. H. 510",
      "category": "reporters:state",
      "reporter": "N.H.",
      "case_ids": [
        477373
      ],
      "opinion_index": -1,
      "case_paths": [
        "/nh/50/0510-01"
      ]
    },
    {
      "cite": "33 Wis. 552",
      "category": "reporters:state",
      "reporter": "Wis.",
      "opinion_index": -1
    },
    {
      "cite": "52 Ark. 96",
      "category": "reporters:state",
      "reporter": "Ark.",
      "opinion_index": -1
    },
    {
      "cite": "52 Ark. 524",
      "category": "reporters:state",
      "reporter": "Ark.",
      "weight": 2,
      "opinion_index": -1
    },
    {
      "cite": "96 Pa. St. 83",
      "category": "reporters:state",
      "reporter": "Pa.",
      "case_ids": [
        494584
      ],
      "opinion_index": -1,
      "case_paths": [
        "/pa/96/0083-01"
      ]
    },
    {
      "cite": "15 Wall. 524",
      "category": "reporters:scotus_early",
      "reporter": "Wall.",
      "case_ids": [
        3424681
      ],
      "opinion_index": -1,
      "case_paths": [
        "/us/82/0524-01"
      ]
    },
    {
      "cite": "114 U. S. 474",
      "category": "reporters:federal",
      "reporter": "U.S.",
      "case_ids": [
        11294777
      ],
      "opinion_index": -1,
      "case_paths": [
        "/us/114/0474-01"
      ]
    },
    {
      "cite": "11 Wall. 129",
      "category": "reporters:scotus_early",
      "reporter": "Wall.",
      "case_ids": [
        3412605
      ],
      "opinion_index": -1,
      "case_paths": [
        "/us/78/0129-01"
      ]
    },
    {
      "cite": "18 N. Y. 534",
      "category": "reporters:state",
      "reporter": "N.Y.",
      "case_ids": [
        2021174
      ],
      "opinion_index": -1,
      "case_paths": [
        "/ny/18/0534-01"
      ]
    },
    {
      "cite": "102 Mo. 438",
      "category": "reporters:state",
      "reporter": "Mo.",
      "case_ids": [
        564354
      ],
      "weight": 2,
      "opinion_index": 0,
      "case_paths": [
        "/mo/102/0438-01"
      ]
    },
    {
      "cite": "75 Ga. 338",
      "category": "reporters:state",
      "reporter": "Ga.",
      "pin_cites": [
        {
          "page": "339"
        }
      ],
      "opinion_index": 0
    },
    {
      "cite": "30 Pa. St. 239",
      "category": "reporters:state",
      "reporter": "Pa.",
      "opinion_index": 0
    },
    {
      "cite": "51 Ark. 459",
      "category": "reporters:state",
      "reporter": "Ark.",
      "case_ids": [
        8724010
      ],
      "opinion_index": 0,
      "case_paths": [
        "/ark/51/0459-01"
      ]
    },
    {
      "cite": "12 N. Y. 236",
      "category": "reporters:state",
      "reporter": "N.Y.",
      "case_ids": [
        2016268
      ],
      "opinion_index": 0,
      "case_paths": [
        "/ny/12/0236-01"
      ]
    },
    {
      "cite": "102 Mo. 452",
      "category": "reporters:state",
      "reporter": "Mo.",
      "opinion_index": 0
    },
    {
      "cite": "54 Ark. 213",
      "category": "reporters:state",
      "reporter": "Ark.",
      "opinion_index": 0
    },
    {
      "cite": "8 C. B. 568",
      "category": "reporters:specialty",
      "reporter": "C.B.",
      "opinion_index": 0
    }
  ],
  "analysis": {
    "cardinality": 482,
    "char_count": 8609,
    "ocr_confidence": 0.516,
    "pagerank": {
      "raw": 2.8073330795317833e-07,
      "percentile": 0.8372963056919535
    },
    "sha256": "2eaeb6248c071e4c54204d78a9308742b8448ae9bb782ed9a4a476898f5e8c6a",
    "simhash": "1:1b38f1608be36d39",
    "word_count": 1549
  },
  "last_updated": "2024-02-27T19:39:29.626469+00:00",
  "provenance": {
    "date_added": "2019-08-29",
    "source": "Harvard",
    "batch": "2018"
  },
  "casebody": {
    "judges": [],
    "parties": [
      "Railway Company v. Mitchell."
    ],
    "opinions": [
      {
        "text": "Hughes, J.\nIt is true that the burden was upon the appellee to show by proof that the railway was guilty of negligence. The mere fact that the appellee was injured, without more, was not sufficient to raise a presumption of negligence on the part of the railway company. But the derailment of the car and its \u2022overturning, and the injury to the appellee thereby, being in the usual course, a logical inference of negligence might be drawn therefrom; hence they were sufficient to cast upon the appellant the burden of proving that the injury was not caused by any want of care on its part. In such a case the maxim \u201cRes ipsa loquitur'1'' applies. Cotton v. Wood, 8 C. B. 568; Whart. Neg. sec. 421; Railway Co. v. Hopkins, 54 Ark. 213; Furnish v. Mo. Pac. Ry. Co. 102 Mo. 452-3; Holbrook v. Railroad Co. 12 N. Y. 236; Eureka Springs R. Co. v. Timmons, 51 Ark. 459.\n\u2018 \u2018The very point was decided in (Christie v. Griggs), 2 Camp. 80, where it is said by Mansfield, Chief Justice, that he thought the plaintiff had made a prima facie case by proving his going' on the coach and the damage he had suffered.\u201d This is approved in Stokes v. Saltonstall, 13 Pet. (U. S.) 181, which was a case of suit for damages by the overturning of a stage coach, See also Sullivan v. Railroad Co. 30 Pa. St. 239; Central Railroad v. Freeman, 75 Ga. 338, 339; Kearney v. Railroad Co., L. R. 6 Queen\u2019s Bench, 759.\nThere appears to be no doubt that at common law the derailment and overturning of a railway coach by which an injury is inflicted upon a passenger, without more, makes a prima facie case of negligence on the part of the railway company.\nWas the prima facie case made, in the case at bar, of negligence on the part of the railway company overcome by proof? There was no evidence that a competent and proper person had inspected the railroad track and the switch where the accident occurred, or that any one had inspected the coach in which the appellee was a passenger, or the trucks, etc., upon which it rested. These may have been in bad condition and may-have caused the accident for aught that appears.\nA railroad company is bound to furnish for its passengers a reasonably safe and sufficient track and equipments, and to maintain them in a reasonably safe condition, so far as can be provided by the utmost human skill, diligence and foresight, which is such skill, diligence and foresight as is exercised by a very cautious person under like circumstances. It is liable to a passenger for slight negligence causing injury.\nThe care required of a railroad company towards, its passengers may also be defined as the highest practicable care, caution and diligence, which capable and faithful railroad men would exercise in similar circumstances. Furnish v. Mo. Pac. R. Co., 102 Mo. 438, and Arkansas cases passim. The duty of the railroad company to exercise proper care to discover by inspection a defect in its track, equipments or appliances is an essential part of its obligation to passengers. Id. It does, not appear to the court that the prima facie case made by the appellee of negligence upon the part of the railway company by proof of the derailment and overturning of the coach, and the consequent injury of the appellee was overcome by any evidence in the case.\nThe judgment is affirmed.",
        "type": "majority",
        "author": "Hughes, J."
      }
    ],
    "attorneys": [
      "E. D. Kenna and B. R. Davidson for appellant.",
      "Clendenning-, Read & Youmans and H. C. Median for appellee."
    ],
    "corrections": "",
    "head_matter": "Railway Company v. Mitchell.\nOpinion delivered March 18, 1893.\n1. Negligence of carrier \u2014 Derailment of car \u2014 \u201c Res ipsa loquitur.\u201d\nIn an action against a railroad company for personal injuries, evidence that the coach in which plaintiff was riding as a passenger was derailed and overturned, and that plaintiff was injured thereby, is sufficient to cast upon the company the burden of proving that the injury was not caused by want of care on its part.\n2. When presumption of negligence not overcome.\nThe presumption of negligence on the part of a railroad company arising from proof of the derailment and overturning of a car, whereby a\u00bbpassenger is injured, is not overcome where the condition of the track at the place of accident, and of the coach in. which the passenger was riding, is not shown.\n3. Carrier \u2014 Duty toward passenger.\nA railway company is bound to furnish for its passengers a reasonably safe and sufficient track and equipments, and to maintain them in a reasonably safe condition, so far as can be provided by the utmost human skill, diligence and foresight, and is liable to a passenger for slight negligence causing injury.\nAppeal from Sebastian Circuit Court, Port Smith. District.\nEdgar E. Bryant, Judge.\nSTATEMENT BY THE COURT.\nThe appellee, Mrs. Albert Mitchell, recovered a judgment against the St. Bouis & San Francisco Railway Company for $2250, damages for injury received while a passenger on its railway, by the derailment and overturning of the car in which she was riding, at a switch on its road in the State of Kansas.\nThe railway company appealed to this court. The case was argmed in this court upon the evidence, the instructions given not being considered, and upon the evi-. deuce this court determines the questions in the case.\nThe evidence tends to show that the train, in one of the cars of which the appellee was a passenger at the time of the injury complained of, was not running at an unusual rate of speed ; that it seemed to be running all rig-ht; that the engine driving the train was a good one and in good condition ; that the track of the railway was ballasted with stone and was in good condition; -that the rails were steel; that the track had been inspected the day before or the day of the wreck, and found to be in good condition where the catastrophe occurred; that the switch was in good order and worked all right, and was found closed and locked when examined by the engineer after the accident; that the brakes used on the train were the \u201cImproved \"Westinghouse Air-brakes,\u201d considered the best in use, and were in good order and condition ; that the switch was a \u201csplit-switch,\u201d which is considered the best kind of a switch in use; that a small key which held a bolt that kept the lever in place was missing. That when the train reached the junction of the switch track with the main track, and when the engine, the baggage car and mail car had safely passed the point of junction, the engineer felt a sudden jerk of the train, and applied the brakes, but the car in which the appellee was a passenger left the main track and turned over, by which the appellee was injured. This car was found by the engineer after the wreck lying between the two tracks, with its front trucks on the main track and the rear trucks on the side track; the chair car and sleeper were both on the side track, standing up all right. The rear end of the sleeper was about one hundred feet from the junction of the switch with the main track. It does not appear in what capacity the man who inspected the track the day of or the day before the accident was acting, or what his fitness for the business was.\nIt was shown that there was a car inspecter of the railway company at Wichita, thirty-five miles from the place where the wreck occurred, but it does not appear from the evidence that either he or anyone else had inspected the car that was derailed or the trucks under it before the accident, and there is no evidence as to their construction or condition before the wreck.\nE. D. Kenna and B. R. Davidson for appellant.\n1. Plaintiff failed to make a prima facie case. Mere proof of derailment does not raise a presumption of negligence. Hutch, on Car. sec. 739 ; Sh. & Redf. Neg\\ sec. 516 ; 18 N. Y. 534 ; 11 Wall. 129, 134-5 ; 114 U. S. 474; 12 A. & R. R. Cas. 163; 15 Wall. 524; Wharton, Neg. sec. 421; 96 Pa. St. 83. The cases in Arkansas are based upon our constitution and statutes. 52 Ark. 524 ; 48 Id. 460 ; 33 Id. 821; 49 Id. 535 ; 34 Id. 624. In those cases some defect was shown. In this case none was shown.\n2. But even if the plaintiff made a prima facie case, it was completely rebutted by uncontradicted evidence. 52 Ark. 96 ; 33 Wis. 552 ; 50 N. H. 510.\nClendenning-, Read & Youmans and H. C. Median for appellee.\n1. Injury to a passenger caused by derailment of a car raises a presumption of negligence upon the part of the carrier. 51 Ark. 466 ; 11 Kas. 85. That is the common-law rule.\n2. The evidence of defendant did not completely rebut this presumption. The jury evidently disbelieved the evidence as to a perfect track, perfect cars, etc., and their finding is conclusive. 88 Mo. 348.\n3. But if they had believed it, it did not go far enough. It fails to show an inspection, or that the trucks were in good condition, etc. 122 Ind. 295."
  },
  "file_name": "0418-01",
  "first_page_order": 438,
  "last_page_order": 442
}
