{
  "id": 1324633,
  "name": "Martin v. Roesch",
  "name_abbreviation": "Martin v. Roesch",
  "decision_date": "1893-03-18",
  "docket_number": "",
  "first_page": "474",
  "last_page": "480",
  "citations": [
    {
      "type": "official",
      "cite": "57 Ark. 474"
    }
  ],
  "court": {
    "name_abbreviation": "Ark.",
    "id": 8808,
    "name": "Arkansas Supreme Court"
  },
  "jurisdiction": {
    "id": 34,
    "name_long": "Arkansas",
    "name": "Ark."
  },
  "cites_to": [
    {
      "cite": "8 Ohio, 298",
      "category": "reporters:state",
      "reporter": "Ohio",
      "case_ids": [
        585328
      ],
      "opinion_index": -1,
      "case_paths": [
        "/ohio/8/0301-01"
      ]
    },
    {
      "cite": "55 Tex. 319",
      "category": "reporters:state",
      "reporter": "Tex.",
      "case_ids": [
        2181419
      ],
      "opinion_index": -1,
      "case_paths": [
        "/tex/55/0319-01"
      ]
    },
    {
      "cite": "47 Wis. 180",
      "category": "reporters:state",
      "reporter": "Wis.",
      "case_ids": [
        8704687
      ],
      "opinion_index": -1,
      "case_paths": [
        "/wis/47/0180-01"
      ]
    },
    {
      "cite": "58 Miss. 717",
      "category": "reporters:state",
      "reporter": "Miss.",
      "case_ids": [
        1644122
      ],
      "opinion_index": -1,
      "case_paths": [
        "/miss/58/0717-01"
      ]
    },
    {
      "cite": "22 Kas. 170",
      "category": "reporters:state",
      "reporter": "Kan.",
      "case_ids": [
        590106
      ],
      "opinion_index": -1,
      "case_paths": [
        "/kan/22/0170-01"
      ]
    },
    {
      "cite": "24 Tex. 61",
      "category": "reporters:state",
      "reporter": "Tex.",
      "case_ids": [
        2112097
      ],
      "opinion_index": -1,
      "case_paths": [
        "/tex/24/0061-01"
      ]
    },
    {
      "cite": "48 Ark. 183",
      "category": "reporters:state",
      "reporter": "Ark.",
      "case_ids": [
        1887726
      ],
      "opinion_index": -1,
      "case_paths": [
        "/ark/48/0183-01"
      ]
    },
    {
      "cite": "10 Ark. 460",
      "category": "reporters:state",
      "reporter": "Ark.",
      "case_ids": [
        8727813
      ],
      "opinion_index": -1,
      "case_paths": [
        "/ark/10/0460-01"
      ]
    },
    {
      "cite": "20 Wall. 264",
      "category": "reporters:scotus_early",
      "reporter": "Wall.",
      "case_ids": [
        3393422
      ],
      "opinion_index": -1,
      "case_paths": [
        "/us/87/0264-01"
      ]
    },
    {
      "cite": "14 Pet. 315",
      "category": "reporters:scotus_early",
      "reporter": "Pet.",
      "opinion_index": -1
    },
    {
      "cite": "36 Ark. 155",
      "category": "reporters:state",
      "reporter": "Ark.",
      "case_ids": [
        1872452
      ],
      "weight": 3,
      "pin_cites": [
        {
          "page": "188"
        }
      ],
      "opinion_index": -1,
      "case_paths": [
        "/ark/36/0155-01"
      ]
    },
    {
      "cite": "106 U. S. 272",
      "category": "reporters:federal",
      "reporter": "U.S.",
      "case_ids": [
        3498587
      ],
      "opinion_index": -1,
      "case_paths": [
        "/us/106/0272-01"
      ]
    },
    {
      "cite": "14 Pet. 301",
      "category": "reporters:scotus_early",
      "reporter": "Pet.",
      "case_ids": [
        3334857
      ],
      "opinion_index": -1,
      "case_paths": [
        "/us/39/0301-01"
      ]
    },
    {
      "cite": "9 Wall. 655",
      "category": "reporters:scotus_early",
      "reporter": "Wall.",
      "case_ids": [
        3440696
      ],
      "opinion_index": -1,
      "case_paths": [
        "/us/76/0655-01"
      ]
    },
    {
      "cite": "41 N. H. 238",
      "category": "reporters:state",
      "reporter": "N.H.",
      "case_ids": [
        8711551
      ],
      "opinion_index": -1,
      "case_paths": [
        "/nh/41/0238-01"
      ]
    },
    {
      "cite": "9 Gill. 105",
      "category": "reporters:state",
      "reporter": "Gill",
      "case_ids": [
        1712600
      ],
      "opinion_index": -1,
      "case_paths": [
        "/gill/9/0105-01"
      ]
    },
    {
      "cite": "20 Pa. St. 398",
      "category": "reporters:state",
      "reporter": "Pa.",
      "case_ids": [
        972325
      ],
      "opinion_index": -1,
      "case_paths": [
        "/pa/20/0398-01"
      ]
    },
    {
      "cite": "28 Miss. 762",
      "category": "reporters:state",
      "reporter": "Miss.",
      "opinion_index": -1
    },
    {
      "cite": "32 Ark. 50",
      "category": "reporters:state",
      "reporter": "Ark.",
      "opinion_index": -1
    },
    {
      "cite": "45 Ark. 81",
      "category": "reporters:state",
      "reporter": "Ark.",
      "case_ids": [
        1892003
      ],
      "opinion_index": 0,
      "case_paths": [
        "/ark/45/0081-01"
      ]
    },
    {
      "cite": "50 Ark. 132",
      "category": "reporters:state",
      "reporter": "Ark.",
      "case_ids": [
        8720809
      ],
      "opinion_index": 0,
      "case_paths": [
        "/ark/50/0132-01"
      ]
    },
    {
      "cite": "32 Ark. 45",
      "category": "reporters:state",
      "reporter": "Ark.",
      "case_ids": [
        1877138
      ],
      "opinion_index": 0,
      "case_paths": [
        "/ark/32/0045-01"
      ]
    },
    {
      "cite": "20 Wall. 263",
      "category": "reporters:scotus_early",
      "reporter": "Wall.",
      "opinion_index": 0
    },
    {
      "cite": "32 Ark. 51",
      "category": "reporters:state",
      "reporter": "Ark.",
      "opinion_index": 0
    },
    {
      "cite": "20 Pa. St. 398",
      "category": "reporters:state",
      "reporter": "Pa.",
      "case_ids": [
        972325
      ],
      "opinion_index": 0,
      "case_paths": [
        "/pa/20/0398-01"
      ]
    }
  ],
  "analysis": {
    "cardinality": 692,
    "char_count": 12955,
    "ocr_confidence": 0.538,
    "pagerank": {
      "raw": 2.038436348532991e-07,
      "percentile": 0.7474706054291196
    },
    "sha256": "5bd75c1840d02e78f1796ed466f403a0679002d330c76031e72eb1d070e407d5",
    "simhash": "1:79f959107c7aca7e",
    "word_count": 2307
  },
  "last_updated": "2024-02-27T19:39:29.626469+00:00",
  "provenance": {
    "date_added": "2019-08-29",
    "source": "Harvard",
    "batch": "2018"
  },
  "casebody": {
    "judges": [],
    "parties": [
      "Martin v. Roesch."
    ],
    "opinions": [
      {
        "text": "Battle, J.\nThis was an action of ejectment instituted by R. W. Martin, in his life time, ag-ainst Barbara Roesch, Eugene Jabine, and others holding under them, for the recovery of a certain tract of land in Pulaski county.\nMartin claimed title and possession by virtue of a deed executed to him by the Commissioner of State Lands, on the 18th of February, 1889, which recites that the land had been sold under a decr\u00e9e of the Pulaski chancery court, on the 2d of November, 1883, to the State of Arkansas, for the taxes, penalty and costs due thereon.\nRoesch and Jabine admitted that they held the land, and averred that they had peaceably improved it, under color of title, in the belief they were the owners.\nThe cause was tried by the court sitting as a jury. Evidence was adduced tending' to prove that the defendants, Roesch and Jabine, had held and improved the land, but it was conceded, at the same time, by all the parties, that there was a house on the land which had been placed there before the State acquired title, except a shed-room and other improvements of the value of $25, and that all the other improvements were made before the plaintiff purchased from the State, and that neither of the defendants had any notice of the claim of the State or plaintiff to the land, and that the improvements were peaceably made, in g'ood faith, and by each of them under the belief that he or she held under color of title.\nThe court found that Martin was the owner and entitled to the possession of the property in controversy, \u201cbut found that Mrs. Roesch was entitled to $437.50 for improvements placed upon the land claimed by her, less $148.50 rents, leaving a balance of $289, and that Eugene Jabine was entitled to $351.25 for improvements on the land claimed by him, less $190 rents, leaving a balance of $161.25, and ordered that Martin pay these balances before he could recover possession of the land;\u201d and plaintiff appealed.\nThe judgment of the court was based upon sections 2644 and 2645 of Mansfield\u2019s Digest. Do these statutes affect the State ?\nIt has been said that it is presumed that the legislature, in enacting laws, \u201chas primarily in view the establishment of rules regulating' the conduct and affairs of individuals, not those of the sovereignty.\u201d Acting upon this presumption, courts have generally held that, \u2018 \u2018 in the construction of statutes declaring or affecting rights and interests, general words do not include the State or affect its rights, unless it be especially named, or it be clear by necessary implication that the State was intended to be included.\u201d Cole v. White County, 32 Ark. 51.\nIn United States v. Herron, 20 Wall. 263, the court said : \u201cIt is a maxim of the common law, said Savag'e, C. J., that when an act of Parliament is passed for the public good, as for the advancement of religion and justice, or to prevent injury and wrong, the king shall be bound by such act, thoughnot named, but when a statute is general and any prerogative, right, title, or interest would be divested or taken from the king, in such a case he shall not be bound, unless the statute is made by express words to extend to him, for which he cites both English and American authorities, and adds, that the people of the State being sovereign have succeeded to the rights of the former sovereign, and that the people of the State are not bound by the general words in the insolvent law.\u201d And this principle, the same court said, \u201chas never been questioned by any well considered case, State or Federal.\u201d\nIn Jones v. Tatham, 20 Pa. St. 398, it was held that a statute authorising a company to enter upon any land for the purpose of locating a canal, which it was authorised to construct, did not apply to land belonging to the State. The court, in speaking of the statute, \u201esaid : \u201c It authorises the cutting- of a canal through the island, on making compensation to the owners ; and every relevant line in the act shows that private owners alone were intended. The purpose was to exercise the right of eminent domain, and not to grant to the company the land of the State. It was declared that, for a fair compensation, private rig-hts should yield to the intended public improvement. Words of a statute applying to private rights do not affect those of a State. This principle is well established, and is indispensable to the security of the public rights. The general business of the legislative power is to establish laws for individuals, not for the sovereigm; and when the rights of the Commonwealth are to be transferred or affected, the intention must be plainly expressed or necessarily implied. This principle applies with peculiar force to grants of corporate privileges, or franchises, to transfers of pub-lie property, and to grants of power to take the property of the citizen without his consent.\u201d\nIn Cole v. White County, 32 Ark. 45, the statute providing that \u201c in all cases when any officer or other person is required to perform any duty for which no fees are allowed by any law, he shall be entitled to receive such pay as would be allowed for similar services,\u201d was considered. Acting' upon the principle stated, this court held that such statutes would not embrace services for the State or a county, unless they were expressly named, or necessarily implied.\nStarting .with the presumption that, primarily, the statutes are intended to regulate the rights and affairs of individuals only, let us see whether the statutes upon which the judgment in this case was based include the State. Section 2644 provides that if any person, believing himself to be the owner, shall peaceably improve any land, under color of title, he shall be paid the value of the improvements made and taxes paid by him on the land before possession shall be delivered to the owner. The lands for the payment of taxes on which the bona fide occupant is entitled to be reimbursed are obviously private lands, public lands being exempt from taxation.\nSection 2645 is as follows : \u2018 \u2018 The court or jury trying' such cause shall assess the value of such improvements in the same action in which the title to said lands is adjudicated ; and on such trial the damages sustained by the owner of the lands from waste, and such mesne profits as may be allowed, by law, shall also be assessed, and if the value of the improvements made by the occupant and the taxes paid as aforesaid shall exceed the amount of said damages and mesne profits combined, the court shall enter an order as a part of the final judgment providing that no writ shall issue for the possession of the lands in favor of the successful party until payment has been made to such occupant of the balance due him for such improvements and the taxes paid ; and such amount shall be a lien on the said lands, which may be enforced by equitable proceedings at any time within three years after the date of such payment.\u201d It provides, as stated, that if the value of the improvements and taxes exceed the damages and mesne profits, the occupant shall have a lien on the land for the excess, which may be enforced by equitable proceedings. No exception is made, yet it is evident' that the relief provided by the latter statute has no reference to the State ; for, under our constitution, the State can never be made a defendant in any of her courts, and no money can be drawn from the treasury except in pursuance of a specific appropriation by law. The conditions upon which the owner is allowed, by this and the preceding section, to recover the possession of his land, and the remedy of the occupant to enforce them, are means devised to enforce the payment of the value of the improvements, and are inconsistent with so much of the constitution as provides how. the obligations of the State shall be collected. (Constitution, art. 5, secs. 20, 29; art. 16, sec. 12). The presumption is, .the legislature did not intend to violate or evade the constitution. Every reasonable construction that can be placed upon these sections necessarily excludes the idea that the State is included in them.\nSections 2644 and 2645, if they include the State, are inconsistent with the statutes which specially regulate the disposition of the State\u2019s lands. These statutes provide that the lands shall be sold, prescribe the terms of sale, and fix the price. When the land is sold according to these terms, and the price is paid, the purchaser acquires all the interest and estate of the State in the land, including the improvements on it. If the land can be encumbered by a lien for improvements made upon it while it constitutes a part of the public domain, the State may become indirectly liable in many cases for a sum larger than the price for which its ag-ents are authorized to sell, or lose it, or the purchaser, if he takes the land with the lien, will fail to get that which he purchased and, to acquire it, will be forced to pay something in addition to the price thereof, as fixed by the statutes regmlating the sale. This case is a fair illustration of the inconsistency of the statutes, if the lands of the State can be encumbered by improvements. The price of the land sued for, as fixed by the statutes regulating the sale of it, was $50. According to the statutes under which it was sold, the appellant became the owner of it and the improvements when he paid the $50 and received the Commissioner\u2019s deed. The value of the improvements is much greater than $50. This shows the inconsistency of a construction of sections 2644 and 2645 -which would cause them to affect the State\u2019s lands and the other statutes, and is another evidence that such a construction is improper. According to the rule followed in Chamberlain v. State, 50 Ark. 132, the former (sections 2644 and 2645) must yield to the latter statutes.\nBut it may be said that there is an exception to the rule we have stated. It has been held bj*- this court that \u201cwhen a State steps down into the arena of common business in concert, or in competition, with her citizens, she goes divested of her sovereignty,\u201d and the rule we have stated does not apply. Calloway v. Cossart, 45 Ark. 81. But the State has not done so in this instance, but acquired the land in question by the rightful exercise of a strictly governmental power \u2014 the right to raise revenue for the purpose of maintaining its existence.\nReverse and remand for a new trial.\nSee Mansf. Dig., secs. 4243-4, as amended by Acts 1887, p. 217.",
        "type": "majority",
        "author": "Battle, J."
      }
    ],
    "attorneys": [
      "Ratcliffe & Fletcher for appellant.",
      "Vaughan & Collins and Olvphint & Shackleford for appellees."
    ],
    "corrections": "",
    "head_matter": "Martin v. Roesch.\nOpinion delivered March 18, 1893.\nBetterments \u2014 Land of the State.\nThe betterment act, which in certain cases makes the value of improvements upon land a charge thereon in favor of a person in possession under color of title, does not apply to land belonging to the State ; accordingly, the value of improvements made upon land which has forfeited to the State for non-payment of taxes cannot become a charge thereon, as against a subsequent purchaser of the land from the State.\nAppeal from Pulaski Circuit Court.\nRobert J. Rea, Judge.\nRatcliffe & Fletcher for appellant.\n1. The State is not included in the general words of a statute, unless expressly mentioned, or it be clear by necessary implication that the State was intended to be included. End. Int. Stat. secs. 161, 166-7 ; Angel\u00ed on Rim. pp. 30, 32, et seq.; 32 Ark. 50, 51 ; 28 Miss. 762; 20 Pa. St. 398 ; 2 Mason, 314 ; 9 Gill. 105, 117 ; 4 Cowen (N. Y.), 143 ; 41 N. H. 238 ; 7 Ired. (N. C.), 48. The courts recog-nize exceptions to the general rule in cases of enactments \u201cmade for public good, the advancement of religion and justice, and to prevent injury and wrong,\u201d for the benefit of the poor, and to reg-ulate the mode of proceeding- in suits, etc. 3 Cush. (Mass.), 25; 9 Wall. 655; 14 Pet. 301; 106 U. S. 272; 36 Ark. 155. But this exception is not allowed when any prerogative or right of the State is affected or divested, or when it contravenes public policy. 14 Pet. 315 ; 20 Wall. 264; 19.S. W. Rep. 959.\n2. If no claim for betterments under the statute (Mansf. Dig. sec. 2644) can be made against the State, none can be made against its vendee. 10 Ark. 460 ; 14 id. 290; 23 id. 19.\nVaughan & Collins and Olvphint & Shackleford for appellees.\n1. The betterment act was passed in the interest of justice to protect innocent and bona fide claimants to land, and the State is bound. It was an act for the public good. The terms are general and sweeping \u2014 no exceptions were made, and the courts can make none. End. Int. Stat. sec. 161, note 53 ; ib. sec. 166; Sedg-. on Int. & Const. Stat. p. 107, quoting Endlich, p. 230 and note 87 ; 48 Ark. 183, 88 ; 24 Tex. 61; 22 Kas. 170 ; 58 Miss. 717 ; 47 Wis. 180 ; 36 Ark. 155 ; 48 id. 188; 55 Tex. 319.\n2. But if the State was not bound by the statute, the exemption is personal, and it does not enure to its vendee under a quit-claim deed. Angel\u00ed on Lim. (May\u2019s ed.), sec. 39; 4 Dev. (N. C.), 568; 8 Ohio, 298; 9 Shep. (Me.), 445; 12 111. 38 ; 3 S. &. R. (Pa.), 291."
  },
  "file_name": "0474-01",
  "first_page_order": 494,
  "last_page_order": 500
}
