{
  "id": 1324629,
  "name": "Gates v. Kelsey",
  "name_abbreviation": "Gates v. Kelsey",
  "decision_date": "1893-04-15",
  "docket_number": "",
  "first_page": "523",
  "last_page": "528",
  "citations": [
    {
      "type": "official",
      "cite": "57 Ark. 523"
    }
  ],
  "court": {
    "name_abbreviation": "Ark.",
    "id": 8808,
    "name": "Arkansas Supreme Court"
  },
  "jurisdiction": {
    "id": 34,
    "name_long": "Arkansas",
    "name": "Ark."
  },
  "cites_to": [
    {
      "cite": "46 Ark. 96",
      "category": "reporters:state",
      "reporter": "Ark.",
      "case_ids": [
        1890471
      ],
      "weight": 4,
      "pin_cites": [
        {
          "page": "204"
        },
        {
          "page": "131"
        }
      ],
      "opinion_index": -1,
      "case_paths": [
        "/ark/46/0096-01"
      ]
    },
    {
      "cite": "55 Ark. 194",
      "category": "reporters:state",
      "reporter": "Ark.",
      "opinion_index": -1
    },
    {
      "cite": "32 Ark. 152",
      "category": "reporters:state",
      "reporter": "Ark.",
      "opinion_index": -1
    },
    {
      "cite": "2 N. W. 77",
      "category": "reporters:state_regional",
      "reporter": "N.W.",
      "opinion_index": -1
    },
    {
      "cite": "47 Wis. 184",
      "category": "reporters:state",
      "reporter": "Wis.",
      "case_ids": [
        8704726
      ],
      "opinion_index": -1,
      "case_paths": [
        "/wis/47/0184-01"
      ]
    },
    {
      "cite": "38 Ark. 181",
      "category": "reporters:state",
      "reporter": "Ark.",
      "case_ids": [
        1900516
      ],
      "weight": 2,
      "pin_cites": [
        {
          "page": "312"
        }
      ],
      "opinion_index": -1,
      "case_paths": [
        "/ark/38/0181-01"
      ]
    },
    {
      "cite": "18 N. W. 435",
      "category": "reporters:state_regional",
      "reporter": "N.W.",
      "weight": 2,
      "pin_cites": [
        {
          "page": "478"
        }
      ],
      "opinion_index": -1
    },
    {
      "cite": "32 Wis. 281",
      "category": "reporters:state",
      "reporter": "Wis.",
      "case_ids": [
        8707841
      ],
      "weight": 2,
      "opinion_index": -1,
      "case_paths": [
        "/wis/32/0281-01"
      ]
    },
    {
      "cite": "56 Ark. 93",
      "category": "reporters:state",
      "reporter": "Ark.",
      "case_ids": [
        1326060
      ],
      "opinion_index": 0,
      "case_paths": [
        "/ark/56/0093-01"
      ]
    },
    {
      "cite": "32 Ark. 496",
      "category": "reporters:state",
      "reporter": "Ark.",
      "case_ids": [
        1877174
      ],
      "opinion_index": 0,
      "case_paths": [
        "/ark/32/0496-01"
      ]
    },
    {
      "cite": "33 Ark. 716",
      "category": "reporters:state",
      "reporter": "Ark.",
      "case_ids": [
        8725990
      ],
      "opinion_index": 0,
      "case_paths": [
        "/ark/33/0716-01"
      ]
    },
    {
      "cite": "42 Ark. 100",
      "category": "reporters:state",
      "reporter": "Ark.",
      "case_ids": [
        8721551
      ],
      "opinion_index": 0,
      "case_paths": [
        "/ark/42/0100-01"
      ]
    },
    {
      "cite": "32 Ark. 131",
      "category": "reporters:state",
      "reporter": "Ark.",
      "case_ids": [
        1877189
      ],
      "opinion_index": 0,
      "case_paths": [
        "/ark/32/0131-01"
      ]
    },
    {
      "cite": "48 Iowa, 115",
      "category": "reporters:state",
      "reporter": "Iowa",
      "opinion_index": 0
    },
    {
      "cite": "5 Pet. 319",
      "category": "reporters:scotus_early",
      "reporter": "Pet.",
      "case_ids": [
        534502
      ],
      "opinion_index": 0,
      "case_paths": [
        "/us/30/0204-01"
      ]
    },
    {
      "cite": "60 Mo. 40",
      "category": "reporters:state",
      "reporter": "Mo.",
      "opinion_index": 0
    },
    {
      "cite": "43 Ark. 485",
      "category": "reporters:state",
      "reporter": "Ark.",
      "opinion_index": 0
    },
    {
      "cite": "53 Ark. 406",
      "category": "reporters:state",
      "reporter": "Ark.",
      "pin_cites": [
        {
          "page": "410"
        }
      ],
      "opinion_index": 0
    },
    {
      "cite": "55 Wis. 685",
      "category": "reporters:state",
      "reporter": "Wis.",
      "case_ids": [
        8707958
      ],
      "opinion_index": 0,
      "case_paths": [
        "/wis/55/0685-01"
      ]
    },
    {
      "cite": "11 Wis. 446",
      "category": "reporters:state",
      "reporter": "Wis.",
      "opinion_index": 0
    },
    {
      "cite": "32 Wis. 296",
      "category": "reporters:state",
      "reporter": "Wis.",
      "opinion_index": 0
    },
    {
      "cite": "15 Wis. 537",
      "category": "reporters:state",
      "reporter": "Wis.",
      "opinion_index": 0
    },
    {
      "cite": "13 Wis. 245",
      "category": "reporters:state",
      "reporter": "Wis.",
      "case_ids": [
        8708691
      ],
      "weight": 2,
      "pin_cites": [
        {
          "page": "252"
        }
      ],
      "opinion_index": 0,
      "case_paths": [
        "/wis/13/0245-01"
      ]
    },
    {
      "cite": "51 Iowa, 447",
      "category": "reporters:state",
      "reporter": "Iowa",
      "case_ids": [
        2324006
      ],
      "opinion_index": 0,
      "case_paths": [
        "/iowa/51/0447-01"
      ]
    },
    {
      "cite": "32 Wis. 478",
      "category": "reporters:state",
      "reporter": "Wis.",
      "case_ids": [
        8708694
      ],
      "opinion_index": 0,
      "case_paths": [
        "/wis/32/0478-01"
      ]
    },
    {
      "cite": "50 N. W. 591",
      "category": "reporters:state_regional",
      "reporter": "N.W.",
      "opinion_index": 0
    },
    {
      "cite": "48 N. W. 1065",
      "category": "reporters:state_regional",
      "reporter": "N.W.",
      "opinion_index": 0
    },
    {
      "cite": "106 U. S. 379",
      "category": "reporters:federal",
      "reporter": "U.S.",
      "case_ids": [
        3498538
      ],
      "pin_cites": [
        {
          "page": "383"
        }
      ],
      "opinion_index": 0,
      "case_paths": [
        "/us/106/0379-01"
      ]
    },
    {
      "cite": "47 Wis. 184",
      "category": "reporters:state",
      "reporter": "Wis.",
      "case_ids": [
        8704726
      ],
      "opinion_index": 0,
      "case_paths": [
        "/wis/47/0184-01"
      ]
    },
    {
      "cite": "32 Wis. 281",
      "category": "reporters:state",
      "reporter": "Wis.",
      "case_ids": [
        8707841
      ],
      "opinion_index": 0,
      "case_paths": [
        "/wis/32/0281-01"
      ]
    }
  ],
  "analysis": {
    "cardinality": 471,
    "char_count": 8850,
    "ocr_confidence": 0.57,
    "pagerank": {
      "raw": 3.3892568031007126e-07,
      "percentile": 0.8768210038500314
    },
    "sha256": "93aa83fd9e33afd2c14be063628b2e53c5c8163696234412fb47fe1f872766ab",
    "simhash": "1:101b2c47567a9e3b",
    "word_count": 1593
  },
  "last_updated": "2024-02-27T19:39:29.626469+00:00",
  "provenance": {
    "date_added": "2019-08-29",
    "source": "Harvard",
    "batch": "2018"
  },
  "casebody": {
    "judges": [],
    "parties": [
      "Gates v. Kelsey."
    ],
    "opinions": [
      {
        "text": "BatteE, J.\nThe appellant claims the land in controversy under a tax sale. He admits that the sale was illegal, but contends that the deed, under which he claims, shows upon its face that it was valid. The land has been wild and actually unoccupied since the sale. But he insists that he has been in the constructive possession of the same for the full period of two years before the commencement of this action, and has thereby acquir\u00e9d the title.\nThe statute upon which he bases his contention is as follows : \u2018 \u2018 No action for the recovery of any lands, or for the possession thereof against any person or persons, their heirs or assigns, who may hold such lands by virtue of a purchase thereof at a sale by the collector or commissioner of State lands, for the non-payment of taxes, or who may have purchased the same. from the State by virtue of an act providing for the sale of lands forfeited to the State for the non-payment of taxes, or who may hold such lands under a donation deed from the State, shall be maintained, unless it appears that the plaintiff, his ancestor, predecessor or grantor, was seized or possessed of the lands in question within two years next before the commencement of such suit or action.\u201d Mansf. Dig. sec. 4475.\nHe insists that, his deed being good on its face, this statute gave him constructive possession of the land for the two consecutive years it was unoccupied before the commencement of this suit, and by limitation has vested him with title. To support this contention he cites cases in which statutes of the States of Iowa and Wisconsin were construed by the courts: Geekie v. Kirby Carpenter Co. 106 U. S. 379, 383; Milledge v. Coleman, 47 Wis. 184; Waggoner v. Mann, 48 N. W. 1065; Oconto Co. v. Jerrard, 50 N. W. 591; Lawrence v. Kenney, 32 Wis. 281; Austin v. Holt, 32 Wis. 478.\nIn the States mentioned the law provided that actions to recover lands sold for taxes must be brought within a specified time after the deeds were recorded. In these States the courts held that, when the land is unoccupied, the holder of the tax title, if the deed is valid on its face, has constructive possession, and that the owner of the original title is barred from recovering the land if he fails to sue for it within the statutory period. Moingona Coal Co. v. Blair, 51 Iowa, 447; Lewis v. Soule, 52 id. 11; Goslee v. Tearney, ib. 455; Bullis v. Marsh, 56 id. 747; Knox v. Cleveland, 13 Wis. 245; Parish v. Eager, 15 Wis. 537; Jones v. Collins, 16 Wis. *603; Lawrence v. Kenney, 32 Wis. 296; Hill v. Kricke, 11 Wis. 446; McMillan v. Wehle, 55 Wis. 685. They held that the recording' of the deed, if good upon its face, is not only \u2018 \u2018 a challenge of the right of the original owner and all opposing' claimants,\u201d but is \u201c notice to them of its existence and presumed validity ; that the grantee is presumed to be the real owner, and upon this presumption he\u201d can safely act, \u2018\u2018until it is attacked, either by an actual hostile occupancy, or the commencement of an action ; \u201d that \u201c the original owner and those claiming adversely \u201d being authorized \u2018 \u2018 to commence the action and show the defect in the proceedings upon which the deed\u201d is based, if any exists, their failure to do so within the allotted time must be deemed an admission of the correctness of the \u201c tax \u201d proceeding ; and that \u201c they cannot afterwards, without the consent of the g'rantee, be permitted to impeach them.\u201d The result of this doctrine was that the recording of such a deed drew to those holding under it constructive possession of the land conveyed, in case it was unoccupied or was not in the actual possession of either party, and that the statutes of limitations in such case, if the sale was illegal, created a cause of .action in favor of the original owner against the holder of such tax title, and commenced running against it from the time the deed was recorded. Knox v. Cleveland, 13 Wis. 245, 252; Jones v. Collins, 16 Wis.*603.\nIn the States where the statutes of limitation require actions to be brought within a certain time after a particular act, as the day of sale or record, the statutes are generally held to commence running, if they have any effect, according to their words. Kessinger v. Wilson, 53 Ark. 406, 410. Under all other statutes the period of limitation begins at the time the cause of action accrues ; and as to land it does not accrue until there is an adverse possession. The rightful, owner is deemed to be in possession until he is ousted or disseized. Possession follows the title, in the absence of any actual possession adverse to it. Ringo v. Woodruff, 43 Ark. 485; Bradley v. West, 60 Mo. 40; Clarke v. Courtney, 5 Pet. 319; Peyton v. Stith, id. 493; Barrett v. Love, 48 Iowa, 115.\nA tax deed, if valid upon its face, is only prima facie evidence of title. It may be shown to be void by evidence aliunde. If the land was sold for taxes or costs not properly chargeable against it, it is void. C. & F. R. Co. v. Parks, 32 Ark. 131; Rogers v. Kerr, 42 Ark. 100; Hodgkin v. Fry, 33 Ark. 716; Worthen v. Badgett, 32 Ark. 496; Goodrum v. Ayers, 56 Ark. 93.\nUnder the general rule the holder of a tax deed is not in constructive possession of the land, in case it is unoccupied or not in the actual possession of any one, if it can be shown that the sale is void. Does the statute relied on by appellant make an exception? It provides that \u201c no action for the recovery of any lands or for the. possession thereof, against any person or persons, their heirs or assigns, who may hold such lands by virtue of a purchase thereof at a sale by the collector or commissioner of State lands, for the non-payment of taxes, * * * shall be maintained, unless it appear that the plaintiff, his ancestor, predecessor or grantor was seized or possessed of the land in question within two years next before the commencement of such suit or action.\u201d Only two classes of persons are affected by it: the defendant \u201cwho may hold,\u201d and the plaintiff who is dis-seized or dispossessed. No date, as the day of sale or record, is specified from which it must run. There is only one fact mentioned in it which can defeat the recovery of land illegally sold for taxes, and that is the fact that the plaintiff, his ancestor, predecessor or grantor, was not seized or possessed of the lands in question within two years next before the commencement of such suit or action. The statute necessarily implies that, if he was seized or possessed within the two years, he can recover. In other words, it makes the disseizure and dispossession of the true owner for two consecutive years a bar. It is the only fact, under the statute, which can defeat him in an action to recover. There is nothing in the statute which constitutes any act a disseisin. The general rule governs, and constructive possession follows the title. There is only one way in which he can be disseized or dispossessed by an illeg-al sale for taxes, and that is adverse possession. Two years adverse possession is, therefore, necessary to constitute a bar under the two years statute.\nAffirmed.",
        "type": "majority",
        "author": "BatteE, J."
      }
    ],
    "attorneys": [
      "Morris M. Cdhn for appellant.",
      "P. C. Dooley for appellees."
    ],
    "corrections": "",
    "head_matter": "Gates v. Kelsey.\nOpinion delivered April 15, 1893.\nTax-title \u2014 Limitation.\nThe holder of a tax-title which is in fact void, though valid on its face, is not in constructive possession where the lands are not in fact occupied or in the actual possession of any one after the tax sale, and does not acquire title by limitation, under Mansf. Dig., sec. 4475, providing that no action shall be maintained to recover lands sold for taxes unless plaintiff, his ancestor, predecessor or grantor, was seized or possessed of the land within two years before the commencement of the action.\nAppeal from. Prairie Circuit Court in Chancery, Southern District.\nGrant Green,* Jr., Judge.\nSuit by F. Gates against C. B. Kelsey and another to quiet title to land. Defendants recovered judgment ; plaintiff has appealed. The case is stated in the opinion.\nMorris M. Cdhn for appellant.\nGates, being the owner of the land, under a tax deed valid on its face, is constructively in possession of the lands, and after two years the appellees were barred. 32 Wis. 281; 18 id. 268; 59 id. 465 ; 18 N. W. 435 ; 32 id. 478. Gates\u2019 tax deed, after two years, is conclusive by limitation. Gantt\u2019s Dig. sec. 4117 ; Mansf. Dig. sec. 4475 ; 38 Ark. 181; 48 id. 312. In States where a similar statute is in force, the fullest effect is g'iven it as a statute of limitation. 106 IT. S. 379, 383; 47 Wis. 184; 2 N. W. 77; 48 id. 1065; 50 id. 591 ;* 32 Wis. 281; ib. 478; 32 Ark. 152.\nP. C. Dooley for appellees.\n1. The tax deed is void for irregularities. '\n2- The statute does not cut off meritorious defenses. 55 Ark. 194; 15 id. 363; 46 Ark. 96; 50 id. 390 ; 53 id. 204; 32 id. 131.\n3. Appellant has never been in adverse possession of the land, which was necessary to put the statute in motion."
  },
  "file_name": "0523-01",
  "first_page_order": 543,
  "last_page_order": 548
}
