{
  "id": 1515298,
  "name": "Lacy v. London",
  "name_abbreviation": "Lacy v. London",
  "decision_date": "1909-02-08",
  "docket_number": "",
  "first_page": "250",
  "last_page": "251",
  "citations": [
    {
      "type": "official",
      "cite": "89 Ark. 250"
    }
  ],
  "court": {
    "name_abbreviation": "Ark.",
    "id": 8808,
    "name": "Arkansas Supreme Court"
  },
  "jurisdiction": {
    "id": 34,
    "name_long": "Arkansas",
    "name": "Ark."
  },
  "cites_to": [],
  "analysis": {
    "cardinality": 238,
    "char_count": 4031,
    "ocr_confidence": 0.624,
    "pagerank": {
      "raw": 9.505882454708161e-08,
      "percentile": 0.5202378594273257
    },
    "sha256": "3a61dd15bae85e7cc9ca336cd147918cf03883d95e1bb0f93624eb7dc1f36d3b",
    "simhash": "1:f3672330a6da2ebc",
    "word_count": 702
  },
  "last_updated": "2023-07-14T16:58:25.928133+00:00",
  "provenance": {
    "date_added": "2019-08-29",
    "source": "Harvard",
    "batch": "2018"
  },
  "casebody": {
    "judges": [],
    "parties": [
      "Lacy v. London."
    ],
    "opinions": [
      {
        "text": "McCulloch, C. J.\nThe plaintiffs, Lacy Bros. & Kimball and J. G. Morton, instituted this action in the chancery court of Desha County against Kelly London to foreclose a mortgage executed to Lacy Bros. & Kimball by the latter on certain land to secure payment of a promissory note which they subsequently assigned to Morton. They alleged in this complaint that there was an unpaid balance of $363.31 on the note, for which they prayed a decree of foreclosure. On the application of plaintiffs made to the chancellor at chambers, a receiver was appointed to take charge of the land, but -on a later day the chancellor made a further order discharging the receiver on condition that the defendant enter into bond to be approved by the clerk to the effect that he would pay the amount that should be adjudged to be due plaintiff in the action. Pursuant to this order the defendant executed a bond, with security in the following form: \u201cWe undertake and are bound to the plaintiffs, Lacy Bros. & Kimball and J. G. Morton, that we will pay to said plaintiffs the amount that may be adjudged to be due them by defendant in this action if on final trial hereof judgment be rendered in their favor.\u201d\nOn the same day on which he filed the bond, the defendant filed his answer and counterclaim, alleging an indebtedness of plaintiff Morton to him for breach of contract concerning the renting of certain land.\nPlaintiff* Morton filed a reply to the counterclaim, denying that he was indebted to the defendant, and -alleging further that the defendant was indebted to him in the sum of $1636.10 for rent of land -and for supplies furnished.\nAfter the proof was taken in the case the defendant with- \u25a0 drew his counterclaim, and the court rendered a decree against the defendant and the surety on his said bond for the amount found to be due on, the mortgage debt. The court further found that'defendant was indebted to plaintiff Morton on open account in the sum of $845.24, and rendered a decree against him, but refused to render decree against the surety for it. The plaintiffs appealed, and contend here that the bond covered the full amount which the court found to be due, and that a decree against the surety should have been rendered.\nWe think the ruling of the chancellor was correct. If it be conceded that a summary decree could be rendered on the bond at all, not-being a -boncl authorized by -statute, it was given in discharge of the receivership, and had reference only to the indebtedness involved in that proceeding. It is not contended that the additional indebtedness on open account constituted a lien on the land held by the receiver. This was not involved in the litigation, so far as concerned the lien on the land, and was not introduced with the litigation until after the bond -had been executed. Kven -then it was not brought in as an amendment to the complaint, but was separately stated as a separate and distinct cause of action.\nIt is clear to us that the surety on the bond did not become liable for any indebtedness except that set forth in the original complaint asserting a lien on the land in the hands of the receiver, and that the decision of the chancery court w-as correct.\nAffirmed.",
        "type": "majority",
        "author": "McCulloch, C. J."
      }
    ],
    "attorneys": [
      "F. M. Rogers, for appellants.",
      "Appellees, pro se."
    ],
    "corrections": "",
    "head_matter": "Lacy v. London.\nOpinion delivered February 8, 1909.\n. Bond \u2014 construction.\u2014Where, upon application of the plaintiffs in a suit to foreclose a mortgage of land,. a receiver was appointed to take charge of the land, but was discharged upon the defendant entering into a bond obligating him to pa}' the plaintiffs \u201cthe amount that may be adjudged to be due them by defendant in this action if on final trial hereof judgment be rendered in their favor,\u201d the sureties on the bond were liable only for whatever amount might be adjudged to be due on the mortgage debt, but not for an amount adjudged against the defendant upon another cause of action subsequently filed by plaintiffs in the same suit.\nAppeal from Desha Chancery Court; Zachariah T. Wood, Chancellor;\naffirmed.\nF. M. Rogers, for appellants.\nAppellees, pro se."
  },
  "file_name": "0250-01",
  "first_page_order": 270,
  "last_page_order": 271
}
