{
  "id": 1399952,
  "name": "State v. Dabney",
  "name_abbreviation": "State v. Dabney",
  "decision_date": "1928-04-16",
  "docket_number": "",
  "first_page": "1071",
  "last_page": "1073",
  "citations": [
    {
      "type": "official",
      "cite": "176 Ark. 1071"
    }
  ],
  "court": {
    "name_abbreviation": "Ark.",
    "id": 8808,
    "name": "Arkansas Supreme Court"
  },
  "jurisdiction": {
    "id": 34,
    "name_long": "Arkansas",
    "name": "Ark."
  },
  "cites_to": [
    {
      "cite": "179 S. W. 301",
      "category": "reporters:state_regional",
      "reporter": "S.W.",
      "case_ids": [
        8248554
      ],
      "opinion_index": 0,
      "case_paths": [
        "/sw/179/0301-01"
      ]
    },
    {
      "cite": "19 A. L. R. 140",
      "category": "reporters:specialty",
      "reporter": "A.L.R.",
      "opinion_index": 0
    },
    {
      "cite": "132 N. E. 754",
      "category": "reporters:state_regional",
      "reporter": "N.E.",
      "opinion_index": 0
    },
    {
      "cite": "299 Ill. 562",
      "category": "reporters:state",
      "reporter": "Ill.",
      "case_ids": [
        5021127
      ],
      "opinion_index": 0,
      "case_paths": [
        "/ill/299/0562-01"
      ]
    },
    {
      "cite": "68 N. W. 795",
      "category": "reporters:state_regional",
      "reporter": "N.W.",
      "opinion_index": 0
    },
    {
      "cite": "99 Iowa 401",
      "category": "reporters:state",
      "reporter": "Iowa",
      "case_ids": [
        2097759
      ],
      "opinion_index": 0,
      "case_paths": [
        "/iowa/99/0401-01"
      ]
    },
    {
      "cite": "6 L. R. A. 339",
      "category": "reporters:federal",
      "reporter": "L.R.A.",
      "opinion_index": 0
    },
    {
      "cite": "43 N. W. 833",
      "category": "reporters:state_regional",
      "reporter": "N.W.",
      "opinion_index": 0
    },
    {
      "cite": "42 Minn. 107",
      "category": "reporters:state",
      "reporter": "Minn.",
      "case_ids": [
        750867
      ],
      "opinion_index": 0,
      "case_paths": [
        "/minn/42/0107-01"
      ]
    },
    {
      "cite": "242 Pac. 384",
      "category": "reporters:state_regional",
      "reporter": "P.",
      "opinion_index": 0
    },
    {
      "cite": "137 Wash. 376",
      "category": "reporters:state",
      "reporter": "Wash.",
      "opinion_index": 0
    },
    {
      "cite": "202 S. W. 23",
      "category": "reporters:state_regional",
      "reporter": "S.W.",
      "opinion_index": 0
    },
    {
      "cite": "133 Ark. 357",
      "category": "reporters:state",
      "reporter": "Ark.",
      "case_ids": [
        1575119
      ],
      "opinion_index": 0,
      "case_paths": [
        "/ark/133/0357-01"
      ]
    },
    {
      "cite": "244 S. W. 11",
      "category": "reporters:state_regional",
      "reporter": "S.W.",
      "opinion_index": 0
    },
    {
      "cite": "155 Ark. 158",
      "category": "reporters:state",
      "reporter": "Ark.",
      "case_ids": [
        1360506
      ],
      "opinion_index": 0,
      "case_paths": [
        "/ark/155/0158-01"
      ]
    },
    {
      "cite": "51 L. R. A. (N. S.) 1164",
      "category": "reporters:federal",
      "reporter": "L.R.A.N.S.",
      "opinion_index": 0
    },
    {
      "cite": "166 S. W. 563",
      "category": "reporters:state_regional",
      "reporter": "S.W.",
      "opinion_index": 0
    },
    {
      "cite": "112 Ark. 417",
      "category": "reporters:state",
      "reporter": "Ark.",
      "case_ids": [
        1538827
      ],
      "opinion_index": 0,
      "case_paths": [
        "/ark/112/0417-01"
      ]
    }
  ],
  "analysis": {
    "cardinality": 349,
    "char_count": 4278,
    "ocr_confidence": 0.495,
    "pagerank": {
      "raw": 2.3297034762618432e-07,
      "percentile": 0.7909362669406594
    },
    "sha256": "03742875ddd65fc36680aca1a748a2b5ac3cc36cb0679e1155a328feb05809bf",
    "simhash": "1:ba4a984859b4574a",
    "word_count": 742
  },
  "last_updated": "2024-02-27T16:25:41.435006+00:00",
  "provenance": {
    "date_added": "2019-08-29",
    "source": "Harvard",
    "batch": "2018"
  },
  "casebody": {
    "judges": [],
    "parties": [
      "State v. Dabney."
    ],
    "opinions": [
      {
        "text": "Kirby, J.\nThis appeal necessitates the construction of \u00a7 36(d)iof act. 5, Special Acts of 1923 (Castle\u2019s Supplement to Crawford & Moses\u2019 Digest, \u00a7 5166). Information was filed against appellee charging him with operating motor vehicles for hire without the payment of license fee required under said section. The case was tried on an agreed statement of facts, which the court held insufficient to support a conviction, and dismissed the cause, from which the State has prosecuted this appeal.\n\u25a0 The appellee, George Dahney, operates a business in the city of Little Rock under the style or name of \u201cDriveItYourself Company.\u201d He owns 23 automobiles, all passenger cars, including coupes, sedans and touring cars. He conducts his business by leasing them to the customers, who come to his garage where they are kept, .under a contract in printed form, the customer himself being in exclusive control of the car during its operation. He does not have in his employ any drivers or chauffeurs, does not drive the leased cars himself, nor operate a jitney, taxicab line, or motor bus business. A certain price is charged for the leased car, which is used by the bailee at his own discretion, and the rental charged is the same whether the customer alone occupies the car or whether he carries other persons with him. Virtually all the cars rented are used exclusively within the limits of the city of Little Rock. Appellee refused to pay the license fee required under said section of the statute.\nThe statute-provides, \u00a7 36:\n\u201c(d) In addition to the registration fees herein provided for all motor vehicles, when such vehicles are used for the transportation or delivery of persons for hire, there shall he paid two dollars and fifty cents ($2.50) for each passenger-carrying capacity. * * *\n\u201c (m) Bach of the fees herein authorized is declared to he a tax on the privilege of using the vehicle on the public roads and highways of the State of Arkansas.\u201d\nSubdivision (n) of \u00a7 36 declares it a misdemeanor for any person to operate or permit the operation of a Vehicle without having'paid the required fee.\nThe classification is made herein for charging an additional fee for motor vehicles \u201cwhen such vehicles are used for the transportation or delivery .of persons for hire\u201d according to the carrying capacity of the vehicle.\nThe undisputed testimony shows that the appellee was not engaged in the business of operating a jitney, taxicab or motorbus line, but only in renting or hiring to individuals, who applied therefor, cars of different styles and sizes, to be operated by the hirer at his own risk and discretion. Such operation of such business did not constitute appellee either a private or public carrier of passengers or his business the using of motor vehicles for the transportation or delivery of persons or passengers for hire within the meaning of the act. He was not a carrier of passengers al all, nor liable to the payment of the additional tax required under \u00a7 36 (d) of the act. Forbes v. Reinman, 112 Ark. 417, 166 S. W. 563, 51 L. R. A. (N. S.) 1164; Locke v. Ft. Smith, 155 Ark. 158, 244 S. W. 11; Winfrey v. State, 133 Ark. 357, 202 S. W. 23; State v. Bee Hive Auto Service Co., 137 Wash. 376, 242 Pac. 384; State v. Robinson, 42 Minn. 107, 43 N. W. 833, 6 L. R. A. 339; Burlington v. Unterkircher, 99 Iowa 401, 68 N. W. 795; Rathborn v. Ocean Accident Guaranty Ass\u2019n., 299 Ill. 562, 132 N. E. 754, 19 A. L. R. 140; Booth v. Dallas, Texas (Tex. Civ. App.), 179 S. W. 301, 4 R. C. L. 549.\nNo error was committed in so holding, and the judgment is affirmed.",
        "type": "majority",
        "author": "Kirby, J."
      }
    ],
    "attorneys": [
      "11. W. Applegate, Attorney General, and John L. Carter, Assistant, for appellant.",
      "Martin K. Full, for appellee."
    ],
    "corrections": "",
    "head_matter": "State v. Dabney.\nOpinion delivered April 16, 1928.\nAutomobiles \u2014 tax on carrier op passengers. \u2014 One who rents or hires to individuals applying therefor automobiles to be operated by the hirer at his own risk and discretion was neither a private nor a public carrier of passengers, nor engaged in the business of using motor, vehicles for transportation of passengers for hire, within the meaning of the Acts Sp. Sess. 1923, pp. 55,. 59, \u00a7 36, requiring payment of a tax in addition to registration fees.\nAppeal from Pulaski 'Circuit Court, First Division; Abner McGehee, Judge;\naffirmed.\n11. W. Applegate, Attorney General, and John L. Carter, Assistant, for appellant.\nMartin K. Full, for appellee."
  },
  "file_name": "1071-01",
  "first_page_order": 1089,
  "last_page_order": 1091
}
