{
  "id": 8724936,
  "name": "Shields vs. Trammell et al.",
  "name_abbreviation": "Shields v. Trammell",
  "decision_date": "1857-07",
  "docket_number": "",
  "first_page": "51",
  "last_page": "65",
  "citations": [
    {
      "type": "official",
      "cite": "19 Ark. 51"
    }
  ],
  "court": {
    "name_abbreviation": "Ark.",
    "id": 8808,
    "name": "Arkansas Supreme Court"
  },
  "jurisdiction": {
    "id": 34,
    "name_long": "Arkansas",
    "name": "Ark."
  },
  "cites_to": [
    {
      "cite": "9 Watts, 32",
      "category": "reporters:state",
      "reporter": "Watts",
      "case_ids": [
        1849959
      ],
      "pin_cites": [
        {
          "page": "42"
        }
      ],
      "opinion_index": -1,
      "case_paths": [
        "/watts/9/0032-01"
      ]
    },
    {
      "cite": "1 Ark. 393",
      "category": "reporters:state",
      "reporter": "Ark.",
      "opinion_index": -1
    },
    {
      "cite": "5 Watts, 303",
      "category": "reporters:state",
      "reporter": "Watts",
      "case_ids": [
        1844017
      ],
      "opinion_index": -1,
      "case_paths": [
        "/watts/5/0303-01"
      ]
    },
    {
      "cite": "16 Ark. 243",
      "category": "reporters:state",
      "reporter": "Ark.",
      "case_ids": [
        8724862
      ],
      "opinion_index": -1,
      "case_paths": [
        "/ark/16/0243-01"
      ]
    },
    {
      "cite": "15 Ark. 593",
      "category": "reporters:state",
      "reporter": "Ark.",
      "opinion_index": 0
    },
    {
      "cite": "13 Ark. Rep. 183",
      "category": "reporters:state",
      "reporter": "Ark.",
      "case_ids": [
        8727971
      ],
      "opinion_index": 0,
      "case_paths": [
        "/ark/13/0183-01"
      ]
    },
    {
      "cite": "13 Ark. 187",
      "category": "reporters:state",
      "reporter": "Ark.",
      "opinion_index": 0
    },
    {
      "cite": "3 Ala. Rep. 40",
      "category": "reporters:state",
      "reporter": "Ala.",
      "case_ids": [
        8494240
      ],
      "opinion_index": 0,
      "case_paths": [
        "/ala/3/0040-01"
      ]
    },
    {
      "cite": "1 Cow. Rep. 733",
      "category": "reporters:state",
      "reporter": "Cow.",
      "opinion_index": 0
    },
    {
      "cite": "2 Ala. Rep. 83",
      "category": "reporters:state",
      "reporter": "Ala.",
      "case_ids": [
        11255818
      ],
      "opinion_index": 0,
      "case_paths": [
        "/ala/2/0083-01"
      ]
    },
    {
      "cite": "2 Blackf. Rep. 273",
      "category": "reporters:state",
      "reporter": "Blackf.",
      "case_ids": [
        1385382
      ],
      "opinion_index": 0,
      "case_paths": [
        "/blackf/2/0273-01"
      ]
    },
    {
      "cite": "4 Scam. Rep. 287",
      "category": "reporters:state",
      "reporter": "Scam.",
      "case_ids": [
        6102174
      ],
      "opinion_index": 0,
      "case_paths": [
        "/ill/5/0298-01"
      ]
    },
    {
      "cite": "3 Bibb Rep. 52",
      "category": "reporters:state",
      "reporter": "Bibb",
      "case_ids": [
        6383309
      ],
      "opinion_index": 0,
      "case_paths": [
        "/ky/6/0052-01"
      ]
    },
    {
      "cite": "3 Rand. Rep. 238",
      "category": "reporters:state",
      "reporter": "Rand.",
      "case_ids": [
        6714990
      ],
      "opinion_index": 0,
      "case_paths": [
        "/va/24/0534-01"
      ]
    },
    {
      "cite": "3 Cow. Rep. 445",
      "category": "reporters:state",
      "reporter": "Cow.",
      "case_ids": [
        2157996
      ],
      "opinion_index": 0,
      "case_paths": [
        "/cow/3/0445-01"
      ]
    },
    {
      "cite": "16 Conn. Rep. 403",
      "category": "reporters:state",
      "reporter": "Conn.",
      "case_ids": [
        12127301
      ],
      "opinion_index": 0,
      "case_paths": [
        "/conn/16/0403-01"
      ]
    },
    {
      "cite": "16 Maine Rep. 92",
      "category": "reporters:state",
      "reporter": "Me.",
      "case_ids": [
        8847332
      ],
      "opinion_index": 0,
      "case_paths": [
        "/me/16/0092-01"
      ]
    },
    {
      "cite": "16 Ark. 243",
      "category": "reporters:state",
      "reporter": "Ark.",
      "case_ids": [
        8724862
      ],
      "opinion_index": 0,
      "case_paths": [
        "/ark/16/0243-01"
      ]
    }
  ],
  "analysis": {
    "cardinality": 1174,
    "char_count": 29963,
    "ocr_confidence": 0.519,
    "pagerank": {
      "raw": 4.0869218906544255e-07,
      "percentile": 0.9091051254339538
    },
    "sha256": "42b0caceee855d3d95a9aa897068718131a7e5fbc61495b56aa332febde5a0f8",
    "simhash": "1:09778bf1468ed21d",
    "word_count": 5285
  },
  "last_updated": "2024-02-27T17:45:02.387391+00:00",
  "provenance": {
    "date_added": "2019-08-29",
    "source": "Harvard",
    "batch": "2018"
  },
  "casebody": {
    "judges": [],
    "parties": [
      "Shields vs. Trammell et al."
    ],
    "opinions": [
      {
        "text": "Mr. Justice Hanly\ndelivered the opinion of the Court.\nThis was a bill brought by the appellant, Shields, to the August term, 1854, of the Sebastian Circuit Court. As far as it is material to state, the substance of the bill is, that some time prior to 1830, the father of Shields bought a tract of land consisting of 320 acres, and situate in Sebastian county, from one Womack, the father of the defendants of that name, and took from him a title bond, in which he obligated himself to make conveyance of the land in question by deed in fee simple as soon as he should acquire a patent for it from the government of the United States: That at the date of the purchase thus made, Womack delivered possession of the land to the senior Shields, -which he retained from that time forward to his death, a few years after: that at the death of the senior Shields, Wo-mack had not made a conveyance of the land in fee to him in accordance with the title bond: that the complainant was the only child and sole heir at law of the elder Shields: that after the death of his father, the patent for the land in question was issued to Womack: that he omitted to make title thereto under his bond: that a short time after the patent was issued, he departed this life, leaving the defendants, Womacks, his sole heirs at law: that they, after the death of their father, refused to execute the agreement made by him in respect to the land in question, notwithstanding they well knew that both the complainant and his father had complied with every condition undertaken on their part, and had fully paid the consideration money for said land. i .\nThe bill further states that the Womacks, after the death of their father, had removed to Texas: that they, in utter violation of the terms of the bond made by their father, and to the father of the complainant, and in fraud of the complainant\u2019s rights in respect to the land iiivquestion, had made a deed for the entire tract of land to the defendant, Trammell, for some trivial or pretended consideration] and that since the date of that deed, Trammell was setting up and claiming title thereunder, was committing waste thereon, and was exercising other acts of ownership in respect thereto.\nThe bill further charges that complainant has been in actual, peaceable, continuous and uninterrupted possession for the 20 years next before the commencement of this suit: that independent of this, the title bond, from the elder Womack to his father, for the tract of land in question, had been regularly and duly acknowledged and recorded in Sebastian county, which he exhibited with his bill, and that defendant, Trammell, had actual notice of all these matters.\nThe bill prayed that the deed from the defendants, Womack, to Trammell, should be declared fraudulent and void as to the complainant: that Trammell should take and derive no title thereunder; that complainant should be quieted in his possession of the land, and that Trammell should be perpetually enjoined from committing waste thereon, and exercising acts of ownership in respect to the tract of land in question, and that the Womacks should be decreed to specifically perform the contract of their father, made with the father of complainant, and for general relief against all the defendants, etc.\nThe defendant Trammell, answered, admitting the contract set out in the bill as having be\u00e9n made by the elder Womack, with the complainant\u2019s father, in respect to the land in question; admitted that it had been patented by the United States; that the full consideration had been paid by the elder Shields to the elder Womack; that no conveyance had been made by Womack in his life time, to complainant\u2019s father; that the defendants, Womack, had not executed the contract since the death of their father; and by way of discovery and defence to the bill, and not for relief, charged in his answer the following facts: that the complainant represented to him, that he had been advised by counsel that it was probable, from some cause, he could not obtain a decree for Specific performance of the agreement to convey, made by the elder Womack to his father; that he was anxious to obtain title in fee to the land in question, and proposed to him, Trammell, that if he would go to Texas, where it was understood the Womacks lived, and obtain an executed conveyance in fee to the entire 320 acre tract, consisting of two adjoining quarter sections \u2014 one being situate in the bottom of the Arkansas river, and the other on the table or high lands\u2014 that he would give him the one in the bottom, exclusive of about 40 acres, which included his fields or plantation; that to make up the quantity of acres, he would give to him 40 acres from the tract situate on the high lands, reserved for himself.\nThe answer further charged that he, Trammell, acceded to this proposition, and consented to start at once to Texas, to accomplish it; that he did go to Texas, and applied,to the Wo-macks to make conveyance of the whole tract to complainant, Shields, und\u00e9r the contract of their father; that they declined doing so, but offered to do so and make a conveyance of the entire tract of land to him, Trammell, if he would pay them the sum of-hundred dollars, which he charges he paid, and took a conveyance to himself of the whole tract; that in doing this, it was his purpose to carry out the arrangement made with the complainant, and was the best that he could do; that the deed from the Womacks to him was duly acknowledged, and on his arrival at home in Sebastian county, was filed for record and recorded, which he exhibited with his answer.\nThe answer further charged that on his arrival at home, he acquainted the complainant with what he had done in respect to the land, and that he expressed himself satisfied; that he proposed to complainant to proceed at once to have the land divided in pursuance of the agreement; that he assented to this also; that in pursuance thereof he, at once, applied to the county surveyor to run the lines and divide the lands in conformity to the agreement; that the surveyor declined doing so, at the time, on account of pressing engagements; that fearing lest some calamity might befall him, and the agreement between himself and complainant not be executed in consequence thereol, he caused a deed to be made out and executed by himself and his wife, conveying to complainant one undivided half of the land in question, which he caused to be duly acknowledged with the dower right of his wife relinquished, and properly certified: that this deed was tendered to complainant, and accepted by him; that it was not his purpose that this deed should avoid, or prevent him from complying with the true intent and meaning of his contract made with Shields, but was intended only for safety, and to continue until the land could be divided by the surveyor in conformity to the agreement, when it was his purpose to give other assurance of title to the particular land, which should be allotted thereunder, by metes and bounds: that after the execution and delivery of this deed, he called on complainant to accompany him and the surveyor to make the survey and partition; that he declined doing so, on account of engagements, but sent a neighbor in his place; that the survey was made, and plats and field notes were furnished by the surveyor; that complainant, with a knowledge of the facts, expressed himself satisfied and pleased therewith.\nThe answer admits that the defendant, Trammell, took possession of the land allotted to him, exercised acts of ownership over it, and was cutting and felling timber thereon, when suit was commenced; denies all fraud, etc.\nComplainant, Shields, filed a response to the new facts set up in the answer of Trammell, by way of defence to the bill of complaint, in which he virtually denies and contradicts them. Complainant filed a general replication, in due form, to Tram-mell\u2019s answer, beside the response just noticed, etc.\nOn this state of ple\u00e1ding the cause was set down for hearing upon the original bill, the answer of Trammell, the special response thereto, and Shields\u2019 general replication, exhibits and proof, and the hearing set for the next term succeeding the one at which the pleadings were made up. At the term at which the cause was set for hearing, much proof was submitted by both parties, which we will not pretend to give, either in substance or detail, but will content ourselves with stating what we consider its results.\nThe weight of the testimony was decidedly in favor of the defendant, Trammell, and sustained the defence set up in his answer to the relief prayed in the bill, in all its essential particulars.\nThe defendants, Womack, made no appearance.\nThe chancellor, at the hearing, upon the pleading and evidence, as we have stated them, dismissed complainant\u2019s bill, dissolved \"the injunction awarded against Trammell, and decreed costs against complainant. From this decree Shields appealed to this Court, and insists here that it must be reversed.\nExtended briefs have been presented on both sides. We do not propose, however, to follow the counsel through their arguments; butjW\u00dcl content ourselves with stating a few principles of law which, we think, are decisive of the case at bar.\nThe design of the bill, as against the defendants, Womack, was, evidently, to enforce a specific performance of the contract made by their ancestor with the father of complainant in respect to the land in question; and as against Trammell, it was to remove the cloud from complainant\u2019s title caused by the deed made by the Womacks to Trammell, and to prevent future encroachments upon the premises under any pretence whatsoever. The question arises, under the facts and pleadings in the cause, whether the complainant, Shields, was entitled to any relief, as against either of the defendants, and if so, what, and upon what grounds?\nThe jurisdiction of Courts of chancery to compel the specific performance of contracts in reference to land, has been so firmly established, that it may be regarded, now, as one of the main or prominent subjects of equitable cognizance or jurisdiction.\nThe specific performance of a contract is not, however, a matter of course, but rests in the sound discretion of the Court, and it may be refused when circumstances render it inequitable or improper. See Rogers vs. Saunders, 16 Maine Rep. 92; Griffith vs. Frederick county Bank, 6 Gill & J. 424; Pigg vs. Gordor, 12 Liegh Rep. 69, 76; Meeker vs. Meeker et al., 16 Conn. Rep. 403; Seymour vs. Delancy, 3 Cow. Rep. 445; Anthony vs. Leftwick, 3 Rand. Rep. 238; Prater vs. Miller, 3 Hawk. Rep. 629; Turner vs. Clay, 3 Bibb Rep. 52; Frisby vs. Ballance, 4 Scam. Rep. 287; McMortin vs. Bennett, Harr. Ch. Rep. 124; 2 Blackf. Rep. 273; Leigh vs. Crump, 1 Ire. Ch. Rep. 299; Gould vs. Womack, 2 Ala. Rep. 83; Wynn vs. Garland, decided at the present term.\nIt is said, however, that this discretion is not an arbitrary one, but is to be exercised according to the circumstances of each particular case. See Adam\u2019s Fq., Note 1 ,p. 244, citing Bennett vs. Smith, 16 Jurist 421.\nCourts of chancery, in the exercise of the jurisdiction of enforcing the specific performance of contracts, in respect to lands, have adopted and prescribed certain rules by which they are usually governed, which we will proceed to state as follows:\n1. There must be a valuable consideration either in the way of a benefit bestowed, or disadvantage sustained by the party in whose favor a contract is to be enforced. See Minturn vs. Seymour, 4 John. Ch. Rep. 500; Woodcock vs. Bennett, 1 Cow. Rep. 733; Cabeen vs. Gordon, Hill Ch. Rep. 51; Adams Eq. 245.\n2. That the mutual enforcement of the contract in specie is practicable, i. e. that the contractbe one which the defendant can fulfill; and the fulfillment of which, on his part, and also on the part of the plaintiff, can be judicially secured. Adam\u2019s Eq. 249, 250.\n3. That an enforcement in specie be necessary, i.e., it must be really important to the plaintiff, and not oppressive on the defendant. Adams\u2019 Eq. 253.\nKeeping in view, then, the foregoing principles, let us recur to the facts of this case, and determine whether the complainant has shown himself entitled to so much of the relief prayed for as required the Court below to carry into execution the contract made by the ancestor of the defendants, Womack, with the father of the complainant, Shields.\nAs between the defendants, Womack, and Shields, throwing out of view the equities in favor of Trammell, there can be no \u25a0 doubt, we think, but that Shields would be entitled to a specific performance of the contract to convey, made by the elder Wo-mack with the elder Shields. But as the facts are, a specific performance on the part of the Womacks, would be a vain and imperfect act, which a Court of equity will not, knowingly, loan itself to do. See Toby vs. The county of Bristol, 3 Story\u2019s Rep. 800.\nWe have said, to decree a specific performance of the contract set out in complainant\u2019s bill, under the facts of this case, would be a vain and imperfect act: Vain, because no title would or could be communicated to the complainant, for the reason that it appears the defendants, Womack, have already divested themselves, for a fair valuable consideration, by deed duly executed, of all the right, title and interest, which they may have had in the land in question: Imperfect, for the reason that a decree for a specific performance on the part of the Womacks, in favor of the complainant, would not conduce to the settlement or adjustment of the equities existing between tbe complainant and Trammell.\nIt is said that a specific performance of a contract for the conveyance of land will not be decreed where the vendor has no title, as it would decree the performance of an unlawful act. (See Fitzpatrick vs. Featherston, 3 Ala. Rep. 40:) nor where, being the absolute owner at the time of his contract he subsequently conveys to a stranger, who is ignorant of the prior sale, and is therefore bound by no equity to give it effect. In this last case the vendor\u2019s misconduct may be a ground for charging him with costs, but a decree for performance of the contract is absolutely impossible, and there is no jurisdiction in equity to give damages for the breach. See Todd vs. Gee, 17 Ves. Rep. 273; Jenkins vs. Penkinson, 2 M. & K. 5; Sainsbury vs. Jones, 2 Bea. Rep. 462; Nelson vs. Bridges, Ib. 239.\nIn the case before us, it appears that Trammell had full notice of the existence of the contract to convey, made by Womack to Shields; and therefore, if there were not other equities existing between the complainant and the defendant, Trammell, the Court might hold the conveyance from the Womacks to Tram-mell, to enure to the benefit of Shields, and decree a conveyance from Trammell to him. But considering the facts before us, it is manifest that though the Womacks may have acted in bad faith in refusing to convey to Shields, when applied to by Tram-mell for that purpose, yet there can be no doubt but that Tram-mell was fully authorized by Shields to procure a conveyance of their interest even to himself. The fact is, we are authorized to say, the conveyance by the Womacks to Trammell was warranted by the agreement between Shields and Trammell before his departure for Texas, in quest of the Womacks. It is true that, in consequence of the relations created between Shields and Trammell by their agreement, a conveyance to Trammell created a resulting trust in him in favor of Shields in respect to the land. The conditions of the trust, which resulted between them, are declared and stated in their agreement, i. e., that Shields was to have the quarter section lying upon the uplands, except 40 acres which he was to have out of the other quarter, so as to include his fields and improvements, and that Trammell was to have the quarter in the river bottom, except the 40 acres to be taken by Shields, and in lieu of that he was to have the same quantity out of the upland quarter; so that each should have 160 acres of the 320. A Court of chancery would execute this trust if applied to by the parties. If the deed had been made by the Womacks to Shields, instead of by them to Trammell, the Court would have decreed the execution of the trust, which would have resulted under the circumstancs in favor of Trammell, and so vice versa. See Cook vs. Bronaugh et al., 13 Ark. 187; McGuire et al. vs. Ramsey. 4 Eng. 527.\nWe have been considering this case in respect to the relief prayed for against the Womacks. We will now consider it in reference to Trammell.\nWe have before said that Trammell does not attempt to make his answer a cross bill, except for discovery, and by way of de-fence. No relief is asked for. If the answer of Trammell had been made a cross bill under our practice, with a gen eral prayer for relief, the result of the cause, both as to him and the complainant, might have been different, for under a prayer for general. relief, a Court of chancery may grant any that the facts stated will warrant, although it be inconsistent with the special relief prayed. See Story\u2019s Eq. Plea. 40, 41, 42; Cook vs. Bro. naugh, 13 Ark. Rep. 183; Kelly\u2019s Hrs. et al. vs. McGuire, wife et al., 15 Ark. 593. As it is, we can only treat the new matter in the answer of Trammell as means of defence. Viewing it, then, in that aspect, and also in view of the fact that the complainant interposed both a general and special replication thereto, we take occasion to repeat the .rule laid down on the subject in Wheat et al. vs. Moss et al, (16 Ark. 243,) i. e., that where agen-eral replication is put in to an answer in chancery, it is a general rule that all the allegations, which are responsive to the bill, shall be taken as true, unless disproved by two witnesses, or by one witness with pregnant circumstances; and also, that every allegation not directly responsive to the bill, but stating matter in avoidance, or in bar of the complainant\u2019s claim, must, under the circumstances, be fully proved, or it will have no elfect.\nTesting the case at bar, as far as it pertains to the answer of Trammell, by the general rule above laid down, there is but little difficulty in arriving at a correct result on the subject. In recurring again to the bill and answer, it is manilest what facts in the answer are responsive to the bill, and what are set up in avoidance. The burden of disproving the former class, as we have already seen, devolves on the complainant, whilst the duty of establishing the latter, is cast on the defendant- On this part of the subject it is said there are many nice distinctions, and we sometimes fall in, and meet in the reports with, cases that it is difficult to reconcile, one with another. But, as we have before said, in the case before us, the facts in the answer responsive to the bill, are those that are set up in avoidance, and so marked that we need merely mention them, to show the distinction. We regard, therefore, all that part of Trammell\u2019s answer, which sets up the contract between himself and Shields in respect to the purchase of the lands in question from the Womacks \u2014 the manner in which it should be divided between them when purchased' \u2014 the fact of the purchase by the defendant \u2014 the recognition thereof by the complainant after the defendant\u2019s return from Texas \u2014 the making of the deed by the defendant and his wife to the complainant for one undivided half of the land- \u2014 its acceptance by him \u2014 the facts in reference to the survey and division of the land by the county surveyor \u2014 the acquiescence in this by the complainant, etc., are all facts and matters set up by the defendant in avoidance; and consequently, are such facts as the defendant was required to prove in some one of the modes required by law. The other parts of his answer, we regard as being strictly responsive to the bill, and consequently imposed on the complainant the duty of overturning the proof or evidence which they import in behalf of the defendant, in accordance with the rule we have above stated.\nLet us consider and determine, therefore, whether the defendant, Trammell, has established such parts of his answer, as we have said it was his duty to have done. On this subject we think there can be no doubt. More than two witnesses testified to, and sustained each substantive fact set out in defendant\u2019s answer. If the matter relied on in the answer by way of avoidance of the relief asked for by the bill, amounts to an avoidance under the law in such case, it having been established by the proof, as we have said, it follows that the decree of the Court below is correct, and must be affirmed by this Court.\nThe matter set up by way of avoidance amounts to this: That the contract of the complainant and defendant, in respect to procuring a title to the land in question from the heirs of Wo-mack, though a parol contract affecting lands, and consequently void, under the statute of frauds, unless taken out of its operation by some superior equity arising in one of the modes recognized by the law, was founded on a valuable consideration on the part of Trammell, in the way of actual service rendered, and money expended in its performance on his part, or, in other words, that this parol contract was substantially performed on the part of Trammell, and was fully executed at the time this suit was brought as far as it was possible for him to have done so under the circumstances shown. The question is, do these facts clothe the defendant with equities in respect to the subject matter of this suit, sufficiently to avoid the equities set up in the bill? We think there cannot be a doubt on the subject. The statute of frauds would be an 'encouragement of frauds, instead of a preventive of them, if such facts would not take a party out of its operation. It has been too long the settled doctrine of this Court, as well as of most of the American Courts, to decree a specific performance under the circumstances existing in this case; but such decree can only be rendered in behalf of the party who has performed his part of the contract. The doctrine on the point is called the doctrine of part performance, and its principle appears to be that if one of the contracting parties induce the other so to act, that if the contract be abandoned, he cannot be restored to his formers position, the contract must be considered as perfected in equity, and a refusal to complete it at law is in the nature of a fraud. See Adam\u2019s Eq. 263, 264, 265, and the authorities, American, collected in note 1 p. 263] also Wynn vs Garland, before cited.\nWe regret that the parties to this suit had not framed their pleadings so as to enable us to decree in such a manner as to avoid, at any future time, the necessity of any farther litigation in respect to the subject matter of this suit. As it is, our action is circumscribed by the rule that we have laid down on the subject, and we must therefore leave the parties to their rights and remedies, as they may conceive and elect them hereafter, if they should conceive any other proceeding necessary, which we do not design, at all, as intimating or suggesting.\nHaving considered all the points which we conceive legitimately arise in this case, and finding no error in the decree of the Court below rendered in this behalf, the same is in all things affirmed.",
        "type": "majority",
        "author": "Mr. Justice Hanly"
      }
    ],
    "attorneys": [
      "Clark for the appellant.",
      "Duval & W. Walker for the appellees."
    ],
    "corrections": "",
    "head_matter": "Shields vs. Trammell et al.\nChancery Courts have the power to compel the specific performance of contracts in reference to land: but will do so, only where there has been a valuable consideration; and where the contract by both parties can be judicially secured; and where it is really important to the party seeking the performance, without being oppressive to the other party.\nA special performance of a contract for the conveyance of land will not be decreed, where the vendor has no title; or has, since the contract, conveyed the land to a stranger without notice.\nWhere a general replication is put in to an answer in chancery all the allegations in the answer, responsive to the bill, must be taken as true, unless disproved: but any allegation not responsive, but stating matter in avoidance, must be proved. (Wheat et al. vs. Moss etal., 16 Ark. 243.)\nW. sold to S. a tract of land, giving him a bond for title, and putting him in possession \u2014 the consideration being paid: W. & S. both died before any conveyance of the land by W.: the heir of S. entered into a parol agreement with T., that the latter should procure the conveyance of the land from the heirs of W., and that he would give him a specified half of the land: the heirs of W. refused to convey -to the heir of S.; but did convey to T. upon the payment of a further consideration: Held, That the contract between the heir of S. and T. would be enforced in chancery, upon the performance by T. of his part of the agreement: that the conveyance to T. by the heirs of W. created a resulting trust, which a Court of chancery would carry into effect according to the agreement.\nAppeal from the Circuit Court of Sebastian county in Chancery.\nThe Hon. Felix J. Batson, Circuit Judge.\nClark for the appellant.\nThe complainant in his response, denies any contract or agreement whatever in the premises, he is therefore, as to the pleadings, entitled to the benefit of the statute of frauds. See Harris vs. Knickerbocker, 5th Wend. 638. Cozzine vs. Graham, 2d Paige, 177. 1 Marsh. Ky. 437, and the defendant must show a valid contract within the statute or such as is not affected by it.\nTrammell\u2019s purchase and conveyance to Shields not being a compliance with the terms proposed, is therefore not binding on Shields, even as an agreement, and independant of any subsequent stipulations between the parties; this alleged agreement is entirely out of the question. It follows that Trammell purchased in his own wrong, without any authority from Shields, and in violation of his duty as his agent, at Shields\u2019 election, therefore (bating the statute of frauds) he was his trustee and held the title in trust for him. See 2d Story Eq. Jur. 1211 a. Denton vs. McKinzie, 1st Des. 289. Sweet vs. Jacobs, 6 Paige, 355. 5 Watts, 303.\nOr Shields might have treated his title as an nullity, and relied on his own equitable title, Chitty on Con. 741, 742.\nIndependent of the general principle that a party cannot prove what is not alleged; there are abundance of authorities requiring the parties seeking a specific performance to setforth the contract in manner, clear, certain, and definite, in all its terms. See Parkhursl vs! Van Courllandt, 14th John. 15; Board- man vs. Mostxjn, 6th Ves. 467, 470; Phillips vs. Thompson, 1st Johns. Ch. Rep. 149, 150; Harris vs. Knickerbocker, 5th Wend. 649.\nA Court will not execute an agreement without a good and meritorious consideration. See 2d Story, sec\u2019s 787, 793, a 973, 977; Woodcock vs. Bennett, 1st Cow. 711; Seymour vs. Delaney, 6th Johns. Chy. Rep. 222; 1st Ves. 279; Colson vs. Thompson, 2d Wheat. 336.\nIn regard to the statute of frauds, the authorities are unanimous, that in order to take a case out of the statute, upon the grounds of part performance of parol contract, the contract itself must be established by competent proofs to be clear, definite, and unequivocal in all its terms, and the acts of part performance must refer exclusively to the identical agreement, and be such as could be done only with the view or design of its being performed. See 2d Story\u2019s Eq. 764, 762; 1st Sug. on Ven. ch. 3, sec. 8, n. 1 to 29; Neufville vs. Mitchell,\u00bf1st Des. 480; Phillips vs. Thompson, 1st Johns. Chy. Rep. 141; Parkhurstvs. Vancourtlandt, Idem. 273; Morgan vs. Morgan, 2d Wheat. 302; Neioton vs. Sioan-zey, 8th N. & C. B.p. 9; Crocker vs. Higgins, 1th Conn. 343; Davenport vs. Mason, 15th Mass. 85; lsf Madd. Ch. 376,379; Pyke vs. Williams, 3d Ves. 381; Harris vs. Knickerbocker, 5th Wend. 638. Gregory vs. Meyhill, 18th Ves. 328; Keaits vs. Rector, 1 Ark. 393.\nThe only ground on which the Courts interfere in such cases is to prevent the statute itself from being made use of to perpetrate fraud. And when a refusal to execute would be no fraud upon the party seeking, the Court will leave the party to his remedy for damages. 1st Sug. on Ven. ch. 4, sec. 8, n. 2; 1st Ves. 221; Taylor vs. Beach, 1st Ves. 297; ls\u00ed Bro. G. C. 417; Bil-lington vs. Walsh, 5th Binn. 127, 131; Smith vs. Pattensless, 1 Serg. & Raivle 80; Wetmore vs. White, 2d Cain Cas. in Er., 87, and cases above cited.\nDuval & W. Walker for the appellees.\nThe testimony established, beyond a doubt, the contract set up by Trammell \u2014 that complainant had agreed to give him one-half of his land as a consideration for procuring a deed from the Womachs.\nThe agreement between Trammell and defendant resting in parol, is within the Statute of frauds; but we conceive that, in this case, the emphatic ratification of it by the complainant, es-topped him from setting up the statute to avoid it.\nIn Taylor vs. Patrick, lsi Bibb, 170, the Court say, \u201c that no particular form of proceeding is necessary to operate as a confirmation; it appears to us to be fully sufficient if any actis done which clearly indicates the assent of the mind to stand by and perform the contract which had been previously entered into.\u201d His acceptance of the deed \u2014 giving directions for the survey, etc., are acts clearly evincing his assent to perform his contract. And taken as a who! ,hey prove incontestibly the existence of the contract, and its subsequent ratification, that an attempt to evade its obligation is madness and folly. They were all positive and palpable acts, having unquestionable reference to the agreement, and clearly to be in execution of it. There is no equivocation or uncertainty in them. Hatcher et al. vs. Hatcher et al., 1 McMullan's Eq. 311; Robertson vs. Robertson, 9 Watts, 32, 42; Phillips vs. Thompson, 1 John. Chancery R. 131; 1 Leading Cases in Eq. 568."
  },
  "file_name": "0051-01",
  "first_page_order": 51,
  "last_page_order": 65
}
