{
  "id": 8726896,
  "name": "Beller vs. Block",
  "name_abbreviation": "Beller v. Block",
  "decision_date": "1858-01",
  "docket_number": "",
  "first_page": "566",
  "last_page": "574",
  "citations": [
    {
      "type": "official",
      "cite": "19 Ark. 566"
    }
  ],
  "court": {
    "name_abbreviation": "Ark.",
    "id": 8808,
    "name": "Arkansas Supreme Court"
  },
  "jurisdiction": {
    "id": 34,
    "name_long": "Arkansas",
    "name": "Ark."
  },
  "cites_to": [
    {
      "cite": "14 Ark. 351",
      "category": "reporters:state",
      "reporter": "Ark.",
      "opinion_index": -1
    },
    {
      "cite": "12 Mass. 300",
      "category": "reporters:state",
      "reporter": "Mass.",
      "case_ids": [
        2051953
      ],
      "opinion_index": -1,
      "case_paths": [
        "/mass/12/0262-01"
      ]
    },
    {
      "cite": "2 Hall 345",
      "category": "reporters:state",
      "reporter": "Hall",
      "case_ids": [
        1361728
      ],
      "opinion_index": -1,
      "case_paths": [
        "/ny-super-ct/2/0345-01"
      ]
    },
    {
      "cite": "16 John. 1",
      "category": "reporters:state",
      "reporter": "Johns.",
      "case_ids": [
        378252
      ],
      "opinion_index": -1,
      "case_paths": [
        "/johns/16/0001-01"
      ]
    },
    {
      "cite": "2 Pick. 64",
      "category": "reporters:state",
      "reporter": "Pick.",
      "case_ids": [
        2049652
      ],
      "opinion_index": -1,
      "case_paths": [
        "/mass/19/0068-01"
      ]
    },
    {
      "cite": "8 Blackf. 105",
      "category": "reporters:state",
      "reporter": "Blackf.",
      "case_ids": [
        1380761
      ],
      "opinion_index": -1,
      "case_paths": [
        "/blackf/8/0105-01"
      ]
    },
    {
      "cite": "2 Gilman 614",
      "category": "reporters:state",
      "reporter": "Gilm.",
      "case_ids": [
        2560396
      ],
      "opinion_index": -1,
      "case_paths": [
        "/ill/7/0614-01"
      ]
    },
    {
      "cite": "8 Texas 78",
      "category": "reporters:state",
      "reporter": "Tex.",
      "case_ids": [
        6767687
      ],
      "opinion_index": -1,
      "case_paths": [
        "/tex/8/0039-01"
      ]
    },
    {
      "cite": "3 McCord 458",
      "category": "reporters:state",
      "reporter": "McCord",
      "case_ids": [
        8861073
      ],
      "opinion_index": -1,
      "case_paths": [
        "/scl/14/0458-01"
      ]
    }
  ],
  "analysis": {
    "cardinality": 643,
    "char_count": 14809,
    "ocr_confidence": 0.527,
    "pagerank": {
      "raw": 9.029833288508359e-08,
      "percentile": 0.5040039013857565
    },
    "sha256": "355c7ddf30df248b6b2f37fca779b20eb397894e1610df0ca57a7804fc58fe09",
    "simhash": "1:b69e10e5772d9f88",
    "word_count": 2757
  },
  "last_updated": "2024-02-27T17:45:02.387391+00:00",
  "provenance": {
    "date_added": "2019-08-29",
    "source": "Harvard",
    "batch": "2018"
  },
  "casebody": {
    "judges": [],
    "parties": [
      "Beller vs. Block."
    ],
    "opinions": [
      {
        "text": "Mr. Chief Justice English,\ndelivered the opinion of the Court.\nOn the 15th of May, 1854, Abram Block commenced a suit against Allen T. Beller, before a justice of the peace of Hemp-stead county, on an account stated, as follows:\n\u201c A. T. Beller,\nTo A. Block, Dr.\n1853. For 1 Ox Wagon, bo\u2019t at public auction at sale of S. L. Slack, Sept. 14, 1853.$37 00\u201d\nOn the trial in the Circuit Court, upon an appeal from the judgment of the justice, in favor of Block, the following evidence was introduced:\nHezekiah W. Smith, witness for plaintiff. \u2014 Was at a sale of S. L. Slack\u2019s property, in Washington, made in 1853. The defendant, Beller, and a good many other persons, were at the sale. An ox wagon was sold. Witness and defendant bid for it. Defendant bid $37. Did not hear Slack tell any one that the wagon was his property. The plaintiff, Block, \u201c acted as cryer or auctioneer,\u201d at the sale. He remarked to the crowd, when he went to sell the wagon, that he would sell them a good wagon. It looked like a pretty good wagon, but had been used a good deal \u2014 $37 was not a high price for it. Heard no questions asked the plaintiff, at the sale, as to whose property the wagon was. The sale was a public one, and Daniel E. Williams acted as clerk at the sale.\nCross-examined: The wagon was sold near S. L. Slack\u2019s house. It was standing in his yard, on his premises. The plaintiff used the same words in relation to the wagon when he went to sell it, that he did in relation to the other property sold at the sale \u2014 he said, \u201c come up, gentlemen, I will sell you a good wagon,\u201d or something of that sort.\nDaniel E. Williams, for plaintiff. \u2014 Acted as clerk at Slack\u2019s sale. The defendant bought the wagon in controversy. He bid it off at $37 \u2014 others bid for it \u2014 Smith bid $35. It was worth $37. Heard the defendant say, a few days after the sale, that when he went to pay Slack for the wagon, Slack told him to pay it to the plaintiff.\nCross-examined: Heard defendant also say, at the same time, that when he bought the wagon, he supposed it was Slack\u2019s, but he had to settle with plaintiff, and he would not take the wagon.\nWesley Norwood, for plaintiff. \u2014 Heard defendant say he had bought an ox wagon at Slack\u2019s sale, a day or two after the sale, and that he wanted to trade it. He said he had got a bargain, and would like to exchange it for a two-horse wagon. He rather preferred to make a trade of that kind.\nCross-examined: Defendant said, at the same time, that he had not brought the wagon away yet \u2014 that it was up at Slack\u2019s.\nPlaintiff here closed.\nRobert L. Phillips, for defendant. \u2014 A few days after the sale, saw the defendant tender to Slack the money for the wagon\u2014 witness counted the money, it was in gold and silver, and there were fifty-one or two dollars. This was for the wagon and some other things that defendant bought at the sale. Slack did not take the money for the wagon, but took the price of the other things.\nDefendant offered to prove that the wagon was sold by a constable, in April, 1853, under an execution issued by a justice of the peace, in favor of Williams & Burt, against Thomas Wilson, and bid off by Virginius Bloch; but, upon the objection of the plaintiff, the Court excluded this evidence, and the defendant excepted.\nThe defendant offered to prove by Virginius Block that he was one of the owners of the wagon at the time it was sold at Slack\u2019s sale \u2014 that it did not belong to the plaintiff alone, but to the firm of A. Block & Son; which the Court excluded, upon the objection of the plaintiff, and t'he defendant excepted.\nThe above being the substance of all the testimony introduced upon the trial, the defendant moved the Court to instruct the jury as follows, which the Court refused, and defendant excepted.\n\u201c1. That plaintiff, in order to recover in this action, must prove that he was the owner of the property claimed to have been sold to defendant, and if said plaintiff does not, the law is for the defendant.\n\u201c2. That before plaintiff can maintain this action in his own name for goods sold at the sale of the goods of'S. L. Slack, he must first have given Beller notice that he, plaintiff, was the owner.\n\u201c3. That if the jury believe, from the evidence, that Beller never accepted said wagon, nor ever had it in his possession, then they cannot find for the plaintiff in the present form of action.\n\u201c 4. That in order for plaintiff to recover in this action, by reason of being an auctioneer, he must first prove that he had been duly licensed according to the statute in such case made and provided.\n\u201c 5. That if any thing remained to be done at or after the sale spoken of in this case by either party, then there has been no executed contract in this case, and the jury must find for the defendant.\u201d\nThe Court, upon its own motion, instructed the jury as follows:\n\u201c If the jury shall find from the evidence that the plaintiff acted as the agent, and conducted the sale -for S. L. Slack, made at his house, and that the wagon in controversy was then offered for sale by the plaintiff, and was bid for by the defendant, and was struck off to him by the plaintiff and the defendant was then and there informed he could take the wagon, the same was a valid sale and pui-chase, and binding on the defendant. And if the jury shall also find, from the evidence, that defendant was informed by said S. L. Slack that he, defendant, must settle with plaintiff for the wagon, a reasonable time before the commencement of this suit, they may find for the plaintiff the amount bid for the wagon, with legal interest, if they find that payment has been vexatiously withheld.\u201d\nTo the giving of which defendant excepted.\nThe jury returned.a verdict in iavor of the plaintiff for $37, without interest.\nThe defendant moved for a new trial on the following grounds:\n1. The verdict contrary to law.\n2. Contrary to evidence.\n3. The Court refused to give the five instructions asked for by defendant.\n4. The Court refused to suffer defendant to prove that the wagon was not the property of the plaintiff nor S. L. Slack, at the time of sale.\n5. The Court refused to permit the defendant to prove that the wagon was the property of Yirginius Block at the time of the sale.\n6. The Court erred in giving instructions upon its own motion.\n7. The Court permitted parol evidence to go before the jury, relative to the sale, when it was proved that there was a book kept, by the clerk, at said sale, o\u00ed the prices, terms, etc.\nThe Court overruled the motion for a new trial, and rendered final judgment for plaintiff, and defendant excepted, and appealed.\nIf goods be sold which belong to\u2019several persons jointly, all of the owners must join in assumpsit for the purchase money. Arch. Civ. Plead. 50. If the goods belong to partners, all of them must be joined in the action, if living, except dormant partners, etc. Ib. 52. In actions upon contracts, not under seal, brought by some only of several who ought to join, without averring the death of the others, the defendant may plead the non-joinder in abatement, or take advantage of it at the trial upon the general issue, at his option. Ib. 55; 2 Stark. 424.\nIf it be assumed, therefore, that Block sued in his own right, and as the absolute owner of the wagon, the Court erred in not permitting Beller to prove, upon the trial, that Virginius Block was part owner, or that the wagon belonged to the firm of A. Block & Son.\nBut it is manifest that the Court below did not regard Block as suing in his own right, as absolute and sole owner of the wagon, but in his right as auctioneer.\nAn auctioneer has a special property in the goods sold by him at auction, and may maintain an action against the purchaser in his own name, for the price of the goods. Story on Agency, sec. 27, 107; Story on Sales, sec. 471; Hilliard on Sales, p. 169. It is of no consequence whether the name of the owner of the goods be made known at the time of the sale or not. lb.\nNo matter, therefore, whether the wagon was the property of Slack, Virginius Block, or of the firm of A. Block & Son, the appellee had a special property in it as auctioneer, and the right of action for the purchase money.\nThe appellee proved that he acted as auctioneer at a public sale, and that the appellant recognized him as such by purchasing the wagon, and other goods. This was sufficient to entitle the appellee to recover, in the absence of rebutting proof, without the production of his license as an auctioneer. Hilliard on Sales, p. 109, 170; 1 Phillips Evidence, p. 351, 352, 353.\nThis disposes of the 4th and 5th grounds of the motion for a new trial, and of the 1st, 2d, and 4th instructions moved by the appellant.\nThe 5th instruction moved by appellant \u2014 \u201c that if any thing remained to be done at or after the sale by either party, there was no executed contract\u201d \u2014 was too broad. The purchase money may remain to be paid, and yet the sale may be complete, if the goods be delivered. The rule is, that:\n\u201c No sale is complete, so as to vest in the vendee an immediate right of property, so long as any thing remains to be done between the buyer and seller in relation to the goods. The goods sold must be separated, and identified by marks or numbers so as to be completely distinguished from all other goods, or from the bulk or mass with which they happen to be mixed. If they be sold by weight, or measure, or number, the specific quantity bought must be weighed, or measured, or counted, so as to be separate and distinct from all other similar goods,\u201d etc., etc. Story on Sains, see. 296.\nTaking the third instruction, moved by the appellant, all together, and the Court did not err in refusing it \u2014 the words: \u201c nor ever had it in his possession \u201d \u2014 were objectionable. The sale might have been a valid one, and binding on the defendants, though he never removed the wagon from the spot where he bid it off \u2014 though he might have taken no manual possession of it. If the wagon was delivered to him, the sale was complete, and the contract not within the statute of frauds. It being a bulky article, manual delivery was not necessary. Thus where the vendor, on the sale of certain logs, lying within a boom, took the vendee in sight of them, and showed them to him, it was held to be a sufficient delivery, on the ground that no other delivery was practicable under the circumstances; and that this act was intended as a delivery of the logs. Story on Sales, sec. 311, 6.\nIf in the language of the charge given by the Court to the jury, on its own motion, the appellee was informed, when he bid off the wagon, that he could take it, he being present, and the wagon pointed out when it was put up for sale, no other delivery would be required to complete the sale.\nThe verdict of the jury is not totally without evidence to sustain it, though the proof of delivery is not by any means clear. The wagon was standing in Slack\u2019s yard, and was pointed out when it was put up for sale by the appellee. The appellant bid it off; he afterwards offered to pay Slack for it\u2014 made him a formal tender of the price, etc., \u2014 told one witness that he had bought the wagon at the sale \u2014 had got a bargain, and wanted to exchange it for a two horse wagon. That he had not yet taken it away from Slack\u2019s. He made no complaint of want of title, or want of delivery. It seems that he had some personal distaste to the auctioneer, and no fancy for paying the money to him, and this was the unhappy source of the litigation which has, doubtless, cost \u2019each of the parties several times the value of the wagon, and which we shall terminate by affirming the judgment,",
        "type": "majority",
        "author": "Mr. Chief Justice English,"
      }
    ],
    "attorneys": [
      "Watkins &. Gallagher, for the appellant.",
      "S. H. Hempstead & A. H. Garland, for the appellee."
    ],
    "corrections": "",
    "head_matter": "Beller vs. Block.\nIf goods be sold which belong to several persons jointly, all of the owners, whether partners or not, must join in an action of assumpsit for the purchase money, and if they all do not join the defendant may take advantage of the non-joinder by plea, or upon the general issue.\nAn auctioneer, has a special property in the goods sold by him at auction, whether the name of the owner be made known or not, or whether he be part owner or not, and may maintain an action against the purchaser in his own name for the price of 4ke goods.\nWhere an auctioneer brings suit in his own name against the purchaser of goods, proof that he acted as auctioneer at a public sale, and that the defendant purchased \u00ab at such sale, is sufficient evidence of the plaintiff\u2019s character without the production of his license as an auctioneer.\nNo sale is complete, so as to vest in the vendee an immediate right of property, so long as any thing remains to be done between the buyer and seller in relation to. the goods: but a contract for the sale and purchase of goods may be an executed one, though something remains to be done by one of the parties \u2014 as, the payment of the purchase money:\nUpon the sale and purchase of a wagon, at public auction, the delivery is sufficient if the wagon be pointed out when it is put up for sale, and the purchaser is informed, when he bids it off, that he can take it \u2014 -though the purchaser may not remove it, : or take manual possession of it.\nAppeal f rom Hempstead Circuit Court.\nHon. Thomas Hubbard, Circuit Judge.\nWatkins &. Gallagher, for the appellant.\nThe sale was not binding on Beller, because within the statute of frauds. Sec. 2, chap. 73, Digest. There was no earnest, delivery or membrandum in writing.\nThe sale was illegal, and no valid contract can arise out of it. The statute, Dig., p. 95, prohibits any one except a licensed auctioneer from selling at auction.\nIf the sale was at public auction there must be a memorandum in writing to charge defendant. 3 McCord 458; 1 Mc-Mullen S. C. 453; 1 Greenl. Ev., sec. 269, p. 350, 351; 8 Texas 78; 2 Gilman 614; Morton vs. Dean, 17 Mete. 385; Hunt vs. Gregg, 8 Blackf. 105; Davis vs. Rowell, 2 Pick. 64; 1 Sug. on Vend., p. 133, 134, marg. p. 117, p. 284, marg. p. 243, 244.\nWhere one sells for himself pretending to sell for another, he must give defendant notice before he can bring suit. Sug. on Vendors, vol. 1 ,p. 301, sec. 40, marg. p. 257.\nS. H. Hempstead & A. H. Garland, for the appellee.\nAn auctioneer may sue in hi? own name for the price of goods sold by him, at auction, whether they belong to him or not. 1 H. Black. 81; 2 Esp. R. 493; 16 John. 1; Story's Sales 471; 2 Hall 345; 5 S. & R. 19; Ghitty on Contracts 185.\nAn agent who sells the goods of his principal as his own, may also sue in his own name. Story's Agency 290 to 293. 396. Whether the property sold really belonged to Block or not is immaterial.\nThe property was within the power of the vendee, and he exerted ownership over it; from which the jury had a right to presume delivery and acceptance. Story's Sales 311; 12 Mass. 300; 2 Kent 501; 1 East 192; 7 East 558.\nThe delivery was sufficient. 2 Eng. 197; 14 Ark. 351."
  },
  "file_name": "0566-01",
  "first_page_order": 566,
  "last_page_order": 574
}
