{
  "id": 8726951,
  "name": "State vs. Collins",
  "name_abbreviation": "State v. Collins",
  "decision_date": "1858-01",
  "docket_number": "",
  "first_page": "587",
  "last_page": "590",
  "citations": [
    {
      "type": "official",
      "cite": "19 Ark. 587"
    }
  ],
  "court": {
    "name_abbreviation": "Ark.",
    "id": 8808,
    "name": "Arkansas Supreme Court"
  },
  "jurisdiction": {
    "id": 34,
    "name_long": "Arkansas",
    "name": "Ark."
  },
  "cites_to": [
    {
      "cite": "19 Ark. 173",
      "category": "reporters:state",
      "reporter": "Ark.",
      "opinion_index": -1
    }
  ],
  "analysis": {
    "cardinality": 339,
    "char_count": 5225,
    "ocr_confidence": 0.525,
    "pagerank": {
      "raw": 1.5070563925893494e-07,
      "percentile": 0.6667199516265234
    },
    "sha256": "8e2541d195358877ebe0fa00121397f7c486d2ac6054aab7dc472cfbe8231eab",
    "simhash": "1:ff95cfe41835562e",
    "word_count": 895
  },
  "last_updated": "2024-02-27T17:45:02.387391+00:00",
  "provenance": {
    "date_added": "2019-08-29",
    "source": "Harvard",
    "batch": "2018"
  },
  "casebody": {
    "judges": [],
    "parties": [
      "State vs. Collins."
    ],
    "opinions": [
      {
        "text": "Mr. Justice Hanly\ndelivered the opinion of the Court.\nCollins was indicted in the Circuit Court of Crawford county for failing to comply with the provisions of the Act of Assembly, entitled \u201c An act imposing additional duties on the presiding judges of the County Courts of Crawford and Sebastian counties,\u201d approved 22d January,'1855.\nHe appeared, and moved to quash the indictment, assigning four grounds for his motion; which being considered, was sustained, and the State appealed.\nThe questions presented for adjudication in this Court are such as result from the action of the Court below in reference to the motion to quash the indictment. These questions may be considered and disposed of under one enquiry, that is to say:\nWas the indictment properly quashed?\nAs there seem to be some ambiguity and apparent inaccuracy of expression in the act under which this proceeding is had, we propose to give to it such a construction as will give it effect according to its obvious meaning, and true legislative intention.\nThe evident design of the act in question was to make it the duty of the presiding judge of the County Courts of Crawford and Sebastian counties, at the terms of those courts held, for those counties, respectively, next after the April -term thereof, 1855, and at the corresponding term in every succeeding year thereafter, to cause the settlements and accounts of the clerks of the county courts, treasurers, sheriffs and collectors and internal improvement commissioners of those counties, which had been made and filed during the year preceding that term, under existing laws, to be audited, adjusted and examined by the county courts of those counties respectively, and after that had been done, it should be, furthermore, the duty of such presiding judges to cause to be made out, by the clerks thereof, respectively, under their direction, a statement arranged in tabular form, exhibiting under appropriate heads the amount of money which had come to the hands or possession of each one of those officers, showing what part of it had been received for county, common school or internal improvement purposes; from what source derived; and, if paid out or disbursed, on what account and to whom.\nIt is also provided by the act, for the publication, in printed form, of not less than 500 copies of these reports,-for distribution among the people of those counties. Provision is likewise made for the allowance and payment of the expenses of publication, and any extra charge which the clerk might make for services under the act.\nThe penalty prescribed for its violation is not less than f 100, and forfeiture of office on the part of the delinquent judge.\nThis, we say, is the effect of the act according to its obvious meaning and true legislative meaning.\nThe first count pursues the statute in spirit and meaning, as we have construed it. The last three counts describe the ft offence charged in the very language and words of the statute.\nIt is a well settled general rule, that in an indictment for an offence created by statute, it is sufficient to describe the offence in the words of the statute. See What. Cr. Law 132; Lemon vs. State, 19 Ark. R. 173, and cases cited. It is said there are but few exceptions to this rule recognized. See What. Cr. L. 132; State vs. Stanton, 1 Iredell R. 424.\nThe Legislature had the undoubted right to impose the duties, required by the act, upon the officers named. What they are required to do, under the act, is simply ministerial, and by no means inconsistent with, or repugnant to the judicial functions, belonging to them under the constitution.\nThe act declares that a breach of the duties imposed by it shall be a misdemeanor. The penalty is also prescribed, as we have shown. A misdemeanor is a crime within the meaning of our Bill of Rights. See Rector vs. The State, 1 Eng. R. 187. The Legislature use the terms \u201cmisdemeanor\u2019\u2019 and \u201ccrime\u201d as convertible. See Digest, chap. 51, part 1, sec. 1. By the Bill of Rights it is reserved \u2014 \u201c that no man shall be put to answer any criminal charge, but by presentment, indictment or impeachment.\u201d See Const., Art. 2, sec. 14. The only mode, in which the appellee could have been held to answer to the crime or misdemeanor defined by the statute, was by indictment, presentment or impeachment. The mode pursued in this instance was the former. This was proper. Having held the indictment substantially good, and it having been quashed by the Court below, its judgment must, therefore, be reversed, with directions to that Court to overrule the motion, and allow the appellee to plead, etc.",
        "type": "majority",
        "author": "Mr. Justice Hanly"
      }
    ],
    "attorneys": [
      "Mr. Johnson, Attorney General for the State."
    ],
    "corrections": "",
    "head_matter": "State vs. Collins.\nIt is a well settled general rule that in an indictment for an offence created by statute, it is sufficient to describe the offence m the words of the statute. (Lemon vs. State, 19 Ark. 173.)\nThe Legislature had the undoubted right to impose upon the presiding judges of the county courts of Crawford and Sebastian counties, the duties prescribed by the Act, approved 22d January, 1S55; and for a breach of those duties they may be held to answer by indictment.\nAppeal from the Circuit Court of Crawford County.\nHon. Felix J. Batson, Circuit Judge.\nMr. Johnson, Attorney General for the State."
  },
  "file_name": "0587-01",
  "first_page_order": 587,
  "last_page_order": 590
}
