{
  "id": 1500949,
  "name": "Cauthron Lumber Company v. Hall",
  "name_abbreviation": "Cauthron Lumber Co. v. Hall",
  "decision_date": "1905-06-10",
  "docket_number": "",
  "first_page": "1",
  "last_page": "4",
  "citations": [
    {
      "type": "official",
      "cite": "76 Ark. 1"
    }
  ],
  "court": {
    "name_abbreviation": "Ark.",
    "id": 8808,
    "name": "Arkansas Supreme Court"
  },
  "jurisdiction": {
    "id": 34,
    "name_long": "Arkansas",
    "name": "Ark."
  },
  "cites_to": [
    {
      "cite": "19 S. W. 250",
      "category": "reporters:state_regional",
      "reporter": "S.W.",
      "opinion_index": -1
    },
    {
      "cite": "89 N. W. 560",
      "category": "reporters:state_regional",
      "reporter": "N.W.",
      "opinion_index": -1
    },
    {
      "cite": "62 S. W. 1081",
      "category": "reporters:state_regional",
      "reporter": "S.W.",
      "opinion_index": -1
    },
    {
      "cite": "60 Ark. 333",
      "category": "reporters:state",
      "reporter": "Ark.",
      "case_ids": [
        1903739
      ],
      "opinion_index": -1,
      "case_paths": [
        "/ark/60/0333-01"
      ]
    },
    {
      "cite": "18 S. W. 904",
      "category": "reporters:state_regional",
      "reporter": "S.W.",
      "opinion_index": -1
    },
    {
      "cite": "128 Ala. 505",
      "category": "reporters:state",
      "reporter": "Ala.",
      "case_ids": [
        3439907
      ],
      "opinion_index": -1,
      "case_paths": [
        "/ala/128/0505-01"
      ]
    },
    {
      "cite": "71 Ark. 577",
      "category": "reporters:state",
      "reporter": "Ark.",
      "case_ids": [
        1507771
      ],
      "opinion_index": -1,
      "case_paths": [
        "/ark/71/0577-01"
      ]
    },
    {
      "cite": "15 S. W. 121",
      "category": "reporters:state_regional",
      "reporter": "S.W.",
      "opinion_index": -1
    }
  ],
  "analysis": {
    "cardinality": 406,
    "char_count": 6726,
    "ocr_confidence": 0.723,
    "pagerank": {
      "raw": 1.8642209070354997e-07,
      "percentile": 0.7252791572018291
    },
    "sha256": "1b01737eab248b81b324142d53241bf42e41f7d8bc14b57222e46204b84d91ba",
    "simhash": "1:d3ee95ea2959d2e9",
    "word_count": 1093
  },
  "last_updated": "2024-02-27T19:43:12.027122+00:00",
  "provenance": {
    "date_added": "2019-08-29",
    "source": "Harvard",
    "batch": "2018"
  },
  "casebody": {
    "judges": [],
    "parties": [
      "Cauthron Lumber Company v. Hall."
    ],
    "opinions": [
      {
        "text": "Wood, J.,\n(after stating the facts.) The court did not err in overruling appellant\u2019s motion to have appellee produce his books. It was not a matter that appellee had the right to insist upon at that stage of the proceedings. It was too late to call upon appellee to enter upon a more specific itemization of account at the time. The appellant had not moved to make more specific, and had not demurred to the complaint when the issues were being made up. Nor had he given appellee notice, before the trial was entered upon, to produce his books of account. He should have taken some or all of these steps if he expected to insist, as matter of right, upon the production of appellee\u2019s books. The books were not essential to the maintenance of appellee\u2019s cause of action; and, if appellant desired them for any purpose, it should have called for them before. It was at least within the sound discretion of the court, under the circumstances, to refuse appellant\u2019s request made at that juncture of the trial. Appellant might very properly have had some of the items in the account made more specific, had it demanded it earlier, and might have had appellee produce his books, if it had advised him before that they were material or essential in its defense.\nSecond. The statute of frauds is urged as a defense here. But the allegations of the complaint show a suit upon an original undertaking on the part of appellant to pay appellee for goods and merchandise furnished appellant\u2019s hands and employees, at the request of appellant, and upon contract made by and between appellant and appellee.\nThere is evidence sufficient here to sustain the verdict, both as to the contract and the amount recovered under it.\nAffirmed.",
        "type": "majority",
        "author": "Wood, J.,"
      }
    ],
    "attorneys": [
      "A. G. Leming and Daniel Hon, for appellant."
    ],
    "corrections": "",
    "head_matter": "Cauthron Lumber Company v. Hall.\nOpinion delivered June 10, 1905.\n1. Account \u2014 production op books. \u2014 Where the complaint contained an itemized statement of the account sued on, 'and defendant neither demurred-to the complaint, nor moved to make it more specific, nor. gave plaintiff notice before the trial to produce his books, it was within the court\u2019s discretion to refuse at the trial to require them to be produced. (Page 3.)\n2. Statute op frauds \u2014 original undertaking to pay another\u2019s debt.\u2014 A contract whereby defendant undertook to pay for goods to be furnished to his employees is an original undertaking, and not within the statute of frauds as a promise to pay another\u2019s debt. (Page 4.)\nAppeal from Scott Circuit Court.\nStyles T. Rowe, Judge.\nAffirmed.\nstatement by the court.\nThis suit was instituted in the circuit court of Scott County by appellee against appellant on account, the complaint alleging:\n\u201cThat defendant, the Cauthron'Lumber Company, is indebted to him in the sum of'$923.14 for goods and merchandise sold and delivered to defendant\u2019s hands and employees at defendant\u2019s request, and upon contract made by and between plaintiff and defendant; particulars of which are set out in an account herewith filed, together with credits to which defendants are entitled, and leaving due and unpaid the sum above mentioned.\u201d Prays for judgment.\nThe account annexed to the complaint is as follows:\nCauthron Lumber Company to J. P. Hall, Dr.\nPer C. E. Barkes.................................$ 62 20\n\u201d Bob Wilkes................................... 9 25\n\u201d George Thompson ............................ 12 50\n\u201d H. E. Thompson.............................. 36 45\n\u201d J. W. Smith.................................. 23 21\n\u201d Sam Kunkle.................................. 179 46\n\u201d W. PI. Mills ................................. 21 83\n\u25a0 \u201d R. M. Mills.................................. 114 65\n\u201d Z. B. Hogue.................................. 69 09\nBalance on Eundy timber...............\u2022........... 21 25\nHauling John Thompson timber..................... 63 00\nWork on road.................................... 3 00\nHauling A. L. Smith timber........................ 81 14\nHauling R. G. Moore timber........'................ 15 51\nHauling Will Cooly timber......................... 5 00\nHauling Jim .Cooly timber.......................... 30 60\nTo profit on one car of feed......................... 100 00\nTo profit on two cars hay........................... 60 00\nTo merchandise................................... 14 70\nTotal ...................................... $923 41\nAffidavit of J. P. Hall to account that it \u201cis true and correct, that nothing has been paid thereon, and that the sum. of $923.14 is now justly due thereon.\u201d\nAppellant filed answer and cross-complaint, denying that it is indebted to plaintiff in the sum of $923.14, or in any other sum; denied that plaintiff sold goods and merchandise to defendant\u2019s hands and employees at defendant\u2019s request and upon contract made by and between plaintiff and defendant; and alleged that plaintiff was indebted to it in the sum of $81 for 9 tons of hay ordered by defendant, and by defendant turned over to plaintiff upon his promise to pay the purchase price of same, which he has not done; admitted an indebtedness of $14.70 for merchandise, $3 for road work and $20.09 f\u00b0r balance on timber bought from Lundy, making a total of $37.79, which, deducted from $81, leaves a balance of $43.21 due from plaintiff to defendant, for which amount it prayed judgment.\nPlaintiff filed reply, denying indebtedness to defendant in the sum of $81 for hay or in any other sum.\nLuring the trial, while the plaintiff was testifying relative to the items of his- account as set forth in his complaint, defendant\u2019s counsel asked if he had a book account of these, and, on his replying that he had, the defendant objected to his proceeding without producing his book. The court permitted the witness to proceed, and this is urged as cause for reversal. It appears that an itemized statement of the account was filed in the clerk\u2019s office, with the complaint, on July 11, 1903, and suit was commenced July 23, 1903. The regular term of the circuit court convened on the 3d of August, 1903. The appellant filed his answer and setoff on the 4th day of August. The appellee filed a reply to the setoff on the 6th day of August. The issues were made, and no further pleadings were had in the case. The trial was had on the 7th day of August.\nA. G. Leming and Daniel Hon, for appellant.\nThe court erred in refusing to compel plaintiff to produce his books of account. 15 S. W. 121; 71 Ark. 577; 128 Ala. 505. They were the best evidence. 18 S. W. 904; 20 Id. 29; 76 Id. 593: 81 Id. 750; 60 Ark. 333; 1 Greenleaf, Ev. \u00a7 117; 62 S. W. 1081. The verdict of the jury is without evidence to support it. 9 Am. & Eng. Enc. Law, 82. The undertaking upon which plaintiff claimed liability was within the Statute of Frauds. 8 Am. & Eng Enc. Law, 678; 89 N. W. 560; 19 S. W. 250."
  },
  "file_name": "0001-01",
  "first_page_order": 23,
  "last_page_order": 26
}
