{
  "id": 1501114,
  "name": "Texarkana v. Edwards",
  "name_abbreviation": "Texarkana v. Edwards",
  "decision_date": "1905-06-10",
  "docket_number": "",
  "first_page": "22",
  "last_page": "25",
  "citations": [
    {
      "type": "official",
      "cite": "76 Ark. 22"
    }
  ],
  "court": {
    "name_abbreviation": "Ark.",
    "id": 8808,
    "name": "Arkansas Supreme Court"
  },
  "jurisdiction": {
    "id": 34,
    "name_long": "Arkansas",
    "name": "Ark."
  },
  "cites_to": [
    {
      "cite": "48 Ark. 214",
      "category": "reporters:state",
      "reporter": "Ark.",
      "opinion_index": -1
    },
    {
      "cite": "25 Ark. 289",
      "category": "reporters:state",
      "reporter": "Ark.",
      "case_ids": [
        1864572
      ],
      "opinion_index": -1,
      "case_paths": [
        "/ark/25/0289-01"
      ]
    },
    {
      "cite": "47 Miss. 367",
      "category": "reporters:state",
      "reporter": "Miss.",
      "case_ids": [
        291108
      ],
      "opinion_index": -1,
      "case_paths": [
        "/miss/47/0367-01"
      ]
    },
    {
      "cite": "5 Md. 337",
      "category": "reporters:state",
      "reporter": "Md.",
      "case_ids": [
        1696651
      ],
      "opinion_index": -1,
      "case_paths": [
        "/md/5/0337-01"
      ]
    },
    {
      "cite": "14 S. E. 666",
      "category": "reporters:state_regional",
      "reporter": "S.E.",
      "opinion_index": -1
    },
    {
      "cite": "65 Ark. 529",
      "category": "reporters:state",
      "reporter": "Ark.",
      "opinion_index": -1
    },
    {
      "cite": "40 Ark. 432",
      "category": "reporters:state",
      "reporter": "Ark.",
      "opinion_index": -1
    },
    {
      "cite": "37 Ark. 494",
      "category": "reporters:state",
      "reporter": "Ark.",
      "opinion_index": -1
    },
    {
      "cite": "160 U. S. 100",
      "category": "reporters:federal",
      "reporter": "U.S.",
      "opinion_index": -1
    },
    {
      "cite": "178 U. S. 41",
      "category": "reporters:federal",
      "reporter": "U.S.",
      "case_ids": [
        3612841
      ],
      "opinion_index": -1,
      "case_paths": [
        "/us/178/0041-01"
      ]
    },
    {
      "cite": "51 Ark. 539",
      "category": "reporters:state",
      "reporter": "Ark.",
      "weight": 2,
      "opinion_index": -1
    },
    {
      "cite": "39 Ark. 355",
      "category": "reporters:state",
      "reporter": "Ark.",
      "opinion_index": -1
    },
    {
      "cite": "59 Ark. 528",
      "category": "reporters:state",
      "reporter": "Ark.",
      "opinion_index": -1
    },
    {
      "cite": "93 Am. Dec. 416",
      "category": "reporters:federal",
      "reporter": "Am. Dec.",
      "opinion_index": -1
    },
    {
      "cite": "3 Nev. 361",
      "category": "reporters:state",
      "reporter": "Nev.",
      "case_ids": [
        4648271
      ],
      "opinion_index": -1,
      "case_paths": [
        "/nev/3/0361-01"
      ]
    },
    {
      "cite": "27 N. Y. 269",
      "category": "reporters:state",
      "reporter": "N.Y.",
      "case_ids": [
        2035328
      ],
      "opinion_index": -1,
      "case_paths": [
        "/ny/27/0269-01"
      ]
    }
  ],
  "analysis": {
    "cardinality": 392,
    "char_count": 7726,
    "ocr_confidence": 0.706,
    "pagerank": {
      "raw": 2.0947636856187242e-07,
      "percentile": 0.7608773716151019
    },
    "sha256": "019ae35ea85e639d22eb3f72920360db6b2b75eb86cdf5d337f34af19982bcd6",
    "simhash": "1:3dbb4c3284751d28",
    "word_count": 1413
  },
  "last_updated": "2024-02-27T19:43:12.027122+00:00",
  "provenance": {
    "date_added": "2019-08-29",
    "source": "Harvard",
    "batch": "2018"
  },
  "casebody": {
    "judges": [],
    "parties": [
      "Texarkana v. Edwards."
    ],
    "opinions": [
      {
        "text": "Riddick, J.\nThis is a suit in equity by the city of Texarkana against the collector of taxes for Miller County to restrain him from paying certain road taxes collected by him into the county treasury, and to compel him to pay four-fifths of the road tax collected on property within the limits of said city into the treasury of the city, to be expended by the city for the improvement of its streets, and further to enjoin the county judge of that county from expending such part of the tax on roads outside of the city limits.\nThe defendants appeared, and filed a demurrer to the complaint, which was sustained by the chancellor, and the, complaint dismissed.\nThe questions raised by the appeal from this judgment are, first, whether any' portion of this road tax can be properly expended on the streets of a city; and if it be lawful to do so, whether it should be expended by the county judge, or should be turned over by th\u00e9 collector to the city authorities to be expended by them. After due consideration of the matter, we are of the opinion that, as the law now stands, the road tax, when collected, is a fund belonging to the county, and that it should be paid into the county treasury to be expended under the orders of the county judge. As the city has control of its streets, it is probably true that the county court could not carry out a system of street improvement against the wishes of the municipal authorites. To avoid conflict in jurisdiction between the county and city officers in such matters, further legislation may be required. As the law now stands, we think the expenditure of this fund is under the jurisdiction of the county court, which, so far as street improvement is concerned, must act in conjunction with the city authorities having control of the streets.\nOn the question as to whether the county judge had the right .to expend any part of this road tax fund bn the streets of the city, there is more room for doubt. In some of the counties of the State a large portion of such tax is paid by residents of cities of the first class on property located in such cities. If the law .did not allow any portion of the tax to be expended on roads within the city limits, it is not unlikely that the result would be that many of these taxpayers would refuse to vote for the tax, and the collection of the tax might in that way be defeated. Although the purpose of the tax is to improve the public roads and highways of the county, still a street is a public highway; and while ordinarily, in speaking of public roads and highways, one does not include streets, yet such language may include streets as well as other highways. Now, as this tax is paid by owners of property in cities, as well as by those who live outside of cities, the presumption should be that it was intended to be used for the benefit of all the property owners and citizens of the county, without regard to whether they live within or without the limits of a city, and that the discretion of the county judge in that regard is unfettered, unless the law is plainly to the contrary. We see nothing in the Amendment to the Constitution which authorizes the collection of a county road tax that prevents such an equitable distribution of the fund. The Legislature seems to \u25a0 have adopted this view of the amendment; for in the act of 1899 (see Kirby\u2019s Dig. \u00a7 7351) it requires this road tax to be expended upon the roads of the district where the tax was collected, though some of the towns and cities of the State have been constituted separate road districts. In a subsequent act (section 7358) it directs that.at least one-fifth of such tax collected within the limits of cities of the first class shall be expended on roads outside of such cities, leaving the place or places in the . county where it is to be expended to the discretion of the county judge, from which it may be clearly implied that the remaining four-fifths may be expended in the city.\nNow, the facts in this case show that Garland Township of Miller County is one of the road districts of that county, and that the City of Texarkana is situated in that district. Under the acts of the Legislature above referred to, we think that the county judge may expend the road fund collected in that district upon the roads of the district as in his discretion may seem best, except that one-fifth of that part of the tax collected in the city of Texarkana, a city of the first class, must be expended on roads outside of the city, and such fifth may be expended in any portion of the county'where the county judge may deem that it can be used to the best advantage. In other words, under these statutes the amount of the road fund collected in cities of the first class which can be expended within the city is limited to four-fifths of the tax collected in such city. No part of the tax collected outside of the city can be expended in the city, and but four-fifths of that collected in the city can be expended on the roads or streets in the city limits, for the Legislature, which has full control over public highways, has so enacted.\nIt results from what we have said that in our opinion the judgment of the court refusing to enjoin the collector from paying over, the tax in' question to the county treasurer was right, and the same is affirmed.",
        "type": "majority",
        "author": "Riddick, J."
      },
      {
        "text": "McCurroch, J.,\nconcurred in the judgment, but was of the opinion that the city was entitled under the law to have four-fifths of the road tax collected on city property expended on its streets, the expenditure to be made by the county judge. In his opinion the county judge has no discretion to expend more than one-fifth of the tax collected in the city on roads outside of the city limits.",
        "type": "concurrence",
        "author": "McCurroch, J.,"
      }
    ],
    "attorneys": [
      "Pratt P. Bacon and Scott & Head, for appellant.",
      "John N. Cook and W. H. Arnold, for appellees."
    ],
    "corrections": "",
    "head_matter": "Texarkana v. Edwards.\nOpinion delivered June 10, 1905.\n1. Road tax \u2014 Expenditure.\u2014The road tax, when collected, is a fund belonging to the county, and should be paid into the county treasury; and the expenditure of the fund is under, the jurisdiction of the county court, which, so far as street improvements are concerned, must act in conjunction with the city authorities-having control of the streets. (Page 23.)\n2. Same \u2014 urban and county highways. \u2014 Under Kirby\u2019s Digest, \u00a7 7351, requiring the road tax to be expended upon the roads of the district where the tax was collected, and section 7358, Id., directing that at least one-fifth of such tax collected within the limits of cities of the first class shall be expended on roads outside of such cities, no part of the tax collected on property outside of a city of the first clasE can be expended in the city, and but four-fifths of that collected on property in the city can be expended on its streets. (Page 23.)\nAppeal from Miller Chancery Court.\nJames D. Shaver, Chancellor.\nAffirmed.\nPratt P. Bacon and Scott & Head, for appellant.\nRoads and streets are synonymous terms. 24 Am. & Eng. Enc. Law, 986; 27 N. Y. 269; 36 Ela. 196; 3 Nev. 361; 93 Am. Dec. 416. Expenditure of money raised under section 7358 of Kirby\u2019s Digest upon the streets is not a diversion of the funds. 36 Ela. 196. All doubts are resolved in favor of the validity of an act. 59 Ark. 528; 39 Ark. 355; 51 Ark. 539. Acts are construed according to the intention of the Legislature. 178 U. S. 41; 160 U. S. 100; 37 Ark. 494; 40 Ark. 432; 65 Ark. 529. The control of the streets is vested in the city council. Kirby\u2019s Dig. \u00a7 \u00a7 5530. 5495; 14 S. E. 666.\nJohn N. Cook and W. H. Arnold, for appellees.\nAn act should be construed according to meaning of those who adopted it. 51 Ark. 539; 5 Md. 337; 47 Miss. 367. Streets were not intended to be embraced in section 7358 of Kirby\u2019s Digest. Elliott, Roads and Streets, 1; Kirby\u2019s Dig.\u00a7 \u00a71758,1807; 25 Ark. 289; Cooley, Con. Eim, 73; 48 Ark. 214."
  },
  "file_name": "0022-01",
  "first_page_order": 44,
  "last_page_order": 47
}
