{
  "id": 1501124,
  "name": "St. Louis & San Francisco Railroad Company v. Bowman",
  "name_abbreviation": "St. Louis & San Francisco Railroad v. Bowman",
  "decision_date": "1905-06-10",
  "docket_number": "",
  "first_page": "32",
  "last_page": "37",
  "citations": [
    {
      "type": "official",
      "cite": "76 Ark. 32"
    }
  ],
  "court": {
    "name_abbreviation": "Ark.",
    "id": 8808,
    "name": "Arkansas Supreme Court"
  },
  "jurisdiction": {
    "id": 34,
    "name_long": "Arkansas",
    "name": "Ark."
  },
  "cites_to": [
    {
      "cite": "46 Ark. 438",
      "category": "reporters:state",
      "reporter": "Ark.",
      "case_ids": [
        1890495
      ],
      "opinion_index": -1,
      "case_paths": [
        "/ark/46/0438-01"
      ]
    },
    {
      "cite": "62 Ark. 619",
      "category": "reporters:state",
      "reporter": "Ark.",
      "opinion_index": -1
    },
    {
      "cite": "69 Ark. 401",
      "category": "reporters:state",
      "reporter": "Ark.",
      "case_ids": [
        8723564
      ],
      "opinion_index": -1,
      "case_paths": [
        "/ark/69/0401-01"
      ]
    },
    {
      "cite": "60 Ark. 159",
      "category": "reporters:state",
      "reporter": "Ark.",
      "opinion_index": -1
    },
    {
      "cite": "50 Ark. 132",
      "category": "reporters:state",
      "reporter": "Ark.",
      "case_ids": [
        8720809
      ],
      "opinion_index": -1,
      "case_paths": [
        "/ark/50/0132-01"
      ]
    },
    {
      "cite": "53 Ark. 417",
      "category": "reporters:state",
      "reporter": "Ark.",
      "case_ids": [
        1911702
      ],
      "opinion_index": -1,
      "case_paths": [
        "/ark/53/0417-01"
      ]
    },
    {
      "cite": "50 Ark. 137",
      "category": "reporters:state",
      "reporter": "Ark.",
      "opinion_index": -1
    },
    {
      "cite": "41 Ark. 151",
      "category": "reporters:state",
      "reporter": "Ark.",
      "opinion_index": -1
    },
    {
      "cite": "34 Ark. 503",
      "category": "reporters:state",
      "reporter": "Ark.",
      "case_ids": [
        1875671
      ],
      "opinion_index": -1,
      "case_paths": [
        "/ark/34/0503-01"
      ]
    },
    {
      "cite": "70 Ark. 127",
      "category": "reporters:state",
      "reporter": "Ark.",
      "case_ids": [
        1509508
      ],
      "opinion_index": -1,
      "case_paths": [
        "/ark/70/0127-01"
      ]
    },
    {
      "cite": "63 Ark. 30",
      "category": "reporters:state",
      "reporter": "Ark.",
      "case_ids": [
        8720409
      ],
      "opinion_index": -1,
      "case_paths": [
        "/ark/63/0030-01"
      ]
    },
    {
      "cite": "59 Ark. 593",
      "category": "reporters:state",
      "reporter": "Ark.",
      "case_ids": [
        1327686
      ],
      "opinion_index": -1,
      "case_paths": [
        "/ark/59/0593-01"
      ]
    },
    {
      "cite": "32 Ark. 428",
      "category": "reporters:state",
      "reporter": "Ark.",
      "case_ids": [
        1877158
      ],
      "opinion_index": -1,
      "case_paths": [
        "/ark/32/0428-01"
      ]
    },
    {
      "cite": "18 Ark. 580",
      "category": "reporters:state",
      "reporter": "Ark.",
      "case_ids": [
        8726808
      ],
      "weight": 2,
      "opinion_index": -1,
      "case_paths": [
        "/ark/18/0580-01"
      ]
    },
    {
      "cite": "67 Ark. 347",
      "category": "reporters:state",
      "reporter": "Ark.",
      "case_ids": [
        1152539
      ],
      "opinion_index": -1,
      "case_paths": [
        "/ark/67/0347-01"
      ]
    },
    {
      "cite": "52 Ark. 130",
      "category": "reporters:state",
      "reporter": "Ark.",
      "case_ids": [
        1913370
      ],
      "opinion_index": -1,
      "case_paths": [
        "/ark/52/0130-01"
      ]
    },
    {
      "cite": "48 Ark. 349",
      "category": "reporters:state",
      "reporter": "Ark.",
      "case_ids": [
        1887711
      ],
      "weight": 2,
      "opinion_index": -1,
      "case_paths": [
        "/ark/48/0349-01"
      ]
    },
    {
      "cite": "45 Ark. 271",
      "category": "reporters:state",
      "reporter": "Ark.",
      "case_ids": [
        1892053
      ],
      "opinion_index": -1,
      "case_paths": [
        "/ark/45/0271-01"
      ]
    },
    {
      "cite": "29 Ark. 470",
      "category": "reporters:state",
      "reporter": "Ark.",
      "case_ids": [
        1882919
      ],
      "opinion_index": -1,
      "case_paths": [
        "/ark/29/0470-01"
      ]
    },
    {
      "cite": "70 Ark. 25",
      "category": "reporters:state",
      "reporter": "Ark.",
      "case_ids": [
        1509440
      ],
      "opinion_index": 0,
      "case_paths": [
        "/ark/70/0025-01"
      ]
    },
    {
      "cite": "65 Ark. 508",
      "category": "reporters:state",
      "reporter": "Ark.",
      "case_ids": [
        609406
      ],
      "opinion_index": 0,
      "case_paths": [
        "/ark/65/0508-01"
      ]
    },
    {
      "cite": "47 Ark. 488",
      "category": "reporters:state",
      "reporter": "Ark.",
      "case_ids": [
        1888746
      ],
      "opinion_index": 0,
      "case_paths": [
        "/ark/47/0488-01"
      ]
    },
    {
      "cite": "43 Ark. 425",
      "category": "reporters:state",
      "reporter": "Ark.",
      "case_ids": [
        1894439
      ],
      "opinion_index": 0,
      "case_paths": [
        "/ark/43/0425-01"
      ]
    },
    {
      "cite": "31 Ark. 19",
      "category": "reporters:state",
      "reporter": "Ark.",
      "opinion_index": 0
    },
    {
      "cite": "27 Ark. 419",
      "category": "reporters:state",
      "reporter": "Ark.",
      "case_ids": [
        1885740
      ],
      "opinion_index": 0,
      "case_paths": [
        "/ark/27/0419-01"
      ]
    },
    {
      "cite": "10 Ark. 588",
      "category": "reporters:state",
      "reporter": "Ark.",
      "case_ids": [
        8727954
      ],
      "opinion_index": 0,
      "case_paths": [
        "/ark/10/0588-01"
      ]
    },
    {
      "cite": "46 Ark. 438",
      "category": "reporters:state",
      "reporter": "Ark.",
      "case_ids": [
        1890495
      ],
      "opinion_index": 0,
      "case_paths": [
        "/ark/46/0438-01"
      ]
    },
    {
      "cite": "18 Ark. 580",
      "category": "reporters:state",
      "reporter": "Ark.",
      "case_ids": [
        8726808
      ],
      "opinion_index": 0,
      "case_paths": [
        "/ark/18/0580-01"
      ]
    },
    {
      "cite": "48 Ark. 349",
      "category": "reporters:state",
      "reporter": "Ark.",
      "case_ids": [
        1887711
      ],
      "opinion_index": 0,
      "case_paths": [
        "/ark/48/0349-01"
      ]
    }
  ],
  "analysis": {
    "cardinality": 521,
    "char_count": 11070,
    "ocr_confidence": 0.708,
    "pagerank": {
      "raw": 2.2426207572771447e-07,
      "percentile": 0.780313253784294
    },
    "sha256": "971aea62a66666f4cb6a7a78c8b8ef8b0ddbbed0ab0856aaab69d196b2701655",
    "simhash": "1:8ba7d0b1fe434194",
    "word_count": 1947
  },
  "last_updated": "2024-02-27T19:43:12.027122+00:00",
  "provenance": {
    "date_added": "2019-08-29",
    "source": "Harvard",
    "batch": "2018"
  },
  "casebody": {
    "judges": [],
    "parties": [
      "St. Louis & San Francisco Railroad Company v. Bowman."
    ],
    "opinions": [
      {
        "text": "McCulloch, J.,\n(after stating the facts.) The General Assembly passed' an act, approved February 27, 1867, amendatory of the then existing garnishment statute, section 2 of which act is as follows:\n\u201cWhen a judgment before a justice of the peace in any county, together with the interest accrued on the same and the costs, amounts to more than $100, and the plaintiff, or any other person having the right to collect the said judgment, may desire to have the benefit of garnishment thereon, it shall be lawful for such person to file in the office of the clerk of the circuit court a transcript of such judgment, certified by such justice of the peace, and the clerk shall enter the same on the judgment docket in his office, and, at the request of such person so filing the same, shall issue to any county in the State a writ or writs of garnishment thereon.\u201d\nThis section has been brought forward in subsequent digests of the laws of the State, and is found in Kirby\u2019s Digest, section 3707-\nAppellant contends that this section has been repealed, and is no longer in force.\nThe General Assembly of 1889 enacted a statute the title of which is \u201cAn act to provide the. procedure in judicial garnishment,\u201d omitting any provision similar to section two of the act of February 27, 1867, but reenacting section three of that act, providing that a judgment obtained before a justice of the peace in one county may be filled with some justice of the peace in another county, and a writ of garnishment or execution issued thereon. Repeals by implication are not favored. But where the later of two statutes covers the whole subject-matter of the former, and it is evident' that the Legislature intends it as a s\u00fabstitute, the prior act will be held to have been repealed threby, although there may be no express words to that effect, and there be in the old act provisions not in the new. Pulaski County v. Downer, 10 Ark. 588; State v. Jennings, 27 Ark. 419; Mears v. Stewart, 31 Ark. 19; Davis v. Holland, 43 Ark. 425; Dozvell v. Tucker, 46 Ark. 438; Wood v. State, 47 Ark. 488; St. Louis, I. M. & S. Ry. Co. v. Richter, 48 Ark. 349; Inman v. State, 65 Ark. 508; Wilson v. Massie, 70 Ark. 25.\nApplying the doctrine established by these decisions, it must be held that section 3707, Kirby\u2019s Digest, has been repealed.\nIt does not follow, however, that there is no provision in the law for the issuance of writs of garnishment to another county from the circuit court upon a judgment of a justice of the peace filed therein. On the contrary, we hold that under section 3705, of the garnishment statute, the writ can be issued upon such judgment filed in the circuit court; and this view of the law makes the repeal of section 3707 all the more obvious for the reason that the same method of enforcement is provided in the latter statute. Kirby\u2019s Dig., \u00a7 \u00a7 4631-2-3, provides that the certified copy of a judgment for more than $10, exclusive of cost, recovered before a justice of the peace, may be filed in the office of the clerk of the circuit 'court of the county, and entered on the judgment docket of said court; and that \u201cevery such judgment, from the time of \u25a0filing the transcript thereof, shall be a lien on the real estate of the defendant in the county, to the same extent as a judgment of the circuit court of the same county, and shall be carried into execution in the same manner and with like effect as the judgments of such circuit courts.\u201d The effect of this provision is to completely transfer the judgment from the inferior to the superior court, and give it the same force and effect and the same remedies for enforcement as if the judgment had been originally rendered by the latter court. Section 10 of the act of 1889 (Kirby\u2019s Dig. \u00a7 3705) provides that \u201cwrits of garnishment may be issued from the circuit court of one county to any other county of the State,\u201d thus authorizing the issuance of such writs upon all judgments of the circuit court, those rendered by justices of the peace and certified copies of which have been properly filed and docketed in the office of the circuit court, as well as judgments originally rendered by that court.\nWe do not overlook the decision of this court in Thompson v. Kirkpatrick, 18 Ark. 580, where it was. held that under sections 134, 135, ch. 87 of the Revised\"'Statutes of 1838, which are identical in terms with sections 4631-2-3 of Kirby\u2019s Digest, a writ of garnishment could not be issued from the circuit court upon a judgment of a justice of the peace filed in the circuit court. Chief Justice English there said: \u201cThe object of this statute was to enable the plaintiff in a justice\u2019s judgment to obtain satisfaction thereof by a sale of the real estate of the debtor, which cannot be done by an execution issuing from the justice. Neither this nor any other statute authorizes the issuance of a garnishment from the clerk\u2019s office upon judgment, nor the determination of such garnishment in the circuit court.\u201d This was tantamount to holding that no remedy was afforded by this statute except for the creation and enforcement of a lien of the judgment rendered by a justice of the peace upon real estate owned by the defendant, and that the judgment still remained upon the docket of the justice as a judgment of his court, with all the statutory methods of enforcement by execution or garnishment intact. The next succeeding section (136) provided that execution might be issued at any time (without exception) by the justice who rendered same. Section 53 of the act of April 29, 1873, \u201cto define the jurisdiction, and regulate the course of proceeding in the courts of justices of peace in civil actions\u201d (Kirby\u2019s Dig. \u00a7 4634) wrought a radical change with respect to judgments of justices after the same have been filed and docketed in the office of the clerk. It provides, in effect, that thereafter an execution cannot be issued by the justice. Clearly, the effect of sections 4631-2-3, in connection with this section (4634), is to provide a complete transfer of such judgments from justices to the circuit court, with all the remedies for enforcement thereof given to judgments rendered by the latter court. This change in the law brought about a more harmonious condition, and prevents any conflict from arising by reason of the judgment being in-force in the circuit court for the purpose of enforcement by one method, and in force with the justice who rendere'd it for the purpose of enforcement by other methods. No such conflict can arise now, since it becomes fully and for all purposes the judgment of the circuit court.\nThis view is also in harmony with sections 10 and 11 of the garnishment statute (Kirby\u2019s Dig. \u00a7 \u00a7 3705-6), which give the plaintiff in a judgment rendered by a justice the choice of two methods of reaching by garnishment a debtor of the defendant residing in another county; he can either fil\u00e9 a transcript of his judgment in the office of the clerk of the circuit court, and sue out a writ of garnishment from that court under section 3705 , or file it before some justice in the county where the garnishee resides, and sue out the garnishment there under section 3706. When the judgment does'not exceed $10, only the latter method \u2022of enforcement against a garnishee in another county is open.\nLearned counsel for appellant urge the hardship which this \u25a0construction of the statute entails upon a garnishee \u2014 especially a railroad corporation \u2014 in being required -to answer in a garnishment proceeding in a distant county; but this should be addressed to the lawmakers, as a reason for a change in the law, so as to ameliorate the alleged hardship. The same reason might be urged against the provision of the statute allowing the issuance \u2022of a writ of garnishment to another county upon a judgment rendered by any court.\nThe court did not err in overruling the special plea of the appellant, and the judgment is affirmed.",
        "type": "majority",
        "author": "McCulloch, J.,"
      }
    ],
    "attorneys": [
      "L. F. Parker and B. R. Davidson, for appellant.",
      "S. A. Doivns\u2022, for appellee.",
      "L. F. Parker and B. R. Davidson, for appellant in reply."
    ],
    "corrections": "",
    "head_matter": "St. Louis & San Francisco Railroad Company v. Bowman.\nOpinion delivered June 10, 1905.\n1. Statutes \u2014 repeals.\u2014While appeals by implication are not favored, yet if the later of two statutes covers the whole subject-matter of the former, and it is evident that the Legislature intended it as a substitute, the prior act will be held to have been repealed, although there may be no express words to that effect, and there be in the old act provisions not in the new. (Page 34.)\n2. Garnishment \u2014 repeal oe statute. \u2014 Kirby\u2019s Digest, \u00a7 3707, is repealed by the later act of April 8, 1889 (Kirby\u2019s Digest, \u00a7 3706), which covers the subject-matter of the former act. (Page 35.)\n3. Same \u2014 issuance oe writ to another county. \u2014 Under Kirby\u2019s Digest, \u00a7 370S, a writ.of garnishment may be issued from the circuit court of one county to any other county in the State upon judgment for an amount exceeding $10, rendered by justices of the peace of which certified copies have been duly filed in the circuit court, as well as upon judgments originally rendered by the circuit court. (Page 35.)\nAppeal from Pike Circuit Court.\nJames S. Steel, Judge.\nAffirmed.\nstatement by the court.\nAppellee recovered judgment against John R. Probst for $125 before a justice of the peace of Polk County, and later filed a certified transcript of the same in the office of the clerk of the circuit court of that county, and the clerk entered such judgment on the docket of that court for judgments and decrees, as provided by statute. Thereafter appellee filed proper allegations and interrogatories, and sued out a writ of garnishment, directed to the sheriff of Sebastian County, summoning appellant to answer as garnishee.\nAppellant appeared on the return day, and filed a special plea to the jurisdiction 'of the court on the ground that a writ of garnishment cannot be issued to another county from a judgment rendered by a justice of the peace. The court sustained a demurrer to this plea, the garnishee failed to make further answer, and judgment was rendered for the full amount of the plaintiff\u2019s judgment, and an appeal was taken by the garnishee to this court.\nL. F. Parker and B. R. Davidson, for appellant.\nSections 353-356, 375-379, of Kirby\u2019s Digest, repealed all garnishment laws prior to their adoption. 29 Ark. 470; 45 Ark. 271; 48 Ark. 349; 52 Ark. 130; 67 Ark. 347. No garnishment could have been issued unless section 3707 of the Digest is in force. 18 Ark. 580. Appellant waived none of its rights by answering under protest. 32 Ark. 428; 59 Ark. 593; 63 Ark. 30.\nS. A. Doivns\u2022, for appellee.\nThe garnishment was properly issued. Kirby\u2019s Dig. \u00a7 \u00a7 4631, 4632, 3705, 3206. Justice had authority to render judgment. 70 Ark. 127. The provisions of Gould\u2019s Digest are the law until repealed or amended. 29 Ark. ill; Kirby\u2019s Dig. \u00a7 \u00a7 7818, 7819; 34 Ark. 503; 41 Ark. 151; 50 Ark. 137; 53 Ark. 417; 50 Ark. 132; 60 Ark. 159. The court had jurisdiction. 69 Ark. 401; 62 Ark. 619!\nL. F. Parker and B. R. Davidson, for appellant in reply.\nSections 4631-4633 of Kirby\u2019s Digest do not authorize the issuance of garnishment. 18 Ark. 580; 48 Ark. 349; 46 Ark. 438."
  },
  "file_name": "0032-01",
  "first_page_order": 54,
  "last_page_order": 59
}
