{
  "id": 1501085,
  "name": "Spratlin v. St. Louis Southwestern Railway Company",
  "name_abbreviation": "Spratlin v. St. Louis Southwestern Railway Co.",
  "decision_date": "1905-06-17",
  "docket_number": "",
  "first_page": "82",
  "last_page": "83",
  "citations": [
    {
      "type": "official",
      "cite": "76 Ark. 82"
    }
  ],
  "court": {
    "name_abbreviation": "Ark.",
    "id": 8808,
    "name": "Arkansas Supreme Court"
  },
  "jurisdiction": {
    "id": 34,
    "name_long": "Arkansas",
    "name": "Ark."
  },
  "cites_to": [
    {
      "cite": "167 U. S. 642",
      "category": "reporters:federal",
      "reporter": "U.S.",
      "opinion_index": -1
    },
    {
      "cite": "43 S. W. 610",
      "category": "reporters:state_regional",
      "reporter": "S.W.",
      "opinion_index": -1
    },
    {
      "cite": "92 Fed. 349",
      "category": "reporters:federal",
      "reporter": "F.",
      "opinion_index": -1
    },
    {
      "cite": "119 Ala. 546",
      "category": "reporters:state",
      "reporter": "Ala.",
      "opinion_index": -1
    },
    {
      "cite": "81 Fed. 803",
      "category": "reporters:federal",
      "reporter": "F.",
      "opinion_index": -1
    },
    {
      "cite": "40 S. W. 431",
      "category": "reporters:state_regional",
      "reporter": "S.W.",
      "opinion_index": -1
    },
    {
      "cite": "128 Fed. 533",
      "category": "reporters:federal",
      "reporter": "F.",
      "opinion_index": -1
    },
    {
      "cite": "184 U. S. 36",
      "category": "reporters:federal",
      "reporter": "U.S.",
      "opinion_index": -1
    },
    {
      "cite": "154 U. S. 473",
      "category": "reporters:federal",
      "reporter": "U.S.",
      "opinion_index": -1
    },
    {
      "cite": "120 U. S. 489",
      "category": "reporters:federal",
      "reporter": "U.S.",
      "case_ids": [
        3468705
      ],
      "opinion_index": -1,
      "case_paths": [
        "/us/120/0489-01"
      ]
    },
    {
      "cite": "125 U. S. 485",
      "category": "reporters:federal",
      "reporter": "U.S.",
      "opinion_index": -1
    },
    {
      "cite": "118 U. S. 571",
      "category": "reporters:federal",
      "reporter": "U.S.",
      "opinion_index": -1
    },
    {
      "cite": "195 U. S. 332",
      "category": "reporters:federal",
      "reporter": "U.S.",
      "case_ids": [
        3633833
      ],
      "opinion_index": -1,
      "case_paths": [
        "/us/195/0332-01"
      ]
    },
    {
      "cite": "165 U. S. 631",
      "category": "reporters:federal",
      "reporter": "U.S.",
      "opinion_index": -1
    },
    {
      "cite": "128 U. S. 190",
      "category": "reporters:federal",
      "reporter": "U.S.",
      "opinion_index": -1
    },
    {
      "cite": "102 U. S. 691",
      "category": "reporters:federal",
      "reporter": "U.S.",
      "case_ids": [
        5628288
      ],
      "opinion_index": -1,
      "case_paths": [
        "/us/102/0691-01"
      ]
    },
    {
      "cite": "162 U. S. 650",
      "category": "reporters:federal",
      "reporter": "U.S.",
      "case_ids": [
        6141355
      ],
      "opinion_index": -1,
      "case_paths": [
        "/us/162/0650-01"
      ]
    },
    {
      "cite": "65 Ark. 415",
      "category": "reporters:state",
      "reporter": "Ark.",
      "case_ids": [
        609352
      ],
      "opinion_index": -1,
      "case_paths": [
        "/ark/65/0415-01"
      ]
    },
    {
      "cite": "68 Ark. 38",
      "category": "reporters:state",
      "reporter": "Ark.",
      "weight": 2,
      "opinion_index": -1
    },
    {
      "cite": "186 U. S. 380",
      "category": "reporters:federal",
      "reporter": "U.S.",
      "case_ids": [
        3622676
      ],
      "opinion_index": -1,
      "case_paths": [
        "/us/186/0380-01"
      ]
    },
    {
      "cite": "57 Fed. 276",
      "category": "reporters:federal",
      "reporter": "F.",
      "case_ids": [
        3804098
      ],
      "opinion_index": -1,
      "case_paths": [
        "/f/57/0276-01"
      ]
    },
    {
      "cite": "120 Fed. 144",
      "category": "reporters:federal",
      "reporter": "F.",
      "case_ids": [
        3821067
      ],
      "opinion_index": -1,
      "case_paths": [
        "/f/120/0144-01"
      ]
    },
    {
      "cite": "119 N. C. 120",
      "category": "reporters:state",
      "reporter": "N.C.",
      "case_ids": [
        8654502
      ],
      "opinion_index": -1,
      "case_paths": [
        "/nc/119/0120-01"
      ]
    },
    {
      "cite": "51 Miss. 335",
      "category": "reporters:state",
      "reporter": "Miss.",
      "case_ids": [
        1648931
      ],
      "opinion_index": -1,
      "case_paths": [
        "/miss/51/0335-01"
      ]
    },
    {
      "cite": "130 Mass. 1",
      "category": "reporters:state",
      "reporter": "Mass.",
      "case_ids": [
        2128014
      ],
      "opinion_index": -1,
      "case_paths": [
        "/mass/130/0001-01"
      ]
    },
    {
      "cite": "55 Nev. 240",
      "category": "reporters:state",
      "reporter": "Nev.",
      "opinion_index": -1
    },
    {
      "cite": "23 la. 349",
      "category": "reporters:state",
      "reporter": "Iowa",
      "opinion_index": -1
    },
    {
      "cite": "21 La. Ann. 256",
      "category": "reporters:state",
      "reporter": "La. Ann.",
      "case_ids": [
        8505350
      ],
      "opinion_index": -1,
      "case_paths": [
        "/la-ann/21/0256-01"
      ]
    },
    {
      "cite": "52 Fed. 690",
      "category": "reporters:federal",
      "reporter": "F.",
      "case_ids": [
        1630158
      ],
      "weight": 2,
      "opinion_index": -1,
      "case_paths": [
        "/f/52/0690-01"
      ]
    },
    {
      "cite": "107 U. S. 38",
      "category": "reporters:federal",
      "reporter": "U.S.",
      "case_ids": [
        3500042
      ],
      "opinion_index": -1,
      "case_paths": [
        "/us/107/0038-01"
      ]
    },
    {
      "cite": "49 Ark. 291",
      "category": "reporters:state",
      "reporter": "Ark.",
      "case_ids": [
        1309605
      ],
      "opinion_index": -1,
      "case_paths": [
        "/ark/49/0291-01"
      ]
    },
    {
      "cite": "95 U. S. 465",
      "category": "reporters:federal",
      "reporter": "U.S.",
      "case_ids": [
        3383427
      ],
      "opinion_index": -1,
      "case_paths": [
        "/us/95/0465-01"
      ]
    },
    {
      "cite": "17 Wall. 567",
      "category": "reporters:scotus_early",
      "reporter": "Wall.",
      "opinion_index": -1
    },
    {
      "cite": "158 U. S. 98",
      "category": "reporters:federal",
      "reporter": "U.S.",
      "case_ids": [
        1220443
      ],
      "opinion_index": 0,
      "case_paths": [
        "/us/158/0098-01"
      ]
    },
    {
      "cite": "49 Ark. 291",
      "category": "reporters:state",
      "reporter": "Ark.",
      "case_ids": [
        1309605
      ],
      "opinion_index": 0,
      "case_paths": [
        "/ark/49/0291-01"
      ]
    }
  ],
  "analysis": {
    "cardinality": 323,
    "char_count": 3725,
    "ocr_confidence": 0.754,
    "pagerank": {
      "raw": 1.4887133028296342e-07,
      "percentile": 0.6626305240189679
    },
    "sha256": "6925032cc0f62382099e76bb28942b7049aff7b49bc75ef459f427e2154e5eee",
    "simhash": "1:a26df470bebae6fb",
    "word_count": 673
  },
  "last_updated": "2024-02-27T19:43:12.027122+00:00",
  "provenance": {
    "date_added": "2019-08-29",
    "source": "Harvard",
    "batch": "2018"
  },
  "casebody": {
    "judges": [],
    "parties": [
      "Spratlin v. St. Louis Southwestern Railway Company."
    ],
    "opinions": [
      {
        "text": "Wood, J.\nThe act of 1885, upon which this suit is based, is a copy of the Laws of Texas, Extra Session 1882, ch. 26, p. 35. The Supreme Court of the United States in Gulf, C. & S. P. Ry. Co. v. Hefley, 158 U. S. 98, held the Texas statute was in conflict with the Interstate Commerce Act of February, 1887, as amended by act of March, 1889. That court said: \u201cThe State statute and the national law operate upon the same subject-matter, and prescribe different rules concerning it. The national law is unquestionably one within the competency of Congress to enact under the power given to regulate commerce between the States. The State statute must therefore give way.\u201d\nThe court shows how the State and national law conflict. It is only necessary to refer to that opinion as controlling this case. When this court passed upon the act of 1885 in Little Rock & Ft. Smith Ry. Co. v. Hannaford, 49 Ark. 291, and sustained it as a proper exercise of the police power, Congress had not passed the act of March 2, 1889, amending the interstate commerce law of February, 1887, hi the particulars named therein, and the decision of the Supreme Court of the United States construing .the effect of the two statutes had not been rendered.\nThe decision of the Supreme Court of the United States, supra, construing the two statutes is conclusive of the question here presented.\nJudgment affirmed.",
        "type": "majority",
        "author": "Wood, J."
      }
    ],
    "attorneys": [
      "P. C. Dooley, for appellant.",
      "Samuel H. West and Bridges & Wooldridge, for appellee."
    ],
    "corrections": "",
    "head_matter": "Spratlin v. St. Louis Southwestern Railway Company.\nOpinion delivered June 17, 1905.\nInterstate commerce \u2014 penalty for excessive charge for transportation. \u2014 The act of February 27, 1885, making it unlawful for any railroad company in this State to charge and collect a greater sum for transporting freight than is specified in the bill of lading, and imposing a penalty for so doing, is, when applied to shipments of freight into the State from without, in conflict with the Interstate Commerce Act of February 4, 1887, c. 104, \u00a7 6, as amended by act of March 2, 1899, c. 382, and must therefore give way.\nAppeal from Arkansas Circuit Court.\nGEorge M. Chapeine, Judge.\nAffirmed.\nSpratlin sued the St. Louis Southwestern Railway Company, alleging that h\u00e9 purchased a carload of corn at a point on defendant\u2019s road in the State of Missouri, and shipped it over defendant\u2019s line, consigned to himself to De Witt, Arkansas; that the bill of lading stipulated that the freight on the carload was $56; but when the car arrived, defendant demanded and plaintiff was compelled to pay $12 overcharge in freight and $11 in demur-rage. Plaintiff asked that he have judgment for the $23 overcharge and demurrage, and also that he recover, under the act of February 27, 1885, a penalty of $56 per diem for the eleven days that it was wrongfully withheld.\nThe court found the facts as alleged in plaintiff\u2019s complaint, and gave judgment in his favor for $23, but disallowed the penalty. Plaintiff appealed.\nP. C. Dooley, for appellant.\nOur statute does not interfere with interstate commerce; it is intended only to prevent discrimination, and to make railway companies adhere to established rates. 17 Wall. 567; 95 U. S. 465; 49 Ark. 291; 107 U. S. 38; 52 Fed. 690; 21 La. Ann. 256; 23 la. 349; 55 Nev. 240; 130 Mass. 1; 51 Miss. 335; 52 Fed. 690-; 119 N. C. 120; 120 Fed. 144; 57 Fed. 276; 186 U. S. 380; 68 Ark. 38; 65 Ark. 415; 162 U. S. 650; 102 U. S. 691.\nSamuel H. West and Bridges & Wooldridge, for appellee.\nThe interestate commerce act superseded the act of 1885 of the General Assembly of Arkansas. 68 Ark. 38; 128 U. S. 190; 165 U. S. 631; 195 U. S. 332; 2 Peters, 252; 118 U. S. 571; 125 U. S. 485; 120 U. S. 489; 154 U. S. 473; 184 U. S. 36; 128 Fed. 533; 40 S. W. 431; 81 Fed. 803; 119 Ala. 546; 92 Fed. 349; 43 S. W. 610; 167 U. S. 642."
  },
  "file_name": "0082-01",
  "first_page_order": 104,
  "last_page_order": 105
}
