{
  "id": 1501049,
  "name": "Evans v. St. Louis, Iron Mountain & Southern Railway Company",
  "name_abbreviation": "Evans v. St. Louis, Iron Mountain & Southern Railway Co.",
  "decision_date": "1905-07-08",
  "docket_number": "",
  "first_page": "266",
  "last_page": "267",
  "citations": [
    {
      "type": "official",
      "cite": "76 Ark. 266"
    }
  ],
  "court": {
    "name_abbreviation": "Ark.",
    "id": 8808,
    "name": "Arkansas Supreme Court"
  },
  "jurisdiction": {
    "id": 34,
    "name_long": "Arkansas",
    "name": "Ark."
  },
  "cites_to": [
    {
      "cite": "61 Ark. 555",
      "category": "reporters:state",
      "reporter": "Ark.",
      "pin_cites": [
        {
          "page": "559"
        }
      ],
      "opinion_index": -1
    },
    {
      "cite": "65 Ark. 238",
      "category": "reporters:state",
      "reporter": "Ark.",
      "opinion_index": -1
    },
    {
      "cite": "3 L. R. A. 44",
      "category": "reporters:federal",
      "reporter": "L.R.A.",
      "opinion_index": -1
    },
    {
      "cite": "54 Ark. 435",
      "category": "reporters:state",
      "reporter": "Ark.",
      "opinion_index": -1
    },
    {
      "cite": "56 Ark. 459",
      "category": "reporters:state",
      "reporter": "Ark.",
      "opinion_index": -1
    },
    {
      "cite": "46 Ark. 513",
      "category": "reporters:state",
      "reporter": "Ark.",
      "case_ids": [
        1890439
      ],
      "opinion_index": -1,
      "case_paths": [
        "/ark/46/0513-01"
      ]
    },
    {
      "cite": "36 Ark. 46",
      "category": "reporters:state",
      "reporter": "Ark.",
      "pin_cites": [
        {
          "page": "371"
        }
      ],
      "opinion_index": -1
    },
    {
      "cite": "52 Ark. 554",
      "category": "reporters:state",
      "reporter": "Ark.",
      "case_ids": [
        1913320
      ],
      "opinion_index": -1,
      "case_paths": [
        "/ark/52/0554-01"
      ]
    },
    {
      "cite": "39 Ark. 258",
      "category": "reporters:state",
      "reporter": "Ark.",
      "case_ids": [
        1898695
      ],
      "opinion_index": -1,
      "case_paths": [
        "/ark/39/0258-01"
      ]
    },
    {
      "cite": "42 Ark. 490",
      "category": "reporters:state",
      "reporter": "Ark.",
      "opinion_index": -1
    },
    {
      "cite": "48 Ark. 148",
      "category": "reporters:state",
      "reporter": "Ark.",
      "case_ids": [
        1887729
      ],
      "opinion_index": -1,
      "case_paths": [
        "/ark/48/0148-01"
      ]
    },
    {
      "cite": "70 Ark. 83",
      "category": "reporters:state",
      "reporter": "Ark.",
      "case_ids": [
        1509525
      ],
      "opinion_index": -1,
      "case_paths": [
        "/ark/70/0083-01"
      ]
    },
    {
      "cite": "69 Ark. 281",
      "category": "reporters:state",
      "reporter": "Ark.",
      "case_ids": [
        8722011
      ],
      "opinion_index": -1,
      "case_paths": [
        "/ark/69/0281-01"
      ]
    },
    {
      "cite": "73 Ark. 37",
      "category": "reporters:state",
      "reporter": "Ark.",
      "case_ids": [
        1504044
      ],
      "opinion_index": -1,
      "case_paths": [
        "/ark/73/0037-01"
      ]
    },
    {
      "cite": "74 Ark. 181",
      "category": "reporters:state",
      "reporter": "Ark.",
      "case_ids": [
        8719105
      ],
      "opinion_index": -1,
      "case_paths": [
        "/ark/74/0181-01"
      ]
    },
    {
      "cite": "67 N. Y. 419",
      "category": "reporters:state",
      "reporter": "N.Y.",
      "opinion_index": -1
    },
    {
      "cite": "68 Miss. 355",
      "category": "reporters:state",
      "reporter": "Miss.",
      "case_ids": [
        8836129
      ],
      "opinion_index": -1,
      "case_paths": [
        "/miss/68/0355-01"
      ]
    },
    {
      "cite": "60 S. W. 996",
      "category": "reporters:state_regional",
      "reporter": "S.W.",
      "opinion_index": -1
    },
    {
      "cite": "12 L. R. A. 184",
      "category": "reporters:federal",
      "reporter": "L.R.A.",
      "opinion_index": -1
    },
    {
      "cite": "54 Ark.' 164",
      "category": "reporters:state",
      "reporter": "Ark.",
      "opinion_index": -1
    },
    {
      "cite": "62 Ark. 159",
      "category": "reporters:state",
      "reporter": "Ark.",
      "opinion_index": -1
    },
    {
      "cite": "69 Ark. 496",
      "category": "reporters:state",
      "reporter": "Ark.",
      "opinion_index": -1
    },
    {
      "cite": "13 L. R. A. 634",
      "category": "reporters:federal",
      "reporter": "L.R.A.",
      "opinion_index": -1
    },
    {
      "cite": "63 Ark. 638",
      "category": "reporters:state",
      "reporter": "Ark.",
      "opinion_index": -1
    },
    {
      "cite": "69 Ark. 294",
      "category": "reporters:state",
      "reporter": "Ark.",
      "weight": 2,
      "opinion_index": -1
    },
    {
      "cite": "57 Ark. 151",
      "category": "reporters:state",
      "reporter": "Ark.",
      "case_ids": [
        1324657
      ],
      "opinion_index": -1,
      "case_paths": [
        "/ark/57/0151-01"
      ]
    },
    {
      "cite": "78 S. W. 220",
      "category": "reporters:state_regional",
      "reporter": "S.W.",
      "weight": 2,
      "opinion_index": -1
    },
    {
      "cite": "64 Ark. 535",
      "category": "reporters:state",
      "reporter": "Ark.",
      "case_ids": [
        1907364
      ],
      "opinion_index": -1,
      "case_paths": [
        "/ark/64/0535-01"
      ]
    },
    {
      "cite": "33 C. C. A. 644",
      "category": "reporters:federal",
      "reporter": "C.C.A.",
      "opinion_index": -1
    },
    {
      "cite": "39 U. S. 469",
      "category": "reporters:federal",
      "reporter": "U.S.",
      "opinion_index": -1
    },
    {
      "cite": "31 L. R. A. 855",
      "category": "reporters:federal",
      "reporter": "L.R.A.",
      "weight": 2,
      "opinion_index": -1
    },
    {
      "cite": "19 S. W. 738",
      "category": "reporters:state_regional",
      "reporter": "S.W.",
      "opinion_index": -1
    },
    {
      "cite": "18 L. R. A. 66",
      "category": "reporters:federal",
      "reporter": "L.R.A.",
      "opinion_index": -1
    },
    {
      "cite": "94 Mo. 150",
      "category": "reporters:state",
      "reporter": "Mo.",
      "case_ids": [
        1021783
      ],
      "opinion_index": -1,
      "case_paths": [
        "/mo/94/0150-01"
      ]
    },
    {
      "cite": "32 N. Y. 597",
      "category": "reporters:state",
      "reporter": "N.Y.",
      "case_ids": [
        16285
      ],
      "opinion_index": -1,
      "case_paths": [
        "/ny/32/0597-01"
      ]
    },
    {
      "cite": "62 Ark. 154",
      "category": "reporters:state",
      "reporter": "Ark.",
      "opinion_index": -1
    }
  ],
  "analysis": {
    "cardinality": 275,
    "char_count": 3266,
    "ocr_confidence": 0.725,
    "pagerank": {
      "raw": 9.356698607941946e-08,
      "percentile": 0.5141164600716104
    },
    "sha256": "50bb66b89b35da65cb4263fcffcae3b943dcbceccc16ebc151f9347003240068",
    "simhash": "1:ac6721ec3214f2bd",
    "word_count": 620
  },
  "last_updated": "2024-02-27T19:43:12.027122+00:00",
  "provenance": {
    "date_added": "2019-08-29",
    "source": "Harvard",
    "batch": "2018"
  },
  "casebody": {
    "judges": [],
    "parties": [
      "Evans v. St. Louis, Iron Mountain & Southern Railway Company."
    ],
    "opinions": [
      {
        "text": "Battue, J.\nAppellee, St. Louis, Iron Mountain & Southern Railway Company, moves the court to dismiss the appeal herein because it was not taken within the time prescribed by law.\nThe judgment appealed from was rendered on the 15th day of April, 1902. The appeal in this case was taken on the 6th day of June, 1903, more than one year after the rendition of the judgment. The plaintiff, against whom the judgment sought to be reviewed was rendered, died on the 17th day of October, 1902. This did not extend the time of appeal for revivor beyond the year. The statute absolutely provides: \u201cAn appeal or writ of error shall not be granted except within one year next after the rendition of the judgment, order or decree sought to be reviewed, unless the party applying therefor was an infant or of unsound mind at the time of its rendition, in which cases, an appeal or writ of 'error may be granted to such parties or their legal representative within six months after the removal of their disabilities or death.\u201d Kirby\u2019s Dig. \u00a7 1199. The appeal must be taken within one year, unless the party applying therefor was an infant or of unsound mind at the time of the rendition of the judgment, order or decree. Only two exceptions are made, and the applicant for the appeal in this case does not come within either of them. No authority is given the court to extend the time.\nThe appeal granted is dismissed.",
        "type": "majority",
        "author": "Battue, J."
      }
    ],
    "attorneys": [
      "S. J. Hunt, N. T. White and Ben J. Altheimer, for appellant.",
      "B. S. Johnson, for appellee.",
      "N J. Hunt and White & Altheimer, for appellant in reply."
    ],
    "corrections": "",
    "head_matter": "Evans v. St. Louis, Iron Mountain & Southern Railway Company.\nOpinion delivered July 8, 1905.\nAppeae \u2014 time Eor prosecuting \u2014 death oE party. \u2014 Under Kirby\u2019s Digest \u00a7 1199, providing that \u201can appeal or writ of error shall not be granted except within one year next after the rendition of the judgment, order or decree sought to be reviewed, unless the party applying therefor was an infant or of unsound mind at the time of rendition,\u201d no exception was made in the case of a party dying during the year.\nAppeal from Jefferson Circuit Court.\nAntonio B. Grace, Judge.\nAppeal dismissed.\nS. J. Hunt, N. T. White and Ben J. Altheimer, for appellant.\nThe peremptory instruction of the court was error. 62 Ark. 154. The appellee was guilty of negligence in making the running or drop switch at the time and place made. Thomp. Neg. 412; 32 N. Y. 597; 94 Mo. 150; 18 L. R. A. 66; Shearman & Red. Neg. \u00a7 466; 19 S. W. 738; 55 111. 379; 31 L. R. A. 855; 32 L. R A. 53\u00b0; *39 U. S. 469; 33 C. C. A. 644; 64 Ark. 535; 78 S. W. 220. Appellant was not a trespasser. 57 Ark. 151; 69 Ark. 294; 63 Ark. 638; 69 Ark. 294; 13 L. R. A. 634; 31 L. R. A. 855; 69 Ark. 496. The question as to whether Venna Evans was guilty of contributory negligence should have been submitted to the jury. 62 Ark. 159; 54 Ark.' 164; 12 L. R. A. 184; 18 Id. 60; 8 Id. 793; 52 Id. 352; 60 S. W. 996; 68 Miss. 355 ; 67 N. Y. 419; 13 C. C. A.-608; 78 S. W. 220.\nB. S. Johnson, for appellee.\nThe appeal was not taken in due time. Kirby\u2019s Dig. \u00a7 1199; 74 Ark. 181; 73 Ark. 37; 69 Ark. 281; 70 Ark. 83; 48 Ark. 148. The bill of exceptions is insufficient. 42 Ark. 490; 39 Ark. 258; 52 Ark. 554. The deceased\u2019s contributory negligence bars recovery. 36 Ark. 46, 371; 46 Ark. 513; 56 Ark. 459; 54 Ark. 435; 3 L. R. A. 44; 65 Ark. 238; 61 Ark. 555, 559.\nN J. Hunt and White & Altheimer, for appellant in reply."
  },
  "file_name": "0266-01",
  "first_page_order": 288,
  "last_page_order": 289
}
