{
  "id": 1501077,
  "name": "James v. Mallory",
  "name_abbreviation": "James v. Mallory",
  "decision_date": "1905-10-07",
  "docket_number": "",
  "first_page": "509",
  "last_page": "515",
  "citations": [
    {
      "type": "official",
      "cite": "76 Ark. 509"
    }
  ],
  "court": {
    "name_abbreviation": "Ark.",
    "id": 8808,
    "name": "Arkansas Supreme Court"
  },
  "jurisdiction": {
    "id": 34,
    "name_long": "Arkansas",
    "name": "Ark."
  },
  "cites_to": [
    {
      "cite": "31 Miss. 434",
      "category": "reporters:state",
      "reporter": "Miss.",
      "case_ids": [
        1655630
      ],
      "opinion_index": -1,
      "case_paths": [
        "/miss/31/0434-01"
      ]
    },
    {
      "cite": "24 W. Va. 594",
      "category": "reporters:state",
      "reporter": "W. Va.",
      "case_ids": [
        8640743
      ],
      "opinion_index": -1,
      "case_paths": [
        "/w-va/24/0594-01"
      ]
    },
    {
      "cite": "61 Ark. 527",
      "category": "reporters:state",
      "reporter": "Ark.",
      "case_ids": [
        1902364
      ],
      "opinion_index": -1,
      "case_paths": [
        "/ark/61/0527-01"
      ]
    },
    {
      "cite": "37 Ark. 286",
      "category": "reporters:state",
      "reporter": "Ark.",
      "case_ids": [
        1870987
      ],
      "opinion_index": -1,
      "case_paths": [
        "/ark/37/0286-01"
      ]
    },
    {
      "cite": "14 Ark. 50",
      "category": "reporters:state",
      "reporter": "Ark.",
      "case_ids": [
        1862613
      ],
      "opinion_index": -1,
      "case_paths": [
        "/ark/14/0050-01"
      ]
    },
    {
      "cite": "19 Ark. 396",
      "category": "reporters:state",
      "reporter": "Ark.",
      "case_ids": [
        8726554
      ],
      "opinion_index": -1,
      "case_paths": [
        "/ark/19/0396-01"
      ]
    },
    {
      "cite": "15 Ark. 555",
      "category": "reporters:state",
      "reporter": "Ark.",
      "case_ids": [
        8728547
      ],
      "opinion_index": -1,
      "case_paths": [
        "/ark/15/0555-01"
      ]
    },
    {
      "cite": "33 Ark. 454",
      "category": "reporters:state",
      "reporter": "Ark.",
      "case_ids": [
        8724628
      ],
      "weight": 2,
      "opinion_index": -1,
      "case_paths": [
        "/ark/33/0454-01"
      ]
    },
    {
      "cite": "46 Ark. 96",
      "category": "reporters:state",
      "reporter": "Ark.",
      "case_ids": [
        1890471
      ],
      "opinion_index": -1,
      "case_paths": [
        "/ark/46/0096-01"
      ]
    },
    {
      "cite": "25 Ark. 487",
      "category": "reporters:state",
      "reporter": "Ark.",
      "case_ids": [
        1864557
      ],
      "opinion_index": -1,
      "case_paths": [
        "/ark/25/0487-01"
      ]
    },
    {
      "cite": "70 Ark. 58",
      "category": "reporters:state",
      "reporter": "Ark.",
      "opinion_index": -1
    },
    {
      "cite": "68 Ark. 162",
      "category": "reporters:state",
      "reporter": "Ark.",
      "case_ids": [
        1334069
      ],
      "opinion_index": -1,
      "case_paths": [
        "/ark/68/0162-01"
      ]
    },
    {
      "cite": "55 Ark. 116",
      "category": "reporters:state",
      "reporter": "Ark.",
      "case_ids": [
        1322222
      ],
      "opinion_index": -1,
      "case_paths": [
        "/ark/55/0116-01"
      ]
    },
    {
      "cite": "55 Ark. 419",
      "category": "reporters:state",
      "reporter": "Ark.",
      "case_ids": [
        1322210
      ],
      "opinion_index": -1,
      "case_paths": [
        "/ark/55/0419-01"
      ]
    },
    {
      "cite": "38 Ark. 59",
      "category": "reporters:state",
      "reporter": "Ark.",
      "opinion_index": -1
    },
    {
      "cite": "43 Ark. 84",
      "category": "reporters:state",
      "reporter": "Ark.",
      "case_ids": [
        1894454
      ],
      "opinion_index": -1,
      "case_paths": [
        "/ark/43/0084-01"
      ]
    },
    {
      "cite": "22 Ark. 143",
      "category": "reporters:state",
      "reporter": "Ark.",
      "case_ids": [
        8725878
      ],
      "opinion_index": -1,
      "case_paths": [
        "/ark/22/0143-01"
      ]
    },
    {
      "cite": "47 Ark. 301",
      "category": "reporters:state",
      "reporter": "Ark.",
      "case_ids": [
        1888765
      ],
      "opinion_index": -1,
      "case_paths": [
        "/ark/47/0301-01"
      ]
    },
    {
      "cite": "20 Ark. 293",
      "category": "reporters:state",
      "reporter": "Ark.",
      "case_ids": [
        1869273
      ],
      "opinion_index": -1,
      "case_paths": [
        "/ark/20/0293-01"
      ]
    },
    {
      "cite": "14 Ark. 479",
      "category": "reporters:state",
      "reporter": "Ark.",
      "opinion_index": -1
    },
    {
      "cite": "16 Ark. 129",
      "category": "reporters:state",
      "reporter": "Ark.",
      "case_ids": [
        8724353
      ],
      "opinion_index": -1,
      "case_paths": [
        "/ark/16/0129-01"
      ]
    },
    {
      "cite": "55 Ark. 572",
      "category": "reporters:state",
      "reporter": "Ark.",
      "case_ids": [
        1322240
      ],
      "opinion_index": -1,
      "case_paths": [
        "/ark/55/0572-01"
      ]
    },
    {
      "cite": "19 Ark. 16",
      "category": "reporters:state",
      "reporter": "Ark.",
      "case_ids": [
        8724817
      ],
      "opinion_index": -1,
      "case_paths": [
        "/ark/19/0016-01"
      ]
    },
    {
      "cite": "46 Ark. 25",
      "category": "reporters:state",
      "reporter": "Ark.",
      "case_ids": [
        1890464
      ],
      "weight": 2,
      "opinion_index": -1,
      "case_paths": [
        "/ark/46/0025-01"
      ]
    },
    {
      "cite": "67 Ark. 27",
      "category": "reporters:state",
      "reporter": "Ark.",
      "case_ids": [
        1152566
      ],
      "opinion_index": -1,
      "case_paths": [
        "/ark/67/0027-01"
      ]
    },
    {
      "cite": "49 Ark. 468",
      "category": "reporters:state",
      "reporter": "Ark.",
      "case_ids": [
        1310135
      ],
      "opinion_index": -1,
      "case_paths": [
        "/ark/49/0468-01"
      ]
    },
    {
      "cite": "47 Ark. 317",
      "category": "reporters:state",
      "reporter": "Ark.",
      "case_ids": [
        1888707
      ],
      "opinion_index": -1,
      "case_paths": [
        "/ark/47/0317-01"
      ]
    },
    {
      "cite": "43 Ark. 464",
      "category": "reporters:state",
      "reporter": "Ark.",
      "case_ids": [
        1894548
      ],
      "opinion_index": -1,
      "case_paths": [
        "/ark/43/0464-01"
      ]
    },
    {
      "cite": "53 Ark. 359",
      "category": "reporters:state",
      "reporter": "Ark.",
      "opinion_index": -1
    },
    {
      "cite": "191 U. S. 538",
      "category": "reporters:federal",
      "reporter": "U.S.",
      "opinion_index": -1
    },
    {
      "cite": "115 U. S. 623",
      "category": "reporters:federal",
      "reporter": "U.S.",
      "opinion_index": -1
    },
    {
      "cite": "2 Black, 599",
      "category": "reporters:scotus_early",
      "reporter": "Black",
      "case_ids": [
        3465392
      ],
      "opinion_index": -1,
      "case_paths": [
        "/us/67/0599-01"
      ]
    },
    {
      "cite": "144 U. S. 533",
      "category": "reporters:federal",
      "reporter": "U.S.",
      "case_ids": [
        3560814
      ],
      "opinion_index": -1,
      "case_paths": [
        "/us/144/0533-01"
      ]
    },
    {
      "cite": "50 Ark. 340",
      "category": "reporters:state",
      "reporter": "Ark.",
      "case_ids": [
        8722544
      ],
      "opinion_index": -1,
      "case_paths": [
        "/ark/50/0340-01"
      ]
    },
    {
      "cite": "48 Ark. 312",
      "category": "reporters:state",
      "reporter": "Ark.",
      "case_ids": [
        1887709
      ],
      "opinion_index": -1,
      "case_paths": [
        "/ark/48/0312-01"
      ]
    },
    {
      "cite": "34 Ark. 537",
      "category": "reporters:state",
      "reporter": "Ark.",
      "opinion_index": -1
    },
    {
      "cite": "38 Ark. 181",
      "category": "reporters:state",
      "reporter": "Ark.",
      "case_ids": [
        1900516
      ],
      "opinion_index": -1,
      "case_paths": [
        "/ark/38/0181-01"
      ]
    },
    {
      "cite": "63 Ark. 374",
      "category": "reporters:state",
      "reporter": "Ark.",
      "case_ids": [
        8723198
      ],
      "opinion_index": -1,
      "case_paths": [
        "/ark/63/0374-01"
      ]
    },
    {
      "cite": "10 Ark. 211",
      "category": "reporters:state",
      "reporter": "Ark.",
      "case_ids": [
        8727555
      ],
      "opinion_index": -1,
      "case_paths": [
        "/ark/10/0211-01"
      ]
    },
    {
      "cite": "23 Ark. 336",
      "category": "reporters:state",
      "reporter": "Ark.",
      "case_ids": [
        1866042
      ],
      "opinion_index": -1,
      "case_paths": [
        "/ark/23/0336-01"
      ]
    },
    {
      "cite": "69 Ark. 311",
      "category": "reporters:state",
      "reporter": "Ark.",
      "case_ids": [
        8722368
      ],
      "opinion_index": -1,
      "case_paths": [
        "/ark/69/0311-01"
      ]
    },
    {
      "cite": "48 Ark. 277",
      "category": "reporters:state",
      "reporter": "Ark.",
      "case_ids": [
        1887723
      ],
      "opinion_index": -1,
      "case_paths": [
        "/ark/48/0277-01"
      ]
    },
    {
      "cite": "43 Ark. 136",
      "category": "reporters:state",
      "reporter": "Ark.",
      "case_ids": [
        1894509
      ],
      "opinion_index": -1,
      "case_paths": [
        "/ark/43/0136-01"
      ]
    },
    {
      "cite": "27 Ark. 343",
      "category": "reporters:state",
      "reporter": "Ark.",
      "case_ids": [
        1885666
      ],
      "opinion_index": -1,
      "case_paths": [
        "/ark/27/0343-01"
      ]
    },
    {
      "cite": "73 Ark. 489",
      "category": "reporters:state",
      "reporter": "Ark.",
      "case_ids": [
        1503973
      ],
      "opinion_index": -1,
      "case_paths": [
        "/ark/73/0489-01"
      ]
    },
    {
      "cite": "57 Ark. 242",
      "category": "reporters:state",
      "reporter": "Ark.",
      "case_ids": [
        1324593
      ],
      "opinion_index": -1,
      "case_paths": [
        "/ark/57/0242-01"
      ]
    },
    {
      "cite": "52 Ark. 101",
      "category": "reporters:state",
      "reporter": "Ark.",
      "case_ids": [
        1913335
      ],
      "opinion_index": -1,
      "case_paths": [
        "/ark/52/0101-01"
      ]
    },
    {
      "cite": "43 Ark. 429",
      "category": "reporters:state",
      "reporter": "Ark.",
      "case_ids": [
        1894432
      ],
      "opinion_index": -1,
      "case_paths": [
        "/ark/43/0429-01"
      ]
    },
    {
      "cite": "44 Ark. 180",
      "category": "reporters:state",
      "reporter": "Ark.",
      "case_ids": [
        1893391
      ],
      "opinion_index": -1,
      "case_paths": [
        "/ark/44/0180-01"
      ]
    },
    {
      "cite": "56 Ark. 256",
      "category": "reporters:state",
      "reporter": "Ark.",
      "opinion_index": -1
    },
    {
      "cite": "50 Ark. 46",
      "category": "reporters:state",
      "reporter": "Ark.",
      "opinion_index": -1
    },
    {
      "cite": "38 Ark. 426",
      "category": "reporters:state",
      "reporter": "Ark.",
      "opinion_index": -1
    },
    {
      "cite": "54 Ark. 162",
      "category": "reporters:state",
      "reporter": "Ark.",
      "opinion_index": -1
    },
    {
      "cite": "29 Ark. 407",
      "category": "reporters:state",
      "reporter": "Ark.",
      "case_ids": [
        1882906
      ],
      "weight": 2,
      "opinion_index": -1,
      "case_paths": [
        "/ark/29/0407-01"
      ]
    },
    {
      "cite": "8 Ark. 105",
      "category": "reporters:state",
      "reporter": "Ark.",
      "pin_cites": [
        {
          "page": "470"
        }
      ],
      "opinion_index": -1
    },
    {
      "cite": "1 Conn. 525",
      "category": "reporters:state",
      "reporter": "Conn.",
      "case_ids": [
        12132248
      ],
      "opinion_index": -1,
      "case_paths": [
        "/conn/1/0525-01"
      ]
    },
    {
      "cite": "8 Ark. 83",
      "category": "reporters:state",
      "reporter": "Ark.",
      "case_ids": [
        8726914
      ],
      "opinion_index": -1,
      "case_paths": [
        "/ark/8/0083-01"
      ]
    },
    {
      "cite": "11 Wheat. 199",
      "category": "reporters:scotus_early",
      "reporter": "Wheat.",
      "case_ids": [
        1428700
      ],
      "opinion_index": -1,
      "case_paths": [
        "/us/24/0199-01"
      ]
    },
    {
      "cite": "34 Ark. 292",
      "category": "reporters:state",
      "reporter": "Ark.",
      "opinion_index": -1
    },
    {
      "cite": "67 Ark. 325",
      "category": "reporters:state",
      "reporter": "Ark.",
      "case_ids": [
        1152554
      ],
      "opinion_index": -1,
      "case_paths": [
        "/ark/67/0325-01"
      ]
    },
    {
      "cite": "18 Ark. 124",
      "category": "reporters:state",
      "reporter": "Ark.",
      "opinion_index": -1
    },
    {
      "cite": "8 Ark. 106",
      "category": "reporters:state",
      "reporter": "Ark.",
      "pin_cites": [
        {
          "page": "470"
        }
      ],
      "opinion_index": -1
    },
    {
      "cite": "156 U. S. 680",
      "category": "reporters:federal",
      "reporter": "U.S.",
      "case_ids": [
        1488100
      ],
      "opinion_index": -1,
      "case_paths": [
        "/us/156/0680-01"
      ]
    },
    {
      "cite": "23 Ark. 258",
      "category": "reporters:state",
      "reporter": "Ark.",
      "case_ids": [
        1866009
      ],
      "opinion_index": -1,
      "case_paths": [
        "/ark/23/0258-01"
      ]
    },
    {
      "cite": "22 Ark. 477",
      "category": "reporters:state",
      "reporter": "Ark.",
      "case_ids": [
        8727133
      ],
      "opinion_index": -1,
      "case_paths": [
        "/ark/22/0477-01"
      ]
    },
    {
      "cite": "41 Ark. 316",
      "category": "reporters:state",
      "reporter": "Ark.",
      "case_ids": [
        1896158
      ],
      "opinion_index": -1,
      "case_paths": [
        "/ark/41/0316-01"
      ]
    },
    {
      "cite": "31 Ark. 554",
      "category": "reporters:state",
      "reporter": "Ark.",
      "case_ids": [
        1879318
      ],
      "opinion_index": -1,
      "case_paths": [
        "/ark/31/0554-01"
      ]
    },
    {
      "cite": "17 Ark. 146",
      "category": "reporters:state",
      "reporter": "Ark.",
      "case_ids": [
        8725301
      ],
      "opinion_index": -1,
      "case_paths": [
        "/ark/17/0146-01"
      ]
    },
    {
      "cite": "103 U. S. 22",
      "category": "reporters:federal",
      "reporter": "U.S.",
      "case_ids": [
        1522313
      ],
      "opinion_index": -1,
      "case_paths": [
        "/us/103/0022-01"
      ]
    },
    {
      "cite": "1003 U. S. 22",
      "category": "reporters:federal",
      "reporter": "U.S.",
      "opinion_index": -1
    },
    {
      "cite": "21 Wall. 276",
      "category": "reporters:scotus_early",
      "reporter": "Wall.",
      "case_ids": [
        3412142
      ],
      "opinion_index": -1,
      "case_paths": [
        "/us/88/0276-01"
      ]
    },
    {
      "cite": "17 How. 160",
      "category": "reporters:scotus_early",
      "reporter": "How.",
      "opinion_index": -1
    },
    {
      "cite": "14 How. 374",
      "category": "reporters:scotus_early",
      "reporter": "How.",
      "opinion_index": -1
    },
    {
      "cite": "8 How. 112",
      "category": "reporters:scotus_early",
      "reporter": "How.",
      "opinion_index": -1
    },
    {
      "cite": "48 Ark. 544",
      "category": "reporters:state",
      "reporter": "Ark.",
      "case_ids": [
        1887760
      ],
      "opinion_index": -1,
      "case_paths": [
        "/ark/48/0544-01"
      ]
    },
    {
      "cite": "47 Ark. 222",
      "category": "reporters:state",
      "reporter": "Ark.",
      "case_ids": [
        1888686
      ],
      "opinion_index": -1,
      "case_paths": [
        "/ark/47/0222-01"
      ]
    },
    {
      "cite": "40 Ark. 433",
      "category": "reporters:state",
      "reporter": "Ark.",
      "case_ids": [
        1897201
      ],
      "opinion_index": -1,
      "case_paths": [
        "/ark/40/0433-01"
      ]
    },
    {
      "cite": "36 Ark. 529",
      "category": "reporters:state",
      "reporter": "Ark.",
      "case_ids": [
        1872363
      ],
      "opinion_index": -1,
      "case_paths": [
        "/ark/36/0529-01"
      ]
    },
    {
      "cite": "33 Ark. 727",
      "category": "reporters:state",
      "reporter": "Ark.",
      "case_ids": [
        8726071
      ],
      "opinion_index": -1,
      "case_paths": [
        "/ark/33/0727-01"
      ]
    },
    {
      "cite": "28 Ark. 341",
      "category": "reporters:state",
      "reporter": "Ark.",
      "case_ids": [
        1884365
      ],
      "opinion_index": -1,
      "case_paths": [
        "/ark/28/0341-01"
      ]
    },
    {
      "cite": "27 Ark. 252",
      "category": "reporters:state",
      "reporter": "Ark.",
      "case_ids": [
        1885804
      ],
      "opinion_index": -1,
      "case_paths": [
        "/ark/27/0252-01"
      ]
    },
    {
      "cite": "22 Ark. 572",
      "category": "reporters:state",
      "reporter": "Ark.",
      "case_ids": [
        8727332
      ],
      "opinion_index": -1,
      "case_paths": [
        "/ark/22/0572-01"
      ]
    },
    {
      "cite": "10 Ark. 541",
      "category": "reporters:state",
      "reporter": "Ark.",
      "case_ids": [
        8727906
      ],
      "opinion_index": -1,
      "case_paths": [
        "/ark/10/0541-01"
      ]
    },
    {
      "cite": "17 Ark. 154",
      "category": "reporters:state",
      "reporter": "Ark.",
      "case_ids": [
        8725356
      ],
      "opinion_index": -1,
      "case_paths": [
        "/ark/17/0154-01"
      ]
    },
    {
      "cite": "19 Ark. 267",
      "category": "reporters:state",
      "reporter": "Ark.",
      "case_ids": [
        8726177
      ],
      "opinion_index": -1,
      "case_paths": [
        "/ark/19/0267-01"
      ]
    },
    {
      "cite": "4 Ark. 602",
      "category": "reporters:state",
      "reporter": "Ark.",
      "case_ids": [
        8729417
      ],
      "opinion_index": -1,
      "case_paths": [
        "/ark/4/0602-01"
      ]
    },
    {
      "cite": "14 Gray, 546",
      "category": "reporters:state",
      "reporter": "Gray",
      "case_ids": [
        2091585
      ],
      "opinion_index": -1,
      "case_paths": [
        "/mass/80/0546-01"
      ]
    },
    {
      "cite": "31 Ark. 581",
      "category": "reporters:state",
      "reporter": "Ark.",
      "opinion_index": -1
    },
    {
      "cite": "11 Ark. 716",
      "category": "reporters:state",
      "reporter": "Ark.",
      "case_ids": [
        8728007
      ],
      "opinion_index": -1,
      "case_paths": [
        "/ark/11/0716-01"
      ]
    },
    {
      "cite": "11 Ark. 411",
      "category": "reporters:state",
      "reporter": "Ark.",
      "case_ids": [
        8727823
      ],
      "opinion_index": -1,
      "case_paths": [
        "/ark/11/0411-01"
      ]
    },
    {
      "cite": "33 Ark. 338",
      "category": "reporters:state",
      "reporter": "Ark.",
      "opinion_index": -1
    },
    {
      "cite": "23 Ark. 747",
      "category": "reporters:state",
      "reporter": "Ark.",
      "opinion_index": -1
    },
    {
      "cite": "23 Ark'. 494",
      "category": "reporters:state",
      "reporter": "Ark.",
      "case_ids": [
        1866123
      ],
      "weight": 2,
      "opinion_index": -1,
      "case_paths": [
        "/ark/23/0494-01"
      ]
    },
    {
      "cite": "86 S. W. 423",
      "category": "reporters:state_regional",
      "reporter": "S.W.",
      "opinion_index": 0
    },
    {
      "cite": "74 Ark. 361",
      "category": "reporters:state",
      "reporter": "Ark.",
      "case_ids": [
        8721226
      ],
      "opinion_index": 0,
      "case_paths": [
        "/ark/74/0361-01"
      ]
    },
    {
      "cite": "87 S. W. 117",
      "category": "reporters:state_regional",
      "reporter": "S.W.",
      "opinion_index": 0
    },
    {
      "cite": "75 Ark. 228",
      "category": "reporters:state",
      "reporter": "Ark.",
      "case_ids": [
        1502482
      ],
      "opinion_index": 0,
      "case_paths": [
        "/ark/75/0228-01"
      ]
    },
    {
      "cite": "87 S. W. 1027",
      "category": "reporters:state_regional",
      "reporter": "S.W.",
      "opinion_index": 0
    },
    {
      "cite": "75 Ark. 551",
      "category": "reporters:state",
      "reporter": "Ark.",
      "case_ids": [
        1502526
      ],
      "opinion_index": 0,
      "case_paths": [
        "/ark/75/0551-01"
      ]
    }
  ],
  "analysis": {
    "cardinality": 728,
    "char_count": 12975,
    "ocr_confidence": 0.741,
    "pagerank": {
      "raw": 1.1856730659927866e-07,
      "percentile": 0.5901334402121514
    },
    "sha256": "18c19aeac5aa1c36f828a97d58d4bbaddc124f5a0722cb6bffdccd4180da0f0d",
    "simhash": "1:e45acef6772163a7",
    "word_count": 2380
  },
  "last_updated": "2024-02-27T19:43:12.027122+00:00",
  "provenance": {
    "date_added": "2019-08-29",
    "source": "Harvard",
    "batch": "2018"
  },
  "casebody": {
    "judges": [],
    "parties": [
      "James v. Mallory."
    ],
    "opinions": [
      {
        "text": "McCurroch, J.,\n(after stating the facts.) The testimony as to the financial condition of Stephen James at the time he executed the deed in question is conflicting, but we think by a fair preponderance his insolvency is established. It is shown that, in addition to the debt to appellees, he was indebted in a large amount to another firm of merchants in Memphis, Tenn., who were unable to collect anything from him, and whose debt remains unpaid. There is some evidence tending to establish the fact that he caused the conveyance to be executed to his children without any actual fraudulent intent, and under the honest belief that he was solvent and would be able to pay all his debts. He owned a large quantity of land, and perhaps expected to receive at some time sufficient sums from the sale of this land to pay his debts; but this hope was never realized. On the contrary, the lands upon which appellees held a lien as vendors were sold under decree, leaving him hopelessly insolvent. If he was in fact insol-, vent at the time, and voluntarily conveyed away his property without consideration, the conveyance is void as against creditors, even though he had no actual intent to defraud.\nIt is contended on behalf of appellants that the conveyance of lands by Stephen James to appellees on January 16, 1893, extinguished his debt to them, and that his notes for the price of the lands reconveyed to him by them was a new debt created subsequent to the conveyance to King. It 'is proved, however, that the conveyance to appellees was not in extinguishment of the debt, but as security therefor, and appellees must be treated as creditors whose debts existed at the time of the fraudulent conveyance. In a recent decision on this subject we said: \u201cThe conveyance must be judged according to the real intent of the parties. If there is a debt subsisting between the parties, and it is the intention to continue the debt, it is a mortgage; but if the conveyance extinguishes the debt, and the parties intend that result, a contract for a resale at the same price does not destroy the character of the deed as an absolute conveyance.\u201d Hays v. Emerson, 75 Ark. 551, 87 S. W. 1027. Applying the rule thus announced to the facts of this case as proved with reference to the conveyance, it must be treated as a mortgage.\nBut counsel for appellant say that appellees, by suing to foreclose the lien reserved in the quitclaim deed, elected to treat the original debt as having been extinguished, and are now estopped to assert that the conveyance was only a security. Not so. The form of the debt only was changed, and the suit was to foreclose the security on the land, and the position assumed in this suit is not inconsistent with their position in the former suit.\nIt is urged here that a portion of the land was the homestead of Stephen James, and that a conveyance thereof could not have been fraudulent. The proof is not sufficient to establish the homestead right. No reference is made in the pleadings to the homestead question, and no direct proof introduced to show that the land was the homestead of James. If it was in fact his homestead, it could easily have been proved; but no witness was asked a question calculated to elicit information on the subject. All that was said about it in the testimony came out incidentally. Witness King said that James spoke of redeeming a portion of the land which his home was on, in section twenty-seven. This is too vague to base a finding upon that the land was his homestead at the time he made the conveyance in question. If that fact had been relied upon, direct proof should have been introduced tending to establish it. Steele v. Robertson, 75 Ark. 228, 87 S. W. 117.\nThe recent case of Baldwin v. Williams, 74 Ark. 361, 86 S. W. 423, settles the question of limitations against the contention of appellant. ' We there held that there must be an actual adverse holding of the property for the statutory period before a creditor is barred of his right to set aside a fraudulent conveyance and subject the property to the payment of his debt, so long as the debt itself is not barred by limitation.\nIn this case the debt was not barred, and there is no proof of adverse occupancy. On the contrary, it appears that Stephen James, the debtor, remained in possession of the property until the commencement of this suit. The suit is not barred. . We find no error in the decree, and the same is affirmed.",
        "type": "majority",
        "author": "McCurroch, J.,"
      }
    ],
    "attorneys": [
      "Wm. M. Randolph, George Randolph and Wass ell Ran-' dolphj for appellant.",
      "Frank Smith and Hawthorne & Hawthorne, for appellee."
    ],
    "corrections": "",
    "head_matter": "James v. Mallory.\nOpinion delivered October 7, 1905.\n1. Fraud \u2014 voluntary conveyance. \u2014 A voluntary conveyance by a debtor who was in fact insolvent is void as against creditors, even though he \u2022 had no actual intent to defraud. (Page 513.)\n2. Mortgage \u2014 absolute deed held to be. \u2014 Where a debtor executed an absolute deed of his land to his creditor in payment of his debt, and at once repurchased the land, taking a quitclaim deed and giving his notes for the amount of such debt, for which a lien was reserved in the face of the deed, the effect of the transactions was not to extinguish the debt, but merely to give a mortgage for its payment. (Page 5I3-)\n3. Estoppel \u2014 inconsistent positions. \u2014 Where a creditor took an absolute deed from his debtor, and executed to him a quitclaim deed, in the face of which a lien was reserved for the amount of the debt, he is not estopped to assert that the conveyance was only a security by reason of the fact that he sued to foreclose the lien reserved in the quitclaim deed. (Page 514.)\n4. Appeal \u2014 issue not raised below. \u2014 A claim of homestead will not be allowed on appeal where it was not asserted in the pleadings, and no direct proof was introduced tending to establish it. (Page 514.)\n5. Statute oe limitation\u2014 fraudulent conveyance. \u2014 There must be an actual holding of the property for the statutory period before a creditor is barred of his right to set aside a fraudulent conveyance and subject the property to the payment of his debt, as long as the debt itself is not barred by limitation. (Page 514.)\nAppeal from Crittenden Chancery Court.\nEdward D. Robertson, Chancellor.\nAffirmed.\n\u2022 STATEMENT BY THE COURT.\nAppellees, Mallory, Crawford & Co., commenced this suit in equity on February 4, 1901, against Stephen James, Joseph N. James, and J. L. King, to cancel a conveyance by, said Stephen James, alleged to be fraudulent, of certain lands, and to subject the same to the payment of appellees\u2019 claim.\nStephen James died while the suit was pending below, and the cause was revived in the name of the administrator.\nOn January 16, 1893, Stephen James was.indebted to appellees in the sum of $18,801.22, and executed to them a deed with covenants of warranty conveying certain lands in Crittenden County. The deed recited a consideration of $18,801.22, the amount of said indebtedness, cash in hand paid. On the same day appellees reconveyed the lands to Stephen James by quitclaim deed, reciting the same consideration to be paid in two installments as evidenced by his two notes to them of that date, one for 10,000, payable December 1, 1893, and the other for $8,801.22, payable January 1, 1894, each bearing interest at 8 per cent, per annum. Subsequently James sold and conveyed some of these lands to W. R. Bateman and same to D. W. Clark on credit, and took notes for the purchase price, which he assigned to appellants. \u25a0\nAppellees brought suit in the Crittenden Chancery Court against James to foreclose the vendor\u2019s lien reserved in the said quitclaim deed to him, and made Bateman and Clark parties defendant to the suit. In September, 1899, a decree in that suit was rendered in favor of appellees against James for the amount of the said notes and interest, which the court found to be the sum of $27,535, and said lands were ordered to be sold by the commissioner' of the court. The lands were sold by the commissioner, and the net proceeds paid over to appellees on their debt, leaving a balance of $20,258 unpaid on December 3, 1900, the date of the last payment.- On October 20, 1892, Stephen James executed to defendant J. D. King a deed conveying the lands in controversy for an. expressed consideration of $2500 cash paid; and on July 31, 1893, King executed a deed to Stephen James as trustee for his two children, Joseph N. James, appellant, and America C. James, who has since died intestate and without issue. This deed recites a cash consideration of $10 and the affection of the grantor for the two beneficiaries, who were his cousins. Both of these deeds were filed for record on September 4, 1893. It is alleged in the complaint that both of these deeds were executed without consideration, and with the fraudulent intent to cheat and hinder the creditors of said Stephen James, and that he was insolvent at the time; and the purpose of this suit is to cancel them.\nThe answer of Joseph N. James denies that his father, Stephen N. James, was insolvent at the time of the execution of this deed to King, or that the same was executed with any fraudulent intent, and pleads the seven years statute of limitation in bar of appellees\u2019 right to sue to set aside the deed.\nThe chancellor found in favor of the plaintiffs upon the issue of fact, and rendered a decree in their favor for the sum of $16,330.80, cancelled said deed, -and ordered said lands to be sold by the commissioner for the payment of said debt.\nDefendant Joseph N. James appealed to this court.\nWm. M. Randolph, George Randolph and Wass ell Ran-' dolphj for appellant.\nThe suit was improperly begun, and cannot be maintained. 23 Ark'. 494; 23 Ark. 747; 33 Ark. 338; Wait. Fr. Conv. & Cred. Bills, \u00a7 \u00a7 58-60; 11 Ark. 411; 11 Ark. 716. The deed marked exhibit \u201cE\u201d had for its object the support of the two minor children, America C. and Jos. N. James. 31 Ark. 581; Freeman, Co-tenancy & Part. \u00a7 \u00a7 12, 13, 28, 362, 365; 14 Gray, 546; 2 Kent Coip. 350; 3 Kerr, Real Prop. \u00a7 \u00a7 1917, 1975; 4 Ark. 602; 19 Ark. 267; 17 Ark. 154. The court had no power to withdraw from the jurisprudence of the probate court the interest in the lands in controversy which came to Jos. N. James at the death of America C. James. 10 Ark. 541; 22 Ark. 572; 27 Ark. 252; 28 Ark. 341; 33 Ark. 727; 36 Ark. 529; 40 Ark. 433; 47 Ark. 222; 48 Ark. 544; 51 Ark: 366; 8 How. 112; 14 How. 374; 17 How. 160; 21 Wall. 276. A valuable consideration may be other than the actual payment of money, and may consist of acts done after the conveyance. 1003 U. S. 22; m U. S. 722; 4 Kent, Com. 463; Dart, Vendors, 1018, 1019; 7 Peters, 348; 103 U. S. 22. Stephen James in procuring the conveyance from King to himself as trustee was guilty of no fraud. Kirby\u2019s Dig. \u00a7 \u00a7 3659, 3660; 17 Ark. 146; 31 Ark. 554; 41 Ark. 316; 22 Ark. 477; 23 Ark. 258. The value of the lands could be denied' by neither party. 1 Greenl. Ev. \u00a7 \u00a7 24-27, 207; 156 U. S. 680. To annul a fraudulent transfer, the evidence must establish the assignor\u2019s intent at the time of the execution of the instrument. Wait, Fr. Conv. \u00a7 320; 8 Ark. 106, 470; 18 Ark. 124; 172; Kirby\u2019s Dig. \u00a7 3658,' 67 Ark. 325; 34 Ark. 292. The deed was not fraudulent. 11 Wheat. 199; 8 Ark. 83; 1 Conn. 525; 8 Ark. 105, 470; 29 Ark. 407; 54 Ark. 162; 23 Ark. 494. Fraud will not be presumed. 38 Ark. 426; 50 Ark. 46; 56 Ark. 256. The land conveyed was Stephen James\u2019s homestead, and not subject to his debts. 44 Ark. 180; 43 Ark. 429; 52 Ark. 101; 57 Ark. 242; 73 Ark. 489. Appellees must show affirmatively a good and complete cause of action. 27 Ark. 343; 43 Ark. 136; 48 Ark. 277; 69 Ark. 311; 23 Ark. 336. Appellee\u2019s suit is barred. 10 Ark. 211; 63 Ark. 374; Kirby\u2019s Dig. \u00a7 \u00a7 3757, 5056; 38 Ark. 181; 34 Ark. 537> 547; 48 Ark. 312; 50 Ark. 340; 144 U. S. 533; 2 Black, 599; 115 U. S. 623; 191 U. S. 538; Kirby\u2019s Dig. \u00a7 \u00a7 6059, 5399; 53 Ark. 359; 43 Ark. 464; 47 Ark. 317; 49 Ark. 468; 67 Ark. 27; 7 Yerger, 222; 46 Ark. 25; 19 Ark. 16; 55 Ark. 572; 16 Ark. 129; 14 Ark. 479; 20 Ark. 293; 47 Ark. 301.\nFrank Smith and Hawthorne & Hawthorne, for appellee.\nIt was not necessary to prove that an execution was issued and returned nulla bona. Kirby\u2019s Dig. \u00a7 6297. The conveyance from King to James as trustee is prima facie fraudulent, and the burden was upon appellant to show that it was not fraudulent. 22 Ark. 143; 43 Ark. 84; 38 Ark. 59; 55 Ark. 419; 55 Ark. 116; 68 Ark. 162; 70 Ark. 58. The facts upon which the decree is based need not be recited in the record. 25 Ark. 487. There was no allegation or proof tending to show that James held any of the lands as a homestead. 46 Ark. 96; 33 Ark. 454. Upon the death of America C. James her interest in the lands ascended to her father. Kirby\u2019s Dig. \u00a7 2636; 15 Ark. 555; 19 Ark. 396. The court, having jurisdiction for one purpose, had jurisdiction for all purposes, and it was its duty to direct a sale of the lands. 29 Ark. 407; 14 Ark. 50; 37 Ark. 286; 33 Ark. 454; 46 Ark. 25. Appellant is in no position to .invade the doctrine of laches. 61 Ark. 527 j 39 Ark. in; 21 Florida, 203; 24 W. Va. 594; 31 Miss. 434."
  },
  "file_name": "0509-01",
  "first_page_order": 531,
  "last_page_order": 537
}
