{
  "id": 12440959,
  "name": "Bank of N.Y., Respondent, v. Townley et al., Petitioners",
  "name_abbreviation": "Bank of N.Y. v. Townley",
  "decision_date": "2015-09-30",
  "docket_number": "No. 91625-0",
  "first_page": "1003",
  "last_page": "1003",
  "citations": [
    {
      "type": "official",
      "cite": "184 Wash. 2d 1003"
    }
  ],
  "court": {
    "name_abbreviation": "Wash.",
    "id": 9029,
    "name": "Washington Supreme Court"
  },
  "jurisdiction": {
    "id": 38,
    "name_long": "Washington",
    "name": "Wash."
  },
  "cites_to": [
    {
      "cite": "186 Wn. App. 1008",
      "category": "reporters:state",
      "reporter": "Wash. App.",
      "case_ids": [
        4171170,
        4171674,
        4171701,
        4172119
      ],
      "opinion_index": 0,
      "case_paths": [
        "/wash-app/186/1008-01",
        "/wash-app/186/1008-02",
        "/wash-app/186/1008-03",
        "/wash-app/186/1008-04"
      ]
    }
  ],
  "analysis": {
    "cardinality": 30,
    "char_count": 206,
    "ocr_confidence": 0.848,
    "sha256": "3fab386dcc14c98ed3fe4c2dd803aaebfa192b84c5278ae15d9a3c073bdcf83e",
    "simhash": "1:02b1ee3025fde50d",
    "word_count": 35
  },
  "last_updated": "2024-02-27T21:13:25.899037+00:00",
  "provenance": {
    "date_added": "2019-05-21",
    "source": "Harvard",
    "batch": "2018"
  },
  "casebody": {
    "judges": [],
    "parties": [
      "Bank of N.Y., Respondent, v. Townley et al., Petitioners,"
    ],
    "opinions": [
      {
        "text": "Petition for review of a decision of the Court of Appeals, No. 69194-5-1, March 2, 2015, 186 Wn. App. 1008. Denied September 30, 2015.",
        "type": "majority",
        "author": null
      }
    ],
    "attorneys": [],
    "corrections": "",
    "head_matter": "Bank of N.Y., Respondent, v. Townley et al., Petitioners,\nNo. 91625-0."
  },
  "file_name": "1003-01",
  "first_page_order": 981,
  "last_page_order": 981
}
