{
  "id": 12440963,
  "name": "State, Respondent, v. Perales, Petitioner",
  "name_abbreviation": "State v. Perales",
  "decision_date": "2015-09-30",
  "docket_number": "No. 91664-1",
  "first_page": "1003",
  "last_page": "1003",
  "citations": [
    {
      "type": "official",
      "cite": "184 Wash. 2d 1003"
    }
  ],
  "court": {
    "name_abbreviation": "Wash.",
    "id": 9029,
    "name": "Washington Supreme Court"
  },
  "jurisdiction": {
    "id": 38,
    "name_long": "Washington",
    "name": "Wash."
  },
  "cites_to": [
    {
      "cite": "186 Wn. App. 1041",
      "category": "reporters:state",
      "reporter": "Wash. App.",
      "case_ids": [
        4172433,
        4170869,
        4171836,
        4172317
      ],
      "opinion_index": 0,
      "case_paths": [
        "/wash-app/186/1041-03",
        "/wash-app/186/1041-02",
        "/wash-app/186/1041-01",
        "/wash-app/186/1041-04"
      ]
    }
  ],
  "analysis": {
    "cardinality": 27,
    "char_count": 193,
    "ocr_confidence": 0.855,
    "sha256": "be499fe9d2bc3dc9e659a1dc186fcf9a337e35e1a9513e7f34d4d539d5e924e4",
    "simhash": "1:09b4ae09072f2f6c",
    "word_count": 31
  },
  "last_updated": "2024-02-27T21:13:25.899037+00:00",
  "provenance": {
    "date_added": "2019-05-21",
    "source": "Harvard",
    "batch": "2018"
  },
  "casebody": {
    "judges": [],
    "parties": [
      "State, Respondent, v. Perales, Petitioner,"
    ],
    "opinions": [
      {
        "text": "Petition for review of a decision of the Court of Appeals, No. 31408-1-III, April 2, 2015, 186 Wn. App. 1041. Denied September 30, 2015.",
        "type": "majority",
        "author": null
      }
    ],
    "attorneys": [],
    "corrections": "",
    "head_matter": "State, Respondent, v. Perales, Petitioner,\nNo. 91664-1."
  },
  "file_name": "1003-05",
  "first_page_order": 981,
  "last_page_order": 981
}
