{
  "id": 12440994,
  "name": "State, Respondent, v. Taylor, Petitioner",
  "name_abbreviation": "State v. Taylor",
  "decision_date": "2015-09-30",
  "docket_number": "No. 91752-3",
  "first_page": "1007",
  "last_page": "1007",
  "citations": [
    {
      "type": "official",
      "cite": "184 Wash. 2d 1007"
    }
  ],
  "court": {
    "name_abbreviation": "Wash.",
    "id": 9029,
    "name": "Washington Supreme Court"
  },
  "jurisdiction": {
    "id": 38,
    "name_long": "Washington",
    "name": "Wash."
  },
  "cites_to": [
    {
      "cite": "187 Wn. App. 1017",
      "category": "reporters:state",
      "reporter": "Wash. App.",
      "case_ids": [
        4236770,
        4237587,
        4234974,
        4236447
      ],
      "opinion_index": 0,
      "case_paths": [
        "/wash-app/187/1017-04",
        "/wash-app/187/1017-02",
        "/wash-app/187/1017-01",
        "/wash-app/187/1017-03"
      ]
    }
  ],
  "analysis": {
    "cardinality": 27,
    "char_count": 192,
    "ocr_confidence": 0.858,
    "sha256": "dfaa7092bef7019110ff12b2109722079cfbcc05c4417bda814494f2def27837",
    "simhash": "1:81f9961e07254e20",
    "word_count": 31
  },
  "last_updated": "2024-02-27T21:13:25.899037+00:00",
  "provenance": {
    "date_added": "2019-05-21",
    "source": "Harvard",
    "batch": "2018"
  },
  "casebody": {
    "judges": [],
    "parties": [
      "State, Respondent, v. Taylor, Petitioner,"
    ],
    "opinions": [
      {
        "text": "Petition for review of a decision of the Court of Appeals, No. 45198-1-II, April 28, 2015, 187 Wn. App. 1017. Denied September 30, 2015.",
        "type": "majority",
        "author": null
      }
    ],
    "attorneys": [],
    "corrections": "",
    "head_matter": "State, Respondent, v. Taylor, Petitioner,\nNo. 91752-3."
  },
  "file_name": "1007-05",
  "first_page_order": 985,
  "last_page_order": 985
}
