{
  "id": 12440991,
  "name": "State, Respondent, v. Burgess, Petitioner",
  "name_abbreviation": "State v. Burgess",
  "decision_date": "2015-09-30",
  "docket_number": "No. 91747-7",
  "first_page": "1007",
  "last_page": "1007",
  "citations": [
    {
      "type": "official",
      "cite": "184 Wash. 2d 1007"
    }
  ],
  "court": {
    "name_abbreviation": "Wash.",
    "id": 9029,
    "name": "Washington Supreme Court"
  },
  "jurisdiction": {
    "id": 38,
    "name_long": "Washington",
    "name": "Wash."
  },
  "cites_to": [
    {
      "cite": "187 Wn. App. 1013",
      "category": "reporters:state",
      "reporter": "Wash. App.",
      "case_ids": [
        4236816,
        4235377,
        4235282,
        4237531
      ],
      "opinion_index": 0,
      "case_paths": [
        "/wash-app/187/1013-04",
        "/wash-app/187/1013-03",
        "/wash-app/187/1013-01",
        "/wash-app/187/1013-02"
      ]
    }
  ],
  "analysis": {
    "cardinality": 27,
    "char_count": 192,
    "ocr_confidence": 0.851,
    "sha256": "d59e9d622bd619c775af9d2bfb6877b3ef9c48fb676f78f274cc5f7e251fc358",
    "simhash": "1:04f84e2a198f6bb4",
    "word_count": 31
  },
  "last_updated": "2024-02-27T21:13:25.899037+00:00",
  "provenance": {
    "date_added": "2019-05-21",
    "source": "Harvard",
    "batch": "2018"
  },
  "casebody": {
    "judges": [],
    "parties": [
      "State, Respondent, v. Burgess, Petitioner,"
    ],
    "opinions": [
      {
        "text": "Petition for review of a decision of the Court of Appeals, No. 70903-8-1, April 27, 2015, 187 Wn. App. 1013. Denied September 30, 2015.",
        "type": "majority",
        "author": null
      }
    ],
    "attorneys": [],
    "corrections": "",
    "head_matter": "State, Respondent, v. Burgess, Petitioner,\nNo. 91747-7."
  },
  "file_name": "1007-02",
  "first_page_order": 985,
  "last_page_order": 985
}
