{
  "id": 12441028,
  "name": "State, Respondent, v. Marrufo-Sarinana, Petitioner",
  "name_abbreviation": "State v. Marrufo-Sarinana",
  "decision_date": "2015-11-04",
  "docket_number": "No. 91806-6",
  "first_page": "1011",
  "last_page": "1011",
  "citations": [
    {
      "type": "official",
      "cite": "184 Wash. 2d 1011"
    }
  ],
  "court": {
    "name_abbreviation": "Wash.",
    "id": 9029,
    "name": "Washington Supreme Court"
  },
  "jurisdiction": {
    "id": 38,
    "name_long": "Washington",
    "name": "Wash."
  },
  "cites_to": [
    {
      "cite": "187 Wn. App. 1014",
      "category": "reporters:state",
      "reporter": "Wash. App.",
      "case_ids": [
        4235159,
        4237858,
        4235788,
        4237111
      ],
      "opinion_index": 0,
      "case_paths": [
        "/wash-app/187/1014-02",
        "/wash-app/187/1014-01",
        "/wash-app/187/1014-03",
        "/wash-app/187/1014-04"
      ]
    }
  ],
  "analysis": {
    "cardinality": 27,
    "char_count": 199,
    "ocr_confidence": 0.85,
    "sha256": "ba6cfbcb860ae0e1d2edc34d008ddd5fd49a04c43587a9bee44fe1897fa071ec",
    "simhash": "1:a9dba87f7f216f90",
    "word_count": 31
  },
  "last_updated": "2024-02-27T21:13:25.899037+00:00",
  "provenance": {
    "date_added": "2019-05-21",
    "source": "Harvard",
    "batch": "2018"
  },
  "casebody": {
    "judges": [],
    "parties": [
      "State, Respondent, v. Marrufo-Sarinana, Petitioner,"
    ],
    "opinions": [
      {
        "text": "Petition for review of a decision of the Court of Appeals, No. 71303-5-1, April 27, 2015, 187 Wn. App. 1014. Denied November 4, 2015.",
        "type": "majority",
        "author": null
      }
    ],
    "attorneys": [],
    "corrections": "",
    "head_matter": "State, Respondent, v. Marrufo-Sarinana, Petitioner,\nNo. 91806-6."
  },
  "file_name": "1011-08",
  "first_page_order": 989,
  "last_page_order": 989
}
