{
  "id": 12441025,
  "name": "State, Respondent, v. Kissler, Petitioner",
  "name_abbreviation": "State v. Kissler",
  "decision_date": "2015-11-04",
  "docket_number": "No. 91795-7",
  "first_page": "1011",
  "last_page": "1011",
  "citations": [
    {
      "type": "official",
      "cite": "184 Wash. 2d 1011"
    }
  ],
  "court": {
    "name_abbreviation": "Wash.",
    "id": 9029,
    "name": "Washington Supreme Court"
  },
  "jurisdiction": {
    "id": 38,
    "name_long": "Washington",
    "name": "Wash."
  },
  "cites_to": [
    {
      "cite": "184 Wn. App. 1019",
      "category": "reporters:state",
      "reporter": "Wash. App.",
      "case_ids": [
        4365408,
        4366236,
        4366300,
        4366872
      ],
      "opinion_index": 0,
      "case_paths": [
        "/wash-app/184/1019-03",
        "/wash-app/184/1019-02",
        "/wash-app/184/1019-04",
        "/wash-app/184/1019-01"
      ]
    }
  ],
  "analysis": {
    "cardinality": 28,
    "char_count": 193,
    "ocr_confidence": 0.857,
    "sha256": "763b2b111d941ad74c9ab0a3e6cf49bab9da79c53f1d5700fb1af9ebded5b795",
    "simhash": "1:1d11ce2e86131f38",
    "word_count": 31
  },
  "last_updated": "2024-02-27T21:13:25.899037+00:00",
  "provenance": {
    "date_added": "2019-05-21",
    "source": "Harvard",
    "batch": "2018"
  },
  "casebody": {
    "judges": [],
    "parties": [
      "State, Respondent, v. Kissler, Petitioner,"
    ],
    "opinions": [
      {
        "text": "Petition for review of a decision of the Court of Appeals, No. 44589-1-II, October 28, 2014, 184 Wn. App. 1019. Denied November 4, 2015.",
        "type": "majority",
        "author": null
      }
    ],
    "attorneys": [],
    "corrections": "",
    "head_matter": "State, Respondent, v. Kissler, Petitioner,\nNo. 91795-7."
  },
  "file_name": "1011-05",
  "first_page_order": 989,
  "last_page_order": 989
}
