{
  "id": 12441031,
  "name": "State, Respondent, v. Eaglespeaker, Petitioner",
  "name_abbreviation": "State v. Eaglespeaker",
  "decision_date": "2015-11-04",
  "docket_number": "No. 91809-1",
  "first_page": "1012",
  "last_page": "1012",
  "citations": [
    {
      "type": "official",
      "cite": "184 Wash. 2d 1012"
    }
  ],
  "court": {
    "name_abbreviation": "Wash.",
    "id": 9029,
    "name": "Washington Supreme Court"
  },
  "jurisdiction": {
    "id": 38,
    "name_long": "Washington",
    "name": "Wash."
  },
  "cites_to": [
    {
      "cite": "187 Wn. App. 1027",
      "category": "reporters:state",
      "reporter": "Wash. App.",
      "case_ids": [
        4235522,
        4235588,
        4237998,
        4236143
      ],
      "opinion_index": 0,
      "case_paths": [
        "/wash-app/187/1027-02",
        "/wash-app/187/1027-03",
        "/wash-app/187/1027-04",
        "/wash-app/187/1027-01"
      ]
    }
  ],
  "analysis": {
    "cardinality": 27,
    "char_count": 194,
    "ocr_confidence": 0.847,
    "sha256": "d70a79e95b9856cf766760cdeb2dda2a771b55f6ebf41832e27a0501361c4764",
    "simhash": "1:89d8b47801c145b5",
    "word_count": 31
  },
  "last_updated": "2024-02-27T21:13:25.899037+00:00",
  "provenance": {
    "date_added": "2019-05-21",
    "source": "Harvard",
    "batch": "2018"
  },
  "casebody": {
    "judges": [],
    "parties": [
      "State, Respondent, v. Eaglespeaker, Petitioner,"
    ],
    "opinions": [
      {
        "text": "Petition for review of a decision of the Court of Appeals, No. 44998-6-II, May 12, 2015, 187 Wn. App. 1027. Denied November 4, 2015.",
        "type": "majority",
        "author": null
      }
    ],
    "attorneys": [],
    "corrections": "",
    "head_matter": "State, Respondent, v. Eaglespeaker, Petitioner,\nNo. 91809-1."
  },
  "file_name": "1012-03",
  "first_page_order": 990,
  "last_page_order": 990
}
