{
  "id": 12441067,
  "name": "State, Respondent, v. Sagun, Petitioner",
  "name_abbreviation": "State v. Sagun",
  "decision_date": "2015-11-04",
  "docket_number": "No. 91650-1",
  "first_page": "1016",
  "last_page": "1016",
  "citations": [
    {
      "type": "official",
      "cite": "184 Wash. 2d 1016"
    }
  ],
  "court": {
    "name_abbreviation": "Wash.",
    "id": 9029,
    "name": "Washington Supreme Court"
  },
  "jurisdiction": {
    "id": 38,
    "name_long": "Washington",
    "name": "Wash."
  },
  "cites_to": [],
  "analysis": {
    "cardinality": 23,
    "char_count": 170,
    "ocr_confidence": 0.867,
    "sha256": "a2ed5a8aaf955b5d1b80dc406baa2d090cbad6b293906bdb94e515e907160763",
    "simhash": "1:31115c3005d37c3d",
    "word_count": 27
  },
  "last_updated": "2023-07-14T19:41:54.578676+00:00",
  "provenance": {
    "date_added": "2019-05-21",
    "source": "Harvard",
    "batch": "2018"
  },
  "casebody": {
    "judges": [],
    "parties": [
      "State, Respondent, v. Sagun, Petitioner,"
    ],
    "opinions": [
      {
        "text": "Petition for review of a decision of the Court of Appeals, No. 46005-0-II, April 22, 2015. Denied November 4, 2015.",
        "type": "majority",
        "author": null
      }
    ],
    "attorneys": [],
    "corrections": "",
    "head_matter": "State, Respondent, v. Sagun, Petitioner,\nNo. 91650-1."
  },
  "file_name": "1016-08",
  "first_page_order": 994,
  "last_page_order": 994
}
