{
  "id": 12441070,
  "name": "State, Respondent, v. Otton, Petitioner",
  "name_abbreviation": "State v. Otton",
  "decision_date": "2015-11-05",
  "docket_number": "No. 91669-1",
  "first_page": "1017",
  "last_page": "1017",
  "citations": [
    {
      "type": "official",
      "cite": "184 Wash. 2d 1017"
    }
  ],
  "court": {
    "name_abbreviation": "Wash.",
    "id": 9029,
    "name": "Washington Supreme Court"
  },
  "jurisdiction": {
    "id": 38,
    "name_long": "Washington",
    "name": "Wash."
  },
  "cites_to": [
    {
      "cite": "187 Wn. App. 1001",
      "category": "reporters:state",
      "reporter": "Wash. App.",
      "case_ids": [
        4237168,
        4235173,
        4237646
      ],
      "opinion_index": 0,
      "case_paths": [
        "/wash-app/187/1001-01",
        "/wash-app/187/1001-03",
        "/wash-app/187/1001-02"
      ]
    }
  ],
  "analysis": {
    "cardinality": 27,
    "char_count": 190,
    "ocr_confidence": 0.867,
    "sha256": "319a0fae5924e736dd85c0925df198f40a5e9a76a0203f16c235b3a8ca8f0c0e",
    "simhash": "1:8f909e43770b7d71",
    "word_count": 31
  },
  "last_updated": "2024-02-27T21:13:25.899037+00:00",
  "provenance": {
    "date_added": "2019-05-21",
    "source": "Harvard",
    "batch": "2018"
  },
  "casebody": {
    "judges": [],
    "parties": [
      "State, Respondent, v. Otton, Petitioner,"
    ],
    "opinions": [
      {
        "text": "Petition for review of a decision of the Court of Appeals, No. 45296-1-II, April 14, 2015, 187 Wn. App. 1001. Granted November 5, 2015.",
        "type": "majority",
        "author": null
      }
    ],
    "attorneys": [],
    "corrections": "",
    "head_matter": "State, Respondent, v. Otton, Petitioner,\nNo. 91669-1."
  },
  "file_name": "1017-03",
  "first_page_order": 995,
  "last_page_order": 995
}
