{
  "id": 12441069,
  "name": "State, Respondent, v. Oates, Petitioner",
  "name_abbreviation": "State v. Oates",
  "decision_date": "2015-11-04",
  "docket_number": "No. 91947-0",
  "first_page": "1017",
  "last_page": "1017",
  "citations": [
    {
      "type": "official",
      "cite": "184 Wash. 2d 1017"
    }
  ],
  "court": {
    "name_abbreviation": "Wash.",
    "id": 9029,
    "name": "Washington Supreme Court"
  },
  "jurisdiction": {
    "id": 38,
    "name_long": "Washington",
    "name": "Wash."
  },
  "cites_to": [],
  "analysis": {
    "cardinality": 23,
    "char_count": 168,
    "ocr_confidence": 0.886,
    "sha256": "f487f712d0313468a0502e4a3ae4550c78050a7d00d920d96f40fb6f1c1815de",
    "simhash": "1:01b188294d4306c8",
    "word_count": 27
  },
  "last_updated": "2023-07-14T19:41:54.578676+00:00",
  "provenance": {
    "date_added": "2019-05-21",
    "source": "Harvard",
    "batch": "2018"
  },
  "casebody": {
    "judges": [],
    "parties": [
      "State, Respondent, v. Oates, Petitioner,"
    ],
    "opinions": [
      {
        "text": "Petition for review of a decision of the Court of Appeals, No. 46156-1-II, June 9, 2015. Denied November 4, 2015.",
        "type": "majority",
        "author": null
      }
    ],
    "attorneys": [],
    "corrections": "",
    "head_matter": "State, Respondent, v. Oates, Petitioner,\nNo. 91947-0."
  },
  "file_name": "1017-02",
  "first_page_order": 995,
  "last_page_order": 995
}
