{
  "id": 12441079,
  "name": "Clark County, Respondent, v. McManus, Petitioner",
  "name_abbreviation": "Clark County v. McManus",
  "decision_date": "2015-12-02",
  "docket_number": "No. 91963-1",
  "first_page": "1018",
  "last_page": "1018",
  "citations": [
    {
      "type": "official",
      "cite": "184 Wash. 2d 1018"
    }
  ],
  "court": {
    "name_abbreviation": "Wash.",
    "id": 9029,
    "name": "Washington Supreme Court"
  },
  "jurisdiction": {
    "id": 38,
    "name_long": "Washington",
    "name": "Wash."
  },
  "cites_to": [
    {
      "cite": "188 Wn. App. 228",
      "category": "reporters:state",
      "reporter": "Wash. App.",
      "case_ids": [
        4279733
      ],
      "opinion_index": 0,
      "case_paths": [
        "/wash-app/188/0228-01"
      ]
    }
  ],
  "analysis": {
    "cardinality": 28,
    "char_count": 195,
    "ocr_confidence": 0.866,
    "pagerank": {
      "raw": 4.03580807328026e-08,
      "percentile": 0.25667712673596027
    },
    "sha256": "71b667ed048fa3eaa06fecc18eb0db64b3bcebc413b98f1f763e82a7e20e570d",
    "simhash": "1:ddd99632a5612cf5",
    "word_count": 32
  },
  "last_updated": "2024-02-27T21:13:25.899037+00:00",
  "provenance": {
    "date_added": "2019-05-21",
    "source": "Harvard",
    "batch": "2018"
  },
  "casebody": {
    "judges": [],
    "parties": [
      "Clark County, Respondent, v. McManus, Petitioner,"
    ],
    "opinions": [
      {
        "text": "Petition for review of a decision of the Court of Appeals, No. 72437-1-I, June 8, 2015, 188 Wn. App. 228. Granted December 2, 2015.",
        "type": "majority",
        "author": null
      }
    ],
    "attorneys": [],
    "corrections": "",
    "head_matter": "Clark County, Respondent, v. McManus, Petitioner,\nNo. 91963-1."
  },
  "file_name": "1018-05",
  "first_page_order": 996,
  "last_page_order": 996
}
