{
  "id": 12441078,
  "name": "State, Respondent, v. Thomas, Petitioner",
  "name_abbreviation": "State v. Thomas",
  "decision_date": "2015-12-02",
  "docket_number": "No. 91437-1",
  "first_page": "1018",
  "last_page": "1018",
  "citations": [
    {
      "type": "official",
      "cite": "184 Wash. 2d 1018"
    }
  ],
  "court": {
    "name_abbreviation": "Wash.",
    "id": 9029,
    "name": "Washington Supreme Court"
  },
  "jurisdiction": {
    "id": 38,
    "name_long": "Washington",
    "name": "Wash."
  },
  "cites_to": [
    {
      "cite": "185 Wn. App. 1058",
      "category": "reporters:state",
      "reporter": "Wash. App.",
      "case_ids": [
        4360040,
        4360162,
        4362317,
        4357757
      ],
      "opinion_index": 0,
      "case_paths": [
        "/wash-app/185/1058-03",
        "/wash-app/185/1058-01",
        "/wash-app/185/1058-04",
        "/wash-app/185/1058-02"
      ]
    }
  ],
  "analysis": {
    "cardinality": 34,
    "char_count": 249,
    "ocr_confidence": 0.858,
    "sha256": "8ce5ed469814476f6bbadf7ea82d50fb2af07711833c617da9d23801b63365e4",
    "simhash": "1:495988321d414772",
    "word_count": 41
  },
  "last_updated": "2024-02-27T21:13:25.899037+00:00",
  "provenance": {
    "date_added": "2019-05-21",
    "source": "Harvard",
    "batch": "2018"
  },
  "casebody": {
    "judges": [],
    "parties": [
      "State, Respondent, v. Thomas, Petitioner,"
    ],
    "opinions": [
      {
        "text": "Petition for review of a decision of the Court of Appeals, No. 44445-3-II, February 18, 2015, 185 Wn. App. 1058. Granted on a specific issue and remanded to the Superior Court December 2, 2015.",
        "type": "majority",
        "author": null
      }
    ],
    "attorneys": [],
    "corrections": "",
    "head_matter": "State, Respondent, v. Thomas, Petitioner,\nNo. 91437-1."
  },
  "file_name": "1018-04",
  "first_page_order": 996,
  "last_page_order": 996
}
