{
  "id": 12441086,
  "name": "State, Petitioner, v. Strickland et al., Respondents",
  "name_abbreviation": "State v. Strickland",
  "decision_date": "2015-12-02",
  "docket_number": "No. 90240-2",
  "first_page": "1019",
  "last_page": "1019",
  "citations": [
    {
      "type": "official",
      "cite": "184 Wash. 2d 1019"
    }
  ],
  "court": {
    "name_abbreviation": "Wash.",
    "id": 9029,
    "name": "Washington Supreme Court"
  },
  "jurisdiction": {
    "id": 38,
    "name_long": "Washington",
    "name": "Wash."
  },
  "cites_to": [
    {
      "cite": "180 Wn. App. 1023",
      "category": "reporters:state",
      "reporter": "Wash. App.",
      "case_ids": [
        4188858,
        4189299,
        4188188
      ],
      "opinion_index": 0,
      "case_paths": [
        "/wash-app/180/1023-02",
        "/wash-app/180/1023-01",
        "/wash-app/180/1023-03"
      ]
    }
  ],
  "analysis": {
    "cardinality": 33,
    "char_count": 217,
    "ocr_confidence": 0.852,
    "sha256": "ac7631e6495686631d3316746517390ff05b0adde69817532e21cdfae306e465",
    "simhash": "1:8d9350914d174536",
    "word_count": 35
  },
  "last_updated": "2024-02-27T21:13:25.899037+00:00",
  "provenance": {
    "date_added": "2019-05-21",
    "source": "Harvard",
    "batch": "2018"
  },
  "casebody": {
    "judges": [],
    "parties": [
      "State, Petitioner, v. Strickland et al., Respondents,"
    ],
    "opinions": [
      {
        "text": "Petition for review of a decision of the Court of Appeals, Nos. 42425-8-II and 42428-2-II, April 8, 2014, 180 Wn. App. 1023. Denied December 2, 2015.",
        "type": "majority",
        "author": null
      }
    ],
    "attorneys": [],
    "corrections": "",
    "head_matter": "State, Petitioner, v. Strickland et al., Respondents,\nNo. 90240-2."
  },
  "file_name": "1019-05",
  "first_page_order": 997,
  "last_page_order": 997
}
