{
  "id": 12441090,
  "name": "State, Respondent, v. Fitzgerald, Petitioner",
  "name_abbreviation": "State v. Fitzgerald",
  "decision_date": "2015-12-02",
  "docket_number": "No. 90717-0",
  "first_page": "1020",
  "last_page": "1020",
  "citations": [
    {
      "type": "official",
      "cite": "184 Wash. 2d 1020"
    }
  ],
  "court": {
    "name_abbreviation": "Wash.",
    "id": 9029,
    "name": "Washington Supreme Court"
  },
  "jurisdiction": {
    "id": 38,
    "name_long": "Washington",
    "name": "Wash."
  },
  "cites_to": [
    {
      "cite": "181 Wn. App. 1035",
      "category": "reporters:state",
      "reporter": "Wash. App.",
      "case_ids": [
        4279649,
        4281010,
        4279092,
        4281061
      ],
      "opinion_index": 0,
      "case_paths": [
        "/wash-app/181/1035-04",
        "/wash-app/181/1035-03",
        "/wash-app/181/1035-01",
        "/wash-app/181/1035-02"
      ]
    }
  ],
  "analysis": {
    "cardinality": 31,
    "char_count": 209,
    "ocr_confidence": 0.85,
    "sha256": "52865c2f1ab1f3d301ed4180941e992c4ca59614e1d97f6ec5b1d098cef55737",
    "simhash": "1:05bdc9b1454fc0d9",
    "word_count": 33
  },
  "last_updated": "2024-02-27T21:13:25.899037+00:00",
  "provenance": {
    "date_added": "2019-05-21",
    "source": "Harvard",
    "batch": "2018"
  },
  "casebody": {
    "judges": [],
    "parties": [
      "State, Respondent, v. Fitzgerald, Petitioner,"
    ],
    "opinions": [
      {
        "text": "Petition for review of a decision of the Court of Appeals, Nos. 43987-5-II and 45047-0-II, June 17, 2014, 181 Wn. App. 1035. Denied December 2, 2015.",
        "type": "majority",
        "author": null
      }
    ],
    "attorneys": [],
    "corrections": "",
    "head_matter": "State, Respondent, v. Fitzgerald, Petitioner,\nNo. 90717-0."
  },
  "file_name": "1020-01",
  "first_page_order": 998,
  "last_page_order": 998
}
