{
  "id": 12441104,
  "name": "State, Respondent, v. Reynolds, Petitioner",
  "name_abbreviation": "State v. Reynolds",
  "decision_date": "2015-12-02",
  "docket_number": "No. 91410-9",
  "first_page": "1021",
  "last_page": "1021",
  "citations": [
    {
      "type": "official",
      "cite": "184 Wash. 2d 1021"
    }
  ],
  "court": {
    "name_abbreviation": "Wash.",
    "id": 9029,
    "name": "Washington Supreme Court"
  },
  "jurisdiction": {
    "id": 38,
    "name_long": "Washington",
    "name": "Wash."
  },
  "cites_to": [
    {
      "cite": "185 Wn. App. 1052",
      "category": "reporters:state",
      "reporter": "Wash. App.",
      "case_ids": [
        4358673,
        4360602,
        4360284,
        4358126
      ],
      "opinion_index": 0,
      "case_paths": [
        "/wash-app/185/1052-04",
        "/wash-app/185/1052-03",
        "/wash-app/185/1052-01",
        "/wash-app/185/1052-02"
      ]
    }
  ],
  "analysis": {
    "cardinality": 27,
    "char_count": 195,
    "ocr_confidence": 0.849,
    "sha256": "487da1399bf28489dd6e0597732bbc40f55cdcdfdbf3dc6efd9b446a1856a72b",
    "simhash": "1:89f0085119551899",
    "word_count": 31
  },
  "last_updated": "2024-02-27T21:13:25.899037+00:00",
  "provenance": {
    "date_added": "2019-05-21",
    "source": "Harvard",
    "batch": "2018"
  },
  "casebody": {
    "judges": [],
    "parties": [
      "State, Respondent, v. Reynolds, Petitioner,"
    ],
    "opinions": [
      {
        "text": "Petition for review of a decision of the Court of Appeals, No. 45229-4-II, February 10, 2015, 185 Wn. App. 1052. Denied December 2, 2015.",
        "type": "majority",
        "author": null
      }
    ],
    "attorneys": [],
    "corrections": "",
    "head_matter": "State, Respondent, v. Reynolds, Petitioner,\nNo. 91410-9."
  },
  "file_name": "1021-07",
  "first_page_order": 999,
  "last_page_order": 999
}
