{
  "id": 12441146,
  "name": "State, Respondent, v. Bryson, Petitioner",
  "name_abbreviation": "State v. Bryson",
  "decision_date": "2016-01-06",
  "docket_number": "No. 92007-9",
  "first_page": "1027",
  "last_page": "1027",
  "citations": [
    {
      "type": "official",
      "cite": "184 Wash. 2d 1027"
    }
  ],
  "court": {
    "name_abbreviation": "Wash.",
    "id": 9029,
    "name": "Washington Supreme Court"
  },
  "jurisdiction": {
    "id": 38,
    "name_long": "Washington",
    "name": "Wash."
  },
  "cites_to": [
    {
      "cite": "188 Wn. App. 1040",
      "category": "reporters:state",
      "reporter": "Wash. App.",
      "case_ids": [
        4278441,
        4279066,
        4280477
      ],
      "opinion_index": 0,
      "case_paths": [
        "/wash-app/188/1040-03",
        "/wash-app/188/1040-01",
        "/wash-app/188/1040-02"
      ]
    }
  ],
  "analysis": {
    "cardinality": 28,
    "char_count": 187,
    "ocr_confidence": 0.825,
    "sha256": "30db586b9aa220dec2481326f8c22f6c67db59a1fa3112c34424e225cc0c1fd4",
    "simhash": "1:c191aeb2196d08fd",
    "word_count": 31
  },
  "last_updated": "2024-02-27T21:13:25.899037+00:00",
  "provenance": {
    "date_added": "2019-05-21",
    "source": "Harvard",
    "batch": "2018"
  },
  "casebody": {
    "judges": [],
    "parties": [
      "State, Respondent, v. Bryson, Petitioner,"
    ],
    "opinions": [
      {
        "text": "Petition for review of a decision of the Court of Appeals, No. 45758-0-II, July 7, 2015, 188 Wn. App. 1040. Denied January 6, 2016.",
        "type": "majority",
        "author": null
      }
    ],
    "attorneys": [],
    "corrections": "",
    "head_matter": "State, Respondent, v. Bryson, Petitioner,\nNo. 92007-9."
  },
  "file_name": "1027-01",
  "first_page_order": 1005,
  "last_page_order": 1005
}
