{
  "id": 12441187,
  "name": "State, Respondent, v. Peneueta, Petitioner",
  "name_abbreviation": "State v. Peneueta",
  "decision_date": "2016-01-06",
  "docket_number": "No. 92149-1",
  "first_page": "1032",
  "last_page": "1032",
  "citations": [
    {
      "type": "official",
      "cite": "184 Wash. 2d 1032"
    }
  ],
  "court": {
    "name_abbreviation": "Wash.",
    "id": 9029,
    "name": "Washington Supreme Court"
  },
  "jurisdiction": {
    "id": 38,
    "name_long": "Washington",
    "name": "Wash."
  },
  "cites_to": [
    {
      "cite": "189 Wn. App. 1008",
      "category": "reporters:state",
      "reporter": "Wash. App.",
      "case_ids": [
        6781481,
        6781522,
        6781566,
        6781447
      ],
      "opinion_index": 0,
      "case_paths": [
        "/wash-app/189/1008-02",
        "/wash-app/189/1008-03",
        "/wash-app/189/1008-04",
        "/wash-app/189/1008-01"
      ]
    }
  ],
  "analysis": {
    "cardinality": 28,
    "char_count": 189,
    "ocr_confidence": 0.828,
    "sha256": "ed99f8b372fba201d03f93aca5238b2d210bee5d442fe6cf6f9c83620d56c524",
    "simhash": "1:0399f2f36fe147ef",
    "word_count": 31
  },
  "last_updated": "2024-02-27T21:13:25.899037+00:00",
  "provenance": {
    "date_added": "2019-05-21",
    "source": "Harvard",
    "batch": "2018"
  },
  "casebody": {
    "judges": [],
    "parties": [
      "State, Respondent, v. Peneueta, Petitioner,"
    ],
    "opinions": [
      {
        "text": "Petition for review of a decision of the Court of Appeals, No. 71948-3-1, July 27, 2015, 189 Wn. App. 1008. Denied January 6, 2016.",
        "type": "majority",
        "author": null
      }
    ],
    "attorneys": [],
    "corrections": "",
    "head_matter": "State, Respondent, v. Peneueta, Petitioner,\nNo. 92149-1."
  },
  "file_name": "1032-02",
  "first_page_order": 1010,
  "last_page_order": 1010
}
