{
  "id": 12441230,
  "name": "State, Respondent, v. Perez Gutierrez, Petitioner",
  "name_abbreviation": "State v. Perez Gutierrez",
  "decision_date": "2016-02-10",
  "docket_number": "No. 92228-4",
  "first_page": "1037",
  "last_page": "1037",
  "citations": [
    {
      "type": "official",
      "cite": "184 Wash. 2d 1037"
    }
  ],
  "court": {
    "name_abbreviation": "Wash.",
    "id": 9029,
    "name": "Washington Supreme Court"
  },
  "jurisdiction": {
    "id": 38,
    "name_long": "Washington",
    "name": "Wash."
  },
  "cites_to": [
    {
      "cite": "189 Wn. App. 1020",
      "category": "reporters:state",
      "reporter": "Wash. App.",
      "case_ids": [
        6783236,
        6783268,
        6783213
      ],
      "opinion_index": 0,
      "case_paths": [
        "/wash-app/189/1020-02",
        "/wash-app/189/1020-03",
        "/wash-app/189/1020-01"
      ]
    }
  ],
  "analysis": {
    "cardinality": 30,
    "char_count": 211,
    "ocr_confidence": 0.86,
    "sha256": "0eb2d42342a126627189067ced633d8c95376436dae226c78b97304273069b49",
    "simhash": "1:61b914b77d8167cc",
    "word_count": 33
  },
  "last_updated": "2024-02-27T21:13:25.899037+00:00",
  "provenance": {
    "date_added": "2019-05-21",
    "source": "Harvard",
    "batch": "2018"
  },
  "casebody": {
    "judges": [],
    "parties": [
      "State, Respondent, v. Perez Gutierrez, Petitioner,"
    ],
    "opinions": [
      {
        "text": "Petition for review of a decision of the Court of Appeals, No. 45487-4-II, August 4, 2015, 4,2015,189 189 Wn. App. 1020. Denied February 10, 2016.",
        "type": "majority",
        "author": null
      }
    ],
    "attorneys": [],
    "corrections": "",
    "head_matter": "State, Respondent, v. Perez Gutierrez, Petitioner,\nNo. 92228-4."
  },
  "file_name": "1037-06",
  "first_page_order": 1015,
  "last_page_order": 1015
}
