{
  "id": 12441243,
  "name": "State, Respondent, v. Soto, Petitioner",
  "name_abbreviation": "State v. Soto",
  "decision_date": "2016-02-10",
  "docket_number": "No. 92269-1",
  "first_page": "1039",
  "last_page": "1039",
  "citations": [
    {
      "type": "official",
      "cite": "184 Wash. 2d 1039"
    }
  ],
  "court": {
    "name_abbreviation": "Wash.",
    "id": 9029,
    "name": "Washington Supreme Court"
  },
  "jurisdiction": {
    "id": 38,
    "name_long": "Washington",
    "name": "Wash."
  },
  "cites_to": [
    {
      "cite": "189 Wn. App. 1053",
      "category": "reporters:state",
      "reporter": "Wash. App.",
      "case_ids": [
        6787224,
        6787202,
        6787149,
        6787181
      ],
      "opinion_index": 0,
      "case_paths": [
        "/wash-app/189/1053-04",
        "/wash-app/189/1053-03",
        "/wash-app/189/1053-01",
        "/wash-app/189/1053-02"
      ]
    }
  ],
  "analysis": {
    "cardinality": 28,
    "char_count": 193,
    "ocr_confidence": 0.867,
    "sha256": "ace16372120d2414e1bf3eec5b9922080b174d06d805f52c45a82eb1506a915c",
    "simhash": "1:84b3d6531e4150ec",
    "word_count": 31
  },
  "last_updated": "2024-02-27T21:13:25.899037+00:00",
  "provenance": {
    "date_added": "2019-05-21",
    "source": "Harvard",
    "batch": "2018"
  },
  "casebody": {
    "judges": [],
    "parties": [
      "State, Respondent, v. Soto, Petitioner,"
    ],
    "opinions": [
      {
        "text": "Petition for review of a decision of the Court of Appeals, No. 32214-9-III, September 3, 2015, 189 Wn. App. 1053. Denied February 10, 2016.",
        "type": "majority",
        "author": null
      }
    ],
    "attorneys": [],
    "corrections": "",
    "head_matter": "State, Respondent, v. Soto, Petitioner,\nNo. 92269-1."
  },
  "file_name": "1039-03",
  "first_page_order": 1017,
  "last_page_order": 1017
}
