{
  "id": 1897083,
  "name": "Diggs vs. Kirby",
  "name_abbreviation": "Diggs v. Kirby",
  "decision_date": "1883-05",
  "docket_number": "",
  "first_page": "420",
  "last_page": "423",
  "citations": [
    {
      "type": "official",
      "cite": "40 Ark. 420"
    }
  ],
  "court": {
    "name_abbreviation": "Ark.",
    "id": 8808,
    "name": "Arkansas Supreme Court"
  },
  "jurisdiction": {
    "id": 34,
    "name_long": "Arkansas",
    "name": "Ark."
  },
  "cites_to": [
    {
      "cite": "12 Ark., 699",
      "category": "reporters:state",
      "reporter": "Ark.",
      "case_ids": [
        8728066
      ],
      "opinion_index": -1,
      "case_paths": [
        "/ark/12/0699-01"
      ]
    },
    {
      "cite": "25 How. Pr. 389",
      "category": "reporters:state",
      "reporter": "How. Pr.",
      "case_ids": [
        2217925
      ],
      "opinion_index": -1,
      "case_paths": [
        "/how-pr/25/0389-01"
      ]
    },
    {
      "cite": "39 Ark., 357",
      "category": "reporters:state",
      "reporter": "Ark.",
      "case_ids": [
        1898637
      ],
      "opinion_index": 0,
      "case_paths": [
        "/ark/39/0357-01"
      ]
    },
    {
      "cite": "30 Ark., 686",
      "category": "reporters:state",
      "reporter": "Ark.",
      "case_ids": [
        1881140
      ],
      "opinion_index": 0,
      "case_paths": [
        "/ark/30/0686-01"
      ]
    },
    {
      "cite": "15 Ark., 487",
      "category": "reporters:state",
      "reporter": "Ark.",
      "weight": 3,
      "pin_cites": [
        {
          "page": "585"
        },
        {
          "page": "555"
        }
      ],
      "opinion_index": 0
    },
    {
      "cite": "11 Ark., 58",
      "category": "reporters:state",
      "reporter": "Ark.",
      "case_ids": [
        8727433
      ],
      "opinion_index": 0,
      "case_paths": [
        "/ark/11/0058-01"
      ]
    }
  ],
  "analysis": {
    "cardinality": 425,
    "char_count": 7055,
    "ocr_confidence": 0.486,
    "pagerank": {
      "raw": 3.64363366031198e-07,
      "percentile": 0.8897252310849011
    },
    "sha256": "a95665cc4d47f7626fd6271adb6efec9f6e47822a3f02589c97a96ff5a2b0aa3",
    "simhash": "1:33e0ef4a0a38f579",
    "word_count": 1263
  },
  "last_updated": "2024-02-27T22:21:39.766111+00:00",
  "provenance": {
    "date_added": "2019-08-29",
    "source": "Harvard",
    "batch": "2018"
  },
  "casebody": {
    "judges": [],
    "parties": [
      "Diggs vs. Kirby."
    ],
    "opinions": [
      {
        "text": "Smith, J.\nThe plaintiff filed his bill March, 1882, for foreclosure of a vendor\u2019s lien, alleging that on the 12th, day of October, 1881, he was seized in fee simple of eighty acres of land, and had then sold, and conveyed the same with covenants of general warranty, to the defendant, for the price of $700, of which $500 had been paid to him, and for the residue he held the past due obligation of the defendant. The answer, which is made a cross-bill, denied that the plaintiff was seized of forty acres of the premises, which included all the improvements and tillable land of the tract, and formed, as we may suppose, the main inducement to the purchase. It averred that this lot of forty acres had been the property of John Clanton, who died, leaving a widow and thirteen heirs at law; that the plaintiff had acquired the estate of the widow and five heirs, but that the title of the other eight remained outstanding in the hands of those upon whom the law had cast the inheritance, some of them being infants; that the plaintiff, being well aware of the true state of the title, had fraudulently represented to the defendant, who was a stranger in the country, having no knowledge, nor source of information upon the subject, except what he derived from the plaintiff, upon whose statement he implicitly relied, that these five whose conveyances he held, were the sole heirs of Clanton; and by means of such misrepresentations, had inveigled the defendant into a purchase of the property; and that the plaintiff was an insolvent person, out of whom no money could be made, if he should be forced to pay his money and be remitted to the covenant of warrantry contained in his deed. He therefore offered to reconvey the premises to the plaintiff, and prayed for a rescission of the contract, that his note might be cancelled and the $500 which he had already paid might be charged on the plaintiff\u2019s interest in the land.\nTo this answer the Circuit Court sustained a demurrer, and, the defendant refusing to plead further, decreed according to the prayer of the bill.\nWe think the Court below, and the counsel who has argued here in support of its decree, have misapprehended the law and the effect of the previous decisions of this Court upon the rights and remedies of the vendee under the circumstances disclosed in the answer.\nThe general rule is that a purchaser who has accepted a deed can not detain the purchase money, nor recover it if already paid, unless there has been a breach of the covenants, either special or statutory, contained in his deed. If there be no covenants, express or implied, of seisin, good right to convey, or freedom against incumbrances, the grantee has no cause of action, nor legal excuse to hold back his payments until he has been evicted.' But there is one exception. Fraud taints all that it touches. If there has been concealment of material facts, or misrepresentation affecting the title or situation of the property, amounting to fraud, the fact that the contract has been executed by delivery of the deed does not deprive the purchaser of his right to\u201drelief, nor is it materia] whether the covenants for title do or do pot extend to the particular defect. Rawle on cov enants for title, fourth ed. pp. 565 et seq; Yeates v. Pryor, 11 Ark., 58; McDaniel v. Grace, 15 Ark., 487; Hoppes v. Cheek 21 Id., 585; Tune v. Rector, lb. 285; Alexander v. McCauley, 22 Id. 555; Busby vs. Treadwell, 24 Id. 456.\nIf the answer shall be proved to be true in substance and in fact, the defendant will be entitled to a rescission of the contract and an equitable lien upon the plaintiff\u2019s share of the land for the money advanced upon it; Cooper v. Merritt, 30 Ark., 686; Felkner v. Lighe, 39 Ark., 357; unless at or before the final hearing the plaintiff shall acquire the outstanding interests of the remaining heirs of Clanton, so as to be able to tender a perfect title, -in which case the decree should be for the plaintiff. But he must pay the costs. Kimbell v. West, 15 Wallace, 377.\nThe decree of the Crawford Circuit Court is reversed and the cause remanded with directions to overrule the demurrer to the answer, and to proceed in other respects in conformity to this opinion.",
        "type": "majority",
        "author": "Smith, J."
      }
    ],
    "attorneys": [
      "Diggs pro so.",
      "B. J. Brown for appellee."
    ],
    "corrections": "",
    "head_matter": "Diggs vs. Kirby.\n1. Vendor and Vendee. Rights of vendee -when title fails.\nIt is the general rule that ''a purchaser who has accepted a deed can not retain the purchase price, nor recover it if already paid, unless there has been a breach of the covenants, either special or statutory, contained in his deed; and if there be no covenants other than a warranty of title, he has no cause of action, nor legal excuse to withhold the payments, until he has been evicted. But to this rule there is an exception. If'there has been a concealment of material facts, or a misrepresentation affecting the title or situation of the property-amounting to fraud, the vendee may have relief although he has accepted a deed; and this, whether the covenants for title do or do not extend to the particular defect.\n2. Same: Same. Cost.\nKirby filed his complaint in equity to foreclose his lien on eighty acres of land which he alleged that he had sold to Diggs for $700, and had executed to him his general warranty deed for it \u2014that $500 was paid and he held Diggs\u2019 past-due note for the balance ($200). Diggs admitted the facts, but alleged by cross-com plaint that Kirby owned in forty acres of the land, only the interest of the widow and five out of thirteen heirs of the former deceased owner. That of the remaining eight heirs some were infants. That Kirby, knowing of the defect in his title, fraudulently represented that it was good. That he was a stranger in the country, had no knowledge or information of the facts except from Kirby, on whom he implicitly relied, and by whom he was inveigled into the purchase. That this forty acres contained all the improvements on the tract. They were valuable and formed the material inducement to his purchase, and that Kirby was insolvent and nothing could be recovered on his covenants of warranty; and he offered to reconvey, and prayed for a rescission of the' contract and that the unpaid note be can-celled and the $500 already paid be charged on Kirby\u2019s interest in the laud. Herd: That he was entitled to the relief prayed for; but if Kirby should acquire the outstanding title by the final hearing, he will be entitled to the decree but not to cost.\nAPPEAL from Crawford Circuit Court in Chancery.\nHon. J. A. Yantis, Special Judge.\nDiggs pro so.\n1. Fraud vitiates all contracts. The sale should have been rescinded, and a lien declared on the land for the purchase money paid. See 1 Abb. Forms, 432.\nThe answer was in the nature of a cross-bill. 25 How. Pr. 389; Abb. Forms, 429 and 430.\nB. J. Brown for appellee.\nWhere a party receives a deed with covenants of warranty, no defect of title that does not amount to a total failure, can be set up as a defense, &e., and not then unless there has been eviction. 12 Ark., 699; 15 lb., 565; 21 lb., 253; 23 lb., 582; Bramble v. Beidler, 38 Ark."
  },
  "file_name": "0420-01",
  "first_page_order": 418,
  "last_page_order": 421
}
