{
  "id": 1897204,
  "name": "Sanders et al vs. Plunkett et al.",
  "name_abbreviation": "Sanders v. Plunkett",
  "decision_date": "1883-05",
  "docket_number": "",
  "first_page": "507",
  "last_page": "511",
  "citations": [
    {
      "type": "official",
      "cite": "40 Ark. 507"
    }
  ],
  "court": {
    "name_abbreviation": "Ark.",
    "id": 8808,
    "name": "Arkansas Supreme Court"
  },
  "jurisdiction": {
    "id": 34,
    "name_long": "Arkansas",
    "name": "Ark."
  },
  "cites_to": [
    {
      "cite": "14 Gratt., 102",
      "category": "reporters:state",
      "reporter": "Gratt.",
      "case_ids": [
        6731713
      ],
      "opinion_index": -1,
      "case_paths": [
        "/va/55/0418-01"
      ]
    },
    {
      "cite": "15 Ala., 501",
      "category": "reporters:state",
      "reporter": "Ala.",
      "case_ids": [
        3078859
      ],
      "opinion_index": -1,
      "case_paths": [
        "/ala/15/0501-01"
      ]
    },
    {
      "cite": "33 Wis., 678",
      "category": "reporters:state",
      "reporter": "Wis.",
      "case_ids": [
        8708716
      ],
      "opinion_index": -1,
      "case_paths": [
        "/wis/33/0678-01"
      ]
    },
    {
      "cite": "14 N. J., 141",
      "category": "reporters:state",
      "reporter": "N.J.",
      "opinion_index": -1
    },
    {
      "cite": "10 Pick., 358",
      "category": "reporters:state",
      "reporter": "Pick.",
      "case_ids": [
        2014306
      ],
      "opinion_index": -1,
      "case_paths": [
        "/mass/27/0364-01"
      ]
    },
    {
      "cite": "6 Wend., 564",
      "category": "reporters:state",
      "reporter": "Wend.",
      "case_ids": [
        2007435
      ],
      "opinion_index": -1,
      "case_paths": [
        "/wend/6/0564-01"
      ]
    },
    {
      "cite": "28 Ark., 87",
      "category": "reporters:state",
      "reporter": "Ark.",
      "case_ids": [
        1884426
      ],
      "opinion_index": -1,
      "case_paths": [
        "/ark/28/0087-01"
      ]
    },
    {
      "cite": "39 Ark., 87",
      "category": "reporters:state",
      "reporter": "Ark.",
      "opinion_index": -1
    },
    {
      "cite": "11 Mich., 109",
      "category": "reporters:state",
      "reporter": "Mich.",
      "case_ids": [
        1918181
      ],
      "opinion_index": -1,
      "case_paths": [
        "/mich/11/0109-01"
      ]
    },
    {
      "cite": "3 Hum., 549",
      "category": "reporters:state",
      "reporter": "Hum.",
      "opinion_index": -1
    },
    {
      "cite": "5 N. Y., 8",
      "category": "reporters:state",
      "reporter": "N.Y.",
      "opinion_index": -1
    },
    {
      "cite": "20 John., 80",
      "category": "reporters:state",
      "reporter": "Johns.",
      "case_ids": [
        2142472
      ],
      "opinion_index": -1,
      "case_paths": [
        "/johns/20/0080-01"
      ]
    }
  ],
  "analysis": {
    "cardinality": 522,
    "char_count": 7878,
    "ocr_confidence": 0.503,
    "pagerank": {
      "raw": 2.701272838254245e-07,
      "percentile": 0.828496757919091
    },
    "sha256": "0471798da44aeacef4b82b21c32fed98aeb1c433ae2e272e4963c3482c517750",
    "simhash": "1:de0854e7c9ee0505",
    "word_count": 1391
  },
  "last_updated": "2024-02-27T22:21:39.766111+00:00",
  "provenance": {
    "date_added": "2019-08-29",
    "source": "Harvard",
    "batch": "2018"
  },
  "casebody": {
    "judges": [],
    "parties": [
      "Sanders et al vs. Plunkett et al."
    ],
    "opinions": [
      {
        "text": "Eakin, J.\nThe petitioners ask a writ of certiorari to bring up and quash the proceedings and order of a Chancellor, in vacation, dissolving an injunction, which he had issued in vacation against the defendants in a case entitled as above.\nEvvo grounds are urged, upon which the action of this is invoked. It is said in the first place, that it appears from the bill in the case, which is exhibited with the petition, that the sole object and purpose of the suit was to obtain the interlocutory injunction \u2014 that the object was accomplished by it, and that the dissolution of it is a final disposition of all rights involved in the controversy. Whatever may be the practical result, respecting the facts, we can not regard any mere interlocutory order of'a Judge at chambers, made in the cause, as final, in the sense of being subject to appeal. There must be a final order of the Court itself upon the rights of the parti\u00e9s. Interlocutory orders are always subject to the control of the Court, and remain so from term to term until a final adjudication upon the rights of the parties. Then the final order, perpetuating or dissolving them, becomes subject to appeal. The present application is not an appeal. But it is further urged, with reference to its finality, that, although no appeal can be taken from action in chambers, yet, as the action is final, as regards all practical purposes, and great injustice may be done by compelling the petitioner to await the action o\u00a3 the Circuit Court, this Court should interfere by virtue of its general supervisory powers, which may be exercised through the several writs provided by the Constitution for that purpose, amongst which is the writ of certiorari. The result of this doctrine, once admitted, would be that in all cases where the object of a bill would be accomplished by obtaining, or defeated by the refusal of an interlocutory injunction, an application might be made directly to this Court, for original-jurisdiction, to determine upon its merits a cause never presented to any Court at all, nor entered upon its records. This under the Constitution can never be permissible.\nThe second ground is, that the Chancellor had no power at chambers to dissolve an injunction which he had himself ordered from chambers. That the power to order was statutory, and no statute gave the power to dissolve.\nWithout discussing' the general subject of the powers inherent in Chancellors to undo what they have done, after being better advised, we think the statutes themselves confer i \u2022 \u2022 n . this power in cases of vacation, or chamber orders for injunction. The power to make them is conferred in plain express language. (Gantt\u2019s Digest, sec\u2019s. 3450 to 3458). They are always discretionary, and no limit of time is fixed within which the determination may be made. It would' be unreasonable to hold him to his original view of the case on first blush, and if he might recall his order in an hour, why not next day, or a week afterwards. It is not like the judgment of a Court which cannot be altered after the term. And the person in whose favor it.was granted cannot be in worse condition by the dissolution than he would have been by original refusal, for the defendant urging the dissolution can have no damages on the bond. There is no inconvenience then from the exercise of this power of dissolution, but a very great inconvenience might arise from want of power to correct an improvident injunction.\nIt would seem that the power to make an order of this provisional and discretionary nature, implies the power to recall it, in all cases where the person on whose motion it was made is, at worst, only placed in statu quo, and deprived of an advantage improvidently granted, and which was in the discretion of the Chaacellor. But when the dissolving power comes to be exercised by any one else than the same Judge who made the order, then a statute is necessary, or very unseemly conflicts might ensue. An express power, for instance, given to a Chancellor to dissolve an injunction ordered by a County Judge, would not give him power to disolve one ordered by another Chancellor, because there might be a clash of discretions between co-ordinate authorities. But it does not follow there is no power to reconsider his own.\nThe Code provisions for interlocutory\u2019dissolutions^of interlocutory orders for injunction, made by a Court or Judge, do not always repeat the term \u201cor Judge,\u201d but it is not reasonable to construe the\u2019Act as intending, in such sections or phrases, to limit the power to the Court in session. All sections in pari materia are to be taken together. For instance, it is provided that the party enjoined may, upon reasonable- notice, move the Court for additional security on the injunction bond, if the security given is insufficient, or has removed from the State, and enables the Court, if bond be not given -in reasonable time, to vacate the order. It must be a very inconvenient and unjust construction of the Act to take this clause separately, and hold that because of the omission of the words \u201cor Judge\u201d the defendant must suffer all the loss which might occur to him by an improper injunction for a period of six months, without hope of relief.\nThat the legislature kept in view, however, the action of a Judge at chambers, in vacating as well as ordering injunctions, is plain from Sec. 3480 of Gantt\u2019s Digest, which follows the section regulating motions to dissolve, and in which the Court alone had been expressly mentioned. This section returns to the latent idea, and provides that \u201cAfter hearing the motion, the Court or Judge shall overrule the same, or dissolve or modify the injunction, according to the right of the case.\u201d\nWe cannot, therefore, bring up the order of the Chancellor \u25a0 in this case, either to consider of its merits or quash it for want of jurisdiction.\u201d\nThe petition must be refused.",
        "type": "majority",
        "author": "Eakin, J."
      }
    ],
    "attorneys": [
      "Geo. Sibley for petitioners.",
      "8. P. Hughes for respondents."
    ],
    "corrections": "",
    "head_matter": "Sanders et al vs. Plunkett et al.\n1. Certiorari: Jurisdiction of SupremefCourt. Appeal,\nThe order of a Chancellor at chambers, dissolving an injunction ' issued by him in vacation, is interlocutory and cannot be quash- \u2022 ed by the Supreme Court on certiorari, nor appealed from until final judgment in the Circuit Court.\n2. Injunction: Power of Circuit Judge to dissolve in vacation.\nA Circuit Judge has power to dissolve in vacation an injunction ordered by himself in vacation, but the defendant can have no damages on the bond.\nPETITION for writ of Certiorari.\nGeo. Sibley for petitioners.\nOn power or jurisdiction of Judge to dissolve the injunction. Gantt\u2019s Big., sec\u2019s. 3453, 3454, 3478; Potter\u2019s Hwarris Stat. and Con., 333 et seq; 2 St. of Tenn-., 1871, Thompson & Stieger, sec. 4444; 2 Cooper\u2019s Ch\u2019y. Pep., 297; 3 Ban. Ch\u2019y. Pr., 212, sec. 355, (Law Lib. Ed.); 1 Smith Pr., 600; 3 Estees PI. and Pr., 141, sec. 151-4; Bur rill\u2019s Law Bic., \u201cCourt\u201d \u00bfsc., &c.\nIn regard to the power of the Court to issue the writ. 1 Tidd\u2019s Pr. * 397 et seq; Freeman on Judg., sec\u2019s. 29-30, p. 30, 2d Ed.; 5 Arle., 398; 8 lb., 450; 2 Arle., 92; Const. 1874, Art. 7, sec. 4; Broolcs v. Baxter, 29 Arle., 173; Syllabus to 39 Arle., 126.\n8. P. Hughes for respondents.\nCertiorari does not lie in Chancery, The- order was not a final order, and there can be no appeal, nor will certiorari lie. 20 John., 80; 5 N. Y., 8. G, {T. cfc G), 609 and 8. G, 3 Hum., 549; 11 Mich., 109; 40 Gal., 479. The only mode of reviewing a decree in Chancery is by appeal. 8ec. 15, Art. 7, Const. 1874; 39 Ark., 87, and here no appeal lies.\nSee also 28 Ark., 87; 6 Wend., 564; 10 Pick., 358; 14 N. J., 141; 2 Hill, {8. G.) 367; 11 Pick., {Mass) 168; 33 Wis., 678; 46 Gal, 667.\nA Chancellor can dissolve injunction in vacation. Daniels Gh\u2019y. Pr., Vol. 3, lateral p. 1822-3; Hilliard on Inj.,p. 131, sec. 96; 15 Ala., 501; 14 Gratt., 102.\nThis Court has no jurisdiction. B. & B. R\u2019y. v. 8t. L., 1. M. & 8. R\u2019y., 39 Ark."
  },
  "file_name": "0507-01",
  "first_page_order": 505,
  "last_page_order": 509
}
