{
  "id": 1358475,
  "name": "Lewis v. Forrest City Special Improvement District",
  "name_abbreviation": "Lewis v. Forrest City Special Improvement District",
  "decision_date": "1923-01-08",
  "docket_number": "",
  "first_page": "356",
  "last_page": "370",
  "citations": [
    {
      "type": "official",
      "cite": "156 Ark. 356"
    }
  ],
  "court": {
    "name_abbreviation": "Ark.",
    "id": 8808,
    "name": "Arkansas Supreme Court"
  },
  "jurisdiction": {
    "id": 34,
    "name_long": "Arkansas",
    "name": "Ark."
  },
  "cites_to": [
    {
      "cite": "103 Ark. 283",
      "category": "reporters:state",
      "reporter": "Ark.",
      "case_ids": [
        1352045
      ],
      "opinion_index": -1,
      "case_paths": [
        "/ark/103/0283-01"
      ]
    },
    {
      "cite": "116 Ark. 520",
      "category": "reporters:state",
      "reporter": "Ark.",
      "case_ids": [
        1532265
      ],
      "opinion_index": -1,
      "case_paths": [
        "/ark/116/0520-01"
      ]
    },
    {
      "cite": "89 Ark. 435",
      "category": "reporters:state",
      "reporter": "Ark.",
      "case_ids": [
        1515207
      ],
      "opinion_index": -1,
      "case_paths": [
        "/ark/89/0435-01"
      ]
    },
    {
      "cite": "79 Ark. 338",
      "category": "reporters:state",
      "reporter": "Ark.",
      "case_ids": [
        1495630
      ],
      "opinion_index": -1,
      "case_paths": [
        "/ark/79/0338-01"
      ]
    },
    {
      "cite": "144 Ark. 249",
      "category": "reporters:state",
      "reporter": "Ark.",
      "case_ids": [
        1587974
      ],
      "opinion_index": -1,
      "case_paths": [
        "/ark/144/0249-01"
      ]
    },
    {
      "cite": "44 L. R. A. 728",
      "category": "reporters:federal",
      "reporter": "L.R.A.",
      "opinion_index": -1
    },
    {
      "cite": "67 Atl. 564",
      "category": "reporters:state_regional",
      "reporter": "A.",
      "opinion_index": -1
    },
    {
      "cite": "3 Pa. Co. Ct. Rep. 480",
      "category": "reporters:state",
      "reporter": "Pa. C.",
      "opinion_index": -1
    },
    {
      "cite": "108 Ark. 24",
      "category": "reporters:state",
      "reporter": "Ark.",
      "case_ids": [
        1342291
      ],
      "opinion_index": -1,
      "case_paths": [
        "/ark/108/0024-01"
      ]
    },
    {
      "cite": "68 Ark. 483",
      "category": "reporters:state",
      "reporter": "Ark.",
      "case_ids": [
        1333946
      ],
      "opinion_index": -1,
      "case_paths": [
        "/ark/68/0483-01"
      ]
    },
    {
      "cite": "93 N. W. 510",
      "category": "reporters:state_regional",
      "reporter": "N.W.",
      "opinion_index": -1
    },
    {
      "cite": "25 N. J. Law 399",
      "category": "reporters:state",
      "reporter": "N.J.L.",
      "case_ids": [
        409212
      ],
      "opinion_index": -1,
      "case_paths": [
        "/njl/25/0399-01"
      ]
    },
    {
      "cite": "90 N. E. 583",
      "category": "reporters:state_regional",
      "reporter": "N.E.",
      "opinion_index": -1
    },
    {
      "cite": "54 N. E. 1081",
      "category": "reporters:state_regional",
      "reporter": "N.E.",
      "opinion_index": -1
    },
    {
      "cite": "71 N. W. 189",
      "category": "reporters:state_regional",
      "reporter": "N.W.",
      "opinion_index": -1
    },
    {
      "cite": "50 N. W. 316",
      "category": "reporters:state_regional",
      "reporter": "N.W.",
      "opinion_index": -1
    },
    {
      "cite": "80 N. W. 564",
      "category": "reporters:state_regional",
      "reporter": "N.W.",
      "opinion_index": -1
    },
    {
      "cite": "10 Atl. 162",
      "category": "reporters:state_regional",
      "reporter": "A.",
      "opinion_index": -1
    },
    {
      "cite": "71 Atl. 211",
      "category": "reporters:state_regional",
      "reporter": "A.",
      "opinion_index": -1
    },
    {
      "cite": "80 Ark. 108",
      "category": "reporters:state",
      "reporter": "Ark.",
      "case_ids": [
        1491209
      ],
      "opinion_index": -1,
      "case_paths": [
        "/ark/80/0108-01"
      ]
    },
    {
      "cite": "127 Ark. 418",
      "category": "reporters:state",
      "reporter": "Ark.",
      "case_ids": [
        1550263
      ],
      "opinion_index": 0,
      "case_paths": [
        "/ark/127/0418-01"
      ]
    },
    {
      "cite": "105 Ark. 641",
      "category": "reporters:state",
      "reporter": "Ark.",
      "case_ids": [
        1347037
      ],
      "opinion_index": 0,
      "case_paths": [
        "/ark/105/0641-01"
      ]
    },
    {
      "cite": "79 Ark. 45",
      "category": "reporters:state",
      "reporter": "Ark.",
      "case_ids": [
        1495659
      ],
      "opinion_index": 0,
      "case_paths": [
        "/ark/79/0045-01"
      ]
    },
    {
      "cite": "62 Ark. 7",
      "category": "reporters:state",
      "reporter": "Ark.",
      "case_ids": [
        1905677
      ],
      "opinion_index": 0,
      "case_paths": [
        "/ark/62/0007-01"
      ]
    },
    {
      "cite": "108 Ark. 515",
      "category": "reporters:state",
      "reporter": "Ark.",
      "case_ids": [
        1342340
      ],
      "opinion_index": 0,
      "case_paths": [
        "/ark/108/0515-01"
      ]
    },
    {
      "cite": "116 Ark. 520",
      "category": "reporters:state",
      "reporter": "Ark.",
      "case_ids": [
        1532265
      ],
      "opinion_index": 0,
      "case_paths": [
        "/ark/116/0520-01"
      ]
    },
    {
      "cite": "89 Ark. 435",
      "category": "reporters:state",
      "reporter": "Ark.",
      "case_ids": [
        1515207
      ],
      "weight": 2,
      "opinion_index": 0,
      "case_paths": [
        "/ark/89/0435-01"
      ]
    },
    {
      "cite": "144 Ark. 249",
      "category": "reporters:state",
      "reporter": "Ark.",
      "case_ids": [
        1587974
      ],
      "opinion_index": 0,
      "case_paths": [
        "/ark/144/0249-01"
      ]
    }
  ],
  "analysis": {
    "cardinality": 998,
    "char_count": 29722,
    "ocr_confidence": 0.489,
    "pagerank": {
      "raw": 3.254531478981758e-07,
      "percentile": 0.8691452667703793
    },
    "sha256": "d20ef21dcc07dca99eb3de118b27a23d12c0568ed3dbff91e8299747df639fe7",
    "simhash": "1:39e6d9faa7678dc5",
    "word_count": 4891
  },
  "last_updated": "2024-02-27T21:52:19.957046+00:00",
  "provenance": {
    "date_added": "2019-08-29",
    "source": "Harvard",
    "batch": "2018"
  },
  "casebody": {
    "judges": [
      "Wood and Hart, JJ., dissent."
    ],
    "parties": [
      "Lewis v. Forrest City Special Improvement District."
    ],
    "opinions": [
      {
        "text": "McCulloch, C. J.\nIt appears that there have been organized in the city of Forrest City three local improvement districts under general statutes (Crawford & Moses\u2019 Digest, \u00a7 5647 et seq.), designated, respectively, as Forrest City Improvement District No. 1, Improvement District No. 2 of Forrest City, and Improvement District No. 3 of Forrest City, for the purpose of constructing a waterworks plant, an electric light plant, and a sewer system within the territory of the respective districts, and, after the completion of the improvements, they were taken over, for operation, by the city council. The city has incurred in the operation of said districts an unpaid indebtedness of $51,013.76.\nThe General Assembly of 1921 enacted a statute authorizing the organization, under general statutes, supra, of the real property in the city of Forrest City, or in any part which includes the whole of the territory embraced within the three districts heretofore referred to, into an improvement district to be known as \u201cThe Forrest City Special Improvement District,\u201d and with authority to \u201ctake over and be the owner of >all the real and personal property and property rights and choses in action now belonging to Forrest City Improvement District No. 1, Improvement District No. 2 of Forrest City, and Improvement District No. 3 of Forrest City, and shall assume all debts and obligations of said districts, and shall have power to repair, enlarge, overhaul, erect and in every manner equip the present plants belonging to said three improvement districts heretofore existing,. or to purchase and install new machinery and power plants, erect any suitable buildings, to purchase real or personal property, to sell or trade any real or personal property now owned by either of said districts or hereafter acquired by it, to enlarge and extend water, sewer and light facilities, lay additional water-pipes or erect additional electric lines, or lay additional sewers, as needed.\u201d\nAnother section provides that the new district \u201cshall assume and discharge all liabilities incurred by the city of Forrest City in the operation of any of said plants, and in the improvement thereof.\u201d The statute provides that the district shall be organized pursuant to the general statutes and be controlled by said statutes, except as otherwise specifically provided in the new statute.\nThe statute contains a recital that \u201cit has been found advantageous to consolidate the operations of said districts, treating them as a single district for the purpose of economy and efficiency in their operation,\u201d and that, on account of the growth of the city, \u201cthere is much territory requiring water, electric light and sewers which is not served by said districts, and the water, electric light and sewer plants need large repairs, reconstruction and great extensions in order to serve the people of said city.\u201d Special Acts, 1921, p. 1358.\nPursuant to the terms of this statute, Forrest City Special Improvmeent District was created by ordinance upon the petition of ten owners of real property, in accordance with the general statutes, supra. The second petition asking for the improvement, and purporting to be signed by a majority in value of the owners of real property in the proposed district, was filed with the city council, and, after notice, it was found to contain a majority, and an ordinance was enacted authorizing the construction of the improvement and imposing the cost on the real property in the district.\nThe two appellants, who are owners of real property in the district, instituted this suit in the St. Francis Chancery Court to restrain further proceedings under the ordinances, and they attack the validity of the statute itself, also the validity of the ordinances of the city,as well as raising the question of the majority in' value of the property owners having signed the second petition.\nOn the hearing of the cause on testimony adduced by each side, the chancery court dismissed the complaint for want of equity, and an appeal has been prosecuted.\nAn attack is made on the validity of the statute on the sole ground that the Legislature could not authorize the creation of a local improvement district with power to pay the debts incurred by the city in the operation of the improvements constructed by the old districts, especially where the indebtedness of the city Included interest on notes or other written obligation.\nAs to the question of authority to pay interest, it can be said that no such authority is expressly conferred in the statute. The statute merely provides that the new district, when organized, \u2018 \u2018 shall assume and discharge all liabilities incurred by the city of Forrest City in the operation of any of said plants, and in the improvement thereof.\u201d This language refers, of course, to'valid and enforceable obligations of the city, and the new district is not bound to pay any other asserted liability. We eannoit adjudicate in advance what will be treated as valid obligations, as the district has never got far enough along to actually undertake to assume or pay the obligations of the city. Owners of property .would, of course, be entitled to be heard in court to restrain any unauthorized act of the commissioners in attempting to pay an il \u2022 legal obligation of the city.\nThis statute was passed for the purpose of enabling the new district formed under its terms to take over the affairs of the three former districts and to assume their obligations, and, as a part of the adjustment of equities in taking over the property of the old districts, the new one is required to assume the indebtedness incurred by the city in operating these districts while under its control. There is no legal objection to the' inclusion/of these things in the taking over of the old districts by the new one, since it is necessary to operating under the new district that the assent of a majority in value of the owners of property in the district be obtained. The attack upon the validity of the statute is therefore unfounded.\nIt is next contended that the second ordinance of the city council authorizing the construction of the improvement and imposing the cost on the real property in the district is void because it was not properly recorded and authenticated by the signature of the mayor, as provided by statute.\nCounsel for appellants relies on the statute, which reads as follows:\n\u201cAll by-laws .or ordinances shall, as soon as may be after their passage, be recorded in a book kept for that purpose, and be authenticated by the signature of the presiding officer of the council and the clerk; and all bylaws or ordinances of a general or permanent nature, and of those imposing any fine, penalty or forfeiture, shall be published in some newspamr of general circulation in the corporation. Provided, in incorporated towns where no newspaper is published, written or printed notices posted up in five of the most public places in said corporation shall be deemed a sufficient publication of any law or ordinance for incorporated towns; and it shall be deemed a sufficient defense to any suit or prosecution for such fine, penalty or forfeiture to show that no such publication was made.\u201d Crawford & Moses\u2019 Digest, \u00a7 7499.\nThe city clerk was introduced as a witness, and produced a certified transcript of the ordinance, purporting to have been taken from the record, and also produced the record itself. The ordinance in question appeared on a typewritten page or pages pasted into the record kept for the purpose of recording ordinances, and this was signed by the mayor and city clerk, that is, by Mr. G-robmyer, the person who was mayor at the time the ordinance was passed. It was shown by oral testimony that Mr. Grobmyer\u2019s term of office expired within a day or two after the ordinance was passed, and that he did not sign the record until after he went out of office.\nCounsel is mistaken in his assumption that the signature of the mayor to the ordinance is essential to its legal enactment, or that the signature of that officer to the record is essential to its proof. The mayor of a city has authority under the statute (Crawford & Moses\u2019 Digest, \u00a7 7701) to veto an ordinance, but there is nothing in the statute requiring him to approve it or sign it before it becomes effective. The statute quoted above merely provides for a method of making a record of ordinances of a city or town similar to the record of enrolled bills enacted by the Legislature and deposited with the Secretary of State. The signature of the presiding, officer of the council is merely for the purpose of making a record, but the failure to sign this does not defeat an ordinance which has been duly passed.\nAnother section of the statute (Crawford & Moses\u2019 Digest, \u00a7 7497) provides what shall constitute proper proof of by-laws and ordinances of a city council. The provision is that printed copies of such by-laws and ordinances published under authority, and transcripts of such by-laws or ordinances recorded in any book or entered on the minutes or journal \u201ckept under the direction of sucli municipal corporation, and certified by its clerk, shall be r\u00e9ceived in evidence for any purpose,\u201d etc. In the present case there was introduced a certified transcript from the record showing the recorded ordinances as passed by the city council. This is sufficient evidence to establish the legal enactment of the ordinance, and its effect is not defeated by showing that the record had not been signed by the mayor while he was acting as such. The record of the ordinances is kept in the hands of the city clerk, together with the journals showing the progress of the ordinances through the council, and Avhere these records, taken together, show a valid ordinance, they cannot be attacked by parol evidence. Roberts v. Street Improvemnt Dist. No. 2 of Morrilton, ante p. 248.\nIt is also contended that the record of the ordinance is invalid because, instead of actually transcribing it on the record, the pages containing the copy were pasted into the record. This was sufficient compliance with the statute. Carrier v. Comstock, 108 Ark. 515.\nSome of the members of the city council signed the petition for the construction of the improvement, and it is contended that this disqualified them from joining in the action of the council in passing the ordinance pursuant to the petition.\nThe city council, in passing on the petition and enacting the ordinance, acts in a legislative capacity, and personal interest does not disqualify the members of the council. We think that there is nothing in the contention that the fact that some of the members of the council signed the petition rendered the action of the council invalid.\nSection 9 of the statute creating the district provides a limitation in the expenditures \u201cfor the extension, repair and reconstruction of said water, light and sewer plants to thirty per cent, of the assessed value of the real property within the district, as shown'by the last county assessment, but said thirty per cent, shall not include the interest on money borrowed, nor debts of the city of Forrest City or its water and light department heretofore incurred, nor the debts now existing against said\u201d former districts. The original petition for the' creation of the district did not express a limitation on the cost, but merely asked for the creation of the district in accordance with the statute. It was not essential to the validity of the proceedings that there should be any limitation expressed in the petition, for the petition followed the law and carried with it any limitations expressed in the law.\nThe second petition was identical in language with the original petition, so far as the purpose of the organization was concerned, but it contained the following clause with respect to limiting the cost of the improvement: '\n\u201cWe further petition and pray that the cost of such improvements so undertaken be assessed and charged upon the real property situated within said district, the total cost of\"the undertaking herein, exclusive of interest, not to exceed the sum of $115,000.\u201d\nThis limitation upon the cost, of the improvement, certainty did not constitute a variance from the original petition so as to avoid the proceedings. It is not necessary to limit costs of an improvement in the petition signed by owners of the property asking for the improvement, but the fact that the property owners do express such a restriction in the petition does not avoid the proceedings. Jt is unnecessary to discuss the full effect of the limitation expressed in the petition, for the only question we are called on to decide now is whether the inclusion of that expression constitutes a departure from the purposes expressed in the original petition, and whether it affects the validity of the proceeding, apd we.hold that it does not constitute such a departure, and does not affect the validity.\nThe final contention-is that the second petition does not .contain the signatures of the owners of a majority in value of the real property in the district.\nAppellants introduced proof in an effort to show that many of the signatures to the petition were unaii- . thorized, and that some of the persons who signed did not own any real property in the district. During the progress of the trial the parties on each side obtained the consent of the court for three persons who were familiar. with the property in the locality and the persons signing the petition, as well as the ownership of the various pieces of property, to check over the list, in an effort to'1 agree upon the question as to the valuation of the property, of those who had properly signed the petition, so as to \u2022 eliminate controversy in open court and reduce the controversy to. a determination of the questions about which there were irreconcilable differences of opinion. Upon the report of these persons, after examining the list carefully, it was conceded that the value of the property owned by the persons and corporations whose names appeared signed to the petition amounted to $536,000, in round numbers, and that the total valuation of the real property in the district was found to be $1,014,000 in round numbers. So, in order to constitute a majority, there must be found the signatures of owners of property in excess of $507,000.\nIt appears from an examination of the petition that' local business corporations, the names of which were signed to the petition, owned property set opposite the respective names of each corporation in the following list:\nForrest City Grocer. Co...........................................$14,000\nFussell-Graham-Alderson Co............................... 2,150\nThe Vaccaro-Grobmyer Co..................................... 2,620\n, The Merchants Grocer Co..................................... 2,000\nForrest City Compress Co........................................ 2,000\nForrest City Box Co................................................. 2,400\nThe Planters \u2019 Bank & Trust Co......................... 4,250\n. The Forrest City Gin Co........................................... 2,600\nThe Bank of Eastern Arkansas........................ 3,000\nThe B. P. O. E. Lodge No. 1219........................ 3,000\nThe First Nat\u2019l Bank of Forrest City......... 3,500\nMaking a total of....................................$41,520\nAppellants contended below, and contend now, that, according to the evidence adduced, persons who signed the names of these corporations had no legal authority to do so, and that the names should be stricken from the petition, and that the property owned by these corporations should not be counted in making up the majority. It is thus seen that if the contention of appellants is sound and the total valuation of the property owned by the corporation be stricken from the list, it leaves the petition about $12,000 short of the requisite amount to constitute a majority.\nThe proof shows that all the other signatures necessary to make up the amount of approximately $495,000 were authorized, and were properly signed to the petition. '\nIt is unnecessary to discuss the circumstances under which the names of 'all these corporations were signed, but we will discuss a sufficient number of the items to be determinative of the present controversy.\nThe largest corporation property owner is the Forrest City Grocer Company, with a valuation on its real property of $14,000. This is a corporation carrying on a merchandise business in the city of Forrest City, and Mr. A. B. Nimocks, who signed the name of the corporation to the petition, is the president and manager and principal stockholder. There are seven directors, all living in Forrest City except one, who resides in a town a few miles distant. Mr. Nimocks testified that he talked to a majority of the directors, and they approved it. He testified further that he had the management of the general affairs of the corporation and attended to all of its business, including the assessment of property for taxes. He testified that he usually signed all necessary papers concerning the business and property of the corporation, without obtaining express authority from the other directors. He stated that he did not remember that he had ever had occasion to sign a petition for an improvement before this one. There was no formal meeting of the board of directors for the purpose of authorizing Nimocks to sign the petition, nor was there any such formal meeting held until during the progress of the trial in the chancery court. During a suspension of the trial this corporation,' as well as all the others whose signatures appeared on the petition, held directors\u2019 meetings, and formal resolutions were passed ratifying the action of the respective officers who had signed their names. Counsel for appellee insist that that was a timely ratification in each instance, but this court reaches the conclusion that it was too late to validate the signatures by ratification after the enactment of the ordinance, for the reason that there must be a majority in value of the property represented by authorized signatures before the council can pass the ordinance.\nWe are of the opinion that the evidence is sufficient to show that the signing of the petition was within the scope of the general authority which the directors, by continued custom, permitted the person who signed the petition to exercise, and that the corporation as well as all others are bound by his act. It appears from Nimocks\u2019 testimony that he had exclusive management of the affairs of the corporation and was permitted to exercise full authority to do anything which, in his judgment, called for action for the benefit of the corporation. In other words, there was a course of conduct permitted on his part which amounted to holding him out as the corporation itself, and under these circumstances we think that the corporation is bound. Estes v. German Natl. Bank, 62 Ark. 7; Stiewel v. Webb Press Co., 79 Ark. 45; Winer v. Bank of Blytheville, 89 Ark. 435; Wales Riggs Plantations v. Caston, 105 Ark. 641; C. L. Kraft Co. v. Grubbs, 116 Ark. 520.\nThis court, in dealing with this subject in the case of Estes v. German National Bank, supra, speaking of the authority of the board of directors, said:\n\u25a0 \u201cThey can do so by permitting the directors to establish a habit or usage of assenting separately.to the making- and performance of contracts by their agents. \u2022By permitting snch usages or habits to be formed by a long course of business, they adopt and become bound \u2022by them, so long as they acquiesce. If this were not so, great injustice might be done to parties contracting with .them in their usual way.\u201d\nIn Winer v. Bank of Blytheville, supra, we said:\n\u201cThe rules governing the authority of an agent to act for a private business corporation, and the proof thereof, are in many regards the same as between agents of natural persons. The authority of an officer to act for a corporation may be established by proof that he was held out to the public as possessing those powers which he exercised in a given case, or that the corporation has acquiesced in or ratified such acts.\u201d\nApplying this rule to the present case, we think it is clear that Mr. Nimocks had authority to bind the corporation. The appearance of the signature on the petition raised the presumption that it was placed there by authority. Malvern v. Nunn, 127 Ark. 418; Walton v. Light Improvement Dist., 144 Ark. 249.\nThere is also a presumption that the proposed improvement will result in benefit to all the real property in the district, and the evidence shows that Mr. Nimocks was'authorized to act for the corporation in all matters in which it was interested or from which it could receive benefit. The addition of the property of this corporation to the' amount of other property which is represented on the petition by authorized signatures runs the valuation up to an amount about $2,000 in- excess of'/a majority of the property in the district, but there are several other corporations in precisely the same attitude with respect to the manner in-which their signatures 'were' attached. For inst\u00e1nce, the signature of the Fussell-Graham-Alderson Company was signed by Mr. Alderson, who testified as a witness in the case, and stated \u2022that he was the .vice-president and the manager of the .business, that he had authority from, the directors to handle any business matter which came up with reference to the property and affairs of the corporation. \u2022 Mr. James Fussell was the president, and expressly consented to the signing of the petition, as did the other directors, except one who was sick at the time and could not be consulted. He testified that it had been his custom to sign deeds without .any special authority from the board. The testimony of Mr. Alderson was sufficient, we think, to show that he was permitted to pursue a course of conduct with respect to the affairs of the corporation which fairly implied the authority to do anything which affected the interests of the corporation in regard to its property and affairs.\nThe name of the Yaccaro-Grobmyer Company was signed by Mr. Grobmyer, who was the active manager of the business. He testified that there were three stockholders and directors \u2014 -himself, Mrs. Pearl Yaccaro, and Cazzola Yaccaro, and that the business was under the active control of himself and Cazzola Vaccaro; that the latter expressly approved his signing the petition, but that Mrs. Yaccaro was not consulted, as she was absent at the time the matter came up. The testimony of the witness shows that this corporation, in which only three persons were interested as stockholders and directors, was under the active management of fwo of them, who did whatever was necessary to further the interests, of the corporation in regard to its property and affairs, and that these two participated in signing the petition. We think that, under the rule already announced, there is abundant testimony to show that there was authority on the part of Grobmyer to sign the petition.\nThis carries the amount of valuation represented by the signatures on the petition considerably above a bare majority, and it is unnecessary to discuss the circumstances under which the names of the other corporations were signed. It may be said, however, in passing, that in most, if not in all, instances, the evidence was sufficient to establish authority for the signatures 'of the names of the other corporations. It' follows that the court was correct in finding that there was a majority in value shown on the petition.\nThe decree is therefore affirmed.\nWood and Hart, JJ., dissent.",
        "type": "majority",
        "author": "McCulloch, C. J."
      }
    ],
    "attorneys": [
      "Walter Gorman, for appellant.",
      "Mann & Mann, for appellee."
    ],
    "corrections": "",
    "head_matter": "Lewis v. Forrest City Special Improvement District.\nOpinion delivered January 8, 1923.\n\u25a0 1. Municipal corporations^-improvement district. \u2014 Special Acts 1921, p. 1358, providing for the formation of a special improvement district to take over the property of three previously organized improvement districts in a city, is not invalid on the ground that the Legislature cannot authorize the creation of a local improvement district with power to pay the debts incurred by the city in the operation of the improvements constructed by the old districts; nor on the further ground that such indebtedness includes interest on the city\u2019s obligations, which is forbidden by law, since the act contemplates that only legal obligations of' the city shall be paid.\n2. Municipal corporations \u2014 ordinance\u2014failure of mayor to sign record. \u2014 Failure of the mayor to authenticate a duly passed and recorded ordinance, as provided by Crawford & Moses\u2019 Dig., \u00a7 7499, does not defeat the ordinance; the statute merely providing for the method of making a record.\n3. Municipal corporations \u2014 proof of ordinance. \u2014 Introduction of a certified transcript from a city clerk\u2019s record, showing the passage of a certain ordinance, held sufficient bo establish the \u2022 legal enactment of the ordinance, though the record was signed by the mayor after his term, of office expired.\n4. Municipal corporations \u2014 ordinance\u2014parol attack. \u2014 Where the record of city ordinances kept by the city clerk, together with the journals showing the progress of the ordinances through the council, show a valid ordinance, they cannot be attacked by parol evidence.\n5. Municipal corporations \u2014 ordinance\u2014record.\u2014The record of a municipal ordinance was not invalid because, instead of actually transcribing it on the record, the pages containing the copy were pasted, into the record.\n6. Municipal corporations \u2014 ordinance\u2014disqualification of members OF council. \u2014 The fact that some of the members of a city council had signed a petition for the formation of a local improvement district did not disqualify them to join in the action of the council in passing the ordinance creating the district; as the members acted in a legislative capacity, and personal interest did not disqualify them.\n7. Municipal corporations \u2014 local improvement \u2014 petitions.\u2014 Where a special act providing for the creation of a municipal improvement district in accordance with the general statute contained a special limitation of indebtedness, it was not necsary that the petitions for the improvement required by the general statute should express the limitation of indebtedness provided by the special act, as the petitions carry with them the limitation expressed in the special act.\n8. Municipal ' corporations \u2014 variance between petitions.\u2014 Where the first petition for the formation of a local improvement district did not express the statutory limitation of expenditures, the fact that the second petition stated the maximum total cost did not constitute .a variance from the first petition nor invalidate the proceedings for the formation of the district.\n9. Municipal corporations \u2014 unauthorized signature of corporation. \u2014 Where a petition for a special local improvement district was signed in the name of the corporation by its president and manager, without express authority from the board of directors, the board of directors could not, after enactment of the ordinance pursuant to .the petition, validate the signature by ratification, since there must be a majority in value of the property represented by authorized signatures before the council could pass the ordinance.\n10. Municipal corporations \u2014 signature of corporation \u2014 authority. \u2014 Where the president, manager and principal stockholders of a corporation signed the name of the corporation to a petition for a special local improvement district without express, authority from the directors, the corporation was bound where such officer had the exclusive management of the affairs of the corporation, and was permitted to exercise full authority to do anything which in his judgment called for action for its benefit, in effect amounting to a holding out of such officer as the corporation itself.\n11. Municipal corporations \u2014 petition for improvement \u2014 presumption as to signature. \u2014 The appearance of a signature on a petition for a local improvement district raises a presumption that it was placed there by authority.\n12. Municipal corporations \u2014 local improvement \u2014 presumption op benefit. \u2014 There is a presumption that a proposed local improvement to be made through the organization of a local improvement district under the terms of a special statute would result in a benefit to all of the real property in the district.\nAppeal from St. Francis Chancery Court; A. L. Hutchins, Chancellor;\naffirmed.\nWalter Gorman, for appellant.\nThe ordinance laying off the district was not legally passed. 80 Ark. 108; 28 Cyc. 355; 71 Atl. 211; 10 Atl. 162; 80 N. W. 564; 50 N. W. 316; 71 N. W. 189; 54 N. E. 1081; 90 N. E. 583; 25 N. J. Law 399; 19 R. C. L. 892. The signing of the ordinance by the mayor, after his term of office expired, was of no effect. 93 N. W. 510. Courts will not take judicial notice of ordinances. 68 Ark. 483; 108 Ark. 24. The ordinance was never recorded as provided by law. C. & M. Digest, \u00a7 7499; 3 Pa. Co. Ct. Rep. 480. It is improper and illegal for a member of a'municipal council to vote upon any question in which he is personally interested. 19 R. C. L. 897; 67 Atl. 564; 44 L. R. A. 728; Cooley\u2019s Constitutional Limitations (7th ed.) 392.\nMann & Mann, for appellee.\nA mere delay in the mayor affixing his signature to an ordinance will not defeat the express wishes of the taxpayers. His signature is.merely a ministerial act as a means of authenticating the record. C. & M. Digest, \u00a7 7499; 28 Cyc. 357; 19 R. C. L. 892. The presumption is that the signing of the petition by the officers of the corporations was authorized. 144 Ark. 249; 79 Ark. 338; 89 Ark. 435; 116 Ark. 520; 103 Ark. 283. ."
  },
  "file_name": "0356-01",
  "first_page_order": 382,
  "last_page_order": 396
}
