{
  "id": 1507865,
  "name": "St. Louis, Iron Mountain & Southern Railway Company v. Mize",
  "name_abbreviation": "St. Louis, Iron Mountain & Southern Railway Co. v. Mize",
  "decision_date": "1903-01-10",
  "docket_number": "",
  "first_page": "159",
  "last_page": "164",
  "citations": [
    {
      "type": "official",
      "cite": "71 Ark. 159"
    }
  ],
  "court": {
    "name_abbreviation": "Ark.",
    "id": 8808,
    "name": "Arkansas Supreme Court"
  },
  "jurisdiction": {
    "id": 34,
    "name_long": "Arkansas",
    "name": "Ark."
  },
  "cites_to": [
    {
      "cite": "56 Fed. 250",
      "category": "reporters:federal",
      "reporter": "F.",
      "opinion_index": -1
    },
    {
      "cite": "57 Ark. 320",
      "category": "reporters:state",
      "reporter": "Ark.",
      "pin_cites": [
        {
          "page": "378"
        }
      ],
      "opinion_index": -1
    },
    {
      "cite": "41 Ark. 542",
      "category": "reporters:state",
      "reporter": "Ark.",
      "case_ids": [
        1896194
      ],
      "opinion_index": -1,
      "case_paths": [
        "/ark/41/0542-01"
      ]
    },
    {
      "cite": "86 Tex. 96",
      "category": "reporters:state",
      "reporter": "Tex.",
      "case_ids": [
        2206221
      ],
      "opinion_index": -1,
      "case_paths": [
        "/tex/86/0096-01"
      ]
    },
    {
      "cite": "72 Tex. 159",
      "category": "reporters:state",
      "reporter": "Tex.",
      "case_ids": [
        2190602
      ],
      "opinion_index": -1,
      "case_paths": [
        "/tex/72/0159-01"
      ]
    },
    {
      "cite": "66 Tex. 732",
      "category": "reporters:state",
      "reporter": "Tex.",
      "case_ids": [
        2202640
      ],
      "opinion_index": -1,
      "case_paths": [
        "/tex/66/0732-01"
      ]
    },
    {
      "cite": "40 S. W. 174",
      "category": "reporters:state_regional",
      "reporter": "S.W.",
      "opinion_index": -1
    },
    {
      "cite": "119 Mo. 322",
      "category": "reporters:state",
      "reporter": "Mo.",
      "opinion_index": -1
    },
    {
      "cite": "77 Mo. 511",
      "category": "reporters:state",
      "reporter": "Mo.",
      "opinion_index": -1
    },
    {
      "cite": "86 Mo. 463",
      "category": "reporters:state",
      "reporter": "Mo.",
      "opinion_index": -1
    },
    {
      "cite": "94 Mo. 206",
      "category": "reporters:state",
      "reporter": "Mo.",
      "opinion_index": -1
    },
    {
      "cite": "37 S. W. 659",
      "category": "reporters:state_regional",
      "reporter": "S.W.",
      "opinion_index": -1
    },
    {
      "cite": "35 S. W. 879",
      "category": "reporters:state_regional",
      "reporter": "S.W.",
      "weight": 2,
      "opinion_index": -1
    },
    {
      "cite": "38 S. W. 260",
      "category": "reporters:state_regional",
      "reporter": "S.W.",
      "opinion_index": -1
    },
    {
      "cite": "47 Minn. 361",
      "category": "reporters:state",
      "reporter": "Minn.",
      "case_ids": [
        8876231
      ],
      "opinion_index": -1,
      "case_paths": [
        "/minn/47/0361-01"
      ]
    },
    {
      "cite": "41 Minn. 289",
      "category": "reporters:state",
      "reporter": "Minn.",
      "case_ids": [
        565476
      ],
      "opinion_index": -1,
      "case_paths": [
        "/minn/41/0289-01"
      ]
    },
    {
      "cite": "34 Minn. 94",
      "category": "reporters:state",
      "reporter": "Minn.",
      "case_ids": [
        8876446
      ],
      "opinion_index": -1,
      "case_paths": [
        "/minn/34/0094-01"
      ]
    },
    {
      "cite": "27 Minn. 367",
      "category": "reporters:state",
      "reporter": "Minn.",
      "case_ids": [
        767322
      ],
      "opinion_index": -1,
      "case_paths": [
        "/minn/27/0367-01"
      ]
    },
    {
      "cite": "54 Ark. 394",
      "category": "reporters:state",
      "reporter": "Ark.",
      "opinion_index": -1
    },
    {
      "cite": "139 Mass, 580",
      "category": "reporters:state",
      "reporter": "Mass.",
      "case_ids": [
        759894
      ],
      "opinion_index": -1,
      "case_paths": [
        "/mass/139/0580-01"
      ]
    },
    {
      "cite": "13 N. W. 508",
      "category": "reporters:state_regional",
      "reporter": "N.W.",
      "opinion_index": -1
    },
    {
      "cite": "49 Mich. 466",
      "category": "reporters:state",
      "reporter": "Mich.",
      "case_ids": [
        1395719
      ],
      "opinion_index": -1,
      "case_paths": [
        "/mich/49/0466-01"
      ]
    },
    {
      "cite": "45 Mich. 219",
      "category": "reporters:state",
      "reporter": "Mich.",
      "opinion_index": -1
    },
    {
      "cite": "33 Mich. 133",
      "category": "reporters:state",
      "reporter": "Mich.",
      "case_ids": [
        1346559
      ],
      "opinion_index": -1,
      "case_paths": [
        "/mich/33/0133-01"
      ]
    },
    {
      "cite": "52 Mich. 40",
      "category": "reporters:state",
      "reporter": "Mich.",
      "case_ids": [
        1439398
      ],
      "opinion_index": -1,
      "case_paths": [
        "/mich/52/0040-01"
      ]
    },
    {
      "cite": "56 Tex. 482",
      "category": "reporters:state",
      "reporter": "Tex.",
      "case_ids": [
        2179518
      ],
      "opinion_index": -1,
      "case_paths": [
        "/tex/56/0482-01"
      ]
    },
    {
      "cite": "42 Mich, 525",
      "category": "reporters:state",
      "reporter": "Mich.",
      "opinion_index": -1
    },
    {
      "cite": "54 N. J. L. 411",
      "category": "reporters:state",
      "reporter": "N.J.L.",
      "case_ids": [
        343367
      ],
      "opinion_index": -1,
      "case_paths": [
        "/njl/54/0411-01"
      ]
    },
    {
      "cite": "22 N. W. 221",
      "category": "reporters:state_regional",
      "reporter": "N.W.",
      "opinion_index": -1
    },
    {
      "cite": "58 Ark. 338",
      "category": "reporters:state",
      "reporter": "Ark.",
      "opinion_index": -1
    },
    {
      "cite": "58 Ark. 178",
      "category": "reporters:state",
      "reporter": "Ark.",
      "opinion_index": -1
    },
    {
      "cite": "81 Mich. 835",
      "category": "reporters:state",
      "reporter": "Mich.",
      "opinion_index": -1
    },
    {
      "cite": "35 N. W. 708",
      "category": "reporters:state_regional",
      "reporter": "N.W.",
      "opinion_index": -1
    },
    {
      "cite": "67 Mich. 632",
      "category": "reporters:state",
      "reporter": "Mich.",
      "case_ids": [
        1325149
      ],
      "opinion_index": -1,
      "case_paths": [
        "/mich/67/0632-01"
      ]
    },
    {
      "cite": "18 N. W. 584",
      "category": "reporters:state_regional",
      "reporter": "N.W.",
      "opinion_index": -1
    },
    {
      "cite": "53 Mich. 125",
      "category": "reporters:state",
      "reporter": "Mich.",
      "case_ids": [
        1436948
      ],
      "opinion_index": -1,
      "case_paths": [
        "/mich/53/0125-01"
      ]
    },
    {
      "cite": "41 N. W. 104",
      "category": "reporters:state_regional",
      "reporter": "N.W.",
      "opinion_index": -1
    },
    {
      "cite": "39 Minn. 523",
      "category": "reporters:state",
      "reporter": "Minn.",
      "case_ids": [
        8879153
      ],
      "weight": 2,
      "opinion_index": -1,
      "case_paths": [
        "/minn/39/0523-01"
      ]
    },
    {
      "cite": "40 la. 341",
      "category": "reporters:state",
      "reporter": "Iowa",
      "case_ids": [
        8665241
      ],
      "weight": 2,
      "opinion_index": -1,
      "case_paths": [
        "/iowa/40/0341-01"
      ]
    },
    {
      "cite": "48 Ark. 347",
      "category": "reporters:state",
      "reporter": "Ark.",
      "opinion_index": -1
    },
    {
      "cite": "60 Ark. 442",
      "category": "reporters:state",
      "reporter": "Ark.",
      "opinion_index": -1
    },
    {
      "cite": "48 Ark. 463",
      "category": "reporters:state",
      "reporter": "Ark.",
      "opinion_index": -1
    },
    {
      "cite": "45 Ark. 324",
      "category": "reporters:state",
      "reporter": "Ark.",
      "opinion_index": -1
    },
    {
      "cite": "41 Ark. 392",
      "category": "reporters:state",
      "reporter": "Ark.",
      "opinion_index": -1
    },
    {
      "cite": "46 Ark. 567",
      "category": "reporters:state",
      "reporter": "Ark.",
      "opinion_index": -1
    },
    {
      "cite": "13 N. W. 832",
      "category": "reporters:state_regional",
      "reporter": "N.W.",
      "opinion_index": 0
    },
    {
      "cite": "49 Mich. 498",
      "category": "reporters:state",
      "reporter": "Mich.",
      "opinion_index": 0
    },
    {
      "cite": "45 Ark. 318",
      "category": "reporters:state",
      "reporter": "Ark.",
      "case_ids": [
        1892042
      ],
      "pin_cites": [
        {
          "page": "324"
        }
      ],
      "opinion_index": 0,
      "case_paths": [
        "/ark/45/0318-01"
      ]
    }
  ],
  "analysis": {
    "cardinality": 539,
    "char_count": 10949,
    "ocr_confidence": 0.478,
    "pagerank": {
      "raw": 5.624792651450131e-08,
      "percentile": 0.3516583399263818
    },
    "sha256": "4b9f18b1c7b9b8d194a7fb94bfaea4b72349fca30a87966ce2d9fbdedf6bda12",
    "simhash": "1:8a36ae8ce80d01f9",
    "word_count": 1965
  },
  "last_updated": "2024-02-27T17:41:20.980376+00:00",
  "provenance": {
    "date_added": "2019-08-29",
    "source": "Harvard",
    "batch": "2018"
  },
  "casebody": {
    "judges": [],
    "parties": [
      "St. Louis, Iron Mountain & Southern Railway Company v. Mize."
    ],
    "opinions": [
      {
        "text": "Battle, J.\nNelia Mize, as administratrix of W. H. Mize, deceased, her late husband, sued the St. Louis, Iron Mountain & Southern Railway Company for damages. She alleged in her complaint, substantially, as follows:\nThe deceased was in the employ of the appellant as locomotive fireman. While so employed on a through freight train, and while the train was at Malvern, on its way north, it was learned that a trestle of the railroad, some three and a half miles north of Traskwood and five miles south of Benton, had been burned afyout nine o\u2019clock that night. At 12:50 a. m., March 29thj the conductor of the train on which deceased was fireman was ordered to take a force of men and a bridge outfit to the place where the trestle had been burned. While engaged in this service, at 3:15 a. m., the engine on which deceased was fireman ran into the burned trestle, was overturned, and caused the death of deceased.\nShe further alleged that the defendant was liable for damages on account of this death for negligence committed as follows:\n\u201c(1) In not giving the deceased and those in charge of said train warning of the danger as they approached and came to said burned trestle.\n\u201c(2) And in not giving the deceased any notice at any time of the danger.\n\u201c(3) And in not giving the deceased and those in charge of the train particular, definite and certain information as to which trestle was injured.\n\u201c(4) And in giving those in charge of the train erroneous information, as to which trestle was injured, and its location.\u201d\nShe then alleged that she is his widow, and a son aged ten years and a daughter aged nine are his next of kin; that the deceased was thirty years old, sober and industrious, and had a life expectancy of thirty-four years; that he earned $1,000 a year, which he contributed to the support of his family; and that the damage caused by his death to his widow and next of kin is $15,000.\nThe defendant answered, and admitted, as correct, the statements contained in the complaint, which gave \u201cthe history of the occurrence and its antecedents up to the wrecking of the engine at the burned trestle, and admitted that the death of W. H. Mize was a consequence of such accident, and denied that it was guilty of negligence as charged in the complaint, and alleged that if any loss, injury or damage resulted from the death of Mize, it was not caused by any negligence of the defendant, but was occasioned solely by the negligence of the deceased.\nA jury was impaneled to try the issues. In the trial evidence was adduced which tended to prove that defendant\u2019s train dispatcher at Little Eock, Ark., sent a telegram to Silverthorn, the conductor of the train on which Mize was fireman at the time he was killed, and on which he lost his life, in the words and figures following:\n\u201cMarch 29th.\n\u201cTo Conductor Silverthorn, Malvern:\n\u201cSet out your train at Malvern, and take Eupprecht\u2019s bridge outfit to burned bridge 575 between mile posts 373 and 374 quickly as possible. There are five'bents of this bridge burned.\n[Signed] \u201cA. B.\u201d\nand that this information was communicated to the engineer and the deceased in time to have avoided any accident on account of the burning of the bridge, and that it was correct. Other evidence was adduced, but sufficient is stated to explain this opinion.\nOver the objections of the defendant, the court, at the instance of the plaintiff, instructed the jury, in part, as follows: \u201cYou are instructed that, if you find from the evidence that the defendant company had knowledge of the location of the burned trestle before it first ordered Silverthorn and his crew to go to it, and further find from the evidence that it was the duty of the defendant, when it, sent Silverthorn and his crew to this trestle, to use reasonable diligence to give them accurate and certain information of the trestle\u2019s location, and if you find from the evidence that the defendant failed to use reasonable diligence to give them such information, and find from the evidence that the conductor and crew did not have such information, and further find that the defendant did not give the crew such information, and further find from the evidence that the death of intestate was caused by the failure of the defendant to give such information, or to use reasonable diligence to give the same, you will find for the plaintiff, unless you find from the evidence that deceased was guilty of negligence that contributed to the injury.\u201d\nAnd refused to give the following instruction asked for by the defendant: \u201cYou are instructed that, if you find from the evidence that plaintiff\u2019s intestate knew or had information before leaving Traskwood on his engine that morning that the train was going to a trestle that had been burned, and that said trestle was between mile posts 373 and 374, your verdict will be for the defendant.\u201d\nBut modified it and gave it as follows: \u201cYou are instructed that if you find from the evidence that plaintiff\u2019s intestate knew or had information before leaving Traskwood on his engine that morning that the train was going to a trestle, No. 575, that had been burned, and if you find that deceased had accurate and definite information as to the location of the trestle, and that said trestle was between mile post 373 and 374, your verdict will be for the defendant.\u201d\nAnd refused to give the following instruction asked for by the defendant: \u201cYou are instructed that, under the circumstances of this case, the law did not require warning of the danger to be given the deceased or the rest of the train crew as the train approached and came to the burned trestle. If the deceased and the engineer, before leaving Traskwood on the engine for the trestle, had notice or warning that they were going to a trestle that had been burned, and also had notice of the number of the.two mile posts between which the trestle would be found, such notice and warning, however it might have been obtained, was sufficient, and the plaintiff cannot recover.\u201d\nBut modified and gave it as follows: \u201cYou are instructed that, under the circumstances of this case, the law did not require warning of the danger to be given the deceased, or the rest of the train crew, as the train approached and came to the burned trestle. If the deceased and the engineer, before leaving Traskwood on the engine for the trestle, had .notice or warning and accurate and definite information as to location of trestle, on which they-acted, that they were going to a trestle that had been burned, and also had notice of the number of the two mile posts between which the trestle would be found, such notice and warning, however it might have been obtained, was sufficient, and the plaintiff cannot recover.\u201d\nAnd the court refused to give an instruction, number 17, at the request of the defendant, which is as follows: \u201cIf you find from the evidence that the train dispatcher at Little Bock had by wire notified the conductor and engineer of the train on which the deceased was fireman that the trestle in question was No. 575, and that it was between mile posts 373 and 374, and further find that the location of the trestle as given by wire was correct, and that the information so received by the said engineer and conductor was communicated to the deceased, then the plaintiff cannot recover on the ground of lack of particular, definite and certain information as to which trestle was injured.\u201d\nThe jury returned a verdict .in favor of the plaintiff for $6,000. The court rendered judgment accordingly, and the defendant appealed.\nIt is said that a railway company \u201cowes a duty to the public to keep its tracks in a safe and suitable condition, and also- to run its trains with regularity and dispatch over the same, for the carriage and transportation of passengers and freight. In so far as its employees are concerned, if the track is injured, and thereby becomes unsafe, the company is under no obligation to repair the same. It must, however, give them due and timely notice of the injury, so that danger may be averted, and, having given such notice, may take whatever time it may deem proper to repair the same,\u201d without incurring liability to its employees on account off the delay. St. L., I. M. & So. Ry. Co. v. Morgart, 45 Ark. 318, 324; Henry v. L. S. & M. S. Ry. Co., 49 Mich. 498, 13 N. W. 832. The object of the notice is to enable them to protect themselves against injuries by adopting necessary precautions for that purpose. And notice that will accomplish this object will besuffi\u2018cient. If the injury to the track be the burning of a bridge or trestle in the railway, a notice of the burning and of the number of the bridge or trestle and the mile posts between which it is located ought to accomplish that object. With such notice, it seems to us, the ignorant and inexperienced could protect themselves against dangers incident to the burning.\nIt follows that instruction numbered. 17 ought to have been given. It was correct, and was necessary to fully explain the instructions which were given. The court erred in refusing it.\"\nEeverse and remand for a new trial.",
        "type": "majority",
        "author": "Battle, J."
      }
    ],
    "attorneys": [
      "Dodge & Johnson, for appellant.",
      "J. H. Rarrod, P. R. Andrews, T. E. Stanley, for appellee."
    ],
    "corrections": "",
    "head_matter": "St. Louis, Iron Mountain & Southern Railway Company v. Mize.\nOpinion delivered January 10, 1903.\n1. Railway \u2014 Defective Track. \u2014 A railway company is not responsible for tbe death of a fireman caused by the defective condition of its track if it had previously given the deceased notice of such defect in' time for him to have protected himself from danger. (Page 163.)\n3. Notice of Defect \u2014 Definiteness.\u2014Where the defect in a railway track which caused an injury to an employee consisted of the burning of a trestle, a notice to the employee of the burning and of the number of the trestle and of the mile posts between which it was \u25a0 located was sufficiently definite. (Page 164.)\nAppeal from Woodruff. Circuit Court.\nHance N. Hutton, Judge.\nReversed and remanded.\nDodge & Johnson, for appellant.\nAn employee assumes all risks incident to his employment. 46 Ark. 567; 41 Ark. 392;-45 Ark. 324; 48 Ark. 463; 60 Ark. 442. An employee must take notice of obvious defects. 48 Ark. 347; 79 \u2022Me. 405; 40 la. 341; 39 Minn. 523; 41 N. W. 104; 53 Mich. 125; 18 N. W. 584; 67 Mich. 632; 35 N. W. 708; 81 Mich. 835; 46 N. W. Ill; Bailey, Master\u2019s Liability, 160; Wood, M. & S., \u00a7 376; 58 Ark. 178. The injury was incident to the employment. 58 Ark. 338; 22 N. W. 221; 40 la. 341; 39 Minn. 523; 54 N. J. L. 411; 42 Mich, 525; 122 H. S-. 189; 2 A. & E. R. C. 158; 56 Tex. 482 11 A. & E. R. C. 201; 52 Mich. 40; 33 Mich. 133; 45 Mich. 219; 49 Mich. 466; 13 N. W. 508; 139 Mass, 580; 54 Ark. 394; 2 Am. Neg. Rep. 578; 27 Minn. 367; 34 Minn. 94; 41 Minn. 289; 47 Minn. 361; 38 S. W. 260; 35 S. W. 879; 37 S. W. 659; 94 Mo. 206; 86 Mo. 463; 77 Mo. 511; 119 Mo. 322; 40 S. W. 174; 66 Tex. 732; '72 Tex. 159; 86 Tex. 96; 35 S. W. 879; 41 Ark. 542. The verdict was excessive. 57 Ark. 320, 378; 56 Fed. 250.\nJ. H. Rarrod, P. R. Andrews, T. E. Stanley, for appellee."
  },
  "file_name": "0159-01",
  "first_page_order": 177,
  "last_page_order": 182
}
