{
  "id": 1507843,
  "name": "Beidler v. Beidler",
  "name_abbreviation": "Beidler v. Beidler",
  "decision_date": "1903-04-11",
  "docket_number": "",
  "first_page": "318",
  "last_page": "323",
  "citations": [
    {
      "type": "official",
      "cite": "71 Ark. 318"
    }
  ],
  "court": {
    "name_abbreviation": "Ark.",
    "id": 8808,
    "name": "Arkansas Supreme Court"
  },
  "jurisdiction": {
    "id": 34,
    "name_long": "Arkansas",
    "name": "Ark."
  },
  "cites_to": [
    {
      "cite": "5 Ark. 43",
      "category": "reporters:state",
      "reporter": "Ark.",
      "opinion_index": -1
    },
    {
      "cite": "66 Ark. 6",
      "category": "reporters:state",
      "reporter": "Ark.",
      "opinion_index": -1
    },
    {
      "cite": "43 Ark. 243",
      "category": "reporters:state",
      "reporter": "Ark.",
      "case_ids": [
        1894467
      ],
      "opinion_index": -1,
      "case_paths": [
        "/ark/43/0243-01"
      ]
    },
    {
      "cite": "52 Ark. 221",
      "category": "reporters:state",
      "reporter": "Ark.",
      "opinion_index": -1
    },
    {
      "cite": "35 Ark. 95",
      "category": "reporters:state",
      "reporter": "Ark.",
      "case_ids": [
        1873837
      ],
      "opinion_index": -1,
      "case_paths": [
        "/ark/35/0095-01"
      ]
    },
    {
      "cite": "39 Ark. 399",
      "category": "reporters:state",
      "reporter": "Ark.",
      "case_ids": [
        1898668
      ],
      "opinion_index": -1,
      "case_paths": [
        "/ark/39/0399-01"
      ]
    },
    {
      "cite": "40 Ark. 219",
      "category": "reporters:state",
      "reporter": "Ark.",
      "case_ids": [
        1897128
      ],
      "opinion_index": -1,
      "case_paths": [
        "/ark/40/0219-01"
      ]
    },
    {
      "cite": "50 Ark. 34",
      "category": "reporters:state",
      "reporter": "Ark.",
      "case_ids": [
        8719810
      ],
      "opinion_index": -1,
      "case_paths": [
        "/ark/50/0034-01"
      ]
    },
    {
      "cite": "43 Ark. 341",
      "category": "reporters:state",
      "reporter": "Ark.",
      "case_ids": [
        1894525
      ],
      "opinion_index": -1,
      "case_paths": [
        "/ark/43/0341-01"
      ]
    },
    {
      "cite": "50 Ark. 281",
      "category": "reporters:state",
      "reporter": "Ark.",
      "opinion_index": -1
    },
    {
      "cite": "47 Ark. 511",
      "category": "reporters:state",
      "reporter": "Ark.",
      "case_ids": [
        1888771
      ],
      "opinion_index": -1,
      "case_paths": [
        "/ark/47/0511-01"
      ]
    },
    {
      "cite": "30 Ark. 148",
      "category": "reporters:state",
      "reporter": "Ark.",
      "case_ids": [
        1881227
      ],
      "opinion_index": -1,
      "case_paths": [
        "/ark/30/0148-01"
      ]
    },
    {
      "cite": "44 Cal. 286",
      "category": "reporters:state",
      "reporter": "Cal.",
      "opinion_index": -1
    },
    {
      "cite": "45 Miss. 430",
      "category": "reporters:state",
      "reporter": "Miss.",
      "case_ids": [
        292819
      ],
      "pin_cites": [
        {
          "page": "553"
        }
      ],
      "opinion_index": -1,
      "case_paths": [
        "/miss/45/0430-01"
      ]
    },
    {
      "cite": "58 Ark. 252",
      "category": "reporters:state",
      "reporter": "Ark.",
      "case_ids": [
        1329193
      ],
      "opinion_index": -1,
      "case_paths": [
        "/ark/58/0252-01"
      ]
    },
    {
      "cite": "31 Ark. 252",
      "category": "reporters:state",
      "reporter": "Ark.",
      "case_ids": [
        1879325
      ],
      "opinion_index": -1,
      "case_paths": [
        "/ark/31/0252-01"
      ]
    },
    {
      "cite": "30 Ark. 249",
      "category": "reporters:state",
      "reporter": "Ark.",
      "case_ids": [
        1881160
      ],
      "opinion_index": -1,
      "case_paths": [
        "/ark/30/0249-01"
      ]
    },
    {
      "cite": "30 Ark. 230",
      "category": "reporters:state",
      "reporter": "Ark.",
      "case_ids": [
        1881153
      ],
      "opinion_index": -1,
      "case_paths": [
        "/ark/30/0230-01"
      ]
    },
    {
      "cite": "89 N. Y. 251",
      "category": "reporters:state",
      "reporter": "N.Y.",
      "case_ids": [
        2184414
      ],
      "opinion_index": -1,
      "case_paths": [
        "/ny/89/0251-01"
      ]
    },
    {
      "cite": "64 Ind. 382",
      "category": "reporters:state",
      "reporter": "Ind.",
      "case_ids": [
        1518781
      ],
      "opinion_index": -1,
      "case_paths": [
        "/ind/64/0382-01"
      ]
    },
    {
      "cite": "29 Ark. 612",
      "category": "reporters:state",
      "reporter": "Ark.",
      "case_ids": [
        1882952
      ],
      "opinion_index": -1,
      "case_paths": [
        "/ark/29/0612-01"
      ]
    },
    {
      "cite": "63 Ga. 522",
      "category": "reporters:state",
      "reporter": "Ga.",
      "case_ids": [
        24274
      ],
      "opinion_index": -1,
      "case_paths": [
        "/ga/63/0522-01"
      ]
    },
    {
      "cite": "40 Ark. 62",
      "category": "reporters:state",
      "reporter": "Ark.",
      "case_ids": [
        1897130
      ],
      "opinion_index": -1,
      "case_paths": [
        "/ark/40/0062-01"
      ]
    },
    {
      "cite": "58 Cal. 621",
      "category": "reporters:state",
      "reporter": "Cal.",
      "case_ids": [
        2311139
      ],
      "opinion_index": -1,
      "case_paths": [
        "/cal/58/0621-01"
      ]
    },
    {
      "cite": "80 Ala. 142",
      "category": "reporters:state",
      "reporter": "Ala.",
      "case_ids": [
        3384353
      ],
      "opinion_index": -1,
      "case_paths": [
        "/ala/80/0142-01"
      ]
    },
    {
      "cite": "30 Ark. 239",
      "category": "reporters:state",
      "reporter": "Ark.",
      "opinion_index": -1
    },
    {
      "cite": "9 Ark. 518",
      "category": "reporters:state",
      "reporter": "Ark.",
      "case_ids": [
        8727615
      ],
      "weight": 2,
      "opinion_index": -1,
      "case_paths": [
        "/ark/9/0518-01"
      ]
    },
    {
      "cite": "23 Ark. 479",
      "category": "reporters:state",
      "reporter": "Ark.",
      "case_ids": [
        1866038
      ],
      "opinion_index": -1,
      "case_paths": [
        "/ark/23/0479-01"
      ]
    },
    {
      "cite": "18 Ark. 34",
      "category": "reporters:state",
      "reporter": "Ark.",
      "case_ids": [
        8725068
      ],
      "opinion_index": -1,
      "case_paths": [
        "/ark/18/0034-01"
      ]
    },
    {
      "cite": "7 Ark. 502",
      "category": "reporters:state",
      "reporter": "Ark.",
      "case_ids": [
        8727743
      ],
      "opinion_index": -1,
      "case_paths": [
        "/ark/7/0502-01"
      ]
    },
    {
      "cite": "3 Ark. 364",
      "category": "reporters:state",
      "reporter": "Ark.",
      "case_ids": [
        8728559
      ],
      "opinion_index": -1,
      "case_paths": [
        "/ark/3/0364-01"
      ]
    },
    {
      "cite": "5 Ark. 321",
      "category": "reporters:state",
      "reporter": "Ark.",
      "case_ids": [
        8727272
      ],
      "opinion_index": -1,
      "case_paths": [
        "/ark/5/0321-01"
      ]
    },
    {
      "cite": "40 Ark. 146",
      "category": "reporters:state",
      "reporter": "Ark.",
      "case_ids": [
        1897155
      ],
      "weight": 2,
      "opinion_index": -1,
      "case_paths": [
        "/ark/40/0146-01"
      ]
    },
    {
      "cite": "11 Ark. 82",
      "category": "reporters:state",
      "reporter": "Ark.",
      "case_ids": [
        8727443
      ],
      "opinion_index": -1,
      "case_paths": [
        "/ark/11/0082-01"
      ]
    },
    {
      "cite": "48 Ark. 169",
      "category": "reporters:state",
      "reporter": "Ark.",
      "case_ids": [
        1887789
      ],
      "opinion_index": -1,
      "case_paths": [
        "/ark/48/0169-01"
      ]
    },
    {
      "cite": "45 Ark. 472",
      "category": "reporters:state",
      "reporter": "Ark.",
      "case_ids": [
        1892016
      ],
      "opinion_index": -1,
      "case_paths": [
        "/ark/45/0472-01"
      ]
    },
    {
      "cite": "33 Ark. 762",
      "category": "reporters:state",
      "reporter": "Ark.",
      "case_ids": [
        8726248
      ],
      "opinion_index": -1,
      "case_paths": [
        "/ark/33/0762-01"
      ]
    },
    {
      "cite": "38 Ark. 37",
      "category": "reporters:state",
      "reporter": "Ark.",
      "opinion_index": -1
    },
    {
      "cite": "31 Ark. 684",
      "category": "reporters:state",
      "reporter": "Ark.",
      "case_ids": [
        1879334
      ],
      "opinion_index": -1,
      "case_paths": [
        "/ark/31/0684-01"
      ]
    },
    {
      "cite": "46 Ark. 438",
      "category": "reporters:state",
      "reporter": "Ark.",
      "case_ids": [
        1890495
      ],
      "opinion_index": -1,
      "case_paths": [
        "/ark/46/0438-01"
      ]
    },
    {
      "cite": "33 Ark. 163",
      "category": "reporters:state",
      "reporter": "Ark.",
      "opinion_index": -1
    },
    {
      "cite": "33 Ark. 475",
      "category": "reporters:state",
      "reporter": "Ark.",
      "case_ids": [
        8724753
      ],
      "opinion_index": -1,
      "case_paths": [
        "/ark/33/0475-01"
      ]
    },
    {
      "cite": "37 N. J. Eq. 344",
      "category": "reporters:state",
      "reporter": "N.J. Eq.",
      "case_ids": [
        775720
      ],
      "opinion_index": -1,
      "case_paths": [
        "/nj-eq/37/0344-01"
      ]
    },
    {
      "cite": "33 Ark. 33",
      "category": "reporters:state",
      "reporter": "Ark.",
      "case_ids": [
        8721503
      ],
      "opinion_index": -1,
      "case_paths": [
        "/ark/33/0033-01"
      ]
    },
    {
      "cite": "45 N. J. Eq. 78",
      "category": "reporters:state",
      "reporter": "N.J. Eq.",
      "opinion_index": -1
    },
    {
      "cite": "30 N. Y. 383",
      "category": "reporters:state",
      "reporter": "N.Y.",
      "case_ids": [
        2040628
      ],
      "opinion_index": -1,
      "case_paths": [
        "/ny/30/0383-01"
      ]
    },
    {
      "cite": "48 S. W. 665",
      "category": "reporters:state_regional",
      "reporter": "S.W.",
      "opinion_index": -1
    },
    {
      "cite": "7 Barb. 14",
      "category": "reporters:state",
      "reporter": "Barb.",
      "opinion_index": -1
    },
    {
      "cite": "9 Ohio St. 536",
      "category": "reporters:state",
      "reporter": "Ohio St.",
      "opinion_index": -1
    },
    {
      "cite": "34 N. J.Eq. 69",
      "category": "reporters:state",
      "reporter": "N.J. Eq.",
      "opinion_index": -1
    },
    {
      "cite": "50 Mo. 17",
      "category": "reporters:state",
      "reporter": "Mo.",
      "case_ids": [
        980430
      ],
      "opinion_index": -1,
      "case_paths": [
        "/mo/50/0017-01"
      ]
    },
    {
      "cite": "33 Wall. 537",
      "category": "reporters:scotus_early",
      "reporter": "Wall.",
      "opinion_index": -1
    },
    {
      "cite": "39 Ga. 393",
      "category": "reporters:state",
      "reporter": "Ga.",
      "opinion_index": -1
    },
    {
      "cite": "9 Mont. 341",
      "category": "reporters:state",
      "reporter": "Mont.",
      "case_ids": [
        8588029
      ],
      "opinion_index": -1,
      "case_paths": [
        "/mont/9/0341-01"
      ]
    },
    {
      "cite": "33 Pac. 736",
      "category": "reporters:state_regional",
      "reporter": "P.",
      "opinion_index": -1
    },
    {
      "cite": "99 Mich. 493",
      "category": "reporters:state",
      "reporter": "Mich.",
      "case_ids": [
        1524549
      ],
      "opinion_index": -1,
      "case_paths": [
        "/mich/99/0493-01"
      ]
    },
    {
      "cite": "58 N. W. 473",
      "category": "reporters:state_regional",
      "reporter": "N.W.",
      "opinion_index": -1
    },
    {
      "cite": "18 S. W. 1088",
      "category": "reporters:state_regional",
      "reporter": "S.W.",
      "opinion_index": -1
    },
    {
      "cite": "59 Ark. 61",
      "category": "reporters:state",
      "reporter": "Ark.",
      "opinion_index": -1
    },
    {
      "cite": "53 Aik. 350",
      "category": "reporters:state",
      "reporter": "Aik.",
      "opinion_index": -1
    },
    {
      "cite": "101 Fed. 176",
      "category": "reporters:federal",
      "reporter": "F.",
      "opinion_index": -1
    },
    {
      "cite": "103 Fed. 77",
      "category": "reporters:federal",
      "reporter": "F.",
      "opinion_index": -1
    },
    {
      "cite": "40 Ark. 339",
      "category": "reporters:state",
      "reporter": "Ark.",
      "opinion_index": -1
    },
    {
      "cite": "17 Ark. 100",
      "category": "reporters:state",
      "reporter": "Ark.",
      "case_ids": [
        8725051
      ],
      "opinion_index": -1,
      "case_paths": [
        "/ark/17/0100-01"
      ]
    },
    {
      "cite": "9 Ark. 185",
      "category": "reporters:state",
      "reporter": "Ark.",
      "case_ids": [
        8727124
      ],
      "opinion_index": -1,
      "case_paths": [
        "/ark/9/0185-01"
      ]
    },
    {
      "cite": "40 Pac. 193",
      "category": "reporters:state_regional",
      "reporter": "P.",
      "opinion_index": -1
    },
    {
      "cite": "69 Ark. 91",
      "category": "reporters:state",
      "reporter": "Ark.",
      "case_ids": [
        8719852
      ],
      "opinion_index": -1,
      "case_paths": [
        "/ark/69/0091-01"
      ]
    },
    {
      "cite": "70 Ark. 409",
      "category": "reporters:state",
      "reporter": "Ark.",
      "case_ids": [
        1509469
      ],
      "opinion_index": -1,
      "case_paths": [
        "/ark/70/0409-01"
      ]
    },
    {
      "cite": "55 Ark. 30",
      "category": "reporters:state",
      "reporter": "Ark.",
      "case_ids": [
        1322255
      ],
      "opinion_index": -1,
      "case_paths": [
        "/ark/55/0030-01"
      ]
    },
    {
      "cite": "68 Ark. 305",
      "category": "reporters:state",
      "reporter": "Ark.",
      "opinion_index": -1
    },
    {
      "cite": "9 Ark. 345",
      "category": "reporters:state",
      "reporter": "Ark.",
      "case_ids": [
        8727352
      ],
      "opinion_index": -1,
      "case_paths": [
        "/ark/9/0345-01"
      ]
    },
    {
      "cite": "88 Ind. 139",
      "category": "reporters:state",
      "reporter": "Ind.",
      "case_ids": [
        1324450
      ],
      "opinion_index": -1,
      "case_paths": [
        "/ind/88/0139-01"
      ]
    },
    {
      "cite": "58 Ark. 39",
      "category": "reporters:state",
      "reporter": "Ark.",
      "case_ids": [
        1329145
      ],
      "opinion_index": -1,
      "case_paths": [
        "/ark/58/0039-01"
      ]
    },
    {
      "cite": "44 Ark. 60",
      "category": "reporters:state",
      "reporter": "Ark.",
      "opinion_index": -1
    },
    {
      "cite": "66 Ark. 115",
      "category": "reporters:state",
      "reporter": "Ark.",
      "opinion_index": -1
    },
    {
      "cite": "59 Ark. 544",
      "category": "reporters:state",
      "reporter": "Ark.",
      "opinion_index": -1
    },
    {
      "cite": "55 Ark. 33",
      "category": "reporters:state",
      "reporter": "Ark.",
      "opinion_index": -1
    },
    {
      "cite": "33 Fed. 609",
      "category": "reporters:federal",
      "reporter": "F.",
      "opinion_index": -1
    },
    {
      "cite": "69 S. W. 578",
      "category": "reporters:state_regional",
      "reporter": "S.W.",
      "opinion_index": -1
    },
    {
      "cite": "36 Ark. 491",
      "category": "reporters:state",
      "reporter": "Ark.",
      "case_ids": [
        1872518
      ],
      "opinion_index": -1,
      "case_paths": [
        "/ark/36/0491-01"
      ]
    },
    {
      "cite": "17 Ark. 371",
      "category": "reporters:state",
      "reporter": "Ark.",
      "case_ids": [
        8726097
      ],
      "opinion_index": -1,
      "case_paths": [
        "/ark/17/0371-01"
      ]
    },
    {
      "cite": "11 Ark. 513",
      "category": "reporters:state",
      "reporter": "Ark.",
      "opinion_index": -1
    },
    {
      "cite": "27 Ark. 70",
      "category": "reporters:state",
      "reporter": "Ark.",
      "case_ids": [
        1885715
      ],
      "opinion_index": -1,
      "case_paths": [
        "/ark/27/0070-01"
      ]
    },
    {
      "cite": "7 S. W. 691",
      "category": "reporters:state_regional",
      "reporter": "S.W.",
      "opinion_index": -1
    },
    {
      "cite": "81 Ky. 16",
      "category": "reporters:state",
      "reporter": "Ky.",
      "case_ids": [
        1311676
      ],
      "opinion_index": -1,
      "case_paths": [
        "/ky/81/0016-01"
      ]
    },
    {
      "cite": "20 Wis. 265",
      "category": "reporters:state",
      "reporter": "Wis.",
      "case_ids": [
        8708619
      ],
      "opinion_index": -1,
      "case_paths": [
        "/wis/20/0265-01"
      ]
    },
    {
      "cite": "10 Wend. (N. Y.) 560",
      "category": "reporters:state",
      "reporter": "Wend.",
      "case_ids": [
        2012946
      ],
      "opinion_index": -1,
      "case_paths": [
        "/wend/10/0560-01"
      ]
    },
    {
      "cite": "36 Ark. 540",
      "category": "reporters:state",
      "reporter": "Ark.",
      "opinion_index": -1
    },
    {
      "cite": "33 Ark. 454",
      "category": "reporters:state",
      "reporter": "Ark.",
      "case_ids": [
        8724628
      ],
      "opinion_index": -1,
      "case_paths": [
        "/ark/33/0454-01"
      ]
    },
    {
      "cite": "60 Ark. 453",
      "category": "reporters:state",
      "reporter": "Ark.",
      "case_ids": [
        1903712
      ],
      "opinion_index": -1,
      "case_paths": [
        "/ark/60/0453-01"
      ]
    },
    {
      "cite": "17 S. C. 446",
      "category": "reporters:state",
      "reporter": "S.C.",
      "case_ids": [
        363240
      ],
      "opinion_index": -1,
      "case_paths": [
        "/sc/17/0446-01"
      ]
    },
    {
      "cite": "46 la. 172",
      "category": "reporters:state",
      "reporter": "Iowa",
      "case_ids": [
        2333182
      ],
      "opinion_index": -1,
      "case_paths": [
        "/iowa/46/0172-01"
      ]
    },
    {
      "cite": "84 N. C. 366",
      "category": "reporters:state",
      "reporter": "N.C.",
      "case_ids": [
        8694072
      ],
      "opinion_index": -1,
      "case_paths": [
        "/nc/84/0366-01"
      ]
    },
    {
      "cite": "63 Ind. 369",
      "category": "reporters:state",
      "reporter": "Ind.",
      "opinion_index": -1
    },
    {
      "cite": "98 Ind. 165",
      "category": "reporters:state",
      "reporter": "Ind.",
      "case_ids": [
        1371992
      ],
      "opinion_index": -1,
      "case_paths": [
        "/ind/98/0165-01"
      ]
    },
    {
      "cite": "83 Ind. 583",
      "category": "reporters:state",
      "reporter": "Ind.",
      "case_ids": [
        1319075
      ],
      "opinion_index": -1,
      "case_paths": [
        "/ind/83/0583-01"
      ]
    },
    {
      "cite": "14 Ark. 360",
      "category": "reporters:state",
      "reporter": "Ark.",
      "case_ids": [
        1862670
      ],
      "opinion_index": -1,
      "case_paths": [
        "/ark/14/0360-01"
      ]
    },
    {
      "cite": "6 Ark. 78",
      "category": "reporters:state",
      "reporter": "Ark.",
      "pin_cites": [
        {
          "page": "317"
        }
      ],
      "opinion_index": -1
    },
    {
      "cite": "42 Ark. 560",
      "category": "reporters:state",
      "reporter": "Ark.",
      "case_ids": [
        8725217
      ],
      "weight": 2,
      "opinion_index": -1,
      "case_paths": [
        "/ark/42/0560-01"
      ]
    },
    {
      "cite": "1 Ark. 31",
      "category": "reporters:state",
      "reporter": "Ark.",
      "case_ids": [
        8728276
      ],
      "pin_cites": [
        {
          "page": "186"
        }
      ],
      "opinion_index": -1,
      "case_paths": [
        "/ark/1/0031-01"
      ]
    },
    {
      "cite": "36 N J. Eq. 36",
      "category": "reporters:state",
      "reporter": "N.J. Eq.",
      "opinion_index": -1
    },
    {
      "cite": "1 Pet. 15",
      "category": "reporters:scotus_early",
      "reporter": "Pet.",
      "opinion_index": -1
    },
    {
      "cite": "60 Ark. 460",
      "category": "reporters:state",
      "reporter": "Ark.",
      "opinion_index": -1
    },
    {
      "cite": "33 Ark. 828",
      "category": "reporters:state",
      "reporter": "Ark.",
      "opinion_index": -1
    },
    {
      "cite": "53 N. Y. 600",
      "category": "reporters:state",
      "reporter": "N.Y.",
      "opinion_index": -1
    },
    {
      "cite": "18 How. 164",
      "category": "reporters:scotus_early",
      "reporter": "How.",
      "opinion_index": -1
    },
    {
      "cite": "49 Ark. 413",
      "category": "reporters:state",
      "reporter": "Ark.",
      "opinion_index": -1
    },
    {
      "cite": "47 Ark. 419",
      "category": "reporters:state",
      "reporter": "Ark.",
      "opinion_index": -1
    },
    {
      "cite": "44 Ark. 426",
      "category": "reporters:state",
      "reporter": "Ark.",
      "weight": 2,
      "opinion_index": -1
    },
    {
      "cite": "5 Ark. 424",
      "category": "reporters:state",
      "reporter": "Ark.",
      "case_ids": [
        8727507
      ],
      "opinion_index": -1,
      "case_paths": [
        "/ark/5/0424-01"
      ]
    },
    {
      "cite": "46 Wis. 650",
      "category": "reporters:state",
      "reporter": "Wis.",
      "case_ids": [
        8708004
      ],
      "opinion_index": -1,
      "case_paths": [
        "/wis/46/0650-01"
      ]
    },
    {
      "cite": "55 Ark. 442",
      "category": "reporters:state",
      "reporter": "Ark.",
      "case_ids": [
        1322359
      ],
      "opinion_index": -1,
      "case_paths": [
        "/ark/55/0442-01"
      ]
    },
    {
      "cite": "57 Ark. 40",
      "category": "reporters:state",
      "reporter": "Ark.",
      "opinion_index": -1
    },
    {
      "cite": "28 Fed. 410",
      "category": "reporters:federal",
      "reporter": "F.",
      "opinion_index": -1
    },
    {
      "cite": "21 Ark. 364",
      "category": "reporters:state",
      "reporter": "Ark.",
      "case_ids": [
        1868293
      ],
      "opinion_index": -1,
      "case_paths": [
        "/ark/21/0364-01"
      ]
    },
    {
      "cite": "11 Wis. 401",
      "category": "reporters:state",
      "reporter": "Wis.",
      "case_ids": [
        8709276
      ],
      "opinion_index": -1,
      "case_paths": [
        "/wis/11/0401-01"
      ]
    },
    {
      "cite": "47 Ark. 31",
      "category": "reporters:state",
      "reporter": "Ark.",
      "case_ids": [
        1888750
      ],
      "opinion_index": -1,
      "case_paths": [
        "/ark/47/0031-01"
      ]
    },
    {
      "cite": "77 Ind. 371",
      "category": "reporters:state",
      "reporter": "Ind.",
      "case_ids": [
        1945428
      ],
      "opinion_index": -1,
      "case_paths": [
        "/ind/77/0371-01"
      ]
    },
    {
      "cite": "49 Ark. 411",
      "category": "reporters:state",
      "reporter": "Ark.",
      "opinion_index": -1
    },
    {
      "cite": "26 Ark. 60",
      "category": "reporters:state",
      "reporter": "Ark.",
      "opinion_index": -1
    },
    {
      "cite": "63 Ark. 513",
      "category": "reporters:state",
      "reporter": "Ark.",
      "case_ids": [
        8724221
      ],
      "opinion_index": -1,
      "case_paths": [
        "/ark/63/0513-01"
      ]
    },
    {
      "cite": "58 Ark. 252",
      "category": "reporters:state",
      "reporter": "Ark.",
      "case_ids": [
        1329193
      ],
      "opinion_index": 0,
      "case_paths": [
        "/ark/58/0252-01"
      ]
    },
    {
      "cite": "69 Ark. 591",
      "category": "reporters:state",
      "reporter": "Ark.",
      "case_ids": [
        8725409
      ],
      "opinion_index": 0,
      "case_paths": [
        "/ark/69/0591-01"
      ]
    },
    {
      "cite": "11 Ark. 12",
      "category": "reporters:state",
      "reporter": "Ark.",
      "case_ids": [
        8727326
      ],
      "opinion_index": 0,
      "case_paths": [
        "/ark/11/0012-01"
      ]
    },
    {
      "cite": "11 Ark. 512",
      "category": "reporters:state",
      "reporter": "Ark.",
      "case_ids": [
        8727882
      ],
      "opinion_index": 0,
      "case_paths": [
        "/ark/11/0512-01"
      ]
    },
    {
      "cite": "8 Ark. 177",
      "category": "reporters:state",
      "reporter": "Ark.",
      "case_ids": [
        8727104
      ],
      "opinion_index": 0,
      "case_paths": [
        "/ark/8/0177-01"
      ]
    },
    {
      "cite": "70 Ark. 409",
      "category": "reporters:state",
      "reporter": "Ark.",
      "case_ids": [
        1509469
      ],
      "opinion_index": 0,
      "case_paths": [
        "/ark/70/0409-01"
      ]
    },
    {
      "cite": "55 Ark. 30",
      "category": "reporters:state",
      "reporter": "Ark.",
      "case_ids": [
        1322255
      ],
      "opinion_index": 0,
      "case_paths": [
        "/ark/55/0030-01"
      ]
    },
    {
      "cite": "36 Ark. 491",
      "category": "reporters:state",
      "reporter": "Ark.",
      "case_ids": [
        1872518
      ],
      "opinion_index": 0,
      "case_paths": [
        "/ark/36/0491-01"
      ]
    },
    {
      "cite": "17 Ark. 371",
      "category": "reporters:state",
      "reporter": "Ark.",
      "case_ids": [
        8726097
      ],
      "opinion_index": 0,
      "case_paths": [
        "/ark/17/0371-01"
      ]
    }
  ],
  "analysis": {
    "cardinality": 766,
    "char_count": 12619,
    "ocr_confidence": 0.491,
    "pagerank": {
      "raw": 4.5780392019736573e-07,
      "percentile": 0.9252765315661261
    },
    "sha256": "23ba4b1f7ef397d435c99aa6bd9189d190606b1d0a0c91871ff208e11294ae32",
    "simhash": "1:828293e37bad94d8",
    "word_count": 2384
  },
  "last_updated": "2024-02-27T17:41:20.980376+00:00",
  "provenance": {
    "date_added": "2019-08-29",
    "source": "Harvard",
    "batch": "2018"
  },
  "casebody": {
    "judges": [
      "Bunn, C. J., absent."
    ],
    "parties": [
      "Beidler v. Beidler."
    ],
    "opinions": [
      {
        "text": "Battle, J.\nSenator Roy Beidler instituted a suit against J. H. Beidler, X. F. Beidler, Grace Beidler, Joseph L. Foster and W. J. Foster to set aside certain deeds. He alleged in his complaint that he is the son of H. M. Beidler, who departed this life leaving him his only heir; that H, M. Beidler in his lifetime conveyed and caused to be conveyed to the defendant J.' H. Beidler, certain lands described in his complaint and belonging to him; that the lands were conveyed with the understanding that J. H. was to hold the legal, title in trust for H. M., and make title to purchasers on demand of H. M., and when H. M. died convey so much thereof as remained unsold to plaintiff; that Joseph L. Foster, on the 31st of February, 1890, brought an action against J. H., and sued out an order of attachment therein, and caused it to be levied upon the lands, obtained a judgment for a large sum, caused the lands to be sold to satisfy the judgment, and purchased the same at the sale; that the sale was confirmed by the court, and the lands were conveyed to Joseph L. by the sheriff; that Joseph L. conveyed divers parcels of the lands to purchasers, and, on the 10th day of October, 1894, conveyed the remainder by quit-claim deed to his son, the defendant W. J. Foster, the consideration being one dollar. He asked that the deeds,from H. M. to J. H. be set aside as to him, and that it be decreed that Joseph L. and those holding under him take nothing by reason of their deeds.\nThe Fosters being non-residents, summons was not served upon either of them. No warning order was made on the complaint, as the law requires, though one was published.\nOn the 7th d'ay of June, 1899, Joseph L. demurred to the complaint because it did not state facts sufficient to constitute a cause of action. On the 28th day of the same month, at the same term of the court, none of the defendants -except Joseph L. having demurred or answered, the court rendered a decree against those failing to plead according to the prayer of the complaint, and continued the demurrer until the next term of the court, at which term, on the \u25a0 16th of December, 1899, the court sustained the demurrer as to, Joseph L., and the plaintiff appealed. W. J. Foster prayed and obtained a cross-appeal in this court.\nThe first question in the case is, was W. J. Foster entitled to the cross-appeal?\nSection 1053 of Sandels & Hill\u2019s Digest provides: \u201cThe appellee at any time before trial, by an entry upon the records of the supreme court, may pray and obtain a cross-appeal against the appellant, or any co-appellee in whose favor any question is decided prejudicial to such party.\u201d The object of this statute was to enable any party to an action in which an appeal has been taken to bring questions decided therein to his prejudice before this court without being compelled to take a separate appeal, and to avoid the necessity of the disposal of a cause by piecemeal. Hence an appellee can take a cross-appeal against the appellant or any co-appellee. The only limitation upon this right is in time. He must take it before trial, that is, before the cause is submitted for decision.\nIn this case the issue before the court at the time the decree was rendered was, did the complaint state facts sufficient to constitute a cause of action? Every defendant was a party to and was affected by this issue. A decision in the negative inured to the benefit of all of them. Bruton v. Gregory, 8 Ark. 177; Ferguson v. State Bank, 11 Ark. 512; Gordon v. State, 11 Ark. 12; State v. Williams, 17 Ark. 371; Hall v. Bonville, 36 Ark. 491; Fletcher v. Bank of Lonoke, ante, p. 1. No decree ought to have been rendered until the demurrer was disposed of. But the court rendered a decree against all the defendants, except Joseph L., and at a subsequent term sustained the demurrer as to him, and the plaintiff appealed.\nThe defendants who did not appear being constructively summoned, had two years in which to come in and move for a new trial, and make their defense. Sand. & H. Dig. \u00a7 5882. The right of redress by appeal still belonged to them in the event the result of a re-trial was against them. But, instead of doing so, W. J. Foster took a cross-appeal. As he was a party to the issue from the decision of which plaintiff appealed, and thereby an appellee, he was entitled to it. Although he was barred from taking an appeal from the decree, his right to cross-appeal survived by virtue of plaintiff\u2019s appeal. He comes within the spirit of the statute.\nW. J. Foster was not warned to appear in this suit in the manner prescribed by the statute. The statute provides that, after it is shown that a summons cannot be served upon a defendant, \u201cthe clerk shall 'make upon the complaint an order warning such defendant to appear in the action within thirty days from the time of the making the order.\u201d Sand. & H. Dig. \u00a7 5679. This court has repeatedly held that a compliance with provisions like this is an essential pre-requisite to the publication of a warning order, without which no jurisdiction as to such defendants can be acquired, and all proceedings as to them are void. Gregory v. Bartlett, 55 Ark. 30; Memphis Land & Timber Co. v. Board of Directors of St. Francis Levee District, 70 Ark. 409; McMahon v. Smith, 69 Ark. 591.\nNo warning order was made by the clerk upon the complaint in this suit, and the decree of the court as to W. J. Foster is void.\nThere is no contention here that appellant Beidler failed to show that he had any equitable claim to the lands in controversy that he might have asserted against J. H. Beidler, the defendant in the attachment proceedings instituted by Joseph L. Foster. That stands uncontroverted in this court. If such be true, the purchase of Joseph L. at his own sale did not deprive him of the same. He took the lands charged with all the rights and equities, which exist only in parol, that might have been asserted against the defendant, J. H. Beidler. Tennant v. Watson, 58 Ark. 252. If it appeared from the complaint that appellant had such rights and equities at the time of the purchase, the court erred in sustaining the demurrer as to him (Joseph L.).\nTherefore, and inasmuch as Joseph L. Foster has no interest in the lands in controversy, and he has conveyed all he had to W. J. Foster, and the decree as to W. J. is void, the judgment upon the demurrer and the decree as to W. J. are reversed, and the'cause as to the Fosters is remanded with instructions to the court to proceed in accordance with this opinion.\nBunn, C. J., absent.",
        "type": "majority",
        "author": "Battle, J."
      }
    ],
    "attorneys": [
      "J. D. Coolc, for appellant.",
      "W. J. Foster, pro se.",
      "S. 8. Hulbert and Bose, Hemingway & Bose, for W. J. Foster."
    ],
    "corrections": "",
    "head_matter": "Beidler v. Beidler.\nOpinion delivered April 11, 1903.\n1. Cross-Appeal \u2014 When May Be Taken. \u2014 Under Sand. & H. Dig., \u00a7 1053, providing that the appellee at any time before trial, by an entry upon the records of the supreme court, may pray and obtain a cross-appeal against the appellant or any co-appellee in whose, favor any question is decided prejudicial to such party,\u201d an appellee can take an appeal against an appellant at any time before the cause is submitted for decision. (Page 321.)\n2. Pleading \u2014 Demurrer oe One Inuring to All. \u2014 Where one of several defendants demurs to the complaint as not stating a cause of action, a decision sustaining the demurrer inures to the benefit of all of the defendants. (Page 321.)\n3. Process \u2014 Warning Order \u2014 Jurisdiction.\u2014A judgment based upon constructive service by publication of a warning order is void where the warning order was not made upon the complaint, as required by Sand. & H. Dig., \u00a7 5679. (Page 322.)\n4. Execution Sale \u2014 Purchase by Plaintiee. \u2014 A purchaser of land at a sale under execution in his own favor takes it charged with all the rights and equities which exist only in parol that might have been asserted against the execution defendant. (Page 322.)\nAppeal from Miller Circuit Court in Chancery.\nJoel D. Conway, Judge.\nReversed.\nJ. D. Coolc, for appellant.\nJ. H. Beidler held the lands in trust for his grantor. 33 Ark. 762. A resulting trust may be proved by parol. 45 Ark. 472; 48 Ark. 169; 11 Ark. 82; 40 Ark. 146. The same rule applies to deeds intended as a mortgage. 5 Ark. 321; 3 Ark. 364; 7 Ark. 502; 18 Ark. 34; 23 Ark. 479; 40 Ark. 146. Resulting trusts, or trusts created by operation of law, are excluded from the effect of our statute of fraud. Sand. & H. Dig. \u00a7 4381; 9 Ark. 518; 30 Ark. 239. Where an estate is purchased bj- one, and the deed is taken in the \u00f1ame of another, a resulting trust is created in favor of the purchaser. 80 Ala. 142; 58 Cal. 621; 40 Ark. 62; 63 Ga. 522; 119 I'll. 412; 9 Ark. 518; 29 Ark. 612; 64 Ind. 382; 89 N. Y. 251; 30 Ark. 230; 3 Mason (TJ. S. C. 0.) 362; 17 Wall. (TJ. S.) 44. A purchaser at his own execution sale is not an innocent purchaser. 44 AtL. 48; 30 Ark. 249; 31 Ark. 252; 58 Ark. 252. Judgments entered after service, but after death of defendant, are void. 45 Miss. 430, 553; 29 La. Am. 141; 44 Cal. 286.\nW. J. Foster, pro se.\n. The court'had jurisdiction to enter the decree, and for that reason the petitioner is precluded from resorting to the writ of certiorari. 30 Ark. 148; 47 Ark. 511; 50 Ark. 281; 43 Ark. 341; 50 Ark. 34; His laches is fatal. 40 Ark. 219; 39 Ark. 399; 35 Ark. 95; 52 Ark. 221; 43 Ark. 243- The writ is one of discretion. 99 111. 179. When parties seek to vacate or modify a judgment, it must be done expeditiously and within time allowed for an appeal. Sand. & H. Dig. \u00a7\u00a7 5841, 5839. W. J. Foster can not attack the judgment collaterally. 66 Ark. 6; 5 Ark. 43; Sand. & H. Dig. \u00a7 4191; 63 Ark. 513; 117 H. S. 897; 26 Ark. 60; 49 Ark. 411. The decree is valid, and can not be attacked collaterally. Yan Fleet, Coll. Att. 79-82; 77 Ind. 371; 47 Ark. 31; 11 Wis. 401; 21 Ark. 364; 70 111. 378; 28 Fed. 410; 57 Ark. 40; 55 Ark. 442; 46 Wis. 650; 5 Ark. 424; 11 Ark. '519. Judgments of domestic courts of general jurisdiction aTe presumed to be within jurisdiction, unless from the Tecord itself it can be clearly seen that they are without. Freeman, Judg. \u00a7\u00a7 124-133; 44 Ark. 426; -47 Ark. 419; 49 Ark. 413; 44 Ark. 426; 18 How. 164; 18 Wall. (TJ. S.) 365; 53 N. Y. 600; 33 Ark. 828. \u2022 The granting of a bill of review is not a matter of right. 60 Ark. 460; 1 Pet. 15; 12 Pet.-32; 36 N J. Eq. 36; 8 W. Ya. 189. The plaintiff\u2019s laches defeats the bill of review. High. Inj. \u00a7\u00a7 85, 86, 99, 128, 161, 165; 1 Ark. 31, 186; 42 Ark. 560; 6 Ark. 78, 317; 5.Ark. 501; 14 Ark. 360; Freeman, Judg. \u00a7\u00a7 102,115; Story, Eq. PI. 104; 83 Ind. 583; 98 Ind. 165; 63 Ind. 369; 84 N. C. 366; 46 la. 172; 104.TJ. S. 410; 17 S. C. 446; 60 Ark. 453; 43 Ark. \u00cd07; 42 Ark. 560; 33 Ark. 454: 36 Ark. 540; 10 Wend. (N. Y.) 560; 20 Wis. 265; 81 Ky. 16. The court will consider judicially its own orders. 7 S. W. 691; 55 Texas, 193; Wade, Notice 723; 27 Ark. 70. \u25a0\nS. 8. Hulbert and Bose, Hemingway & Bose, for W. J. Foster.\nThe demurrer filed in the name of J. L. Foster inured to rhe benefit of W. J. Foster. 8 Ark. ,177: 11 Ark. 513; 17 Ark. 371; 36 Ark. 491; 69 S. W. 578. The complaint shows no cause of action against W. J. Foster, and the decree must be reversed. Sand: & H. Dig. \u00a7 738; 33 Fed. 609; 145 IT. S. 493; 55 Ark. 33; 59 Ark. 544; 66 Ark. 115; 44 Ark. 60; 58 Ark. 39; Elliott, App. Pro. \u00a7\u00a7 471, 475. All parties to a decree, save the appellant, are appellees. 3 Enc. Law & Pro. 768; Elliott, App. Pro. \u00a7 159; 88 Ind. 139; 9 Ark. 345; 3 Cent. Dig. 3377. Certiorari would suffice to correct the error. 68 Ark. 305. The making of the warning order as prescribed by law is jurisdictional. Sand. & H. Dig. \u00a7 5679; 55 Ark. 30; 70 Ark. 409; 69 Ark. 91. All courts have a general power to correct their records. 17 Enc. PI. & Pr. 914; 40 Pac. 193; 9 Ark. 185; 17 Ark. 100. They may do so on satisfactory evidence, whether on file in the case or not. 40 Ark. 339; 103 Fed. 77; 101 Fed. 176. The power of correction does not cease with the entry of judgment, nor is it confined to errors of the clerk. 53 Aik. 350; 59 Ark. 61; 18 S. W. 1088; 58 N. W. 473; 99 Mich. 493; 33 Pac. 736; 9 Mont. 341; Sand. & H. Dig. \u00a7 5769; 39 Ga. 393. After decree, a bill may be amended so as to conform to the issues tried, 33 Wall. 537; 3 John.537; 50 Mo. 17; 34 N. J.Eq. 69. The complaint may be amended after judgment. 9 Ohio St. 536; 7 Barb. 14; 48 S. W. 665; 30 N. Y. 383. Final decrees may be amended when necessary- to give full expression to the' judgment. 45 N. J. Eq. 78; 34 Id. 37; 7 Paige, 383; 9 Id. 395; 33 Ark. 33. A court succeeding to the jurisdiction of another may correct its judgments. 17 Enc. PL & Pr. 917; 37 N. J. Eq. 344; 33 Ark. 475. There is no limitation for bills of review. 33 Ark. 163; 46 Ark. 438; 31 Ark. 684; 38 Ark. 37."
  },
  "file_name": "0318-01",
  "first_page_order": 336,
  "last_page_order": 341
}
