{
  "id": 1507883,
  "name": "Wadsworth v. Bugg",
  "name_abbreviation": "Wadsworth v. Bugg",
  "decision_date": "1903-10-24",
  "docket_number": "",
  "first_page": "501",
  "last_page": "505",
  "citations": [
    {
      "type": "official",
      "cite": "71 Ark. 501"
    }
  ],
  "court": {
    "name_abbreviation": "Ark.",
    "id": 8808,
    "name": "Arkansas Supreme Court"
  },
  "jurisdiction": {
    "id": 34,
    "name_long": "Arkansas",
    "name": "Ark."
  },
  "cites_to": [
    {
      "cite": "57 Ark. 599",
      "category": "reporters:state",
      "reporter": "Ark.",
      "case_ids": [
        1324581
      ],
      "opinion_index": -1,
      "case_paths": [
        "/ark/57/0599-01"
      ]
    },
    {
      "cite": "51 Ark. 341",
      "category": "reporters:state",
      "reporter": "Ark.",
      "case_ids": [
        8722916
      ],
      "opinion_index": -1,
      "case_paths": [
        "/ark/51/0341-01"
      ]
    },
    {
      "cite": "48 Ark. 355",
      "category": "reporters:state",
      "reporter": "Ark.",
      "case_ids": [
        1887773
      ],
      "opinion_index": -1,
      "case_paths": [
        "/ark/48/0355-01"
      ]
    },
    {
      "cite": "61 Ark. 348",
      "category": "reporters:state",
      "reporter": "Ark.",
      "opinion_index": -1
    },
    {
      "cite": "51 Ark. 459",
      "category": "reporters:state",
      "reporter": "Ark.",
      "case_ids": [
        8724010
      ],
      "opinion_index": -1,
      "case_paths": [
        "/ark/51/0459-01"
      ]
    },
    {
      "cite": "61 Ark. 549",
      "category": "reporters:state",
      "reporter": "Ark.",
      "case_ids": [
        1902322
      ],
      "opinion_index": -1,
      "case_paths": [
        "/ark/61/0549-01"
      ]
    },
    {
      "cite": "58 Ark. 135",
      "category": "reporters:state",
      "reporter": "Ark.",
      "opinion_index": -1
    },
    {
      "cite": "48 Ark. 343",
      "category": "reporters:state",
      "reporter": "Ark.",
      "opinion_index": -1
    },
    {
      "cite": "48 Ark. 347",
      "category": "reporters:state",
      "reporter": "Ark.",
      "opinion_index": -1
    },
    {
      "cite": "60 Ark. 438",
      "category": "reporters:state",
      "reporter": "Ark.",
      "case_ids": [
        1903683
      ],
      "opinion_index": -1,
      "case_paths": [
        "/ark/60/0438-01"
      ]
    },
    {
      "cite": "14 C. C. A. 483",
      "category": "reporters:federal",
      "reporter": "C.C.A.",
      "opinion_index": -1
    },
    {
      "cite": "57 Ark. 434",
      "category": "reporters:state",
      "reporter": "Ark.",
      "opinion_index": -1
    },
    {
      "cite": "57 Ark. 435",
      "category": "reporters:state",
      "reporter": "Ark.",
      "opinion_index": -1
    },
    {
      "cite": "54 Ark. 309",
      "category": "reporters:state",
      "reporter": "Ark.",
      "opinion_index": -1
    },
    {
      "cite": "41 C. C. A. 193",
      "category": "reporters:federal",
      "reporter": "C.C.A.",
      "opinion_index": -1
    },
    {
      "cite": "67 Ark. 47",
      "category": "reporters:state",
      "reporter": "Ark.",
      "case_ids": [
        1152574
      ],
      "opinion_index": -1,
      "case_paths": [
        "/ark/67/0047-01"
      ]
    },
    {
      "cite": "66 S. W. 663",
      "category": "reporters:state_regional",
      "reporter": "S.W.",
      "opinion_index": -1
    },
    {
      "cite": "60 Ark. 250",
      "category": "reporters:state",
      "reporter": "Ark.",
      "case_ids": [
        1903724
      ],
      "opinion_index": -1,
      "case_paths": [
        "/ark/60/0250-01"
      ]
    },
    {
      "cite": "59 Ark. 312",
      "category": "reporters:state",
      "reporter": "Ark.",
      "case_ids": [
        1327671
      ],
      "opinion_index": -1,
      "case_paths": [
        "/ark/59/0312-01"
      ]
    },
    {
      "cite": "54 Ark. 16",
      "category": "reporters:state",
      "reporter": "Ark.",
      "case_ids": [
        1320428
      ],
      "opinion_index": -1,
      "case_paths": [
        "/ark/54/0016-01"
      ]
    },
    {
      "cite": "50 Ark. 348",
      "category": "reporters:state",
      "reporter": "Ark.",
      "case_ids": [
        8722649
      ],
      "opinion_index": -1,
      "case_paths": [
        "/ark/50/0348-01"
      ]
    },
    {
      "cite": "10 Ark. 491",
      "category": "reporters:state",
      "reporter": "Ark.",
      "case_ids": [
        8727847
      ],
      "opinion_index": -1,
      "case_paths": [
        "/ark/10/0491-01"
      ]
    },
    {
      "cite": "66 Ark. 237",
      "category": "reporters:state",
      "reporter": "Ark.",
      "case_ids": [
        1909739
      ],
      "opinion_index": -1,
      "case_paths": [
        "/ark/66/0237-01"
      ]
    },
    {
      "cite": "65 Ark. 98",
      "category": "reporters:state",
      "reporter": "Ark.",
      "case_ids": [
        609246
      ],
      "opinion_index": -1,
      "case_paths": [
        "/ark/65/0098-01"
      ]
    },
    {
      "cite": "68 Ark. 316",
      "category": "reporters:state",
      "reporter": "Ark.",
      "case_ids": [
        1334149
      ],
      "opinion_index": -1,
      "case_paths": [
        "/ark/68/0316-01"
      ]
    },
    {
      "cite": "58 Ark. 125",
      "category": "reporters:state",
      "reporter": "Ark.",
      "case_ids": [
        1329192
      ],
      "opinion_index": -1,
      "case_paths": [
        "/ark/58/0125-01"
      ]
    },
    {
      "cite": "41 Ark. 382",
      "category": "reporters:state",
      "reporter": "Ark.",
      "case_ids": [
        1896169
      ],
      "pin_cites": [
        {
          "page": "542"
        }
      ],
      "opinion_index": -1,
      "case_paths": [
        "/ark/41/0382-01"
      ]
    },
    {
      "cite": "41 Atl. 680",
      "category": "reporters:state_regional",
      "reporter": "A.",
      "opinion_index": -1
    },
    {
      "cite": "59 Ark. 98",
      "category": "reporters:state",
      "reporter": "Ark.",
      "case_ids": [
        1327679
      ],
      "opinion_index": -1,
      "case_paths": [
        "/ark/59/0098-01"
      ]
    },
    {
      "cite": "51 Ark. 467",
      "category": "reporters:state",
      "reporter": "Ark.",
      "case_ids": [
        8724096
      ],
      "opinion_index": -1,
      "case_paths": [
        "/ark/51/0467-01"
      ]
    },
    {
      "cite": "44 Ark. 524",
      "category": "reporters:state",
      "reporter": "Ark.",
      "case_ids": [
        1893447
      ],
      "weight": 2,
      "opinion_index": -1,
      "case_paths": [
        "/ark/44/0524-01"
      ]
    },
    {
      "cite": "46 Ark. 555",
      "category": "reporters:state",
      "reporter": "Ark.",
      "case_ids": [
        1890450
      ],
      "opinion_index": -1,
      "case_paths": [
        "/ark/46/0555-01"
      ]
    },
    {
      "cite": "35 Ark. 602",
      "category": "reporters:state",
      "reporter": "Ark.",
      "case_ids": [
        1873871
      ],
      "weight": 2,
      "opinion_index": -1,
      "case_paths": [
        "/ark/35/0602-01"
      ]
    },
    {
      "cite": "34 Ark. 632",
      "category": "reporters:state",
      "reporter": "Ark.",
      "case_ids": [
        1875679
      ],
      "weight": 2,
      "opinion_index": -1,
      "case_paths": [
        "/ark/34/0632-01"
      ]
    },
    {
      "cite": "26 Ark. 309",
      "category": "reporters:state",
      "reporter": "Ark.",
      "case_ids": [
        8726834
      ],
      "weight": 2,
      "opinion_index": -1,
      "case_paths": [
        "/ark/26/0309-01"
      ]
    },
    {
      "cite": "13 Ark. 71",
      "category": "reporters:state",
      "reporter": "Ark.",
      "case_ids": [
        8727896
      ],
      "weight": 2,
      "opinion_index": -1,
      "case_paths": [
        "/ark/13/0071-01"
      ]
    },
    {
      "cite": "8 Ark. 155",
      "category": "reporters:state",
      "reporter": "Ark.",
      "case_ids": [
        8727050
      ],
      "weight": 2,
      "opinion_index": -1,
      "case_paths": [
        "/ark/8/0155-01"
      ]
    },
    {
      "cite": "5 Ark. 640",
      "category": "reporters:state",
      "reporter": "Ark.",
      "case_ids": [
        8727810,
        8727815
      ],
      "opinion_index": -1,
      "case_paths": [
        "/ark/5/0640-01",
        "/ark/5/0640-02"
      ]
    }
  ],
  "analysis": {
    "cardinality": 560,
    "char_count": 10793,
    "ocr_confidence": 0.481,
    "pagerank": {
      "raw": 5.837273392721352e-08,
      "percentile": 0.3626742331309663
    },
    "sha256": "955c145e344bfb6bf77f644c9fc3c886fda0a6a8b8034462f37fd41a7ab92f30",
    "simhash": "1:32e528b08e2c8229",
    "word_count": 1880
  },
  "last_updated": "2024-02-27T17:41:20.980376+00:00",
  "provenance": {
    "date_added": "2019-08-29",
    "source": "Harvard",
    "batch": "2018"
  },
  "casebody": {
    "judges": [],
    "parties": [
      "Wadsworth v. Bugg."
    ],
    "opinions": [
      {
        "text": "Bunn, C. J.\nThis is a bill in chancery to reverse and set aside a judgment and verdict in the circuit court of the Western district of Carroll county and grant a new trial because of inevitable accident preventing the perfection of an appeal. The bill was heard in the chancery court on a demurrer thereto, and the demurrer was sustained on the 11th of February, 1901, and the plaintiff in the bill appealed to this court.\nThe complaint sets out that on the 17th day of July, 1899, the defendant herein brought his suit at law in the circuit court of said district, alleging in his complaint_substantially that on the 8th day of July, 1899, the said defendant herein, and plaintiff in that suit, was at work for the plaintiffs herein, and defendants therein, in the business of a hod carrier, carrying brick to masons engaged in erecting a brick building (in Eureka Springs) upon which they were, and that in the course of his employment he was injured by a fall from the scaffold prepared by these plaintiffs for his use, and that the scaffold was defectively constructed, and that its condition was known to or could have been known by these plaintiffs, by the use of ordinary care and caution, and was not known to, nor could it have been discovered by, the said defendant, by the use of ordinary care and caution, and that said injury was caused by the negligence of these plaintiffs, and that he had suffered damages to the amount of $3,500, and prayed judgment for the same. That said complaint at law was in the words and figures following, to-wit: (Then'follows in tbe bill a copy of tbe complaint at law, and also the answer to the complaint, which will be referred to 'in this opinion when necessary.) Said action at law was tried by a jury in said court on the 10th and 11th days of August, 1900, the Hon. J. M. Pittman, the regular judge, present and presiding, and a verdict was rendered on the 11th day of August, 1900, between 6 and 7 o\u2019clock, p. m. of that day, in favor of the plaintiff therein and the defendant herein, and against the said defendants there, who are the plaintiffs here, for the sum of $650 damages. That immediately upon the return of said verdict the court rendered judgment for said sum and the costs accordingly, and on the same day these plaintiffs filed their motion for a new trial. That during the trial of said cause the said judge was quite sick, and had been so for several months, and grew worse after the return of said verdict and rendition of said judgment, and continued to grow worse, and on the 13th of said month left Eureka Springs, where said court was being held, for his home in Fayetteville, and died on the 22d day of August, 1900, nine days after the said judgment, being unable during his illness to attend to business. That on the 14th day of August, 1900, the Hon. T. H. Faneher was chosen as special judge of said court in the usual way, and was duly sworn, and- entered upon and continued the discharge of his duties as such until the 18th of August, 1900, when he adjourned said court until the next court in course. That on said 14th day of August these plaintiffs, in order to further protect their rights in the premises, filed in said cause their written motion for a new trial, which was called up for consideration at the earliest opportunity, to-wit: on the 18th day of August, 1900, and the same was overruled by said special judge. Exceptions were duly taken, and prayer for appeal to supreme court was granted.\nThe evidence in the case tried is brought forward in the bill by the official stenographic report, and so also are the instructions given and refused in the bill of exceptions sought to be authenticated as aforesaid.\nThe evidence, although more or less indefinite in some particulars, and perhaps necessarily so, under the circumstances, is conflicting as to the essential points: whether the defendants in the suit at law were guilty of negligence in inflicting the injury upon plaintiff by an improper construction and maintenance of the scaffold, and whether or not the plaintiff in that suit was guilty of contributory negligence in overloading the scaffold to the extent of causing it to give way and producing his fall and injury, and whether or not plaintiff\u2019s physical condition at the time caused him to lose his balance and fall from the scaffold.\nThe defendants in the trial contended that the scaffolding was erected with skill and care, and that the fall and consequent injury of plaintiff was the result of a physical infirmity in himself; and, if otherwise, it was occasioned by his own contributory negligence in overloading the upper, or mason\u2019s, platform of the scaffold, so as to cause the same to give way and sink somewhat; that the defective plank spoken of in plaintiff\u2019s testimony was not part of the scaffold at all, but was a loose and weak plank placed by plaintiff himself on the ends of the put-locks or cross pieces outside of the uprights supporting-the platform. So it was a question of the negligence of defendants primarily, and of contributory negligence on the part of the plaintiff, and there was a sharp conflict in the testimony, although from the very nature of things the evidence was not very definite for either party. Upon this state of case, the defendant asked the court to give the following instruction, which is numbered 2, to-wit:\n\u201cI charge you that, if you find from the evidence that the plaintiff overloaded the scaffold with brick, and that overloading was the proximate cause of the giving away of the scaffold, if you find that it gave way, then the plaintiff would be guilty of contributory negligence, and can not recover.\u201d\nThe court refused to give this instruction as asked, but gave it in a modified form, to which the defendants objected, to-wit:\n\u201cI charge you that if you find from the evidence that the plaintiff overloaded the scaffold, which he claimed gave way with him, with brick, and you believe such overloading was the proximate cause of the giving way of said scaffold, if you find it did give way, by a preponderance of evidence, then the plaintiff would be guilty of contributory negligence, and can not recover; provided, that you find that the scaffold was properly constructed and maintained.\u201d\nIf the scaffold was not properly constructed (and in this the defendant would be chargeable with negligence), yet the direct negligence of the defendants, under the rule applicable to the subject, would not necessarily render the defendants liable to the plaintiff for the injury, for, if the negligence of the plaintiff himself was the proximate cause of his injury, he can not recover of another, whatever may be his fault. In such case it is necessary to go no further in the inquiry after finding that plaintiff has been guilty of contributory negligence, for such showing constitutes a perfect and complete defense to the action. Viewing it in this light, the instruction given as modified is manifestly erroneous. It, in effect, makes the question of the contributory negligence of the plaintiff dependent upon the negligence of the defendants, for it says, in effect, that the overloading of the scaffold by the plaintiff constituted contributory negligence on his part, but only in case the defendants had properly constructed and maintained the scaffold. The necessary inference from the language of the instruction as modified is that, if the scaffold had not been properly constructed and maintained, then the act of the plaintiff in overloading the scaffold with brick would not be contributory negligence on his part. That is not the rule, as we understand it, simply because the negligence of the defendants, whatever that may be, can not relieve the plaintiff of the consequence of his own wrong. The doctrine of comparative negligence has never obtained in this state, and contributory negligence is a perfect and complete defense, notwithstanding the negligence of the defendants.\nThe decree is reversed, and th& cause remanded, with, directions to overrule the demurrer to the complaint, and proceed not in conflict herewith.\nEeversed.",
        "type": "majority",
        "author": "Bunn, C. J."
      }
    ],
    "attorneys": [
      "O. D. James and J. W. & Menefee House, for appellants.",
      "Walker & Walker, for appellee."
    ],
    "corrections": "",
    "head_matter": "Wadsworth v. Bugg.\nOpinion delivered October 24, 1903.\nMaster and Servant \u2014 Contributory Negligence \u2014 Instruction.\u2014In an action by an employee for personal injuries caused by the breaking of a scaffold, in which defendant claimed that plaintiff was guilty of contributory negligence in overloading the scaffold, an instruction that if plaintiff did so overload the scaffold, and this was the proximate cause of the injury, plaintiff could not recover, provided the scaffold was properly constructed and maintained, was erroneous, as stating in effect that plaintiff could not have been guilty of contributory negligence unless defendant was free from negligence.\nAppeal from Carroll Circuit Court in Chancery.\nJohn N. Tillman, Judge.\nBill by W. S. Wadsworth \u25a0 and another against G. B. Bugg, From an order sustaining a demurrer to the bill plaintiffs have appealed.\nReversed.\nO. D. James and J. W. & Menefee House, for appellants.\nUnder the testimony plaintiff was not entitled to recover. 5 Ark. 640; 8 Ark. 155; 13 Ark. 71; 26 Ark. 309; 34 Ark. 632. Appellants were not insurers of plaintiff\u2019s safety. Ordinary care was the full measure of their duty. 35 Ark. 602; 46 Ark. 555; 44 Ark. 524; 51 Ark. 467; 59 Ark. 98; 41 Atl. 680. If the use of the platform in its condition would not probably result in some injury in the use of it, the plaintiff can not recover. 35 Ark. 602; 44 Ark. 524. If what plaintiff says was true, the danger was obvious and patent, and he assumed the risk. 41 Ark. 382, 542; 58 Ark. 125; 68 Ark. 316; 65 Ark. 98; 66 Ark. 237. There was no evidence to support the verdict. 10 Ark. 491; 26 Ark. 309; 13 Ark. 71; 8 Ark. 155; 34 Ark. 632. Exceptions to the instructions were properly saved. 50 Ark. 348; 54 Ark. 16; 59 Ark. 312; 60 Ark. 250.\nWalker & Walker, for appellee.\nWhere there is a conflict in the testimony, the verdict will not be disturbed. 66 S. W. 663; 67 Ark. 47. The maxim \u201cBes ipsa loquitur\u201d applies. 41 C. C. A. 193; 54 Ark. 309; 57 Ark. 435; 57 Ark. 434. Plaintiff\u2019s negligence in no manner contributed to the injury, and is wanting in the element of proximate cause. 14 C. C. A. 483; Beach, Cont. Neg. \u00a7 149. The instructions were properly given. 60 Ark. 438; 48 Ark. 347; 100 TJ. S. 313; Wood, Master & S., \u00a7 339; Bailey, Master & S., 34. The master can not escape liability by delegating the duty of furnishing a safe place to work to another. 3 Am. St. 643; 53 Am. St. 896; 116 TJ. S. 643. The burden of showing contributory negligence is on appellant. 48 Ark. 343; 58 Ark. 135; 61 Ark. 549; Barrows, Neg., 34. Harmless errors are not cause for reversal. 51 Ark. 459; 61 Ark. 348; 48 Ark. 355; 94 H. S. 653; 51 Ark. 341; 57 Ark. 599."
  },
  "file_name": "0501-01",
  "first_page_order": 519,
  "last_page_order": 523
}
