{
  "id": 1507776,
  "name": "Randall v. Sanders",
  "name_abbreviation": "Randall v. Sanders",
  "decision_date": "1903-11-14",
  "docket_number": "",
  "first_page": "609",
  "last_page": "611",
  "citations": [
    {
      "type": "official",
      "cite": "71 Ark. 609"
    }
  ],
  "court": {
    "name_abbreviation": "Ark.",
    "id": 8808,
    "name": "Arkansas Supreme Court"
  },
  "jurisdiction": {
    "id": 34,
    "name_long": "Arkansas",
    "name": "Ark."
  },
  "cites_to": [
    {
      "cite": "68 Ark. 263",
      "category": "reporters:state",
      "reporter": "Ark.",
      "case_ids": [
        1334054
      ],
      "opinion_index": -1,
      "case_paths": [
        "/ark/68/0263-01"
      ]
    },
    {
      "cite": "66 Ark. 113",
      "category": "reporters:state",
      "reporter": "Ark.",
      "case_ids": [
        1909730
      ],
      "opinion_index": -1,
      "case_paths": [
        "/ark/66/0113-01"
      ]
    },
    {
      "cite": "58 Ark. 39",
      "category": "reporters:state",
      "reporter": "Ark.",
      "case_ids": [
        1329145
      ],
      "opinion_index": -1,
      "case_paths": [
        "/ark/58/0039-01"
      ]
    },
    {
      "cite": "41 Ark. 42",
      "category": "reporters:state",
      "reporter": "Ark.",
      "case_ids": [
        1896153
      ],
      "opinion_index": -1,
      "case_paths": [
        "/ark/41/0042-01"
      ]
    },
    {
      "cite": "12 Ark. 399",
      "category": "reporters:state",
      "reporter": "Ark.",
      "case_ids": [
        8727921
      ],
      "opinion_index": -1,
      "case_paths": [
        "/ark/12/0399-01"
      ]
    },
    {
      "cite": "34 Cal. 167",
      "category": "reporters:state",
      "reporter": "Cal.",
      "case_ids": [
        2284542
      ],
      "pin_cites": [
        {
          "page": "174"
        }
      ],
      "opinion_index": 0,
      "case_paths": [
        "/cal/34/0167-01"
      ]
    },
    {
      "cite": "30 N. H. 215",
      "category": "reporters:state",
      "reporter": "N.H.",
      "opinion_index": 0
    },
    {
      "cite": "44 N. J. L. 74",
      "category": "reporters:state",
      "reporter": "N.J.L.",
      "case_ids": [
        363316
      ],
      "opinion_index": 0,
      "case_paths": [
        "/njl/44/0074-01"
      ]
    },
    {
      "cite": "1 Col. 261",
      "category": "reporters:state",
      "reporter": "Col.",
      "opinion_index": 0
    },
    {
      "cite": "5 Kan. 434",
      "category": "reporters:state",
      "reporter": "Kan.",
      "opinion_index": 0
    },
    {
      "cite": "68 Ark. 228",
      "category": "reporters:state",
      "reporter": "Ark.",
      "opinion_index": 0
    },
    {
      "cite": "67 Vt. 136",
      "category": "reporters:state",
      "reporter": "Vt.",
      "case_ids": [
        4455422
      ],
      "opinion_index": 0,
      "case_paths": [
        "/vt/67/0136-01"
      ]
    }
  ],
  "analysis": {
    "cardinality": 306,
    "char_count": 4099,
    "ocr_confidence": 0.507,
    "pagerank": {
      "raw": 1.8570167298198664e-07,
      "percentile": 0.72430728586879
    },
    "sha256": "4a854751100d015a96881c1c87d293e9d75eb9219e3976897c7625e1e82e9c86",
    "simhash": "1:a306a080b93a0a36",
    "word_count": 686
  },
  "last_updated": "2024-02-27T17:41:20.980376+00:00",
  "provenance": {
    "date_added": "2019-08-29",
    "source": "Harvard",
    "batch": "2018"
  },
  "casebody": {
    "judges": [],
    "parties": [
      "Randall v. Sanders."
    ],
    "opinions": [
      {
        "text": "Battle, J.\nG. L. Randall appealed from a judgment by default rendered by the Jefferson circuit court in an action against him by George W. Sanders, upon the following complaint (omitting caption) :\n\u201cComes the plaintiff, George W. Sanders, and for cause of complaint states that he is now and was on the 19th day of July, 1899, the owner and in actual possession of the following land and dwelling houses situated thereon, to-wit: The fractional east half of lot three in block thirty-nine, Tannehill & Owens\u2019 addition to the city of Pine Bluff, Ark., commencing at a point one hundred feet from the northwest corner of said lot three, thence running south one hundred and fifty-four feet, thence northeast along with side of right of way of St. Louis Southwestern railroad to a point due east from the beginning, thence west to the point of beginning. The said dwelling house was worth one hundred and fifty dollars. That on said 29th day of July, 1899, said defendant wilfully and without the consent or knowledge of the plaintiff, but under some fictitious or pretended claim, entered upon said premises, and caused said dwelling house to be torn down, cut and destroyed the lumber to said house, thereby rendering it entirely worthless. That said defendant committed the further trespass upon said premises by cutting and destroying the fence enclosing the same, and destroying .all of the fruit trees growing and belonging to said plaintiff upon said premises. Plaintiff states that said defendant tore down and destroyed said house while he was away at work, leaving his household furniture and all of his clothes and provisions exposed to the weather and otherwise damaging the same. Plaintiff further states that defendant, by his wrongful tearing down and destroying said house and fruit trees and fence enclosing said premises, and leaving his furniture and other household goods out in the weather as aforesaid, has damaged him in the sum of five hundred dollars. Wherefore he prays judgment,\u201d etc.\nAppellant says the complaint was insufficient to sustain the judgment because the description of the land upon which the trespass was committed is too vague and uncertain. The sufficiency of the description may depend upon the size and shape of the lot and the location of the railroad upon it. But this is not an action for the recovery of land, but for damages caused by trespass. It would be better pleading to give a particular description of the close on which' the trespasses were committed, but, there being no statute requiring such description, it may be omitted. The complaint is sufficient without it. Swerdferger v. Hopkins, 67 Vt. 136; Whitaker v. Forbes, 68 Ark. 228; Larkin v. Taylor, 5 Kan. 434; Sullivan v. Clements, 1 Col. 261; Metzger v. Post, 44 N. J. L. 74; Osgood v. Green, 30 N. H. 215.\nThe complaint in question, if true, shows that the appellee had a cause of action. The appellant, by his failure to plead, admitted it to be true. It is sufficient to sustain the judgment by default. Hallock v. Jaudin, 34 Cal. 167, 174.\nThe complaint was not verified. But the statute provides that \u201cno objection shall be taken after judgment to any pleading for the want, or defect in, the verification.\u201d Sand. & H. Dig. \u00a7 5776.\nJudgment affirmed.",
        "type": "majority",
        "author": "Battle, J."
      }
    ],
    "attorneys": [
      "W. F. Coleman, for appellant."
    ],
    "corrections": "",
    "head_matter": "Randall v. Sanders.\nOpinion delivered November 14, 1903.\n1. Trespass \u2014 Pleading\u2014Description of Close. \u2014 In trespass to real property the complaint is not insufficient for failure to contain a particular description of the close, there' being no statute requiring such description. (Page 610.)\n2. Pleading \u2014 Verification.\u2014Under Sand. & H. Dig., \u00a7 5776, an objection to the complaint that it was not verified cannot be taken after judgment. (Page 610.)\nAppeal from Jefferson Circuit Court.\nAntonio B. Grace, Judge.\nAffirmed.\nW. F. Coleman, for appellant.\nThe description of the lands being uncertain, the measure of damages was unascertainable, and for this the judgment should be reversed. 12 Ark. 399; 41 Ark. 42; 58 Ark. 39; 66 Ark. 113; 68 Ark. 263. The complaint should have been verified. Sand. & Ii. Dig. \u00a7\u00a7 5744, 5775, 5776."
  },
  "file_name": "0609-01",
  "first_page_order": 627,
  "last_page_order": 629
}
