{
  "id": 1885752,
  "name": "BRIGHT v. BOSTICK et al.",
  "name_abbreviation": "Bright v. Bostick",
  "decision_date": "1871-12",
  "docket_number": "",
  "first_page": "55",
  "last_page": "57",
  "citations": [
    {
      "type": "official",
      "cite": "27 Ark. 55"
    }
  ],
  "court": {
    "name_abbreviation": "Ark.",
    "id": 8808,
    "name": "Arkansas Supreme Court"
  },
  "jurisdiction": {
    "id": 34,
    "name_long": "Arkansas",
    "name": "Ark."
  },
  "cites_to": [
    {
      "cite": "25 Ark., 184",
      "category": "reporters:state",
      "reporter": "Ark.",
      "opinion_index": 0
    },
    {
      "cite": "15 Ark., 102",
      "category": "reporters:state",
      "reporter": "Ark.",
      "case_ids": [
        8728050
      ],
      "opinion_index": 0,
      "case_paths": [
        "/ark/15/0102-01"
      ]
    }
  ],
  "analysis": {
    "cardinality": 344,
    "char_count": 5474,
    "ocr_confidence": 0.379,
    "pagerank": {
      "raw": 1.0043417902580081e-07,
      "percentile": 0.539756758019483
    },
    "sha256": "81505155f9687a3722b67c2f2320ea94e5743c61581a090ef18ef85fecdb5e29",
    "simhash": "1:5ddc119a4a5694eb",
    "word_count": 953
  },
  "last_updated": "2024-02-27T22:25:26.058971+00:00",
  "provenance": {
    "date_added": "2019-08-29",
    "source": "Harvard",
    "batch": "2018"
  },
  "casebody": {
    "judges": [],
    "parties": [
      "BRIGHT v. BOSTICK et al."
    ],
    "opinions": [
      {
        "text": "Searle, J.\nTliis ' was an action of assumpsit brought, in the Sebastian Circuit Court, by Pennywit, in his lifetime, against E. B. Bright, for the use and occupation of certain mill property in that county. After the death of the plaintiff, Pennywit, the cause was revived in the names of the appellees, as his executors.\nThe facts are substantially as follows: Pennywit, the testator of the appellees, purchased the mill property, in question, under a decree of the Sebastian Circuit Court, sitting in chan-' eery, and was awarded a writ of possession for the property, on the 23d of February, IS\u00f3Y, by that court. Bright, who was in possession, appealed from the order of the \u2022 Circuit Court, granting the order of possession, which order was affirmed by this court, at the January, term thereof, a. d. 1860.\nPennywit brought this suit to the August term A. \u00bb. 1860, of the Sebastian Circuit Court, against Bright, to recover from him, for the use and occupation of said mill property, prior to the date of the writ of possession, until he, Penny-wit, obtained possession under the decision of this court. A .change of venue was taken, by agreement of parties, to the Fort Smith district of Sebastian county. Pennywit died and the cause was revived in the names of his executors, Charles G. Scott, Samuel L. Griffith and John S. Bostick. The defendant pleaded non-assumpsit, to which issue was joined. The cause was submitted to the court sitting as a jury; finding for plaintiffs and damages assessed at four thousand dollars.\nThe defendant moved for a new trial upon the following grounds:\nFirst, The finding of the court was contrary to the law and the evidence.\nSecond, The court erred in regard to the law of the case.\nThird, The finding of the court was for the plaintiffs, when, by the law of the land, it should have been for the defendant.\nFourth, The damages assessed were excessive.\nThe court overruled the motion for a new trial and rendered judgment against the defendant for the sum of four thousand dollars; whereupon he appealed to this court. ,\nThe first three grounds for a new trial will be considered together, as-they seem to present but one question, and that is, can assumpsit be maintained for use and occupation, in a case like the' one under consideration ? The right to recover, for use and occupation, does not exist by the common law. It is entirely a statutory remedy, and, in this State, the right to recover, by this kind of procedure, is conferred by statute. Section IS, Chapter 100, Gould\u2019s Digest, provides that \u201cwhere lands or tenements are held and occupied by any person, without any special agreement for rents, the owner of such lands or tenements, his executors or administrators, may sue for and recover a fair and reasonable compensation for such use and occupation, by aii action on the case, in any court having jurisdiction.\u201d\nThis question has been settled in this court, in the cases of Clem vs. Wilcox, 15 Ark., 102, and Dell vs. Gardner et al. 25 Ark., 184. In the latter case, the question is very ably and elaborately discussed, by Chief Justice Walker, and his opinion settles, beyond a doubt, the right of the appellees, in this ease, to recover in an action of assumpsit, for the use and occupation of the property in question. So fully is the question considered in that case, that we deem it unnecessary to do more than refer to that decision.\nIt was found, on the trial helow, that Bright, the appellant herein, was in possession of the mill property during the time mentioned in the declaration. But one question remains to be considered, namely, that the damages were excessive. It was proven by one of the witnesses, Hayman, that the property was wortjh two thousand dollars a year. Hay-man further stated that he was a regular miller, and millwright; that he had been engaged in the business all his life, and that he was well acquainted with the mill in litigation. Hammersly, another witness, testified that the mill and property were worth eight hundred dollars a year. He further stated that he had but little knowledge as to the value of such property; that Mr. Hayman was a regular miller, and was well qualified to judge of the value. Clark, another witness, stated that he thought that the use of the mill was worth one thousand dollars, for the year 1857, and eight hundred dollars per annum for the years 1858 and 1859. He stated that' he was a miller. He also stated that Hayman was a good miller and mill-wright and a good judge of the value of mill-property. The above is the substance of what was proven on the trial, and we are of opinion that it clearly establishes the fact,vthat the rent of the property, for'the time it was in the possession of Bright, was worth even more than the amount of the judgment rendered against him. We cannot therefore, regard the damages as excessive, fr.om the testimony contained in the transcript. Finding no error in the judgment of the court helow, the same is affirmed with costs.",
        "type": "majority",
        "author": "Searle, J."
      }
    ],
    "attorneys": [
      "B. T. Du Val, T. D. W. Yonley, for Appellant.",
      "Clark & Williams, for Appellees."
    ],
    "corrections": "",
    "head_matter": "BRIGHT v. BOSTICK et al.\nAssumpsit \u2014 Will lie for use and occupation. \u2014 The action of assumpsit will lie ' for the use and occupation of property.\n\"VArbict \u2014 When set aside for excessive damages. \u2014 The verdict of a jury will not ho set aside on the ground of excessive damages, unless the evidence clearly show them to he so.\nAPPEAL ER0J1 SEBASTIAN CIRCUIT COURT.\nHon. E. 1). Ham, Circuit Judge.\nB. T. Du Val, T. D. W. Yonley, for Appellant.\nClark & Williams, for Appellees."
  },
  "file_name": "0055-01",
  "first_page_order": 71,
  "last_page_order": 73
}
