{
  "id": 1885698,
  "name": "McDERMOTT v. SCULLY",
  "name_abbreviation": "McDermott v. Scully",
  "decision_date": "1871-12",
  "docket_number": "",
  "first_page": "226",
  "last_page": "228",
  "citations": [
    {
      "type": "official",
      "cite": "27 Ark. 226"
    }
  ],
  "court": {
    "name_abbreviation": "Ark.",
    "id": 8808,
    "name": "Arkansas Supreme Court"
  },
  "jurisdiction": {
    "id": 34,
    "name_long": "Arkansas",
    "name": "Ark."
  },
  "cites_to": [
    {
      "cite": "13 Ark., 242",
      "category": "reporters:state",
      "reporter": "Ark.",
      "case_ids": [
        8728023
      ],
      "opinion_index": -1,
      "case_paths": [
        "/ark/13/0242-01"
      ]
    },
    {
      "cite": "21 Ark., 145",
      "category": "reporters:state",
      "reporter": "Ark.",
      "case_ids": [
        1868216
      ],
      "opinion_index": 0,
      "case_paths": [
        "/ark/21/0145-01"
      ]
    },
    {
      "cite": "20 Ark., 114",
      "category": "reporters:state",
      "reporter": "Ark.",
      "case_ids": [
        1869267
      ],
      "opinion_index": 0,
      "case_paths": [
        "/ark/20/0114-01"
      ]
    },
    {
      "cite": "15 Ark., 331",
      "category": "reporters:state",
      "reporter": "Ark.",
      "case_ids": [
        8728260
      ],
      "opinion_index": 0,
      "case_paths": [
        "/ark/15/0331-01"
      ]
    },
    {
      "cite": "13 Ark., 242",
      "category": "reporters:state",
      "reporter": "Ark.",
      "case_ids": [
        8728023
      ],
      "opinion_index": 0,
      "case_paths": [
        "/ark/13/0242-01"
      ]
    }
  ],
  "analysis": {
    "cardinality": 325,
    "char_count": 5315,
    "ocr_confidence": 0.376,
    "pagerank": {
      "raw": 2.2113401837306392e-07,
      "percentile": 0.7765528028854192
    },
    "sha256": "e2377b7b53a70bf249fbd67b239acae560c1d40e5e8f5fbb61ca70263139e8e0",
    "simhash": "1:2db6c7c9e024bfff",
    "word_count": 949
  },
  "last_updated": "2024-02-27T22:25:26.058971+00:00",
  "provenance": {
    "date_added": "2019-08-29",
    "source": "Harvard",
    "batch": "2018"
  },
  "casebody": {
    "judges": [],
    "parties": [
      "McDERMOTT v. SCULLY."
    ],
    "opinions": [
      {
        "text": "Harrison, J.\nThis was an action by William McDermott, .against Michael Scully, to recover the possession.of a parcel of land, containing five acres.\nThe answer of the defendant denied the plaintiff\u2019s title, and that he withheld the premises from him.\nUpon the trial, the plaintiff offered in evidence a deed to him, for the land in controversy, from the sheriff and collector of taxes of Sebastian county, executed and acknowledged on the 26th day of February, 1870, but the. court refused to allow it to be read to the jury.\nThe deed, among other things recited: That the north-west \u2022quarter of the north-west quarter of section thirty-three, in township eight north, in range thirty-two west, of which the parcel, in controversy, is a part, was in the year 1859, assessed, in the name of James Watson, for taxation, as the property of a non-resident \u2014 that the taxes not having been paid within the time prescribed by law, the same was advertised for sale, on the 30th day of April, 1860, and on that day, ten acres, in the south-west corner of the tract, including the said five acres, was sold to George S. Birnie, for the taxes, penalty and costs, and that the said Birnie, afterwards, assigned the certificate of purchase to William McDermott, the grantee. The said deed contained no recital of any order of the County Court authorizing and directing the collector to make the sal\u00e9 on that day, but, it further recited that the said James Watson was, at the time of both the assessment and sale, a resident of the county, and that he had no personal property upon which the collector might have levied and distrained for the taxes. No other evidence being offered, the verdict was returned for the defendant. The ' plaintiff moved for a new trial, assigning, as ground therefor, the exclusion of the deed from the jury, and his motion being overruled .he appealed.\nThe collector of taxes has not a general authority to sell property, liable by law to be sold for the payment of taxes,, but to sell only at the time and in the manner prescribed by law. Black, on Tax Titles, 46; Hogins vs. Brashears, 13 Ark., 242; Merrick & Fenno vs. Hutt, 15 Ark., 331; Patrick vs. Davis, ib. 366; Bonnell vs. Roane, 20 Ark., 114.\nEy the law in force, when the sale was made, the second Monday in March was the time appointed in each year for the sale of land for taxes, and the collector had no authority to sell on any other day, unless, upon a failure to offer the lands of non-residents, the County Court, for good cause shown, should have ordered a sale of them on some other day designated by it. Sections 108, 136, Chap. 148, Gould\u2019s Digest. The deed, as \u2022 we have said, contained no recital of such an order, and as it affirmatively appeared, upon its face, that the sale was made in violation of the statute, which required the sale to be on the second Monday in March, was void, and could not have been aided by evidence aliunde, if any had been offered at the trial. Bonnell vs. Roane, supra; Hogins vs. Brashears, supra.\nThe recital, in the deed, that the sailf. James Watson, in whose name the land was assessed, was a non-resident of the county, and had no personal property to be levied on and distrained for the taxes due upon it, if true, could not obviate the objection to the sale, for the second Monday in March was the day fixed, by law for the sale of the lands of residents as well, as those of non-residents. As to that matter, howevei', the tax. book was conclusive,, and the statute required the collector to proceed against the land as it was assessed. Merrick & Fenno vs. Hutt, supra; Kingsworthy vs. Mitchell, 21 Ark., 145; Gossett vs. Kent., 19, Ark., 602.\nThe deed was prop\u00e9rly exclud\u00e9d from the jury, and the judgment-is therefore affirmed.",
        "type": "majority",
        "author": "Harrison, J."
      }
    ],
    "attorneys": [
      "Clark Sf Williams, for Appellant.",
      "BewT. DuVal, for Appellee."
    ],
    "corrections": "",
    "head_matter": "McDERMOTT v. SCULLY.\nCollectors \u2014 Authority of, to sell property for payment of taxes. \u2014 The collector of taxes has not a general authority to sell property, liable hy law to he sold for the payment of taxes, hut to sell only at the time and in the manner prescribed hy law.\nTax-title \u2014 Deed when void for want of recital, etc. \u2014 Where the law requires ' an order of court for-the sale of property for the non-payment of taxes, and that the sale he made at a specified time, the omission of the sheriff\u2019s deed to recite that the sale was made in pursuance of such order, or at the time required, renders the deed void, and such defect cannot he aided hy evidence aliunde.\nAPPEAL PROM SEBASTIAN CIRCUIT COURT.\nHon. E. D. Ham, Circuit Judge.\nClark Sf Williams, for Appellant.\nThe deed was properly executed. It is in due form and recites all the prerequisites necessary to be contained in a tax deed.\nThe statute, Gould\u2019s Digest, Chap. 148, See. 112, makes such deeds good and valid titles, in law and equity, and evidence of the legality and regularity of the sale of such lands until the contrary appears.\nBewT. DuVal, for Appellee.\nThe court did not err in excluding the deed from the jury.\nThe authority of the collector in the sale of lands for the non-payment of taxes due thereon is special, and he can only .sell such, lands as are liable by law to be sold for taxes,, and only in the manner prescribed by law; the authority of the officer must be strictly pursued. Hogins vs. Brashears, 13 Ark., 242. The recitals in the deed fail to show this."
  },
  "file_name": "0226-01",
  "first_page_order": 242,
  "last_page_order": 244
}
