{
  "id": 1885741,
  "name": "UNDERWOOD v. SLEDGE",
  "name_abbreviation": "Underwood v. Sledge",
  "decision_date": "1871-12",
  "docket_number": "",
  "first_page": "295",
  "last_page": "298",
  "citations": [
    {
      "type": "official",
      "cite": "27 Ark. 295"
    }
  ],
  "court": {
    "name_abbreviation": "Ark.",
    "id": 8808,
    "name": "Arkansas Supreme Court"
  },
  "jurisdiction": {
    "id": 34,
    "name_long": "Arkansas",
    "name": "Ark."
  },
  "cites_to": [
    {
      "cite": "1 Cranch, 137",
      "category": "reporters:scotus_early",
      "reporter": "Cranch,",
      "case_ids": [
        6759998,
        6760011,
        12121622
      ],
      "opinion_index": -1,
      "case_paths": [
        "/dc/1/0137-01",
        "/dc/1/0137-02",
        "/us/5/0137-01"
      ]
    },
    {
      "cite": "25 Ark., 615",
      "category": "reporters:state",
      "reporter": "Ark.",
      "opinion_index": -1
    },
    {
      "cite": "11 Ark., 605",
      "category": "reporters:state",
      "reporter": "Ark.",
      "opinion_index": -1
    },
    {
      "cite": "5 Ark., 309",
      "category": "reporters:state",
      "reporter": "Ark.",
      "case_ids": [
        8727207
      ],
      "weight": 2,
      "pin_cites": [
        {
          "page": "431"
        }
      ],
      "opinion_index": -1,
      "case_paths": [
        "/ark/5/0309-01"
      ]
    },
    {
      "cite": "3 Ark., 14",
      "category": "reporters:state",
      "reporter": "Ark.",
      "opinion_index": -1
    },
    {
      "cite": "2 Ark., 66",
      "category": "reporters:state",
      "reporter": "Ark.",
      "weight": 2,
      "pin_cites": [
        {
          "page": "92"
        }
      ],
      "opinion_index": -1
    },
    {
      "cite": "5 Ark., 408",
      "category": "reporters:state",
      "reporter": "Ark.",
      "case_ids": [
        8727448
      ],
      "opinion_index": 0,
      "case_paths": [
        "/ark/5/0408-01"
      ]
    },
    {
      "cite": "6 Ark., 100",
      "category": "reporters:state",
      "reporter": "Ark.",
      "opinion_index": 0
    }
  ],
  "analysis": {
    "cardinality": 400,
    "char_count": 6449,
    "ocr_confidence": 0.385,
    "pagerank": {
      "raw": 4.994081919033564e-07,
      "percentile": 0.9359161480070846
    },
    "sha256": "adf933e73229a39e00703a41bb3dd1c851ce9fdf682a19aef68e8e08d116f8b3",
    "simhash": "1:1e634fb4948a64d0",
    "word_count": 1144
  },
  "last_updated": "2024-02-27T22:25:26.058971+00:00",
  "provenance": {
    "date_added": "2019-08-29",
    "source": "Harvard",
    "batch": "2018"
  },
  "casebody": {
    "judges": [],
    "parties": [
      "UNDERWOOD v. SLEDGE."
    ],
    "opinions": [
      {
        "text": "Gregg, J.\nIt appears, from the record, that on the 28th of November, 1870, a majority of the County Court of Phillips county passed an order to appoint an attorney for that county, and electedthe appellee, who was a member of the court, to fill the office and fixed his salary at fifteen hundred dollars per annum; that the appellee was present and active, voted to have such attorney elected and for the salary of the amount stated; did not vote for himself to fill the office, but no,one else was put in nomination; that the appellant refused to vote for him and entered a protest.\nTwo days after, and during the same term, that court made and entered of record an order, \u201c That the order made, on the previous day of the present term, appointing a county attorney and fixing his salary, be and the same is rescinded; and for naught held as though no action had been taken therein.\u201d\nAnd, on the first of December, and during the same term, the appellee appeared in the County Court and moved the court to grant him a certificate of election as such county attorney; the court overruled his motion and declared their approval of the last order, vacating the one by which an attorney\u2019s salary was created and under which the appellee was elected. The appellee then presented his. petition to the Circuit Court for a mandamus to compel the County Court to grant him such certificate.\nThe appellant, as presiding judge of the County Court, appeared in the Circuit Court and filed his answer to the petition, setting up the facts as stated, which were, in subbtance, the same as the allegations in the petition, to which response the appellee interposed a general demurrer, and the court sustained the demurrer and ordered that a peremptory mandamus issue, and that the county of Phillips pay all costs, from which judgment and order Underwood appealed to this court.\nIt is well'settled, in this State, that a court has control over its orders and judgments during the term at which they are made, and, for sufficient cause, may modify or set them aside. Ashley vs. Hyde & Goodrich, 6 Ark., 100; Ashley vs. May, 5 Ark., 408, and other cases; Civil Code, sec. 571, \u00b6. 176.\nThe question presented is, whether the appellee, by the order and election, had a vested right.\nIt'is certainly good'policy in the law to allow courts an hour\u2019s reflection ; time to revise hasty action, correct mistakes and review such error as they may have fallen into for want of sufficient consideration, and to this end they have, during their respective terms, to make up their records and fully \u00abconsider the propriety of their judgments, and to review and correct any mistakes, errors, or indiscretions into which they may have fallen during the term, and when such revision is had, the action of the court and the record stands precisely as if no such former mistake or erroneous judgment had ever been given or entered.\nIn an action of debt, the judgment of a court of competent jurisdiction is a determination of the party\u2019s right; it vests in him the property of the judgment, and authorizes him to enforce a payment of the amount; yet, if during the term, the court, for sufficient cause or even without cause, sees fit to set aside such judgment, its benefits are lost to him in whose favor it was rendered.\nThe presumption must be indulged in, that judges, sworn administrators of the law, will deliberate and ultimately determine according to the very right in causes.\nIn .the case at bar, without attempting to discover the undefined extent of a vested right in an office, we may well com elude the appellee had nothing better than the judgment of a court of competent jurisdiction, creating an office, fixing its salary and appointing him to fill the same, and we. see ho. principle of law that gives him any more sacred fight, in that $1500 00 salary, than any litigant would have in a $1500 00 judgment for his debt, and no reason why the'court, in the exercise of its best judgment and sound discretion, might not set aside and vacate any such order or judgment; and when an order or judgment of a court is set aside, at the' same term of the court at which it was rendered, \u25a0 the whole suit or matter stands precisely as if no such consideration had been had or entered of record, and all parties interested are remitted back to such rights and remedies as they had before the making of the orders or judgments so vacated. It, therefore, follows that the application of the appellee for a certificate of his appointment, as county attorney, being made, without authority of law, and after the order first aforesaid had been vacated and set aside, should have been refused.\nThe judgment is reversed and the cause remanded with directions to overrule the demurrer and dismiss the appellee\u2019s . petition.",
        "type": "majority",
        "author": "Gregg, J."
      }
    ],
    "attorneys": [
      "Garland & Nash, for Appellant.",
      "Palmer & Sanders, for Appellee."
    ],
    "corrections": "",
    "head_matter": "UNDERWOOD v. SLEDGE.\nJudgments \u2014 When may he set .aside, etc. \u2014 A court has control over its orders or judgments during the term at which they are made, and, for sufficient cause, may modify or set them aside at that term, and when so set aside, the parties are remitted hack to such rights and remedies, the same as though no order had been made or judgment rendered in the first instance.\nAPPEAL FROM PHILLIPS CIRCUIT COURT.\nHon. John E. Bennett, Circuit Judge.\nGarland & Nash, for Appellant.\n1st. The County Court has control over its judgments during the whole of thegterm at which they \u00e1re rendered. 2 Ark., 66; 6 Id., 92; 10 IJ.,-241; 5 Id., 25; Code, page 176, Sec. 571.\n2d. Presumption in law is in favor of the finding of the County Court. 2-3 Ark., 14; lb. 208.\n3d. Section 13 of the law, (new Digest, p. 166) places the matter of appointing county attorneys with the County Court, and unless there is a plain abuse of this authority, there is no relief. 5 Ark., 309; 6 Id., 431; 10 Ici.,.442.\n4th. The matter complained of was subject to review by appeal, and therefore mandamus would not lie. 11 Ark., 605; Code, p. 25, Secs. 19-24; 25 Ark., 615, and cases cited.\n5th. \u2022 This is not a proceeding to .put in motion the discretion of a ministerial officer, as was Marburg vs. Madison, 1 Crunch, 134; but it was one to review and control the exercise of a discretion in the court below, and this cannot be done by mandamus. Moses on Mand., 15 ; 25 Ark., sup.\nPalmer & Sanders, for Appellee.\nAppellee relies upon the case of Marburg vs. Madison, 1 Cranch, 137, where the right of an appointee to his office is fully discussed, to sustain his claim."
  },
  "file_name": "0295-01",
  "first_page_order": 311,
  "last_page_order": 314
}
