{
  "id": 1885695,
  "name": "MILLS v. JONES & REED",
  "name_abbreviation": "Mills v. Jones & Reed",
  "decision_date": "1872-12",
  "docket_number": "",
  "first_page": "506",
  "last_page": "507",
  "citations": [
    {
      "type": "official",
      "cite": "27 Ark. 506"
    }
  ],
  "court": {
    "name_abbreviation": "Ark.",
    "id": 8808,
    "name": "Arkansas Supreme Court"
  },
  "jurisdiction": {
    "id": 34,
    "name_long": "Arkansas",
    "name": "Ark."
  },
  "cites_to": [
    {
      "cite": "23 Ark., 19",
      "category": "reporters:state",
      "reporter": "Ark.",
      "case_ids": [
        1866047
      ],
      "opinion_index": -1,
      "case_paths": [
        "/ark/23/0019-01"
      ]
    },
    {
      "cite": "20 Ark., 360",
      "category": "reporters:state",
      "reporter": "Ark.",
      "opinion_index": -1
    },
    {
      "cite": "11 Ark., 627",
      "category": "reporters:state",
      "reporter": "Ark.",
      "case_ids": [
        8727922
      ],
      "opinion_index": 0,
      "case_paths": [
        "/ark/11/0627-01"
      ]
    },
    {
      "cite": "20 Ark., 86",
      "category": "reporters:state",
      "reporter": "Ark.",
      "opinion_index": 0
    }
  ],
  "analysis": {
    "cardinality": 149,
    "char_count": 1941,
    "ocr_confidence": 0.414,
    "pagerank": {
      "raw": 1.2102976485402275e-07,
      "percentile": 0.5957422614214187
    },
    "sha256": "9409c77c4def8324a6304c52ee3db41a52c75cbac435822f05b0625f125cd2dc",
    "simhash": "1:8c094e9e8ee00698",
    "word_count": 351
  },
  "last_updated": "2024-02-27T22:25:26.058971+00:00",
  "provenance": {
    "date_added": "2019-08-29",
    "source": "Harvard",
    "batch": "2018"
  },
  "casebody": {
    "judges": [
      "Bennett, J., did not sit in this case.",
      "ITon. W. L Warwick, Special Supreme Judge."
    ],
    "parties": [
      "MILLS v. JONES & REED."
    ],
    "opinions": [
      {
        "text": "Searle, J.\nThis suit was brought to the November term, 1868, of the Monroe Circuit Court. The trial was by jury; finding and judgment for plaintiffs, from which this appeal was taken.\nErom the transcript of the record before us, it appears that the only exceptions taken, on the trial of the cause, were to the instructions of the court to the jury. But these exceptions were not made the ground for the motion for a new trial. They were therefore waived. Collier vs. State, 20 Ark., 86; Graham vs. Roark, 23, Ark., 19. No rule is better settled than that the scope of review, in this court, is limited to the grounds upon which the motion for a new trial was based. Hopkins et al. vs. Dowd,, 11 Ark., 627. There is, therefore, no question of law before the court. If errors of law were committed on the trial, they have been waived.\nWe will remark, further, that it does not appear from the transcript that the overruling of the motion for a new trial was excepted to, and the motion is not, in fact, any part of the record of the case.\nBinding no errors in the proceedings of the court below, from the transcript before us, let the judgment be affirmed.\nBennett, J., did not sit in this case.\nITon. W. L Warwick, Special Supreme Judge.",
        "type": "majority",
        "author": "Searle, J."
      }
    ],
    "attorneys": [
      "Watkins & Rose, for -Appellant.",
      "Wassell & Moore, for Appellees."
    ],
    "corrections": "",
    "head_matter": "MILLS v. JONES & REED.\nSupreme Court \u2014 Practice on appeals. \u2014 Exceptions taken to the rulings of the court below, but not made the grounds for the motion for a lew trial, will ho considered waived and not subject to review in this court.\nAPPEAL I\u2019ROM MONROE CIRCUIT COURT. .\nHon. John E. Bennett, Circuit Judge.\nWatkins & Rose, for -Appellant.\nWassell & Moore, for Appellees.\nTile submit there is no question of law before this court. All exceptions not incorporated in the motion for a new trial are waived. Collier vs. State, 20 Ark., 360; Graham vs. Poark, '23 Ark., 19. That the scope of review in this court is limited by the grounds taken in the motion. Hopkins et al. vs. Dowd, 11 Arkansas, 62T."
  },
  "file_name": "0506-01",
  "first_page_order": 522,
  "last_page_order": 523
}
