{
  "id": 8718321,
  "name": "Collins v. Paepcke-Leicht Lumber Company",
  "name_abbreviation": "Collins v. Paepcke-Leicht Lumber Co.",
  "decision_date": "1905-01-28",
  "docket_number": "",
  "first_page": "81",
  "last_page": "87",
  "citations": [
    {
      "type": "official",
      "cite": "74 Ark. 81"
    }
  ],
  "court": {
    "name_abbreviation": "Ark.",
    "id": 8808,
    "name": "Arkansas Supreme Court"
  },
  "jurisdiction": {
    "id": 34,
    "name_long": "Arkansas",
    "name": "Ark."
  },
  "cites_to": [
    {
      "cite": "56 Ark. 563",
      "category": "reporters:state",
      "reporter": "Ark.",
      "case_ids": [
        1326092
      ],
      "opinion_index": -1,
      "case_paths": [
        "/ark/56/0563-01"
      ]
    },
    {
      "cite": "50 Ark. 361",
      "category": "reporters:state",
      "reporter": "Ark.",
      "case_ids": [
        8722975
      ],
      "opinion_index": -1,
      "case_paths": [
        "/ark/50/0361-01"
      ]
    },
    {
      "cite": "47 Ark. 421",
      "category": "reporters:state",
      "reporter": "Ark.",
      "case_ids": [
        1888749
      ],
      "opinion_index": -1,
      "case_paths": [
        "/ark/47/0421-01"
      ]
    },
    {
      "cite": "20 Ark. 359",
      "category": "reporters:state",
      "reporter": "Ark.",
      "case_ids": [
        1869305
      ],
      "opinion_index": -1,
      "case_paths": [
        "/ark/20/0359-01"
      ]
    },
    {
      "cite": "49 Ark. 242",
      "category": "reporters:state",
      "reporter": "Ark.",
      "case_ids": [
        1309880
      ],
      "opinion_index": -1,
      "case_paths": [
        "/ark/49/0242-01"
      ]
    },
    {
      "cite": "20 Ark. 381",
      "category": "reporters:state",
      "reporter": "Ark.",
      "case_ids": [
        1869290
      ],
      "opinion_index": -1,
      "case_paths": [
        "/ark/20/0381-01"
      ]
    },
    {
      "cite": "52 Ark. 341",
      "category": "reporters:state",
      "reporter": "Ark.",
      "case_ids": [
        1913423
      ],
      "opinion_index": -1,
      "case_paths": [
        "/ark/52/0341-01"
      ]
    },
    {
      "cite": "47 Ark. 413",
      "category": "reporters:state",
      "reporter": "Ark.",
      "case_ids": [
        1888731
      ],
      "opinion_index": -1,
      "case_paths": [
        "/ark/47/0413-01"
      ]
    },
    {
      "cite": "31 Ark. 74",
      "category": "reporters:state",
      "reporter": "Ark.",
      "case_ids": [
        1879295
      ],
      "opinion_index": -1,
      "case_paths": [
        "/ark/31/0074-01"
      ]
    },
    {
      "cite": "13 Ark. 507",
      "category": "reporters:state",
      "reporter": "Ark.",
      "case_ids": [
        8728259
      ],
      "opinion_index": -1,
      "case_paths": [
        "/ark/13/0507-01"
      ]
    },
    {
      "cite": "48 Ark. 151",
      "category": "reporters:state",
      "reporter": "Ark.",
      "case_ids": [
        1887747
      ],
      "opinion_index": -1,
      "case_paths": [
        "/ark/48/0151-01"
      ]
    },
    {
      "cite": "56 Ark. 601",
      "category": "reporters:state",
      "reporter": "Ark.",
      "opinion_index": -1
    },
    {
      "cite": "48 Ark. 277",
      "category": "reporters:state",
      "reporter": "Ark.",
      "case_ids": [
        1887723
      ],
      "opinion_index": -1,
      "case_paths": [
        "/ark/48/0277-01"
      ]
    },
    {
      "cite": "47 Ark. 471",
      "category": "reporters:state",
      "reporter": "Ark.",
      "opinion_index": -1
    },
    {
      "cite": "26 Ark. 256",
      "category": "reporters:state",
      "reporter": "Ark.",
      "case_ids": [
        8726744
      ],
      "opinion_index": -1,
      "case_paths": [
        "/ark/26/0256-01"
      ]
    },
    {
      "cite": "52 Ark. 322",
      "category": "reporters:state",
      "reporter": "Ark.",
      "case_ids": [
        1913450
      ],
      "opinion_index": -1,
      "case_paths": [
        "/ark/52/0322-01"
      ]
    },
    {
      "cite": "46 Ark. 373",
      "category": "reporters:state",
      "reporter": "Ark.",
      "case_ids": [
        1890492
      ],
      "opinion_index": -1,
      "case_paths": [
        "/ark/46/0373-01"
      ]
    },
    {
      "cite": "37 Ark. 157",
      "category": "reporters:state",
      "reporter": "Ark.",
      "opinion_index": -1
    },
    {
      "cite": "62 Ark. 439",
      "category": "reporters:state",
      "reporter": "Ark.",
      "case_ids": [
        1905665
      ],
      "opinion_index": -1,
      "case_paths": [
        "/ark/62/0439-01"
      ]
    },
    {
      "cite": "51 Ark. 34",
      "category": "reporters:state",
      "reporter": "Ark.",
      "case_ids": [
        8719807
      ],
      "opinion_index": -1,
      "case_paths": [
        "/ark/51/0034-01"
      ]
    },
    {
      "cite": "50 Ark. 188",
      "category": "reporters:state",
      "reporter": "Ark.",
      "case_ids": [
        8721114
      ],
      "opinion_index": -1,
      "case_paths": [
        "/ark/50/0188-01"
      ]
    },
    {
      "cite": "32 Ark. 87",
      "category": "reporters:state",
      "reporter": "Ark.",
      "case_ids": [
        1877073
      ],
      "opinion_index": -1,
      "case_paths": [
        "/ark/32/0087-01"
      ]
    },
    {
      "cite": "69 Ark. 539",
      "category": "reporters:state",
      "reporter": "Ark.",
      "case_ids": [
        8724840
      ],
      "opinion_index": 0,
      "case_paths": [
        "/ark/69/0539-01"
      ]
    },
    {
      "cite": "60 Ark. 70",
      "category": "reporters:state",
      "reporter": "Ark.",
      "case_ids": [
        1903691
      ],
      "opinion_index": 0,
      "case_paths": [
        "/ark/60/0070-01"
      ]
    },
    {
      "cite": "58 Ark. 510",
      "category": "reporters:state",
      "reporter": "Ark.",
      "case_ids": [
        1329154
      ],
      "opinion_index": 0,
      "case_paths": [
        "/ark/58/0510-01"
      ]
    },
    {
      "cite": "53 Ark. 400",
      "category": "reporters:state",
      "reporter": "Ark.",
      "case_ids": [
        1911695
      ],
      "opinion_index": 0,
      "case_paths": [
        "/ark/53/0400-01"
      ]
    },
    {
      "cite": "47 Ark. 460",
      "category": "reporters:state",
      "reporter": "Ark.",
      "case_ids": [
        1888766
      ],
      "opinion_index": 0,
      "case_paths": [
        "/ark/47/0460-01"
      ]
    },
    {
      "cite": "33 Ark. 490",
      "category": "reporters:state",
      "reporter": "Ark.",
      "case_ids": [
        8724783
      ],
      "opinion_index": 0,
      "case_paths": [
        "/ark/33/0490-01"
      ]
    },
    {
      "cite": "32 Ark. 97",
      "category": "reporters:state",
      "reporter": "Ark.",
      "case_ids": [
        1877096
      ],
      "opinion_index": 0,
      "case_paths": [
        "/ark/32/0097-01"
      ]
    },
    {
      "cite": "54 Ark. 480",
      "category": "reporters:state",
      "reporter": "Ark.",
      "case_ids": [
        1320369
      ],
      "opinion_index": 0,
      "case_paths": [
        "/ark/54/0480-01"
      ]
    },
    {
      "cite": "51 Ark. 338",
      "category": "reporters:state",
      "reporter": "Ark.",
      "case_ids": [
        8722815
      ],
      "opinion_index": 0,
      "case_paths": [
        "/ark/51/0338-01"
      ]
    },
    {
      "cite": "11 Ark. 519",
      "category": "reporters:state",
      "reporter": "Ark.",
      "case_ids": [
        8727890
      ],
      "opinion_index": 0,
      "case_paths": [
        "/ark/11/0519-01"
      ]
    },
    {
      "cite": "51 Miss. 206",
      "category": "reporters:state",
      "reporter": "Miss.",
      "case_ids": [
        1648870
      ],
      "opinion_index": 0,
      "case_paths": [
        "/miss/51/0206-01"
      ]
    },
    {
      "cite": "79 Ill. 473",
      "category": "reporters:state",
      "reporter": "Ill.",
      "case_ids": [
        2686512
      ],
      "opinion_index": 0,
      "case_paths": [
        "/ill/79/0473-01"
      ]
    },
    {
      "cite": "8 Mass. 199",
      "category": "reporters:state",
      "reporter": "Mass.",
      "opinion_index": 0
    },
    {
      "cite": "24 Mo. 16",
      "category": "reporters:state",
      "reporter": "Mo.",
      "case_ids": [
        8853621
      ],
      "opinion_index": 0,
      "case_paths": [
        "/mo/24/0016-01"
      ]
    },
    {
      "cite": "4 McLean, 486",
      "category": "reporters:federal",
      "reporter": "McLean",
      "case_ids": [
        6131838
      ],
      "opinion_index": 0,
      "case_paths": [
        "/f-cas/7/1135-02"
      ]
    },
    {
      "cite": "53 Pa. St. 505",
      "category": "reporters:state",
      "reporter": "Pa.",
      "case_ids": [
        1004765
      ],
      "opinion_index": 0,
      "case_paths": [
        "/pa/53/0505-01"
      ]
    },
    {
      "cite": "52 Ark. 320",
      "category": "reporters:state",
      "reporter": "Ark.",
      "case_ids": [
        1913363
      ],
      "opinion_index": 0,
      "case_paths": [
        "/ark/52/0320-01"
      ]
    },
    {
      "cite": "57 Ark. 589",
      "category": "reporters:state",
      "reporter": "Ark.",
      "case_ids": [
        1324617
      ],
      "opinion_index": 0,
      "case_paths": [
        "/ark/57/0589-01"
      ]
    },
    {
      "cite": "52 Ark. 411",
      "category": "reporters:state",
      "reporter": "Ark.",
      "case_ids": [
        1913345
      ],
      "opinion_index": 0,
      "case_paths": [
        "/ark/52/0411-01"
      ]
    },
    {
      "cite": "51 Ark. 235",
      "category": "reporters:state",
      "reporter": "Ark.",
      "case_ids": [
        8721957
      ],
      "opinion_index": 0,
      "case_paths": [
        "/ark/51/0235-01"
      ]
    },
    {
      "cite": "32 Ark. 562",
      "category": "reporters:state",
      "reporter": "Ark.",
      "case_ids": [
        1877149
      ],
      "opinion_index": 0,
      "case_paths": [
        "/ark/32/0562-01"
      ]
    },
    {
      "cite": "31 Ark. 411",
      "category": "reporters:state",
      "reporter": "Ark.",
      "case_ids": [
        1879287
      ],
      "opinion_index": 0,
      "case_paths": [
        "/ark/31/0411-01"
      ]
    },
    {
      "cite": "23 Ark. 746",
      "category": "reporters:state",
      "reporter": "Ark.",
      "case_ids": [
        1866064
      ],
      "opinion_index": 0,
      "case_paths": [
        "/ark/23/0746-01"
      ]
    },
    {
      "cite": "52 Ark. 341",
      "category": "reporters:state",
      "reporter": "Ark.",
      "case_ids": [
        1913423
      ],
      "opinion_index": 0,
      "case_paths": [
        "/ark/52/0341-01"
      ]
    },
    {
      "cite": "31 Ark. 74",
      "category": "reporters:state",
      "reporter": "Ark.",
      "case_ids": [
        1879295
      ],
      "opinion_index": 0,
      "case_paths": [
        "/ark/31/0074-01"
      ]
    },
    {
      "cite": "46 Ark. 373",
      "category": "reporters:state",
      "reporter": "Ark.",
      "case_ids": [
        1890492
      ],
      "opinion_index": 0,
      "case_paths": [
        "/ark/46/0373-01"
      ]
    }
  ],
  "analysis": {
    "cardinality": 694,
    "char_count": 14032,
    "ocr_confidence": 0.711,
    "pagerank": {
      "raw": 6.778062648005212e-07,
      "percentile": 0.9636096544624803
    },
    "sha256": "54c47a296eae2993bda6aa7890bc57dc17a857ea70a3ca4f6d25fde2cce318be",
    "simhash": "1:c1e725d7e40e6c50",
    "word_count": 2464
  },
  "last_updated": "2024-02-27T21:57:19.433067+00:00",
  "provenance": {
    "date_added": "2019-08-29",
    "source": "Harvard",
    "batch": "2018"
  },
  "casebody": {
    "judges": [
      "Marcus E. Hawicins, Judge.",
      "Hirr, C. J., not participating. Battrr, J., dissents on the ground that the chancery court had no jurisdiction."
    ],
    "parties": [
      "Collins v. Paepcke-Leicht Lumber Company."
    ],
    "opinions": [
      {
        "text": "McCueeoch, J.-,\n(after stating the facts.) The jurisdiction of the chancery court to hear and determine this cause has not been challenged by appellee, either here or in the court below. The defendant being in possession of the lands holding adversely to the plaintiffs, as shown by the complaint, and no ground for equitable relief being alleged, it is clear that the suit should have been commenced in the law court, or, after having been commenced in the court of equity, should have been transferred to the proper court; but, as appellee made no motion to transfer, and submitted to trial of the issues without objection in the court of equity, it is held to have waived its right to transfer' the cause. Apperson v. Ford, 23 Ark. 746; Talbot v. Wilkins, 31 Ark. 411; Moss v. Adams, 32 Ark. 562; Organ v. M. & L. R. Ry. Co., 51 Ark. 235; Harris v. Townsend, 52 Ark. 411; Love v. Bryson, 57 Ark. 589.\nAppellee\u2019s title is based upon the sale made by the administrator of the Collins estate under an order of the probate court, which shows on its face that the sale was ordered for the payment of expenses of administration incurred by a former administrator. Has the probate court jurisdiction to order the sale of lands of a decedent for expenses of administration?\n\u201cLands and tenements shall be assets in the hands of every executor or administrator for the payment of the debts of the testator or intestate.\u201d Kirby\u2019s Dig. \u00a7 186. In Mays v. Rogers, 52 Ark. 320, this court held that \u201cwhere there are no debts due by the decedent, there can be no sale of lands of his estate to pay the expenses of an administration had thereon.\u201d The court in that case further said: \u201cTo what extent the right to resort to the lands for the sole purpose of paying the expenses of administering the estate is limited has not been fully argued by counsel, and it is not now determined. In every case, however, where an application is made to sell lands solely for the expenses of administering the estate, it must be made to appear that the expenses were incurred in the course of administering the estate to pay debts due personally by the decedent.\u201d Stewart v. Smiley, 46 Ark. 373; Rorer, Jud. Sales, \u00a7 236; Torrance v. Torrance, 53 Pa. St. 505; Dubois v. McLean, 4 McLean, 486; Farrar v. Dean, 24 Mo. 16; Sumner v. Williams, 8 Mass. 199; Walker v. Diehl, 79 Ill. 473; Moore v. Ware, 51 Miss. 206; 2 Woerner, Am. Law of Administration, \u00a7* 469.\nThe probate court is a court of superior jurisdiction, and, within its jurisdictional limits, its judgments import absolute verity, the same as other superior courts. Borden v. State, 11 Ark. 519; Curry v. Franklin, 51 Ark. 338; Montgomery v. Johnson, 31 Ark. 74; Apel v. Kelsey, 52 Ark. 341; Alexander v. Hardin, 54 Ark. 480. But where its judgment shows affirmatively on the face that the court was proceeding in a matter over which it had no jurisdiction, or acting beyond its jurisdictional limits, such judgment is void. Guynn v. McCauley, 32 Ark. 97; Summers v. Howard, 33 Ark. 490; Meyer v. Rousseau, 47 Ark. 460.\nThe confirmation cures all irregularities in the sale or the order therefor, but not jurisdictional defects. The order of sale here shows affirmatively that it was made to pay expenses of administration, and not debts of the decedent, and is therefore void. It does not show either that the sale was to pay debts or for \u201cexpenses of administration incurred in the course of administering the estate to pay debts due personally by the decedent.\u201d\nAs to the undivided half of the lands which fell to the widow, Elizabeth B. Collins, under the will of H. H. Collins, the statute of limitations did not begin to run until after the death of the widow, and, for that reason, the plaintiffs are not barred. Kessinger v. Wilson, 53 Ark. 400; Moore v. Childress, 58 Ark. 510; Ogden v. Ogden, 60 Ark. 70; Morrow v. James, 69 Ark. 539.\nThe right of action of the heirs as to the other half of the land has been complete since the date of the void sale, and the same is barred by the statute. The proof shows that the widow has been in possession of the land since the date of the sale, exercising acts of ownership inconsistent with any recognition of the rights of the heirs. She repeatedly mortgaged the lands, warranting the title thereto, and, in 1891, executed a deed with full covenants of warranty purporting to convey the title in fee.\nSo the decree is affirmed as to an undivided one-half of the lands; and as to the other half, the cause is reversed, with directions to enter a decree for appellants.\nHirr, C. J., not participating. Battrr, J., dissents on the ground that the chancery court had no jurisdiction.",
        "type": "majority",
        "author": "McCueeoch, J.-,"
      }
    ],
    "attorneys": [
      "Cook & Kendall and Joe T. Collins, for appellants.",
      "F. M. Rogers, for appellee."
    ],
    "corrections": "",
    "head_matter": "Collins v. Paepcke-Leicht Lumber Company.\nOpinion delivered January 28, 1905.\nI. IyAW AND EQUITY \u2014 WAIVER OF RIGHT TO transfer. \u2014 Where a bill in equity to quiet title is brought against a defendant in possession, no ground of equitable relief being alleged, the cause on motion should be transferred to the law court; but if defendant made no motion to transfer, and, without objection, submitted to trial of the issues in the chancery court, the right to transfer will be held to be waived. (Page 85.)\n2. Administration \u2014 when land assets. \u2014 Under Kirby\u2019s Digest, \u00a7 186, providing that \u201clands and tenements shall be assets in the hands of every executor or administrator for the payment of the debts of the testator or intestate,\u201d if there are no debts due by the decedent, there can be no sale of his real estate to pay- expenses of administration thereon, unless it appears that the expenses were incurred in the course of administering the estate to pay debts due personally by the decedent. (Page 86.)\n3. Probate court \u2014 conclusiveness of judgment. \u2014 While the probate court is a superior court, its judgments are void if they show on their face that the court was acting beyond its jurisdictional limits. (Page 86.)\n4. Same \u2014 sale of land for expenses.- \u2014 An order of the probate court for the sale of lands of an estate which shows on its face that it was made to pay expenses of administration, and not debts of the decedent, without showing that the expenses of administration were incurred in the course of administering the estate to pay debts due personally by the decedent, is void, and no rights were acquired under it, although the sale was afterwards confirmed. (Page 87.)\n5. Limitations \u2014 remainderman. \u2014 The statute of limitations does not begin to run against a remainderman until the death of the life tenant. (Page 87.)\n6. Possession of widow \u2014 when adverse.- \u2014 Where a testator\u2019s widow went into possession of an undivided half of his land by purchase at a void probate sale, and held the same thereunder adversely to the heirs for more than seven years, the right of the latter to recover such undivided half will be barred; but where she held the other half for life merely under the will, her possession of such half was not adverse, and the statute would not run in favor of herself or her assigns during her lifetime. (Page 87.)\nAppeal from Chicot Chancery Court.\nMarcus E. Hawicins, Judge.\nReversed in part.\nSTATEMENT BY THE COURT.\nH. H. Collins died childless in 1862, the owner of the lands in controversy, leaving his widow, Elizabeth B. Collins, and seven brothers, to whom, by his last will, and testament, he devised all his property, one-half to his wife, Elizabeth B., for life, and the remainder to his brothers, or those of them who should be \u201ctrue to -the South in her (then) present struggle.\u201d The will further provided that in the event \u201cthat as much as two-thirds of my property be taken by the Feder\u00e1is, or destroyed during the war, then my wife is to take all of what remains of th\u00e9 wreck of my property, one-half of which I give to her as her absolute property, and the remaining half of what is not so lost or destroyed to be held by her for and during her natural life.\u201d The widow intermarried with O. R. Richardson, and, after his death, with Jas. H. Warner, who died December 20, 1900, having occupied the land in controversy until her death.\nO. R. Richardson qualified as administrator of the estate of H. H. Collins on May 9, 1866, and acted.in that capacity until his death in 1872. He filed an inventory -of personal property, showing valuation aggregating the sum of $2,572.75, and three settlement accounts.\nIn February, 1873, Elizabeth B. Richardson was appointed administratrix of the estate of H. H. Collins, deceased, and at the April term, 1873, of the Chicot County Probate Court filed her petition, seeking a sale of the lands for the balance found in the first and third settlements of O. R. Richardson, as administrator of said estate, as expenses of administration in the sum of $3,590.33. A suit was filed by a part of the heirs of H. H. Collins in the circuit court of Chicot County in chancery to enjoin the sale sought, and said case was disposed of as shown in Collins v. Warner, 32 Ark. 87.\nJames H. Warner intermarried with said Elizabeth B., and became administrator de bonis non of the Collins estate, and also administrator de bonis non of the estate of O. E. Richardson, deceased. The lands were sold by Jas. H. Warner, as administrator of the Collins estate, and purchased by said Elizabeth B., pursuant to an order made by the probate court on October ix, 1880, in the following words:\n\u201cJames H. Warner, as administrator de bonis non, with the will annexed, of the estate of. Henry Collins, deceased', and as administrator de bonis non of the estate of Owen E. Richardson, deceased, and Elizabeth B. Warner, as a legatee in said will as creditor of the estate of Plenry H. Collins, deceased, against Sanford Collins, Thomas Collins, Samuel Collins, John H. Collins, James Edward Collins, in his own right and in right of his wife and children, and Robert Collins, legatees under the will \u00f3f Henry H. Collins, deceased, Ann Eliza Collins, Bettie Collins, Benjamin Collins, Ephia Collins and Henry Collins, children and heirs at law of Tolbert Collins, deceased, a legatee under said will, all of whom are residents of the State of Kentucky.\n\u201cOn this day this cause came on to be heard upon the petition as originally filed, and the answer thereto and the reply, and the evidence from the assessment books of the county for i860, 1861, 1862 and 1865, a part of the complaint of the defendants in a proceeding to enjoin this suit, and the depositions of the present plaintiffs or petitioners. And thereupon, after argument of counsel, the case was submitted to the court for determination, and the court, after due consideration, doth find for the petitioners, and, the court being fully advised of what order should be made in the case, it is therefore adjudged and ordered by the court that the claim of $3,590.33 in favor of representative of said estate of Owen L. Richardson, deceased, against the estate of said Henry H. Collins, deceased, and now amounting, with interest thereon at 6 per centum, to the sum of $5,313.68, be paid as expenses of administration. And it is further ordered that the lands of said estate, comprising as they do the greater part of Island 82, or so much thereof as may be necessary to pay said sum of $5,313.68, with interest and costs, be sold at public auction by said administrator de bonis non with the will annexed of the estate of Henry H. Collins,\u201d etc.\n* * * * * * *\n\u201cAnd it is further adjudged and decreed that the said Elizabeth B. Warner is, under the will of said Henry H. Collins,entitled to have, hold, receive and retain as her own property, in fee simple absolute, one-half of all the property of said estate, after the payment of said $5,313.68 and costs, and any additional expenses of administration attending the final settlement of said estate.\u2019 And that she is entitled to have, hold, retain and receive as her own property, for life, the remaining one-half of said estate.\u201d\nThe sale under this order was reported to the probate court at the next term thereafter, and confirmed. Elizabeth B. Warner, during her occupancy of the land, executed several mortgages thereon to Thomas H. Allen & Co., and finally, on May 15, 1891, by her warranty deed conveyed the same to Thomas H. Allen; and the appellee herein acquired its claim of title through these conveyances made by said Elizabeth B. Warner.\nOn March 7, 1901, this suit was commenced in the chancery court of Chicot County by the heirs of the brothers of H. H. Collins named in said will against appellees, asking that the several conveyances made by said Elizabeth B. Warner and the conveyance to appellee be cancelled, and the title decreed to be in the plaintiffs. They also alleged that the defendant was cutting valuable timber from the lands, and prayed that it be enjoined from so doing, and that plaintiffs recover possession of the lands and the value of the timber cut.\nAppellee answered, setting up title under the probate sale to Elizabeth B. Warner, and also pleaded laches on the part of plaintiffs in failing to assert their alleged 'rights in due season, and also pleading, respectively, the five and seven years statute of limitation.\nFrom a decree dismissing the complaint for want of equity the plaintiffs appealed.\nCook & Kendall and Joe T. Collins, for appellants.\nNo title passed by the administrator\u2019s deed. 50 Ark. 188; 51 Ark. 34; 62 Ark. 439. The land could not be sold until the personalty was exhausted. 37 Ark. 157; 46 Ark. 373; 52 Ark. 322. The sale was void because fraudulently obtained. 26 Ark. 256; 47 Ark. 471; 48 Ark. 277; 56 Ark. 601; Mansf. Dig. \u00a7 \u00a7 170, 171. A void judgment may be collaterally attacked. 48 Ark. 151.\nF. M. Rogers, for appellee.\nThe judgment of the probate court is final; unless reversed on appeal. 13 Ark. 507; 31 Ark. 74; 47 Ark. 413; 52 Ark. 341. As a condition precedent to avoidance, the remaindermen must reimburse the life tenant all sums paid to remove incumbrances. 4.Kent, 75; 20 Ark. 381; 49 Ark. 242; 20 Ark. 359. Appellee is subrogated to Mrs. Warner\u2019s right to repayment. 47 Ark. 421; 50 Ark. 361; 56 Ark. 563."
  },
  "file_name": "0081-01",
  "first_page_order": 102,
  "last_page_order": 108
}
