{
  "id": 8721529,
  "name": "St. Louis Refrigerator & Wooden Gutter Company v. Thornton",
  "name_abbreviation": "St. Louis Refrigerator & Wooden Gutter Co. v. Thornton",
  "decision_date": "1905-03-04",
  "docket_number": "",
  "first_page": "383",
  "last_page": "390",
  "citations": [
    {
      "type": "official",
      "cite": "74 Ark. 383"
    }
  ],
  "court": {
    "name_abbreviation": "Ark.",
    "id": 8808,
    "name": "Arkansas Supreme Court"
  },
  "jurisdiction": {
    "id": 34,
    "name_long": "Arkansas",
    "name": "Ark."
  },
  "cites_to": [
    {
      "cite": "26 Ark. 17",
      "category": "reporters:state",
      "reporter": "Ark.",
      "case_ids": [
        8726051
      ],
      "opinion_index": -1,
      "case_paths": [
        "/ark/26/0017-01"
      ]
    },
    {
      "cite": "20 Ark. 85",
      "category": "reporters:state",
      "reporter": "Ark.",
      "case_ids": [
        1869310
      ],
      "opinion_index": -1,
      "case_paths": [
        "/ark/20/0085-01"
      ]
    },
    {
      "cite": "41 la. 435",
      "category": "reporters:state",
      "reporter": "Iowa",
      "case_ids": [
        2306911
      ],
      "opinion_index": -1,
      "case_paths": [
        "/iowa/41/0435-01"
      ]
    },
    {
      "cite": "20 Mich 384",
      "category": "reporters:state",
      "reporter": "Mich.",
      "case_ids": [
        1939968
      ],
      "opinion_index": -1,
      "case_paths": [
        "/mich/20/0384-01"
      ]
    },
    {
      "cite": "71 Miss. 678",
      "category": "reporters:state",
      "reporter": "Miss.",
      "case_ids": [
        1760665
      ],
      "opinion_index": -1,
      "case_paths": [
        "/miss/71/0678-01"
      ]
    },
    {
      "cite": "39 W. Va. 332",
      "category": "reporters:state",
      "reporter": "W. Va.",
      "case_ids": [
        8639179
      ],
      "opinion_index": -1,
      "case_paths": [
        "/w-va/39/0332-01"
      ]
    },
    {
      "cite": "26 Fed. 219",
      "category": "reporters:federal",
      "reporter": "F.",
      "case_ids": [
        6726553
      ],
      "opinion_index": -1,
      "case_paths": [
        "/f/26/0219-01"
      ]
    },
    {
      "cite": "93 Ga. 715",
      "category": "reporters:state",
      "reporter": "Ga.",
      "case_ids": [
        578832
      ],
      "opinion_index": -1,
      "case_paths": [
        "/ga/93/0715-01"
      ]
    },
    {
      "cite": "55 Ark. 213",
      "category": "reporters:state",
      "reporter": "Ark.",
      "case_ids": [
        1322367
      ],
      "opinion_index": -1,
      "case_paths": [
        "/ark/55/0213-01"
      ]
    },
    {
      "cite": "56 Ark. 175",
      "category": "reporters:state",
      "reporter": "Ark.",
      "opinion_index": -1
    },
    {
      "cite": "69 Ark. 424",
      "category": "reporters:state",
      "reporter": "Ark.",
      "case_ids": [
        8723846
      ],
      "opinion_index": -1,
      "case_paths": [
        "/ark/69/0424-01"
      ]
    },
    {
      "cite": "51 Miss. 166",
      "category": "reporters:state",
      "reporter": "Miss.",
      "case_ids": [
        1648844
      ],
      "opinion_index": -1,
      "case_paths": [
        "/miss/51/0166-01"
      ]
    },
    {
      "cite": "47 Miss. 144",
      "category": "reporters:state",
      "reporter": "Miss.",
      "case_ids": [
        291109
      ],
      "weight": 2,
      "pin_cites": [
        {
          "page": "229"
        }
      ],
      "opinion_index": -1,
      "case_paths": [
        "/miss/47/0144-01"
      ]
    },
    {
      "cite": "148 Ill. 622",
      "category": "reporters:state",
      "reporter": "Ill.",
      "case_ids": [
        3058789
      ],
      "opinion_index": -1,
      "case_paths": [
        "/ill/148/0622-01"
      ]
    },
    {
      "cite": "121 U. S. 556",
      "category": "reporters:federal",
      "reporter": "U.S.",
      "opinion_index": -1
    },
    {
      "cite": "78 Wis. 584",
      "category": "reporters:state",
      "reporter": "Wis.",
      "case_ids": [
        8707235
      ],
      "opinion_index": -1,
      "case_paths": [
        "/wis/78/0584-01"
      ]
    },
    {
      "cite": "109 Cal. 12",
      "category": "reporters:state",
      "reporter": "Cal.",
      "case_ids": [
        8712062
      ],
      "opinion_index": -1,
      "case_paths": []
    },
    {
      "cite": "20 Fed. 339",
      "category": "reporters:federal",
      "reporter": "F.",
      "case_ids": [
        6733043
      ],
      "opinion_index": -1,
      "case_paths": [
        "/f/20/0339-01"
      ]
    },
    {
      "cite": "66 Miss. 100",
      "category": "reporters:state",
      "reporter": "Miss.",
      "case_ids": [
        1784605
      ],
      "opinion_index": -1,
      "case_paths": [
        "/miss/66/0100-01"
      ]
    },
    {
      "cite": "56 S. W. 873",
      "category": "reporters:state_regional",
      "reporter": "S.W.",
      "opinion_index": -1
    },
    {
      "cite": "24 Ark. 402",
      "category": "reporters:state",
      "reporter": "Ark.",
      "case_ids": [
        8727105
      ],
      "opinion_index": -1,
      "case_paths": [
        "/ark/24/0402-01"
      ]
    },
    {
      "cite": "37 Ark. 644",
      "category": "reporters:state",
      "reporter": "Ark.",
      "opinion_index": -1
    },
    {
      "cite": "49 Ark. 266",
      "category": "reporters:state",
      "reporter": "Ark.",
      "case_ids": [
        1309413
      ],
      "opinion_index": -1,
      "case_paths": [
        "/ark/49/0266-01"
      ]
    },
    {
      "cite": "63 Ark. 1",
      "category": "reporters:state",
      "reporter": "Ark.",
      "case_ids": [
        8720208
      ],
      "opinion_index": -1,
      "case_paths": [
        "/ark/63/0001-01"
      ]
    },
    {
      "cite": "60 Ark. 163",
      "category": "reporters:state",
      "reporter": "Ark.",
      "case_ids": [
        1903738
      ],
      "opinion_index": -1,
      "case_paths": [
        "/ark/60/0163-01"
      ]
    },
    {
      "cite": "50 Ark. 363",
      "category": "reporters:state",
      "reporter": "Ark.",
      "opinion_index": -1
    },
    {
      "cite": "57 Ark. 323",
      "category": "reporters:state",
      "reporter": "Ark.",
      "opinion_index": -1
    },
    {
      "cite": "54 Ark. 665",
      "category": "reporters:state",
      "reporter": "Ark.",
      "case_ids": [
        1320326
      ],
      "opinion_index": -1,
      "case_paths": [
        "/ark/54/0665-01"
      ]
    },
    {
      "cite": "50 Ark. 390",
      "category": "reporters:state",
      "reporter": "Ark.",
      "case_ids": [
        8723145
      ],
      "weight": 2,
      "opinion_index": -1,
      "case_paths": [
        "/ark/50/0390-01"
      ]
    },
    {
      "cite": "55 Ark. 192",
      "category": "reporters:state",
      "reporter": "Ark.",
      "case_ids": [
        1322264
      ],
      "opinion_index": 0,
      "case_paths": [
        "/ark/55/0192-01"
      ]
    },
    {
      "cite": "44 Ark. 436",
      "category": "reporters:state",
      "reporter": "Ark.",
      "case_ids": [
        1893378
      ],
      "opinion_index": 0,
      "case_paths": [
        "/ark/44/0436-01"
      ]
    },
    {
      "cite": "69 Ark. 424",
      "category": "reporters:state",
      "reporter": "Ark.",
      "case_ids": [
        8723846
      ],
      "opinion_index": 0,
      "case_paths": [
        "/ark/69/0424-01"
      ]
    },
    {
      "cite": "37 Ark. 644",
      "category": "reporters:state",
      "reporter": "Ark.",
      "pin_cites": [
        {
          "page": "647"
        }
      ],
      "opinion_index": 0
    },
    {
      "cite": "54 Ark. 665",
      "category": "reporters:state",
      "reporter": "Ark.",
      "case_ids": [
        1320326
      ],
      "pin_cites": [
        {
          "page": "668"
        }
      ],
      "opinion_index": 0,
      "case_paths": [
        "/ark/54/0665-01"
      ]
    },
    {
      "cite": "50 Ark. 390",
      "category": "reporters:state",
      "reporter": "Ark.",
      "case_ids": [
        8723145
      ],
      "pin_cites": [
        {
          "page": "392"
        }
      ],
      "opinion_index": 0,
      "case_paths": [
        "/ark/50/0390-01"
      ]
    },
    {
      "cite": "19 S. E. 417",
      "category": "reporters:state_regional",
      "reporter": "S.E.",
      "opinion_index": 1
    },
    {
      "cite": "20 S. E. Rep. 215",
      "category": "reporters:state_regional",
      "reporter": "S.E.",
      "opinion_index": 1
    },
    {
      "cite": "37 Ark. 643",
      "category": "reporters:state",
      "reporter": "Ark.",
      "case_ids": [
        1870993
      ],
      "opinion_index": 1,
      "case_paths": [
        "/ark/37/0643-01"
      ]
    },
    {
      "cite": "47 Ark. 199",
      "category": "reporters:state",
      "reporter": "Ark.",
      "case_ids": [
        1888774
      ],
      "opinion_index": 1,
      "case_paths": [
        "/ark/47/0199-01"
      ]
    },
    {
      "cite": "46 Ark. 96",
      "category": "reporters:state",
      "reporter": "Ark.",
      "case_ids": [
        1890471
      ],
      "opinion_index": 1,
      "case_paths": [
        "/ark/46/0096-01"
      ]
    },
    {
      "cite": "69 Ark. 424",
      "category": "reporters:state",
      "reporter": "Ark.",
      "case_ids": [
        8723846
      ],
      "opinion_index": 1,
      "case_paths": [
        "/ark/69/0424-01"
      ]
    }
  ],
  "analysis": {
    "cardinality": 663,
    "char_count": 15989,
    "ocr_confidence": 0.733,
    "pagerank": {
      "raw": 3.4525034917043853e-07,
      "percentile": 0.880244176397929
    },
    "sha256": "7d32dd4f0a0568dc89b3c4d5a3324a9f70f0be93e1f1538d5d33e4040e528e56",
    "simhash": "1:f19808ba826cd85b",
    "word_count": 2868
  },
  "last_updated": "2024-02-27T21:57:19.433067+00:00",
  "provenance": {
    "date_added": "2019-08-29",
    "source": "Harvard",
    "batch": "2018"
  },
  "casebody": {
    "judges": [
      "Joee D. Conway, Judge."
    ],
    "parties": [
      "St. Louis Refrigerator & Wooden Gutter Company v. Thornton."
    ],
    "opinions": [
      {
        "text": "Battue, J.,\n(after stating the facts.) In the hearing the appellant offered, and the court refused to allow him, to prove that the lands were wild and unoccupied, and had been unoccupied for many years before the commencement of this' suit; and that the county taxes of 1868, for which the lands were sold or forfeited to the State, were not levied until the year i86g. \u201413 The plaintiff relied solely on the donation deeds executed by the State to himself and wife, insisting that they were prima facie evidence of a good and valid title to the lands, and that defendant ought not to be allowed to contest his title, it not being shown that it or those under whom it claims had any right to or interest in the lands at the time they were sold or forfeited to the State. It seems that the trial court sustained this contention, and upon this theory heard the cause and rendered a decree.\nIf the evidence offered be true, the sale of the lands to the State was void, because they were sold for county taxes of 1868, which were levied in 1869. Such taxes were levied at a time not authorized by law, and were void. Parr v. Matthews, 50 Ark. 390, 392; Boehm v. Porter, 54 Ark. 665, 668. Why should appellee, claiming under such sale, have the right to set aside another deed equally effective to convey title as his own? How could appellant\u2019s deed cast a cloud upon his title when he had none? Appellant has as much right to use its deed as color of title in acquiring the land by adverse possession or paying taxes thereon for seven consecutive years under the statute as he has. Hence, under the decisions of this court, he \u201cmust succeed, if at all, upon the strength of his own title, and cannot rely upon the weakness of his adversary\u2019s.\u201d Lawrence v. Zimpleman, 37 Ark. 644, 647.\nIn suits to quiet title the plaintiff is not entitled to recover, unless he be in possession, or his title be equitable, or, having the legal title, the land be wild and unoccupied. Matthews v. Marks, 44 Ark. 436. If the land be wild and unoccupied, it is in the constructive possession of the true owner. In this case the appellant is not in the actual or constructive possession of the land \u2014 it being wild and unoccupied, and has no title to the same, and he is not entitled to any relief.\nBut appellee says the donation deeds under which he claims are prima facie evidence of a good and valid title, and appellee has no right to question their validity, because it or its grantors had no title thereto at the time the lands were sold to the State. The statutes of this State provide \u201cthat np person shall be permitted to question the tax title acquired by a deed of the clerk of the county court, without first showing that he, or the person under whom he claims title to the property, had title thereto at the time of the sale for taxes, or that title was, obtained from the United States or this State after the sale, and that all taxes due upon the property have been paid by such person, or the, .person under whom he claims title.\u201d Kirby\u2019s Dig. \u00a7 7105. In Townsend v. Martin, 55 Ark. 192, this court held that this statute was limited in its operation to deeds made by the clerk, and does not embrace deeds made by the Commissioner of State Lands to lands forfeited for taxes. The Legislature has not seen fit to. protect the deeds of the Commissioner of State Lands in the manner it has the deeds of county clerks. The law has made them only prima facie evidence of title, and we see no reason why the appellant should not be allowed to show those void under which appellee claims in this case. It is not seeking in this case to interfere with appellee or his rights, and it should have the right to defend itself against this suit by showing that it is unfounded, and that plaintiff is not entitled to any relief.\nAppellee cites Thornton v. St. Louis Refrigerator & Wooden Gutter Co., 69 Ark. 424, and quotes from it as follows: \u201cThe donation deed executed by the State of Arkansas to the appellant is prima facie evidence of a valid title to the land in him. The land being wild, uncultivated and unoccupied, it vested him with the constructive possession of the same, and this possession is actual for all the purposes of remedy until it is interrupted by an actual entry an adverse possession taken by another; and nothing short of what constitutes an actual possession, such as creates an ouster, will take away from the owner the possession which the lazo attaches to the legal title.1\u2019 Thi\u00a7 language was-used in reference to the facts in that case. The donation deed of the State was prima facie evidence of title and of constructive possession in that case, there being no evidence that the sale upon which it was based was illegal and void. Had it been shown that it was based upon an illegal sale for taxes, it would not have been evidence of title and of constructive possession of the land. It would have been void.\nLet the decree of \u2022 the circuit court be reversed, and the cause be remanded with instructions to the court to overrule appellee\u2019s demurrer to appellant\u2019s answer, and to admit the rejected testimony, and to proceed in accordance with this opinion.",
        "type": "majority",
        "author": "Battue, J.,"
      },
      {
        "text": "Hied, C. J.,\n(dissenting.) Thornton had a donation deed to the land in controversy, and brought suit to quiet title against appellant, who had no title derived from any source connected with the ownership of the land. The defendant had\u2019 a deed from one party, who had a deed from another party, and no attempt was made to show that any of those parties ever owned or were in possession of the land. Its title began nowhere, and ended at the same place.\nTwo attacks were made upon plaintiff\u2019s title, one on account of failure, to make the improvements required by the laws donating lands. This court has twice held that such attacks could only be made by the State. Radcliffe v. Scruggs, 46 Ark. 96; Wilson v. State, 47 Ark. 199.\nThe other attack was upon the regularity of the levy of taxes for the year 1868 for the default in the payment of which the land forfeited to the State.\nIf the defendant was the priginal owner of the land, or had any interest which would entitle him to redeem from a tax sale, or derived title from some one having such rights, then undoubtedly the plaintiff would have to prove more than a title prima facie good, and would have to show the regularity of the proceedings under which the title vested in the State, his grantor. But such is not this case. When .the plaintiff introduced his donation deed, he made out a case for himself, and could rest. The statute makes this title prima facie good. In a prior litigation between- these parties over a trespass upon this land, this court said: \u201cThe donation deed executed by the State of Arkansas to the appellant (the appellee in this appeal) is prima facie evidence of a valid title to the land to him. The land being wild, uncultivated and unoccupied, it vested him with the com structive possession of the same, and this possession is actual for all purposes of remedy until it is interrupted by an actual entry and adverse possession taken by another; and nothing short of what constitutes an actual possession, 'such as creates an ouster, will take from the owner the possession which the law attaches to- the legal title.\u201d Thornton v. St. Louis Refrigerator & Wooden Gutter Company, 69 Ark. 424.\nThe title, valid on its face, was, as above stated, equivalent to possession, and would prevail until ouster. There was no entry, no ouster, no adverse possession in this case, and no title giving constructive possession to the defendant (appellant here), and under this decision the plaintiff fully made his case with his. title, which is prima facie good. It is true that in the former appeal no attack was made on the assessment which lay behind the title; but if the title was good as against a trespasser merely because it gave constructive possession by. reason of it being prima facie good, it logically follows that it is good against a person not in possession and not in title. Shall such person be allowed to attack this title, without any showing of title or possession in himself, or any one under.whom he claims, by showing some defect in the assessment which occurred thirty-five years ago? If it is open to such attack, then it was idle legislation to make these deeds prima facie evidence of the regularity of all prior proceedings. If any trespasser, or any one holding a deed from a stranger to the title, can put upon the holder of the State\u2019s title the burden of proving regularity in the tax proceedings, then the presumptions in its favor are nugatory. In suits to quiet title the rule as to the title required of the plaintiff to maintain his action is thus stated: \u201cIf the cloud raised by the defendant\u2019s unfounded claim were removed, the plaintiff would then have a reasonably clear title.\u201d Lawrence v. Zimpleman, 37 Ark. 643.\nWith the tramp title of the defendant removed, then the plaintiff would have a title good on its face, and presumptively valid, and for the purposes of remedy equivalent to actual possession, and only subject to defeat by delving into musty records 35 years old, and it seems it ought to be a \u201creasonably clear title.\u201d This view does not conflict with the rule that he must recover on the strength of his own title, because his title is strong enough to be equivalent to actual possession for all purposes of remedy (so ruled by this court), and actual possession would certainly have defeated this appellant, who had neither title nor possession.\nAs stated, only the State could contest the validity of Thornton\u2019s right to the donation deed from the State, and only the original owner or. some one having interest in the land ought to be allowed to contest the forfeiture from the owner to the State, and it was so ruled in Georgia and West Virginia. McArthur v. Peacock, 20 S. E. Rep. 215; Hawkinberry v. Snodgrass, 19 S. E. 417.\nA suit to quiet title settles the issues between the parties, and the ultimate working out of the reversal herein will be, if the defects in the levy of taxes are proved, to take the land from the party with a title declared by statute prima facie good, and give it to the other litigant, who has no title at all, and I dissent, for the reasons given.",
        "type": "dissent",
        "author": "Hied, C. J.,"
      }
    ],
    "attorneys": [
      "7. H. Crawford, for appellant.",
      "C. V. Murry and 7. B. Moore, for appellee."
    ],
    "corrections": "",
    "head_matter": "St. Louis Refrigerator & Wooden Gutter Company v. Thornton.\nOpinion delivered March 4, 1905.\n1. Taxes \u2014 levy. \u2014 A levy of taxes in 1869 for the year 1868 was illegal, and rendered a sale for that year void. Parr v. Matthews, 50 Ark. 390, followed. (Page 386.)\n2. Removal oe cloud \u2014 plaintiff's title. \u2014 The plaintiff in a suit to quiet title must succeed, if at all, upon the strength of his own title, and not upon the weakness of his adversary\u2019s. (Page 386.)\n3. Possession \u2014 wild land. \u2014 Wild and unoccupied land is in the constructive possession of the true owner. (Page 386.)\n4. Quieting title \u2014 practice. \u2014 In suits in equity to quiet title the plaintiff is not entitled to judgment unless he be in possession, or his title be equitable, or, having the legal title, the land be wild and unoccupied. (Page 386.)\n5. Forfeited lands \u2014 commissioner's deed \u2014 effect. \u2014 Kirby\u2019s Dig., \u00a7 7103, providing \u201cthat no person shall be permitted to question the tax title acquired by a deed of the clerk of the county court, without first showing that he, or the person under whom he claims title to the property, had title thereto at' the time of the sale for taxes, or that title was obtained from the United States or this State after the sale, and that all taxes due upon the property have been paid by such person, or the person under whom he claims title,\u201d is limited in its operation to deeds made by the clerk, and does not embrace deeds made by the Commissioner of State Lands to lands forfeited for taxes. (Page 386.)\nAppeal from Clark Circuit Court in Chancery.\nJoee D. Conway, Judge.\nReversed.\nSTATEMENT BY THE COURT.\nThis is a suit instituted by Jobe Thornton against the St. Louis Refrigerator & Wooden Gutter Company, to cancel the deed of the defendant to certain lands as a cloud upon his title. The defendant answered. The substance of the pleadings is correctly stated in appellant\u2019s abstract as follows:\n\u201cAppellee filed his complaint against appellant, stating substantially that he was the owner of the northeast quarter of section 11, in township 11, south of range 19 west, under a donation deed from the State, and that he was the owner by curtesy, through his deceased wife, Eliza, of the southeast quarter of the same section, she having received a donation deed from the State, both donation deeds being dated April 9, 1872; that said Eliza died in 1874, having had issue of her marriage with appel-lee; born alive. That the State derived its title to said lands through a sale for the taxes of 1868. That said lands were wild and unimproved, except about nine acres in the northeast quarter of the northeast quarter, which is claimed by John Bragg and . Powell (which were not sued for). That plaintiff was in the constructive possession of said lands, except the said northeast quarter of the northeast quarter, continuously since the...day of April, 1872. That, immediately after procuring his deed to the said northeast quarter, plaintiff took actual possession of the same, cleared, fenced, improved and placed in readiness for cultivation five acres thereof. That defendant (appellant) claims said lands (except said northeast quarter) by color of title under a quitclaim deed from J. S. and Alice Car-gile to J. A. Smith, and from said Smith to defendant. The plaintiff alleged that defendant\u2019s deed was a cloud upon his title, and prayed for its cancellation.\n\u201cDefendant, by way of answer, denied that the plaintiff was the owner of said northeast quarter by virtue of his donation deed; denied that he was the owner of the curtesy .interest through his deceased wife; denied that the plaintiff was ever in the actual or constructive possession of the said tracts of land, and denied that his said wife, Eliza, in her lifetime, was ever in the actual or constructive possession of the said southeast quarter. The defendant alleged that the county court of Clark County did not levy the county taxes for 1868 until the 8th day of February, 1869; that, by reason of said illegal levy of taxes, the title of the State was and is absolutely void.\n\u201cThe plaintiff demurred to the answer, and assigned four grounds, all of which were overruled, except the second, which was as follows: \u2018Second. The plaintiff demurs to all that part of the said answer that refers to the assessment and levy of taxes and the forfeiture and sale of said land for the taxes, and attacks the donation of the same by the plaintiff and his wife, Eliza, because the answer does not show that defendant was the owner of said land in controversy at the time of said forfeiture and sale, or that it claims title thereto from said owner or some one holding under him.\u2019 \u201d\nUpon the hearing of the cause, the court rendered a decree in favor of the plaintiff, quieting his title to both tracts of land in controversy. The defendant appealed.-\n7. H. Crawford, for appellant.\nThe sale of the land for taxes was void. 50 Ark. 390; 54 Ark. 665. Appellee would have no title unless he held the land actually and adversely for seven years. 57 Ark. 323; 50 Ark. 363; 60 Ark. 163; 63 Ark. 1; 49 Ark. 266. Appellee must rely on the strength of his own title. 37 Ark. 644; 24 Ark. 402; 56 S. W. 873; 66 Miss. 100; 20 Fed. 339; 109 Cal. 12; 78 Wis. 584; 121 U. S. 556; 148 Ill. 622; 47 Miss. 144, 229; 51 Miss. 166.\nC. V. Murry and 7. B. Moore, for appellee.\nAppellee\u2019s donation deeds are valid upon their face, and are evidence of good title. 69 Ark. 424; 56 Ark. 175-; 55 Ark. 213; 3 Wash. R. P. 260; 93 Ga. 715; 26 Fed. 219; 39 W. Va. 332; 46 Ea. Ann. 151; 71 Miss. 678; 59 Cal.-612. Appellee should prevail upon the strength of the title shown. 47 Miss. 144; 20 Mich 384; 41 la. 435; 20 Ark. 85; 26 Ark. 17; 29, Ark. 173."
  },
  "file_name": "0383-01",
  "first_page_order": 404,
  "last_page_order": 411
}
