{
  "id": 8721785,
  "name": "Smith v. State",
  "name_abbreviation": "Smith v. State",
  "decision_date": "1905-03-04",
  "docket_number": "",
  "first_page": "397",
  "last_page": "400",
  "citations": [
    {
      "type": "official",
      "cite": "74 Ark. 397"
    }
  ],
  "court": {
    "name_abbreviation": "Ark.",
    "id": 8808,
    "name": "Arkansas Supreme Court"
  },
  "jurisdiction": {
    "id": 34,
    "name_long": "Arkansas",
    "name": "Ark."
  },
  "cites_to": [
    {
      "cite": "69 Ark. 599",
      "category": "reporters:state",
      "reporter": "Ark.",
      "case_ids": [
        8725460
      ],
      "opinion_index": -1,
      "case_paths": [
        "/ark/69/0599-01"
      ]
    },
    {
      "cite": "22 Ark. 336",
      "category": "reporters:state",
      "reporter": "Ark.",
      "case_ids": [
        8726703
      ],
      "opinion_index": -1,
      "case_paths": [
        "/ark/22/0336-01"
      ]
    },
    {
      "cite": "44 Ark. 122",
      "category": "reporters:state",
      "reporter": "Ark.",
      "case_ids": [
        1893402
      ],
      "opinion_index": 0,
      "case_paths": [
        "/ark/44/0122-01"
      ]
    },
    {
      "cite": "49 Ark. 176",
      "category": "reporters:state",
      "reporter": "Ark.",
      "case_ids": [
        1310215
      ],
      "opinion_index": 0,
      "case_paths": [
        "/ark/49/0176-01"
      ]
    },
    {
      "cite": "58 Ark. 473",
      "category": "reporters:state",
      "reporter": "Ark.",
      "case_ids": [
        1329174
      ],
      "opinion_index": 0,
      "case_paths": [
        "/ark/58/0473-01"
      ]
    },
    {
      "cite": "56 Ark. 7",
      "category": "reporters:state",
      "reporter": "Ark.",
      "opinion_index": 0
    },
    {
      "cite": "46 Ark. 141",
      "category": "reporters:state",
      "reporter": "Ark.",
      "case_ids": [
        1890480
      ],
      "opinion_index": 0,
      "case_paths": [
        "/ark/46/0141-01"
      ]
    },
    {
      "cite": "10 N. J. L. 180",
      "category": "reporters:state",
      "reporter": "N.J.L.",
      "opinion_index": 0
    },
    {
      "cite": "61 Miss. 258",
      "category": "reporters:state",
      "reporter": "Miss.",
      "opinion_index": 0
    },
    {
      "cite": "37 Vt. 191",
      "category": "reporters:state",
      "reporter": "Vt.",
      "case_ids": [
        4433374
      ],
      "opinion_index": 0,
      "case_paths": [
        "/vt/37/0191-01"
      ]
    },
    {
      "cite": "39 Ohio St. 37",
      "category": "reporters:state",
      "reporter": "Ohio St.",
      "case_ids": [
        914161
      ],
      "opinion_index": 0,
      "case_paths": [
        "/ohio-st/39/0037-01"
      ]
    },
    {
      "cite": "3 Heisk. 408",
      "category": "reporters:state",
      "reporter": "Heisk.",
      "case_ids": [
        8540392
      ],
      "opinion_index": 0,
      "case_paths": [
        "/tenn/50/0408-01"
      ]
    },
    {
      "cite": "28 Ark. 121",
      "category": "reporters:state",
      "reporter": "Ark.",
      "case_ids": [
        1884368
      ],
      "opinion_index": 0,
      "case_paths": [
        "/ark/28/0121-01"
      ]
    },
    {
      "cite": "50 Ark. 305",
      "category": "reporters:state",
      "reporter": "Ark.",
      "case_ids": [
        8722160
      ],
      "opinion_index": 0,
      "case_paths": [
        "/ark/50/0305-01"
      ]
    },
    {
      "cite": "22 Ark. 336",
      "category": "reporters:state",
      "reporter": "Ark.",
      "case_ids": [
        8726703
      ],
      "opinion_index": 0,
      "case_paths": [
        "/ark/22/0336-01"
      ]
    }
  ],
  "analysis": {
    "cardinality": 350,
    "char_count": 5883,
    "ocr_confidence": 0.716,
    "pagerank": {
      "raw": 4.544418446966632e-07,
      "percentile": 0.924299061451073
    },
    "sha256": "1d5be0c2a1d072ad0fa108b96a460344c7c3fd90fb24cf521d8c740fd81fc2b9",
    "simhash": "1:2eaef3ebd0b2806b",
    "word_count": 1021
  },
  "last_updated": "2024-02-27T21:57:19.433067+00:00",
  "provenance": {
    "date_added": "2019-08-29",
    "source": "Harvard",
    "batch": "2018"
  },
  "casebody": {
    "judges": [
      "Hance N. IiuTTON, Judge."
    ],
    "parties": [
      "Smith v. State."
    ],
    "opinions": [
      {
        "text": "McCulloch, J.\nAppelfant was convicted of the crime of burglary, the only proof connecting him with the commission of the offence being his own confession, and it is argued in his behalf that the confession was extorted from him by threats, and physical violence. He was arrested by a police officer in the city of Helena, where the offense is alleged to have been committed, and confined in the city prisi\u00f3n for one day, and then taken to the county jail. He testified that the police officer who arrested him whipped him severely, and extorted a confession from him. This is not denied, and must therefore be taken as true. The prosecution did not, however, introduce testimony to establish the alleged confession made to the police officer, but proved a conflssion made to the sheriff and jailer the following day, while confined in the county jail.\nThe sheriff testified that appellant sent for him, and confessed having committed the crime; that the confession was free and voluntary, and that no promises or threats were made to appellant to induce him to confess, and that no violence was offered or inflicted. In this he was fully corroborated by the jailer, who also testified to the confession and all the circumstances under which it was made. The sheriff said: \u201cI told him that I would not promise him anything; that he should not be whipped while in jail unless for disturbance or disobedience of orders; and he told me the reason he wanted to tell this was because there were three others in all, and he wanted to get them all punished the same as he.\u201d- Appellant testified that the confession in jail was extorted from him by the sheriff, jailer and chief of police, by having him severely whipped; but this is denied by each of those officers, and the trial judge found that his testimony was not true, and admitted the confession in the evidence.\nIn Corley v. State, 50 Ark. 305, Chief Justice Cockrill, speaking for the. court, said: \u201cWhether or not a confession is voluntary is a mixed question of law and fact, to be determined by the court. It is the duty of the trial judge to decide the facts upon which the admissibility of the evidence depends, and his finding is conclusive on appeal, as it is in other cases where he discharges the function of a jury. Runnells v. State, 28 Ark. 121; 1 Greenleaf, Ev. \u00a7 219. The conclusion to be drawn from the facts is a question of law, and is reviewable by the appellate court. If the confession is fairly traceable to the prohibited influence, the trial judge should exclude it, and his failure to do so is error for which the judgment may be reversed.\u201d\nThe converse of the doctrine thus stated, therefore, is that if the confession is voluntary and free from any improper influence, and is not traceable to any prohibited influence previously exerted either by promise made by way of inducement or by threats or violence, then it is admissible. The burden to show this is upon the State. When once a confession under improper influence is obtained, the presumption arises that a subsequent confession of the same crime flows from that influence (Love v. State, 22 Ark. 336); but this presumption may be overcome by positive proof showing that the subsequent confession was given free from that or any other such influence. 1 Greenleaf, Ev. \u00a7 221; Maples v. State, 3 Heisk. 408; Jackson v. State, 39 Ohio St. 37; State v. Carr, 37 Vt. 191; Simmons v. State. 61 Miss. 258; State v. Guild, 10 N. J. L. 180.\nThe proof in- this case showed not .only that, at the time the confession put in evidence was made, no inducement therefor was given, but that the officers to whom the confession was made, by an assurance to the accused dispelling any fears of further violence, removed the former inducement, and fully warranted the court in finding that the confession was entirely free and voluntary. No error, therefore, was committed in admitting it.\nIt is further urged by appellant that the court erred in admitting in evidence the record of his former conviction of petit larceny. When a defendant in a criminal case becomes a witness in his own behalf, he is subject to impeachment, like any other witness. McCoy v. State, 46 Ark. 141; Lee v. State, 56 Ark. 7; Holder v. State, 58 Ark. 473. The statute making a defendant in a criminal case a competent witness in his own behalf removes the common-law disqualification arising from infamy (Ransom v. State, 49 Ark. 176); but the fact of his conviction of the infamous crime can be used to affect his credibility, the same as against any other witness. Werner v. State, 44 Ark. 122; 1 Greenleaf, Ev. \u00a7 461b.\nWe find no error, and the judgment is affirmed.",
        "type": "majority",
        "author": "McCulloch, J."
      }
    ],
    "attorneys": [
      "W. G. Dimmig, for appellant.",
      "Robert L. Rogers, Attorney General, for appellee."
    ],
    "corrections": "",
    "head_matter": "Smith v. State.\nOpinion delivered March 4, 1905.\n1. Confession \u2014 burden of proof. \u2014 The burden is on the State to prove that a confession offered in evidence is voluntary and free from improper influence, and is not traceable to undue influence previously exerted either by promise, by threats or by violence. (Page 399.)\n2. Same \u2014 presumption.. \u2014 When once a confession was obtained under improper influence, the presumption arises that a subsequent confession of the same crime flows from that influence; but the presumption may be overcome by positive evidence that the subsequent confession was given free from undue influence. (Page 399.)\n3. Accused as witness \u2014 impeachment. \u2014 Where a defendant in a criminal case becomes a witness in his own behalf, his credibility may be impeached by proof of a former conviction of an infamous crime. (Page 400.)\nAppeal from Phillips Circuit Court.\nHance N. IiuTTON, Judge.\nAffirmed.\nW. G. Dimmig, for appellant.\nIf the original confession was made under illegal influence, it will be presumed that all subsequent confessions are colored by it. 22 Ark. 336; 69 Ark. 599; 6 Am. & Eng. Ene. Eaw (2d Ed.), 542; 3 Rice, Ev. 499.\nRobert L. Rogers, Attorney General, for appellee."
  },
  "file_name": "0397-01",
  "first_page_order": 418,
  "last_page_order": 421
}
