{
  "id": 8721960,
  "name": "Pace v. Crandell",
  "name_abbreviation": "Pace v. Crandell",
  "decision_date": "1905-03-11",
  "docket_number": "",
  "first_page": "417",
  "last_page": "421",
  "citations": [
    {
      "type": "official",
      "cite": "74 Ark. 417"
    }
  ],
  "court": {
    "name_abbreviation": "Ark.",
    "id": 8808,
    "name": "Arkansas Supreme Court"
  },
  "jurisdiction": {
    "id": 34,
    "name_long": "Arkansas",
    "name": "Ark."
  },
  "cites_to": [
    {
      "cite": "44 Ind. 223",
      "category": "reporters:state",
      "reporter": "Ind.",
      "case_ids": [
        1405096,
        1405179
      ],
      "opinion_index": -1,
      "case_paths": [
        "/ind/44/0223-01",
        "/ind/44/0223-02"
      ]
    },
    {
      "cite": "2 Duer, 670",
      "category": "reporters:state",
      "reporter": "Duer",
      "case_ids": [
        1328112
      ],
      "opinion_index": -1,
      "case_paths": [
        "/ny-super-ct/9/0670-01"
      ]
    },
    {
      "cite": "40 Ark. 237",
      "category": "reporters:state",
      "reporter": "Ark.",
      "case_ids": [
        1897185
      ],
      "opinion_index": -1,
      "case_paths": [
        "/ark/40/0237-01"
      ]
    },
    {
      "cite": "60 Ark. 489",
      "category": "reporters:state",
      "reporter": "Ark.",
      "opinion_index": -1
    },
    {
      "cite": "94 N. Y. 232",
      "category": "reporters:state",
      "reporter": "N.Y.",
      "opinion_index": -1
    },
    {
      "cite": "44 Cal. 132",
      "category": "reporters:state",
      "reporter": "Cal.",
      "case_ids": [
        2316183
      ],
      "opinion_index": -1,
      "case_paths": [
        "/cal/44/0132-01"
      ]
    },
    {
      "cite": "56 Miss. 104",
      "category": "reporters:state",
      "reporter": "Miss.",
      "opinion_index": -1
    },
    {
      "cite": "82 Mo. 450",
      "category": "reporters:state",
      "reporter": "Mo.",
      "opinion_index": -1
    },
    {
      "cite": "63 Mo. 96",
      "category": "reporters:state",
      "reporter": "Mo.",
      "case_ids": [
        970018
      ],
      "opinion_index": -1,
      "case_paths": [
        "/mo/63/0096-01"
      ]
    },
    {
      "cite": "62 Ark. 51",
      "category": "reporters:state",
      "reporter": "Ark.",
      "case_ids": [
        1905725
      ],
      "opinion_index": -1,
      "case_paths": [
        "/ark/62/0051-01"
      ]
    },
    {
      "cite": "73 Ark. 344",
      "category": "reporters:state",
      "reporter": "Ark.",
      "case_ids": [
        1504073
      ],
      "opinion_index": -1,
      "case_paths": [
        "/ark/73/0344-01"
      ]
    },
    {
      "cite": "50 Ark. 562",
      "category": "reporters:state",
      "reporter": "Ark.",
      "case_ids": [
        8724405
      ],
      "opinion_index": -1,
      "case_paths": [
        "/ark/50/0562-01"
      ]
    },
    {
      "cite": "46 Ark. 132",
      "category": "reporters:state",
      "reporter": "Ark.",
      "case_ids": [
        1890452
      ],
      "opinion_index": -1,
      "case_paths": [
        "/ark/46/0132-01"
      ]
    },
    {
      "cite": "41 Ark. 17",
      "category": "reporters:state",
      "reporter": "Ark.",
      "case_ids": [
        1896218
      ],
      "opinion_index": -1,
      "case_paths": [
        "/ark/41/0017-01"
      ]
    },
    {
      "cite": "33 Cal. 150",
      "category": "reporters:state",
      "reporter": "Cal.",
      "case_ids": [
        2264140
      ],
      "opinion_index": -1,
      "case_paths": [
        "/cal/33/0150-01"
      ]
    },
    {
      "cite": "23 Kan. 448",
      "category": "reporters:state",
      "reporter": "Kan.",
      "case_ids": [
        85163
      ],
      "opinion_index": -1,
      "case_paths": [
        "/kan/23/0448-01"
      ]
    },
    {
      "cite": "73 Ark. 221",
      "category": "reporters:state",
      "reporter": "Ark.",
      "case_ids": [
        1504008
      ],
      "opinion_index": 0,
      "case_paths": [
        "/ark/73/0221-01"
      ]
    },
    {
      "cite": "73 Ark. 344",
      "category": "reporters:state",
      "reporter": "Ark.",
      "case_ids": [
        1504073
      ],
      "opinion_index": 0,
      "case_paths": [
        "/ark/73/0344-01"
      ]
    }
  ],
  "analysis": {
    "cardinality": 432,
    "char_count": 8333,
    "ocr_confidence": 0.696,
    "pagerank": {
      "raw": 2.9138068132334677e-07,
      "percentile": 0.8460056937682467
    },
    "sha256": "a571cc9adb8cd61ae045ef393960be8049f3d070a6cb8edc454da74760129ef9",
    "simhash": "1:825f8e31337bfc83",
    "word_count": 1447
  },
  "last_updated": "2024-02-27T21:57:19.433067+00:00",
  "provenance": {
    "date_added": "2019-08-29",
    "source": "Harvard",
    "batch": "2018"
  },
  "casebody": {
    "judges": [
      "Eebridge G. Mitcheee, Judge."
    ],
    "parties": [
      "Pace v. Crandell."
    ],
    "opinions": [
      {
        "text": "HiEE, C. J.\nCrandell brought ejectment against Pace and Winfield, stating that they were in possession of the land sued for, claiming to be the owners under a pretended purchase from the State for taxes alleged to be due thereon, and their possession was without right, and their purchase from the State a cloud on his title. He deraigned title as follows: That Henry W. Fick died seized and possessed of the northwest quarter of the northwest quarter, section 10, township 18 north, range 20 west. That Fick died testate, leaving said land to his minor daughter, Josie Fick. That, through appropriate orders of the probate court, said land was sold, and purchased by, and conveyed to, the North Arkansas Fair Association, a corporation. That the Fair Association platted an addition to the town of Harrison from part of said tract, known as the Fair Ground Addition to said town. That in said plat there were no blocks three and four, but some unauthorized plat was made showing such blocks. That he purchased a tract of land from the Fair Grounds Association, and it conveyed to him the land purchased under the description of blocks three and four, when it was intended to convey him a tract which is described by metes and bounds in the complaint, which is alleged to be identical with said blocks on the unauthorized 'plat.\nThe complaint called for the will of Fick as exhibit 1; the guardian\u2019s deed to the Fair Association as exhibit 2; the authorized plat (showing no blocks 3 and 4 in the addition) as exhibit 3; and the deed from the Fair Association to plaintiff as exhibit 4. The defendants (appellants here) filed exceptions to exhibits 3 and 4, and the court overruled them, and the only errors assigned on this appeal are for overruling said exceptions and in rendering judgment against the defendants. Therefore it will not be necessary to notice other issues presented by the defendants, to sustain which no evidence was offered. The only evidence offered was said exhibits 3 and 4 and the testimony of plaintiff Crandell, who testified: That exhibit 3 was the plat of the addition, and he had noted thereon the various lots sold, and to whom and for what amount at the time of the sale of the lots in the addition. There was another plat got up by Garvin & Duncan, and upon that plat the land in controversy was described as blocks 3 and 4. Garvin wrote the deed to him which, according to his understanding, conveyed all the outlying land in northwest quarter northwest quarter that had not been surveyed prior to that time. This included the land he purchased, and it is the land which was intended to b\u00e9 conveyed, and which is described in the complaint by metes and bounds, and which is blocks 3 and 4 on Garvin\u2019s map. In this testimony the court gave judgment for Crandell for the land sued for.\nX. The first point presented is that the plaintiff failed to prove that Fick was ever in possession, and failed to prove title from Fick to the association, as set out in the complaint. While the muniments of title are described in the complaint, and called for as exhibits 1 and 2, they are not attached to the complaint, and were not introduced in evidence.\nThe answer did not deny that Fick died 'seized and possessed of the land and the mesne conveyances to the Fair Association, unless this be taken as a denial: \u201cand said defendants deny that plaintiff now has or ever had title to said lands.\u201d This court recently considered such a denial and the practice of excepting to the muniments of title to prove an undenied title, and held that such general denials as the one here amounted to nothing. Harvey v. Douglass, 73 Ark. 221 ; Haggart v. Ranney, 73 Ark. 344.\nThe appellants assert that the allegation that Fick died seized and possessed of the land'was a legal conclusion, and not a traversable allegation. They cite Bliss on Code Plead., \u00a7 212, and authorities there found, to sustain them, but the legal conclusions there discussed are different from this allegation. Possession is a fact, and not necessarily a legal conclusion. If issue had been taken on this allegation, it would be good after verdict and good against attack except by motion. Bliss, Code Plead., \u00a7 334. Instead of taking issue on Pick\u2019s seizin and possession and the conveyances under him, the appellants merely denied that plaintiff Crandell had title, which, as stated, amounts to nothing, and left uncontroverted the allegations of seizin, possession and the conveyances to the Fair Association.\n2. The exception to the deed from the Fair Association to Crandell was- because it contained no such description of land as that sought to be recovered by the complaint. This exception is without merit. The complaint alleged that it conveyed the land as blocks 3 and 4, when it intended to\u201e convey it as described in the complaint, and that the blocks 3 and 4 were identical with the description in the complaint of the land sought to be recovered. The appellants in their answer do not deny these allegations, but except to the introduction of the deed in evidence, alleging its inconsistency with the claim of title to other' land than therein described, and seek to invoke an estoppel against the plaintiff. There was no inconsistency at all in the position. It was merely that his deed described a certain tract of land by blocks when the plat so describing the land was not an authorized one, and the true description should be by metes and bounds, which it alleged was identically the property otherwise described in the deed. On the trial the appellant proved this allegation, and that proof was necessary in order to entitle him to recover under the complaint.\n3. Exception was taken to the plat of the addition, which was exhibit 3. This plat had no place in the complaint or as an exhibit thereto. It was not a deed or written evidence of title which are to be exhibits to ejectment complaints. Kirby\u2019s Dig. \u00a7 2742. Having no place in the complaint, it was not a subject of exception, under section 2743, Kirby\u2019s Digest. The ruling of the court on this extraneous issue could not be prejudicial to either side. The plat was introduced in evidence, and was not of itself admissible, but it was proper for Crandell to explain therefrom the true description of the land, and what was intended to be conveyed in his deed, and for that purpose it was used. Cran-dell\u2019s testimony, without it, is amply sufficient to sustain the judgment, and it could not have been a matter of prejudice in pleading or evidence.\nAffirmed.",
        "type": "majority",
        "author": "HiEE, C. J."
      }
    ],
    "attorneys": [
      "Pace & Pace and John B. Jones, for appellants.",
      "G. J. Crump, for appellee.",
      "Pace & Pace and John B. Jones, for appellants in reply."
    ],
    "corrections": "",
    "head_matter": "Pace v. Crandell.\nOpinion delivered March 11, 1905.\n1. Ejectment \u2014 denial of plaintiff's ownership. \u2014 A general denial of plaintiff\u2019s ownership of land sued for in ejectment, where the complaint specifically sets forth plaintiff\u2019s title, raises no issue, and defendant\u2019s exceptions to plaintiff\u2019s muniments of title in such case will not be considered. (Page 419.)\n2. Same \u2014 allegation of possession \u2014 sufficiency. \u2014 An allegation in a complaint in ejectment that one through whom plaintiff deraigned title died seized and possessed of the land is not a statement of a legal conclusion, and is traversable. (Page 419.)\n3. Same \u2014 exhibits \u2014 exceptions.\u2014As a copy of an addition to a town is neither a deed nor a written evidence of title, within Kirby\u2019s Digest, \u00a7 7242, it is not a subject of exception, under section 2743, though improperly filed as an exhibit to a complaint in ejectment. (Page 420.)\n4. Appeal \u2014 harmless error. \u2014 The improper admission of evidence was not prejudicial if the fact it tended to prove was otherwise amply established. (Page 420.)\nAppeal from Boone Circuit Court.\nEebridge G. Mitcheee, Judge.\nAffirmed. \u2022\nPace & Pace and John B. Jones, for appellants.\nThe description of the land as advertised was sufficient. Cooley, Tax. 405; 23 Kan. 448; 33 Cal. 150'; 51 Texas, 390.\nG. J. Crump, for appellee.\nAllegations in a pleading which \u00e1re not denied will be taken as true. 41 Ark. 17; 46 Ark. 132; 50 Ark. 562; 73 Ark. 344; 62 Ark. 51. Defendants\u2019 exceptions to exhibits were properly overruled. 63 Mo. 96; 82 Mo. 450; 56 Miss. 104; 44 Cal. 132; 94 N. Y. 232; 60 Ark. 489; 40 Ark. 237.\nPace & Pace and John B. Jones, for appellants in reply.\nThe complaint stated no allegation of fact that should have been denied. Bliss, Code PI. \u00a7 212; 4 Met. (Ky.) 326; 2 Duer, 670; 44 Ind. 223."
  },
  "file_name": "0417-01",
  "first_page_order": 438,
  "last_page_order": 442
}
