{
  "id": 8723364,
  "name": "Lay v. Collins",
  "name_abbreviation": "Lay v. Collins",
  "decision_date": "1905-03-18",
  "docket_number": "",
  "first_page": "536",
  "last_page": "539",
  "citations": [
    {
      "type": "official",
      "cite": "74 Ark. 536"
    }
  ],
  "court": {
    "name_abbreviation": "Ark.",
    "id": 8808,
    "name": "Arkansas Supreme Court"
  },
  "jurisdiction": {
    "id": 34,
    "name_long": "Arkansas",
    "name": "Ark."
  },
  "cites_to": [
    {
      "cite": "34 Ark. 632",
      "category": "reporters:state",
      "reporter": "Ark.",
      "case_ids": [
        1875679
      ],
      "opinion_index": -1,
      "case_paths": [
        "/ark/34/0632-01"
      ]
    },
    {
      "cite": "28 Ark. 550",
      "category": "reporters:state",
      "reporter": "Ark.",
      "case_ids": [
        1884393
      ],
      "opinion_index": -1,
      "case_paths": [
        "/ark/28/0550-01"
      ]
    },
    {
      "cite": "22 Ark. 54",
      "category": "reporters:state",
      "reporter": "Ark.",
      "case_ids": [
        8725538
      ],
      "opinion_index": -1,
      "case_paths": [
        "/ark/22/0054-01"
      ]
    },
    {
      "cite": "21 Ark. 298",
      "category": "reporters:state",
      "reporter": "Ark.",
      "case_ids": [
        1868225
      ],
      "opinion_index": -1,
      "case_paths": [
        "/ark/21/0298-01"
      ]
    },
    {
      "cite": "7 Ark. 435",
      "category": "reporters:state",
      "reporter": "Ark.",
      "case_ids": [
        8727662
      ],
      "opinion_index": -1,
      "case_paths": [
        "/ark/7/0435-01"
      ]
    },
    {
      "cite": "25 Ark. 490",
      "category": "reporters:state",
      "reporter": "Ark.",
      "case_ids": [
        1864519
      ],
      "opinion_index": -1,
      "case_paths": [
        "/ark/25/0490-01"
      ]
    },
    {
      "cite": "40 Ark. 366",
      "category": "reporters:state",
      "reporter": "Ark.",
      "case_ids": [
        1897165
      ],
      "opinion_index": -1,
      "case_paths": [
        "/ark/40/0366-01"
      ]
    },
    {
      "cite": "16 Ark. 671",
      "category": "reporters:state",
      "reporter": "Ark.",
      "case_ids": [
        8726243
      ],
      "opinion_index": -1,
      "case_paths": [
        "/ark/16/0671-01"
      ]
    },
    {
      "cite": "13 Ark. 143",
      "category": "reporters:state",
      "reporter": "Ark.",
      "case_ids": [
        8727946
      ],
      "opinion_index": -1,
      "case_paths": [
        "/ark/13/0143-01"
      ]
    },
    {
      "cite": "49 Ark. 277",
      "category": "reporters:state",
      "reporter": "Ark.",
      "case_ids": [
        1309062
      ],
      "opinion_index": -1,
      "case_paths": [
        "/ark/49/0277-01"
      ]
    },
    {
      "cite": "44 Ark. 202",
      "category": "reporters:state",
      "reporter": "Ark.",
      "case_ids": [
        1893356
      ],
      "opinion_index": -1,
      "case_paths": [
        "/ark/44/0202-01"
      ]
    },
    {
      "cite": "54 Ark. 525",
      "category": "reporters:state",
      "reporter": "Ark.",
      "case_ids": [
        1320341
      ],
      "opinion_index": -1,
      "case_paths": [
        "/ark/54/0525-01"
      ]
    },
    {
      "cite": "30 Ark. 518",
      "category": "reporters:state",
      "reporter": "Ark.",
      "opinion_index": -1
    },
    {
      "cite": "30 Ark. 249",
      "category": "reporters:state",
      "reporter": "Ark.",
      "case_ids": [
        1881160
      ],
      "opinion_index": -1,
      "case_paths": [
        "/ark/30/0249-01"
      ]
    },
    {
      "cite": "31 Ark. 345",
      "category": "reporters:state",
      "reporter": "Ark.",
      "case_ids": [
        1879317
      ],
      "opinion_index": -1,
      "case_paths": [
        "/ark/31/0345-01"
      ]
    },
    {
      "cite": "36 Ark. 228",
      "category": "reporters:state",
      "reporter": "Ark.",
      "case_ids": [
        1872362
      ],
      "opinion_index": -1,
      "case_paths": [
        "/ark/36/0228-01"
      ]
    },
    {
      "cite": "26 Ark. 405",
      "category": "reporters:state",
      "reporter": "Ark.",
      "case_ids": [
        8727027
      ],
      "opinion_index": -1,
      "case_paths": [
        "/ark/26/0405-01"
      ]
    }
  ],
  "analysis": {
    "cardinality": 330,
    "char_count": 5767,
    "ocr_confidence": 0.738,
    "pagerank": {
      "raw": 3.0173947379407353e-07,
      "percentile": 0.8536339377315048
    },
    "sha256": "689fc6d7219e6f1b7fd22f231ebac8ac413b347053e26a9c11699a8e51ae7ff4",
    "simhash": "1:43c12c1e8951e650",
    "word_count": 1023
  },
  "last_updated": "2024-02-27T21:57:19.433067+00:00",
  "provenance": {
    "date_added": "2019-08-29",
    "source": "Harvard",
    "batch": "2018"
  },
  "casebody": {
    "judges": [
      "ANTONIO B. Grace, Judge."
    ],
    "parties": [
      "Lay v. Collins."
    ],
    "opinions": [
      {
        "text": "Riddici\u00ed, J.,\n(after stating the facts.) The first question presented by this appeal is whether the circuit court erred in overruling the motion of the plaintiff to be permitted to take a nonsuit; said notice being made before the case was called for trial. We regret that counsel for appellee have filed no brief, for we have some doubts as to whether the record correctly shows the grounds of the court\u2019s ruling on this motion. The plaintiff, under our practice, has the right to control his own action, and may dismiss it without prejudice to a future action at any time before the final submission of the case to the jury. But if the defendant has filed a counterclaim, in which affirmative relief is asked against the plaintiff which entitles her to a judgment against the plaintiff, if the facts alleged in the counterclaim are true, then the plaintiff cannot affect the right of the defendant, to a trial of her counterclaim by a dismissal of her complaint. Now, in this case the defendant does ask that her answer be taken as a cross-complaint, and that she recover the possession of the land from plaintiff and $100 damages, though she does not allege that plaintiff was in possession of the land. \u25a0 It is possible that the plaintiff may have got possession of the premises after the commencement of the action, and that may be the reason why she wished to take nonsuit. But before she asked for the dismissal the defendant had filed her answer and counterclaim asking for the recovery of the land. While, as before stated, it does not allege that plaintiff was in possession of the premises, yet, as there was no demurrer, we think it sufficient to sustain the action and judgment of the court, if there was any evidence to show that plaintiff was in possession of the land. If the defendant, and not the plaintiff, is in possession of the land, the defendant by her cross-complaint would be \u00e1imply trying to obtain at- law a judgment quieting her title to the land, and this she cannot do. As there is no evidence to show possession on the part of the plaintiff, the judgment will be reversed, and the cause remanded, with an order' that if defendant desires to amend her counterclaim, so as to show that the plaintiff is in possession of the land, she be permitted to do so, and to have a new trial on the issues presented; but if she declines to make the amendment, the court will permit the plaintiff to dismiss her action without prejudice, and that defendant pay the costs of this appeal.",
        "type": "majority",
        "author": "Riddici\u00ed, J.,"
      }
    ],
    "attorneys": [
      "H. R. bxicas and D. H. Rousseau, for appellant."
    ],
    "corrections": "",
    "head_matter": "Lay v. Collins.\nOpinion delivered March 18, 1905.\nEjectment \u2014 awarding possession to dependant. \u2014 Where in an ejectment suit defendant answered, and asked that her answer be taken as a cross complaint, and that she recover possession, a judgment denying to plaintiff the right to take a nonsuit, and awarding possession to defendant, will be reversed if there was no evidence that plaintiff was in possession of the land.\nAppeal from Lincoln Circuit Court, Varner District.\nANTONIO B. Grace, Judge.\nReversed.\nSTATEMENT -BY THE COURT.\n. In August, 1901, Mrs. F. A. Lay brought this action of ejectment against Mrs. Beulah A. Lay, the widow of her son, Charles Lay, to recover from her the possession of sixty acres of land in the Varner District of Lincoln County.\nThe defendant appealed, and filed her answer, in which she admitted that the plaintiff was at one time the owner of the land described in her complaint, but she denied that she was the owner at the time the action of ejectment was commenced. On the contrary, she alleged that she was the owner thereof, and entitled to the possession of it. She further alleged that in 1890, when the plaintiff was owner of the land, she conveyed it to C. M. Lay, who afterwards intermarried with the defendant; that the said C. M. Lay took immediate possession of the land, occupying it as his homestead and putting valuable improvements thereon, and holding it adverse^ as his own until his death; that C. M. Lay died on the 24th day of December, 1900, leaving as his heir-at-law an infant two months old, and his widow, this defendant, the mother of the child; that afterwards the child died, leaving as its only heir at law this defendant, its mother. She also set up the right of homestead in the land and the statute of limitations. She asked that her answer be taken as a cross-complaint, and that plaintiff be required to produce the deed she had executed and delivered to C: M. Lay, and which was still held by her, and that the defendant have and recover judgment for the possession of the land, and one hundred dollars damages; that her title thereto be quieted, and \u201cfor other proper, legal and equitable relief.\u201d\nThe case was tried at the August term of the court in 1902. The record recites that \u201cthe plaintiff orally moved the court to dismiss her caus\u00e9 without prejudice, which motion the court overruled, and exceptions were noted and saved by plaintiff. Thereupon the cause was called for trial; the court holding that the burden of proof was upon the defendant.\u201d There was a trial before a jury, and a verdict and judgment in favor of the defendant. The judgment orders that the defendant \u201chave and recover of plaintiff the title and right to possession of the land described in the complaint and all costs of the action.\u201d Plaintiff appealed.\nH. R. bxicas and D. H. Rousseau, for appellant.\nIt was error to refuse to permit plaintiff to dismiss her action without prejudice. 12 Ark.-760; 26 Ark. 405; 36 Ark. 228; 31 Ark. 345; 30 Ark. 249; 30 Ark. 518; 54 Ark. 525; 44 Ark. 202; 49 Ark. 277. Proof of adverse possession was insufficient. 13 Ark. 143; 16 Ark. 671; 40 Ark. 366; 25 Ark. 490. There was no proof to sustain the verdict. 7 Ark. 435; 21 Ark. 298; 22 Ark. 54; 28 Ark. 550; 34 Ark. 632."
  },
  "file_name": "0536-01",
  "first_page_order": 557,
  "last_page_order": 560
}
