{
  "id": 1329161,
  "name": "McCowan v. State",
  "name_abbreviation": "McCowan v. State",
  "decision_date": "1893-06-10",
  "docket_number": "",
  "first_page": "17",
  "last_page": "20",
  "citations": [
    {
      "type": "official",
      "cite": "58 Ark. 17"
    }
  ],
  "court": {
    "name_abbreviation": "Ark.",
    "id": 8808,
    "name": "Arkansas Supreme Court"
  },
  "jurisdiction": {
    "id": 34,
    "name_long": "Arkansas",
    "name": "Ark."
  },
  "cites_to": [
    {
      "cite": "19 Cal. 598",
      "category": "reporters:state",
      "reporter": "Cal.",
      "case_ids": [
        2202070
      ],
      "opinion_index": -1,
      "case_paths": [
        "/cal/19/0598-01"
      ]
    },
    {
      "cite": "77 Cal. 445",
      "category": "reporters:state",
      "reporter": "Cal.",
      "case_ids": [
        2325593
      ],
      "opinion_index": -1,
      "case_paths": [
        "/cal/77/0445-01"
      ]
    },
    {
      "cite": "80 Cal. 229",
      "category": "reporters:state",
      "reporter": "Cal.",
      "case_ids": [
        1947225
      ],
      "opinion_index": -1,
      "case_paths": [
        "/cal/80/0229-01"
      ]
    },
    {
      "cite": "55 Ark. 244",
      "category": "reporters:state",
      "reporter": "Ark.",
      "case_ids": [
        1322214
      ],
      "weight": 2,
      "opinion_index": -1,
      "case_paths": [
        "/ark/55/0244-01"
      ]
    },
    {
      "cite": "47 Ark. 233",
      "category": "reporters:state",
      "reporter": "Ark.",
      "case_ids": [
        1888701
      ],
      "opinion_index": -1,
      "case_paths": [
        "/ark/47/0233-01"
      ]
    },
    {
      "cite": "37 Ark. 116",
      "category": "reporters:state",
      "reporter": "Ark.",
      "case_ids": [
        1870912
      ],
      "opinion_index": 0,
      "case_paths": [
        "/ark/37/0116-01"
      ]
    },
    {
      "cite": "29 Ark. 68",
      "category": "reporters:state",
      "reporter": "Ark.",
      "case_ids": [
        1882923
      ],
      "opinion_index": 0,
      "case_paths": [
        "/ark/29/0068-01"
      ]
    },
    {
      "cite": "7 Bush, 641",
      "category": "reporters:state",
      "reporter": "Bush",
      "case_ids": [
        4383042
      ],
      "opinion_index": 0,
      "case_paths": [
        "/ky/70/0641-01"
      ]
    },
    {
      "cite": "1 Mass. 476",
      "category": "reporters:state",
      "reporter": "Mass.",
      "opinion_index": 0
    },
    {
      "cite": "3 Blackf. 326",
      "category": "reporters:state",
      "reporter": "Blackf.",
      "case_ids": [
        1391850
      ],
      "opinion_index": 0,
      "case_paths": [
        "/blackf/3/0326-01"
      ]
    },
    {
      "cite": "32 Cal. 160",
      "category": "reporters:state",
      "reporter": "Cal.",
      "case_ids": [
        2244473
      ],
      "opinion_index": 0,
      "case_paths": [
        "/cal/32/0160-01"
      ]
    },
    {
      "cite": "36 Cal. 248",
      "category": "reporters:state",
      "reporter": "Cal.",
      "opinion_index": 0
    },
    {
      "cite": "19 Cal. 598",
      "category": "reporters:state",
      "reporter": "Cal.",
      "case_ids": [
        2202070
      ],
      "opinion_index": 0,
      "case_paths": [
        "/cal/19/0598-01"
      ]
    }
  ],
  "analysis": {
    "cardinality": 356,
    "char_count": 6151,
    "ocr_confidence": 0.558,
    "pagerank": {
      "raw": 5.407443824303523e-07,
      "percentile": 0.9444826706112982
    },
    "sha256": "da5789364e96c9fbf843bca353987d192274f3052f7230188017a7f54ed6fd7a",
    "simhash": "1:b3f611c3464d1aca",
    "word_count": 1064
  },
  "last_updated": "2024-02-27T21:13:14.465022+00:00",
  "provenance": {
    "date_added": "2019-08-29",
    "source": "Harvard",
    "batch": "2018"
  },
  "casebody": {
    "judges": [],
    "parties": [
      "McCowan v. State."
    ],
    "opinions": [
      {
        "text": "Hughes, J.\nThe indictment in this case is for larceny, and describes the property alleged to have been stolen as \u201ctwo ladies\u2019 walking jackets,\u201d and lays the ownership in \u201c W. B. Connevey & Co.,\u201d without stating-the names of the firm or partnership of \u201cW. B. Connevey & Co. and without further description of the property alleged to have been stolen. There was a motion in arrest of judgment on the ground that the names of all the joint owners of the property were not stated in the indictment, which was overruled.\nAt common law, if the stolen goods are the property of partners, or joint owners, the names of all the partners or joint owners must be stated. The case of the People v. Bogart, 36 Cal. 248, was an indictment for larceny, in which the ownership of the coins, stolen was laid in \u201cWells, Fargo & Co.,\u201d without stating the names of the firm of \u201cWells, Fargo & Co.\u201d and without stating' that \u201cWells, Fargo & Co.\u201d was'the name of a corporation. This was held insufficient under the Califonia code, which is substantially the same as ours. According' to that case, we hold that if \u201cW. B. Connevey & Co.\u201d is the name or style of a firm or partnership, the names of the several persons who compose the. firm should be stated. Or if the indictment should state that one member of the firm, naming him or her, had special property in the goods stolen by reason of separate possession, an allegation of ownership in him or her would be sufficient. If \u201c W. B. Connevey & Co.\u201d is the name of a corporation, the indictment would have been good, had it contained an allegation to that effect. Id.; People v. Schwartz, 32 Cal. 160 ; 2 Bishop, Cr. Pro. secs. 718, 723 ; Hogg v. State, 3 Blackf. 326 ; Commonwealth v. Trimmer, 1 Mass. 476 ; 1 Bishop, Cr. Pro. sec. 493 et seq.\nIt is true that, in 19 Cal. 598, in the case of People v. Ah Sing, an indictment for larceny, which laid the ownership, of the stolen goods in \u201cHanach, Eisner & Co.,\u201d without further description of the owners, was held sufficient, under a provision of the California code, which is exactly the same as the 2nd clause of section 2121 of Mansfield\u2019s Digest, which provides that an indictment is sufficient if it contains a \u201cstatement of the acts constituting the offense, in ordinary and concise language, and in such a manner as to enable a person of common understanding to know what is intended.\u201d\nIn the case of Reed v. Commonwealth, 7 Bush, 641, an indictment for larceny was held sufficient which laid the ownership of the stolen property as \u201cthe property of the Tennessee River Packet Co., D. W. Swan, Bittle Brothers and others,\u201d without stating the names of the several owners. To support this the court relied upon a provision of the Kentucky code which is the same exactly as section 2107 of Mansfield\u2019s Digest, which provides that \u201cno indictment is insufficient, nor can the trial, judgment, or other proceeding thereon be affected by any defect which does not tend to the prejudice of the substantial rights of the defendant on the merits.\u201d\nBut there should always be sufficient particularity and certainty in an indictment, in a matter of substance, to enable the defendant to prepare for his defense, and to plead his acquittal or conviction successfully, should he be again indicted for the same offense. Wharton, Cr. PI. sec. 166b ; Rhodus v. Commonwealth, 2 Duvall (Ky.), 159; Barton v. State, 29 Ark. 68.\nAll the members of a partnership sometimes go out and cease to be members, and entirely new members take their places, and yet retain the name of the old firm. It cannot therefore be readily known who are members of a firm from the style or name of the firm.\nThere is not sufficient description of the offense in the indictment here without the names of the joint owners of the property to identify the act, and render the names of the joint owners of the property immaterial, -and thus make the indictment sufficient under section 2111 of Mansfield\u2019s Dig-est, which provides that \u201cwhere an offense involves the commission (of), or an attempt to-commit, an injury to person or property, and is described in other respects with sufficient certainty to identify the act, an erroneous allegation as to the person injured, or attempted to be injured, is not material.\u201d\nThe offense described is laid as the stealing, taking\" and carrying away of \u201ctwo ladies\u2019 walking jackets of the value of ten dollars each, the property of W. B.. Connevey & Co.\u201d which is a very general and indefinite-description of the offense, and insufficient of itself. The indictment being bad in substance, no judgment should have been rendered thereon against the appellant. Younger v. State, 37 Ark. 116.\nThe motion in arrest of judgment should have been sustained. The judgment is reversed, and the cause is. remanded for further proceedings.",
        "type": "majority",
        "author": "Hughes, J."
      }
    ],
    "attorneys": [
      "T. E. Webber for appellant.",
      "James P. Clarke, Attorney General, for appellee."
    ],
    "corrections": "",
    "head_matter": "McCowan v. State.\nOpinion delivered June 10, 1893.\nLarceny \u2014 Indictment\u2014Allegation of ownership.\nAn indictment charging the defendant with stealing \u201c two ladies\u2019 walking jackets, of the value of ten dollars each, the property of W. E. C. & Co.,\u201d without giving the names of the owners or alleging that \u201c W. E. C. & Co.\u201d is a corporation, and without further description of the property, is insufficient.\nAppeal from Lafayette Circuit Court.\nCharees W. Smith, Judge.\nT. E. Webber for appellant.\nThe judgment should have been arrested. The allegation of ownership is necessary and must be laid in the names of the joint and several owners, not in partnership name. 47 Ark. 233; 29 id. 68; 37 id. 116; 42 id. 73; 55 id. 246 ; 2 Bish. Cr.\u2019Law, sec. 718 et seq.\nJames P. Clarke, Attorney General, for appellee.\nUnder the common law, the ownership must be alleged in the names of the joint and several owners. But the tendency now is to disregard technicalities and formalities. Our code is in harmony with this reformation. Crim. code, sec. 127. This is not a case of variance, as in 55 Ark. 244, but the indictment, designates the ownership in a manner simple and plain enough for a person of common understanding to g'rasp it, and this is sufficient under the code. 80 Cal. 229 ; 77 Cal. 445 ; 19 Cal. 598 ; 13 Bush (Ky.), 337 ; 55 Ark. 244."
  },
  "file_name": "0017-01",
  "first_page_order": 37,
  "last_page_order": 40
}
