{
  "id": 1329192,
  "name": "Jones v. Malvern Lumber Co.",
  "name_abbreviation": "Jones v. Malvern Lumber Co.",
  "decision_date": "1893-10-21",
  "docket_number": "",
  "first_page": "125",
  "last_page": "131",
  "citations": [
    {
      "type": "official",
      "cite": "58 Ark. 125"
    }
  ],
  "court": {
    "name_abbreviation": "Ark.",
    "id": 8808,
    "name": "Arkansas Supreme Court"
  },
  "jurisdiction": {
    "id": 34,
    "name_long": "Arkansas",
    "name": "Ark."
  },
  "cites_to": [
    {
      "cite": "46 Ark. 566",
      "category": "reporters:state",
      "reporter": "Ark.",
      "weight": 2,
      "opinion_index": -1
    },
    {
      "cite": "41 Ark. 549",
      "category": "reporters:state",
      "reporter": "Ark.",
      "opinion_index": -1
    },
    {
      "cite": "54 Ark. 289",
      "category": "reporters:state",
      "reporter": "Ark.",
      "case_ids": [
        1320346
      ],
      "opinion_index": -1,
      "case_paths": [
        "/ark/54/0289-01"
      ]
    },
    {
      "cite": "80 N. Y. 46",
      "category": "reporters:state",
      "reporter": "N.Y.",
      "case_ids": [
        2173179
      ],
      "opinion_index": -1,
      "case_paths": [
        "/ny/80/0046-01"
      ]
    },
    {
      "cite": "109 Penn. 296",
      "category": "reporters:state",
      "reporter": "Penn.",
      "opinion_index": -1
    },
    {
      "cite": "110 Mass. 240",
      "category": "reporters:state",
      "reporter": "Mass.",
      "case_ids": [
        2109527
      ],
      "opinion_index": -1,
      "case_paths": [
        "/mass/110/0240-01"
      ]
    },
    {
      "cite": "48 Ark. 333",
      "category": "reporters:state",
      "reporter": "Ark.",
      "case_ids": [
        1887737
      ],
      "opinion_index": -1,
      "case_paths": [
        "/ark/48/0333-01"
      ]
    },
    {
      "cite": "48 Ark. 475",
      "category": "reporters:state",
      "reporter": "Ark.",
      "weight": 2,
      "opinion_index": -1
    },
    {
      "cite": "48 Ark. 347",
      "category": "reporters:state",
      "reporter": "Ark.",
      "opinion_index": -1
    },
    {
      "cite": "48 Ark. 473",
      "category": "reporters:state",
      "reporter": "Ark.",
      "opinion_index": -1
    },
    {
      "cite": "37 Ark. 47",
      "category": "reporters:state",
      "reporter": "Ark.",
      "case_ids": [
        1870979
      ],
      "opinion_index": -1,
      "case_paths": [
        "/ark/37/0047-01"
      ]
    },
    {
      "cite": "105 U. S. 263",
      "category": "reporters:federal",
      "reporter": "U.S.",
      "case_ids": [
        3494554
      ],
      "opinion_index": -1,
      "case_paths": [
        "/us/105/0263-01"
      ]
    },
    {
      "cite": "6 Am. Dec. 267",
      "category": "reporters:federal",
      "reporter": "Am. Dec.",
      "opinion_index": -1
    },
    {
      "cite": "52 Ark. 517",
      "category": "reporters:state",
      "reporter": "Ark.",
      "case_ids": [
        1913365
      ],
      "opinion_index": 0,
      "case_paths": [
        "/ark/52/0517-01"
      ]
    },
    {
      "cite": "46 Ark. 436",
      "category": "reporters:state",
      "reporter": "Ark.",
      "opinion_index": 0
    },
    {
      "cite": "46 Ark. 182",
      "category": "reporters:state",
      "reporter": "Ark.",
      "case_ids": [
        1890456
      ],
      "opinion_index": 0,
      "case_paths": [
        "/ark/46/0182-01"
      ]
    },
    {
      "cite": "48 Ark. 334",
      "category": "reporters:state",
      "reporter": "Ark.",
      "opinion_index": 0
    },
    {
      "cite": "41 Ark. 542",
      "category": "reporters:state",
      "reporter": "Ark.",
      "case_ids": [
        1896194
      ],
      "opinion_index": 0,
      "case_paths": [
        "/ark/41/0542-01"
      ]
    },
    {
      "cite": "56 Ark. 37",
      "category": "reporters:state",
      "reporter": "Ark.",
      "case_ids": [
        1326181
      ],
      "opinion_index": 0,
      "case_paths": [
        "/ark/56/0037-01"
      ]
    },
    {
      "cite": "22 Ark. 79",
      "category": "reporters:state",
      "reporter": "Ark.",
      "case_ids": [
        8725695
      ],
      "opinion_index": 0,
      "case_paths": [
        "/ark/22/0079-01"
      ]
    },
    {
      "cite": "14 Ark. 503",
      "category": "reporters:state",
      "reporter": "Ark.",
      "opinion_index": 0
    },
    {
      "cite": "52 Ark. 308",
      "category": "reporters:state",
      "reporter": "Ark.",
      "opinion_index": 0
    },
    {
      "cite": "38 Mich. 537",
      "category": "reporters:state",
      "reporter": "Mich.",
      "case_ids": [
        1337575
      ],
      "opinion_index": 0,
      "case_paths": [
        "/mich/38/0537-01"
      ]
    },
    {
      "cite": "78 Ala. 494",
      "category": "reporters:state",
      "reporter": "Ala.",
      "case_ids": [
        5571395
      ],
      "opinion_index": 0,
      "case_paths": [
        "/ala/78/0494-01"
      ]
    },
    {
      "cite": "48 Ark. 333",
      "category": "reporters:state",
      "reporter": "Ark.",
      "case_ids": [
        1887737
      ],
      "opinion_index": 0,
      "case_paths": [
        "/ark/48/0333-01"
      ]
    },
    {
      "cite": "48 Ark. 475",
      "category": "reporters:state",
      "reporter": "Ark.",
      "opinion_index": 0
    },
    {
      "cite": "48 Ark. 473",
      "category": "reporters:state",
      "reporter": "Ark.",
      "opinion_index": 0
    }
  ],
  "analysis": {
    "cardinality": 672,
    "char_count": 12533,
    "ocr_confidence": 0.551,
    "pagerank": {
      "raw": 4.774931989148632e-07,
      "percentile": 0.9306160320543785
    },
    "sha256": "1ca6df407cb594c0527551d272de7606154c2bf1944e360fef4f8e1fa1578350",
    "simhash": "1:c4cae6ba149de896",
    "word_count": 2180
  },
  "last_updated": "2024-02-27T21:13:14.465022+00:00",
  "provenance": {
    "date_added": "2019-08-29",
    "source": "Harvard",
    "batch": "2018"
  },
  "casebody": {
    "judges": [],
    "parties": [
      "Jones v. Malvern Lumber Co."
    ],
    "opinions": [
      {
        "text": "Manseieed, J.\nThis was an action to recover damages for a personal injury received by the appellant while he was running an engine for the appellee on a tramway used for carrying logs to its lumber mill. The injury was inflicted by the explosion of the engine\u2019s boiler, and the complaint alleged that the explosion resulted from the appellee\u2019s negligence in using a defective boiler. This allegation was denied by the answer, which charged that the explosion was caused by the appellant\u2019s own negligence.\nA short time before the accident the boiler was repaired by Joseph Wilbert, a machinist, who was not in the appellee\u2019s service, but was sent by his employers at the appellee\u2019s request to do the work, and performed it under the direction of W. B. Novell, the lumber company\u2019s master-mechanic. On the trial Wilbert was sworn as a witness for the appellant, and testified that, at the time he repaired the boiler, he declared it unsafe. Subsequently the appellant called John Smith by whom he offered to prove that he heard Wilbert make the declaration referred to, but the court excluded Smith\u2019s testimony. This ruling was not prejudicial to the appellant, for the reason that the evidence it excluded related to a fact already before the jury in the testimony of Wilbert himself, whose statement that he made the declaration at the time fixed by Smith was uncontradicted.\nIt was shown that the'only tests of the boiler\u2019s strength, made after it was repaired, were made by sounding its rivets and braces with a hammer, and by the pressure of steam raised for that purpose ; and testimony was adduced by the plaintiff to prove that the \u201chammer test\u201d was not effective, and was not the test usually applied. In rebuttal the defendant introduced J. A. Bratt, a person engaged in the milling business, and asked him what tests the mill men of the vicinity generally applied to the steam boilers used in their business. The question was objected to, but the court permitted the witness to answer, and he stated that the \u201c hammer test was the one usually applied, so far as he knew.\u201d The defendant\u2019s duty to its servants did not require it to resort to unusual or impracticable tests ; and we think the question was proper, as eliciting evidence tending to show that one of the tests applied by the company\u2019s master-mechanic was that usually employed by persons engaged in operating similar machinery. L. & N. R. Co. v. Allen, 78 Ala. 494 ; Grand Rapids etc. R. Co. v. Huntley, 38 Mich. 537. If the answer was regarded as objectionable on the ground that it did not disclose the extent of the witness\u2019 knowledge of the subject, the plaintiff should have moved to exclude it or insisted upon a more definite statement.\nBut the court erred in permitting Ryan to testify that the \u201chammer test was used by the Hot J jt o Railroad Company ; for the practice of a single company had no tendency to prove the usual and customary test.\nSo also the testimony of Novell as to acts of . . , negligence committed by the plaintiff m running engine prior to the day of the explosion was improperly admitted. The witness did not state when the acts occurred, and it does not otherwise appear that they had any relevancy to either of the questions which the jury had to decide. L. R. & F. S. Ry. v. Eubanks, 48 Ark. 473. It is submitted that they were competent because they contradicted a statement previously made by plaintiff as a witness in his own behalf. But that statement was itself made with reference to a matter entirely immaterial, and the plaintiff could not be impeached by its contradiction. Billings v. State, 52 Ark. 308.\nThere was, howTever, other and competent evidence amply sufficient to prove the facts to which the evidence thus improperly admitted was directed, and the errors of the court in receiving the latter would not, of themselves, justify us in disturbing the verdict. Owen v. Jones, 14 Ark. 503 ; Sharp v. Johnson, 22 Ark. 79 ; Greer v. Laws, 56 Ark. 37.\nOne of the assignments made in the motion for a new trial is based upon the court\u2019s refusal to give the plaintiff\u2019s twelfth and thirteenth requests. These both apply to the question whether there was a proper test of the boiler after it was repaired; and we think the jury were sufficiently charged on that point by the instruction given by the court of its own motion, when taken in connection with other instructions given on the motion of the plaintiff. '\nAs to the incompleteness, pointed out by counsel, in the defendant\u2019s sixth instruction, it is enough to say that it was probably rendered harmless by the instruction just mentioned, which appears to have been given in immediate connection with it.\nThe defendant\u2019s second, request is in harmony with a rule approved by this court in cases analogous to this, and we think it is not open to the objection urged against it. The objection is that it made it the appellant\u2019s duty to search for the defects in the boiler. But, as we construe the instruction, it only required him to notice such as were patent, and bound him to assume the risk of these to the same extent as if their existence had been within his actual knowledge. St. Louis, etc. Ry. v. Marker, 41 Ark. 542 ; L. R. etc. Ry. v. Leverett, 48 Ark. 333.\nThese points, made in the argument of appellant\u2019s counsel, have been thus noticed with a view to a new trial, which we think should be granted because of the court\u2019s action in giving the defendant\u2019s fourth request. That instruction is as follows: \u201cThe jury are instructed that, in order to find for the plaintiff in this case, you must be satisfied by a preponderance of evidence that the boiler furnished by the defendant for use by the plaintiff was not reasonably safe and suitable, and that the defendant knew, or by the use of ordinary diligence might have known, that the said boiler was unsafe and defective, and that the plaintiff was free fi'om contributory neg'lig'ence on his part in operating and running said boiler.\u201d\nThe defense of contributory negligence presented an issue as to which the burden of proof was upon the defendant. L. R. etc. Railway v. Leverett, 48 Ark. 334 ; L. R. etc. R. Co. v. Eubanks, 48 Ark. 475 ; Texas etc. Railway v. Orr, 46 Ark. 182. But the instruction quoted, by its terms, places the burden upon the plaintiff, and requires him to prove, by a preponderance of the evidence, not only the negligence charged in the complaint, but also, as a further fact essential to his recovery, the absence of negligence on his part contributing to the injury. Such is the obvious import of the language used, and we are unable to find in the rest of the charge a reason for believing that it was intended to have any other meaning. Certainly we cannot presume that the jury might have reasoned out of the whole charge a different meaning. The instruction is embraced in a single sentence of not unusual length, and the proposition it asserts with respect to the boiler in the first clause is equally and directly applicable to what is said of contributory negligence in the second clause. And the form of the instruction appears to us to be hardly less objectionable than that of the instruction condemned in L. R. etc. Railway v. Atkins, 46 Ark. 436.\nAs to the facts relied upon to sustain the charge of contributory negligence, the evidence was conflicting; and we are unable to see from the record that the verdict was not probably controlled by that question, or that the last clause of the instruction copied above did not affect the finding of the jury upon it.\nWith reference to the same instruction, it should be 7 added that the use of the word \u201csatisfy\u201d was also proper. See Arkansas Midland Railway v. Canman, 52 Ark. 517.\nReversed and remanded.",
        "type": "majority",
        "author": "Manseieed, J."
      }
    ],
    "attorneys": [
      "Wood & Henderson for appellant.",
      "JV. P. Richmond and Sanders & Watkins for appellees."
    ],
    "corrections": "",
    "head_matter": "Jones v. Malvern Lumber Co.\nOpinion delivered October 21, 1893.\n1. Negligence \u2014 Defective boiler \u2014 Evidence.\nIn an action by an employee to recover for personal injuries from explosion of a boiler, after evidence has been introduced to show that the \u201c hammer test \u201d used by defendant in testing the boiler\u2019s strength is not effective, and not the test usually applied to boilers, it is admissible to show in rebuttal that such test was usually employed by persons in the vicinity engaged in operating similar machinery.\n2. Custom \u2014 Not proved by single instance.\nThat a particular test of steam boilers was employed by a designated company has no tendency to prove that such test is the usual and customary one.\n3. Negligence\u25a0 \u2014 Evidence.\nPrevious acts of negligence cannot be shown to explain the cause of explosion of a steam boiler where it does not appear when the negligent acts were committed, or that they had any relevancy to the explosion.\n4. Witness \u2014 Impeachment.\nA witness cannot be impeached by contradicting his statement with reference to a matter entirely immaterial to the question at issue.\n5. Incompetent evidence \u2014 When not prejudicial. *\nAdmission of incompetent evidence is not prej udicial where the facts towards which it is directed are proved by other and competent evidence.\n6. Master and servant \u2014 Patent risks.\nAn employee is required to notice patent defects in machinery about which he is employed, and is bound to assume the risk thereof, to the same extent as if their existence had been within his actual knowledge.\n7. Contributory negligence \u2014 \u25a0Burden of proof .'\nContributory negligence is a defense, and must be affirmatively proved by the defendant.\n8. Instruction \u2014 fury not reqtiired to be \u201c satisfied.\u201d\nIn civil cases, the jury are not required to be \u201csatisfied\u201d by a preponderance of the evidence; it is sufficient that the verdict should be given on a mere preponderance of the evidence.\nAppeal from Hot Spring Circuit Court.\nAlexander M. Dueeie, Judge.\nWood & Henderson for appellant.\n1. The court erred in its ruling on questions of evidence. Wilbert was the representative of the company, and his declarations, indicative of knowledge of the danger and unsafe condition of the boiler, should have been allowed to have been proved. 4 West. Rep. 641; 6 Am. Dec. 267 ; 1 Am. & Fng. Fnc. of Law, 419, note 2 ; 105 U. S. 263 ; 37 Ark. 47.\n2. It was admissible to show negligence at the time of the injury which contributed thereto. 48 Ark. 473 ; 1 Greenl. Fv. sec. 51-2; Ib. 448.\n3. Dangers arising from defects which might have been discovered by the master are not risks assumed by the servant as incident to his employment. 48 Ark. 347 ; Wood, Mast. & S. pp. 749, 713, 757-8.\n4. The fourth instruction for appellee was erroneous. The\"word \u201csatisfied\u201d was not proper. Besides, it told the jury they could not find for appellant unless satisfied that he was free from contributory negligence, thus putting the burden on appellant, when it was on the company. \u201848 Ark. 475 ; ib. 348 ; 46 id. 182 ; ib. 436.\n5. The sixth for appellee was wrong. The master\u2019s duty did not end with the employment of a competent and skilfull foreman and boiler-maker. It could not delegate master\u2019s duties so as to free it from responsibility, if the foreman or boiler-maker was negligent. They were not fellow-servants with appellant. McKinney, Fellow-Servants, 54, 56, 64-5, 87 to 88; Beach, Cont. Neg. 351, note; 4 Am. & F. Fnc. Law, 58-9, note 1 on p. 62-3 ; 48 Ark. 333.\n6. It was the duty of the company to have the boiler properly tested. 110 Mass. 240 ; 109 Penn. 296 ; 80 N. Y. 46; 54 Ark. 289.\nJV. P. Richmond and Sanders & Watkins for appellees.\n1. The declarations of Wilbert not admissible. He was a mere laborer, and no authority was delegated to him except to patch the boiler. \u2022 Mech. Ag. sec. 714; 1 Gr. Ev. secs. 113, 114. But Wilbert testified, and appellant got the benefit of his testimony anyhow.\n2. The evidence of Ryan as to the tests used on the Hot Springs Railroad was not prejudicial. It was \u2022 in contradiction of the evidence in chief and permissible. The other objections are purely technical, and in no wise prejudiced appellant.\n3. The second instruction is the same as that asked by plaintiff in his sixth and seventh, and is laid down as the law by all text writers. Wood, M. & S. secs. 336-7, 372, 377. \u201cAn employee, having opportunity to know of danger and risk, is presumed to know of such danger ; and if he does not inform himself of such danger, he cannot recover.\u201d 41 Ark. 549 ; 48 id. 347.\n4. The fourth did not cast the burden on plaintiff as to contributory negligence.\n5. The sixth is supported by 46 Ark. 566 ; 35 id. 602 ; 44 id. 529.\n6. All that was legal and asked in the twelfth and thirteenth was embraced in the eleven already given."
  },
  "file_name": "0125-01",
  "first_page_order": 145,
  "last_page_order": 151
}
