{
  "id": 1385589,
  "name": "Meyer v. Ring",
  "name_abbreviation": "Meyer v. Ring",
  "decision_date": "1924-01-14",
  "docket_number": "",
  "first_page": "9",
  "last_page": "13",
  "citations": [
    {
      "type": "official",
      "cite": "162 Ark. 9"
    }
  ],
  "court": {
    "name_abbreviation": "Ark.",
    "id": 8808,
    "name": "Arkansas Supreme Court"
  },
  "jurisdiction": {
    "id": 34,
    "name_long": "Arkansas",
    "name": "Ark."
  },
  "cites_to": [
    {
      "cite": "152 Ark. 422",
      "category": "reporters:state",
      "reporter": "Ark.",
      "case_ids": [
        1364165
      ],
      "weight": 2,
      "opinion_index": -1,
      "case_paths": [
        "/ark/152/0422-01"
      ]
    },
    {
      "cite": "135 Ark. 98",
      "category": "reporters:state",
      "reporter": "Ark.",
      "case_ids": [
        1571585
      ],
      "opinion_index": -1,
      "case_paths": [
        "/ark/135/0098-01"
      ]
    },
    {
      "cite": "148 Ark. 634",
      "category": "reporters:state",
      "reporter": "Ark.",
      "case_ids": [
        8722765
      ],
      "opinion_index": -1,
      "case_paths": [
        "/ark/148/0634-01"
      ]
    },
    {
      "cite": "131 Ark. 29",
      "category": "reporters:state",
      "reporter": "Ark.",
      "opinion_index": -1
    },
    {
      "cite": "102 Ark. 307",
      "category": "reporters:state",
      "reporter": "Ark.",
      "pin_cites": [
        {
          "page": "308"
        }
      ],
      "opinion_index": -1
    },
    {
      "cite": "70 Ark. 211",
      "category": "reporters:state",
      "reporter": "Ark.",
      "case_ids": [
        1509502
      ],
      "weight": 2,
      "pin_cites": [
        {
          "page": "215"
        }
      ],
      "opinion_index": -1,
      "case_paths": [
        "/ark/70/0211-01"
      ]
    },
    {
      "cite": "155 Ark. 324",
      "category": "reporters:state",
      "reporter": "Ark.",
      "opinion_index": -1
    },
    {
      "cite": "135 Ark. 315",
      "category": "reporters:state",
      "reporter": "Ark.",
      "case_ids": [
        1571548
      ],
      "opinion_index": -1,
      "case_paths": [
        "/ark/135/0315-01"
      ]
    },
    {
      "cite": "130 Ark. 162",
      "category": "reporters:state",
      "reporter": "Ark.",
      "opinion_index": -1
    },
    {
      "cite": "156 Ark. 498",
      "category": "reporters:state",
      "reporter": "Ark.",
      "opinion_index": -1
    },
    {
      "cite": "151 Ark. 398",
      "category": "reporters:state",
      "reporter": "Ark.",
      "case_ids": [
        1366108
      ],
      "pin_cites": [
        {
          "page": "399"
        }
      ],
      "opinion_index": -1,
      "case_paths": [
        "/ark/151/0398-01"
      ]
    },
    {
      "cite": "130 Ark. 44",
      "category": "reporters:state",
      "reporter": "Ark.",
      "case_ids": [
        8717634
      ],
      "opinion_index": -1,
      "case_paths": [
        "/ark/130/0044-01"
      ]
    },
    {
      "cite": "123 Ark. 471",
      "category": "reporters:state",
      "reporter": "Ark.",
      "case_ids": [
        1556245
      ],
      "opinion_index": -1,
      "case_paths": [
        "/ark/123/0471-01"
      ]
    },
    {
      "cite": "109 Ark. 90",
      "category": "reporters:state",
      "reporter": "Ark.",
      "case_ids": [
        1341218
      ],
      "opinion_index": -1,
      "case_paths": [
        "/ark/109/0090-01"
      ]
    },
    {
      "cite": "81 Ark. 286",
      "category": "reporters:state",
      "reporter": "Ark.",
      "case_ids": [
        1530620
      ],
      "opinion_index": -1,
      "case_paths": [
        "/ark/81/0286-01"
      ]
    },
    {
      "cite": "102 Ark. 308",
      "category": "reporters:state",
      "reporter": "Ark.",
      "opinion_index": -1
    },
    {
      "cite": "134 U. S. 198",
      "category": "reporters:federal",
      "reporter": "U.S.",
      "case_ids": [
        8299171
      ],
      "weight": 2,
      "pin_cites": [
        {
          "page": "203"
        }
      ],
      "opinion_index": -1,
      "case_paths": [
        "/us/134/0198-01"
      ]
    },
    {
      "cite": "138 U. S. 1076",
      "category": "reporters:federal",
      "reporter": "U.S.",
      "pin_cites": [
        {
          "page": "1077"
        }
      ],
      "opinion_index": -1
    },
    {
      "cite": "79 Ark. 234",
      "category": "reporters:state",
      "reporter": "Ark.",
      "opinion_index": -1
    },
    {
      "cite": "94 Ark. 380",
      "category": "reporters:state",
      "reporter": "Ark.",
      "case_ids": [
        1545331
      ],
      "opinion_index": -1,
      "case_paths": [
        "/ark/94/0380-01"
      ]
    },
    {
      "cite": "186 Fed. 451",
      "category": "reporters:federal",
      "reporter": "F.",
      "case_ids": [
        6747345
      ],
      "opinion_index": -1,
      "case_paths": [
        "/f/186/0451-01"
      ]
    },
    {
      "cite": "79 Ark. 229",
      "category": "reporters:state",
      "reporter": "Ark.",
      "case_ids": [
        1495634
      ],
      "opinion_index": 0,
      "case_paths": [
        "/ark/79/0229-01"
      ]
    },
    {
      "cite": "55 Ark. 148",
      "category": "reporters:state",
      "reporter": "Ark.",
      "case_ids": [
        1322331
      ],
      "weight": 2,
      "opinion_index": 0,
      "case_paths": [
        "/ark/55/0148-01"
      ]
    }
  ],
  "analysis": {
    "cardinality": 474,
    "char_count": 9954,
    "ocr_confidence": 0.499,
    "pagerank": {
      "raw": 7.395996621871684e-08,
      "percentile": 0.44256518430225084
    },
    "sha256": "695db775cb788e3e42faf1b43c0a79b2ccebd121fc4558669dece3d814de3b42",
    "simhash": "1:3c17aeec7975c13b",
    "word_count": 1733
  },
  "last_updated": "2024-02-27T17:38:09.002144+00:00",
  "provenance": {
    "date_added": "2019-08-29",
    "source": "Harvard",
    "batch": "2018"
  },
  "casebody": {
    "judges": [],
    "parties": [
      "Meyer v. Ring."
    ],
    "opinions": [
      {
        "text": "Hart, J.,\n(after stating the facts). Under our Constitution the Legislature is empowered to create local improvement districts in towns and cities, under such regulations as may be prescribed by law, to be ba,sed upon the consent of the majority in value of the property holders owning property adjoining the locality to be affected. According to the allegations of the complaint, the improvement district in question was organized in conformity with the provisions of the statute, and the defendants were duly appointed as commissioners to make the improvement. The powers of the commissioners are given by our statute, and, in exercising the powers conferred, the board of commissioners acts as the agent of the property owners in the district. Fitzgerald v. Walker, 55 Ark. 148.\nUnder \u00a7 5656 of Crawford & Moses \u2019 Digest the board is authorized to form plans for the improvement and to procure estimates for the cost thereof.\nSection 5657 provides that, as soon as said board shall have formed said plans and1 shall have ascertained the cost of the improvement, it shall report the same to the city or town council.\nAccording to the allegations of the complaint, the estimated cost of the work as shown by this report on file, as required by the statute, is $19,195.\nSection 5708 of the Digest provides that, in order to hasten the work, the board may borrow money not exceeding 90 per centum of the estimated cost of the work, at a rate of interest not exceeding 10 per centum ner annum, and mav pledge all uncollected assessments for the repayment thereof.\n. The Ian \u00abmage of the statute is plain and unambiguous. It manifestly refers to the estimated cost of the work provided for in \u00a7 5656. There is no allegation in the complaint that the estimate of the cost of the work reported1 by the board to the city council was the result of fraud or gross mistake. Therefore, under the statute, the board had the authority to borrow-money, in any sum not exceeding 90 per centum of $19,195, which was the estimated cost of the work as reported by the commissioners to the city council, and on file with the city clerk.\nIt follows that the chancery court erred in restraining the commissioners from issuing bonds for more than 90 per centum of $18,000.\nThe court sustained a demurrer to the first paragraph of the complaint. This was not error. Under \u00a7 5708 the right to borrow money to construct the improvement is conferred upon the commissioners, and they are given the power to pledge all uncollected assessments for the repayment thereof. This section, by necessary implication, gives the board the power to borrow money and to issue bonds or other written evidence of the indebtedness to the creditors of the district. Altheimer v. Board, etc., Plum Bayou Levee Dist., 79 Ark. 229.\nAs we have already seen, the powers of the commissioners are given by the statute, and we cannot know in advance that there will be any innocent purchaser of bonds within the meaning of the law merchant. Certainly no such parties are before the court, and, as stated in the case of Fitzgerald v. Walker, 55 Ark. 148, we are not called upon to decide whether a board of improvement, bv making notes or bonds negotiable in form, can invest them with all the characteristics of commercial paper issued by individuals or private corporations. Questions of this sort will be decided when they arise, but will not be determined in anticipation of the possibility that they may arise.\nIt follows that the decree will be reversed, and the cause remanded with directions to sustain the demurrer to the second paragraph of the complaint.",
        "type": "majority",
        "author": "Hart, J.,"
      }
    ],
    "attorneys": [
      "Robert D. Lee and A. L. Rotenberry, for appellant.",
      "Wallace Townsend and Bose, Hemingway, Cantrell <& Loughborough, for appellees."
    ],
    "corrections": "",
    "head_matter": "Meyer v. Ring.\nOpinion delivered January 14, 1924.\n1. Municipal corporations \u2014 improvement.district\u2014powers.\u2014The powers of the commissioners of an improvement district are given by statute, and in exercising such powers the board-of commissioners acts as the agents of the property owners in the district.\n2. Municipal corporations \u2014 authority of improvement Districts \u2022 to borrow money. \u2014 Under Crawford & Moses\u2019 Dig., \u00a7 5708, authorizing improvement districts to borrow money, a board of commissioners of a paving district may borrow not exceeding 90 per cent, of the estimated cost of the work as reported by the commissioners to the city council, and it was error to restrain the board from issuing bonds in a sum not exceeding 90 per cent, of a sum less than such estimated cost.\nAppeal from Pulaski Chancery Court; JoJin E. Martineau, Chancellor;\nreversed.\nSTATEMENT OE EAOTS.\nCharles T. Meyer brought this suit against the commissioners of the board of \u2022. improvement of Pulaski Street annex to Street Improvement District No. 288 of the city of Little Bock, Arkansas, to enjoin said commissioners from borrowing money or issuing bonds for the purpose of constructing said improvement. '\nAccording to the allegations of the complaint, the plaintiff is the owner of real property within the boundaries of said Pulaski Street annex, and the defendants are the commissioners duly authorized under the statute to construct the street improvement.\nThe complaint is divided into paragraphs. In the first paragraph it is alleged that the said commissioners proposed to issue negotiable bonds for the purpose of raising money with which to make the improvement; that the said bonds, if issued, will be a lien upon the property of the plaintiff, and will- get into the hands of innocent purchasers and thereby constitute a cloud upon the title to his property.\nIn the second paragraph it is alleged that the estimated cost of the work as shown by the report of the board of commissioners on file in the office of the city clerk is $19,195; but that the real estimated cost is $18,000; that said commissioners have declined to file a revised report and estimate, and1 propose to borrow money to the amount of 90 per cent, of said' sum of $19,195. The prayer of this paragraph is that the defendants be restrained from borrowing a greater amount of money than 90 per cent, of $18,000.\nThe ease was submitted to ihe chancery court upon the complaint and a demurrer thereto. The court sustained the demurrer to the first paragraph and overruled it as to the second paragraph of the complaint.\nThe plaintiff and defendants both declined to plead further. It was therefore decreed that the defendants be restrained from issuing bonds for more than 90' per cent, of $18,000. The case is here on appeal.\nRobert D. Lee and A. L. Rotenberry, for appellant.\n1. While the Legislature has authority to empower a board of improvement to issue negotiable bonds and borrow money to make a local improvement, yet such authority was not conferred by \u00a7 5708, O. & M. Digest. Under it the board can only pledge uncollected assessments. In the sense used1, there could be no pledge without delivery, and there could be no delivery of uncollected assessments. 186 Fed. 451. Municipal improvement districts have no powers except those expressly conferred by statute, and those necessarily implied from powers expressly given. 94 Ark. 380. Their power to borrow money and to issue bonds or other negotiable obligations must be found in the statute under which the district is created, else it does not exist at all. 79 Ark. 234; 138 U. S. 1076,1077; 134 U. S. 198, 203.\n2. The district is not authorized to issue bonds to the extent of 90 per cent, of the estimated cost of the work on file with the city council, and should be restricted to 90 per cent, of the present estimated cost, as prayed in the second count of the complaint. In this case, no bonds had been issued and passed into the hands of innocent purchasers, and the contention that the estimated cost referred to in \u00a7 5708, C. & M. Digest, is evidently the estimated cost referred to in \u00a7\u00a7 5656 and 5657, Id., has no application. The board is not required to borrow the full amount of ninety per cent, of the estimated cost of the work, and the only way lenders could be affected would be for the board to attempt to borrow more than 90 per cent, of the estimated cost.\n3. It is evident that the purpose of the proposition to add to the 90 per cent, of the estimated cost of the work a sum amounting to six per cent, per annum, and to convert all of such loan into bonds bearing interest at 5% per cent, per annum, is to evade the limitation restricting the amount borrowed to 90 per cent, of the estimated cost of the work. 102 Ark. 308.\nWallace Townsend and Bose, Hemingway, Cantrell <& Loughborough, for appellees.\n1. The power to issue negotiable bonds by improvement districts of this kind is so well established in this State that a change of the court\u2019s ruling in this respect would amount to a disaster. 81 Ark. 286; 109 Ark. 90; 123 Ark. 471; 130 Ark. 44; 151 Ark. 398, 399; 156 Ark. 498; 130 Ark. 162; 135 Ark. 315; 155 Ark. 324; 70 Ark. 211, 215; 102 Ark. 307, 308; 131 Ark. 29; Id., 431; 148 Ark. 634; 135 Ark. 98. It is true that \u00a7 5708, C. & M. Digest, does not specifically authorize the issuing of negotiable paper, but that power is necessarily implied from the authority given to borrow money. 70 Ark. 211; 152 Ark. 422.\n2. The district is authorized to issue bonds to the extent of 90 per cent, of the estimated cost. C. & M. Digest, \u00a7\u00a7 5656, 5657; Id., \u00a7 5708. It is evident that estimated cost referred to in the last-named section is the estimated cost referred to in the first two, and it means 90 per cent, of the estimated cost as it appears in the report filed by the commissioners with the city council.\n3. Appellant\u2019s position might be tenable if the act had provided that the district could issue bonds only to the extent of 90 per cent, of the estimated cost, but such is not the case. The statute, \u00a7 5708, contains no limitation upon the power to issue bonds, but upon the borrowing power of the district, viz: that the district \u201cmay borrow money not exceeding 90 per cent, of the estimated cost of the work, at a rate of interest not exceeding 10 per cent, per annum.\u201d"
  },
  "file_name": "0009-01",
  "first_page_order": 33,
  "last_page_order": 37
}
