{
  "id": 1385559,
  "name": "Haley v. Sullivan",
  "name_abbreviation": "Haley v. Sullivan",
  "decision_date": "1924-01-14",
  "docket_number": "",
  "first_page": "59",
  "last_page": "64",
  "citations": [
    {
      "type": "official",
      "cite": "162 Ark. 59"
    }
  ],
  "court": {
    "name_abbreviation": "Ark.",
    "id": 8808,
    "name": "Arkansas Supreme Court"
  },
  "jurisdiction": {
    "id": 34,
    "name_long": "Arkansas",
    "name": "Ark."
  },
  "cites_to": [
    {
      "cite": "122 Ark. 491",
      "category": "reporters:state",
      "reporter": "Ark.",
      "case_ids": [
        1558162
      ],
      "opinion_index": -1,
      "case_paths": [
        "/ark/122/0491-01"
      ]
    },
    {
      "cite": "126 Ark. 416",
      "category": "reporters:state",
      "reporter": "Ark.",
      "case_ids": [
        1551764
      ],
      "opinion_index": -1,
      "case_paths": [
        "/ark/126/0416-01"
      ]
    },
    {
      "cite": "89 Ark. 513",
      "category": "reporters:state",
      "reporter": "Ark.",
      "case_ids": [
        1515250
      ],
      "opinion_index": -1,
      "case_paths": [
        "/ark/89/0513-01"
      ]
    },
    {
      "cite": "119 Ark. 201",
      "category": "reporters:state",
      "reporter": "Ark.",
      "opinion_index": -1
    },
    {
      "cite": "151 Ark. 47",
      "category": "reporters:state",
      "reporter": "Ark.",
      "case_ids": [
        1366071
      ],
      "opinion_index": -1,
      "case_paths": [
        "/ark/151/0047-01"
      ]
    },
    {
      "cite": "149 Ark. 476",
      "category": "reporters:state",
      "reporter": "Ark.",
      "case_ids": [
        8720804
      ],
      "opinion_index": -1,
      "case_paths": [
        "/ark/149/0476-01"
      ]
    },
    {
      "cite": "115 Ark. 445",
      "category": "reporters:state",
      "reporter": "Ark.",
      "opinion_index": -1
    },
    {
      "cite": "161 Ark. 79",
      "category": "reporters:state",
      "reporter": "Ark.",
      "case_ids": [
        1388530
      ],
      "opinion_index": 0,
      "case_paths": [
        "/ark/161/0079-01"
      ]
    },
    {
      "cite": "96 Ark. 410",
      "category": "reporters:state",
      "reporter": "Ark.",
      "case_ids": [
        1542010
      ],
      "opinion_index": 1,
      "case_paths": [
        "/ark/96/0410-01"
      ]
    },
    {
      "cite": "150 Ark. 486",
      "category": "reporters:state",
      "reporter": "Ark.",
      "case_ids": [
        1367891
      ],
      "opinion_index": 1,
      "case_paths": [
        "/ark/150/0486-01"
      ]
    },
    {
      "cite": "145 Ark. 279",
      "category": "reporters:state",
      "reporter": "Ark.",
      "case_ids": [
        1586138
      ],
      "opinion_index": 1,
      "case_paths": [
        "/ark/145/0279-01"
      ]
    },
    {
      "cite": "140 Ark. 398",
      "category": "reporters:state",
      "reporter": "Ark.",
      "case_ids": [
        1594410
      ],
      "opinion_index": 1,
      "case_paths": [
        "/ark/140/0398-01"
      ]
    },
    {
      "cite": "139 Ark. 595",
      "category": "reporters:state",
      "reporter": "Ark.",
      "case_ids": [
        1596386
      ],
      "opinion_index": 1,
      "case_paths": [
        "/ark/139/0595-01"
      ]
    },
    {
      "cite": "138 Ark. 549",
      "category": "reporters:state",
      "reporter": "Ark.",
      "case_ids": [
        1566976
      ],
      "weight": 2,
      "opinion_index": 1,
      "case_paths": [
        "/ark/138/0549-01"
      ]
    },
    {
      "cite": "77 Ark. 250",
      "category": "reporters:state",
      "reporter": "Ark.",
      "case_ids": [
        1499085
      ],
      "opinion_index": 1,
      "case_paths": [
        "/ark/77/0250-01"
      ]
    },
    {
      "cite": "75 Ark. 120",
      "category": "reporters:state",
      "reporter": "Ark.",
      "case_ids": [
        1502504
      ],
      "opinion_index": 1,
      "case_paths": [
        "/ark/75/0120-01"
      ]
    },
    {
      "cite": "69 Ark. 376",
      "category": "reporters:state",
      "reporter": "Ark.",
      "case_ids": [
        8723298
      ],
      "opinion_index": 1,
      "case_paths": [
        "/ark/69/0376-01"
      ]
    },
    {
      "cite": "58 Ark. 407",
      "category": "reporters:state",
      "reporter": "Ark.",
      "case_ids": [
        1329130
      ],
      "opinion_index": 1,
      "case_paths": [
        "/ark/58/0407-01"
      ]
    },
    {
      "cite": "56 Ark. 485",
      "category": "reporters:state",
      "reporter": "Ark.",
      "case_ids": [
        1326059
      ],
      "opinion_index": 1,
      "case_paths": [
        "/ark/56/0485-01"
      ]
    }
  ],
  "analysis": {
    "cardinality": 556,
    "char_count": 11954,
    "ocr_confidence": 0.488,
    "pagerank": {
      "raw": 6.392147806818432e-08,
      "percentile": 0.3959460570867259
    },
    "sha256": "411cfa7fe6cc00dc5dadf82506d5d98e7ca0d1358d72d1a806da9f1e17608b68",
    "simhash": "1:a7d18e62805469f2",
    "word_count": 2030
  },
  "last_updated": "2024-02-27T17:38:09.002144+00:00",
  "provenance": {
    "date_added": "2019-08-29",
    "source": "Harvard",
    "batch": "2018"
  },
  "casebody": {
    "judges": [],
    "parties": [
      "Haley v. Sullivan."
    ],
    "opinions": [
      {
        "text": "Humphreys, J.\nThere is a direct and cross-appeal in this case.\nThe direct appeal presents the question of whether the trial court allowed a sufficient amount to J. F. Haley for his services as engineer in making the preliminary survey of the road to be constructed and in estimating the cost of the improvement.\nThe cross-appeal presents the question of whether act 341 of the General Assembly, approved February 25, 1920, conflicts with \u00a7 28, article 7, of the Constitution of the State, by encroaching on the exclusive original jurisdiction of the county court over all matters relating to public roads in the county.\nWe proceed to a consideration of the latter question because, in the view of the majority, the act is void, which view automatically eliminates the question presented for consideration on the direct appeal. A claim for preliminary expenses in organizing a road district must be founded on a valid act. A void act will not support such a claim.\nSection 3 of the act in question is as follows: \u201cSaid district is hereby created and organized for the purpose of building, improving and maintaining a public highway from the town of Wicks, in Polk County, Arkansas, eastward to Baker Springs, in Howard County, Arkansas, and to intersect the public highway in Road Improvement District No. 2 in Howard County, Arkansas, at or near \u00abaid Bak\u00e9r Springs, and which said road shall follow, as near as practicable, the present traveled road from the said town of Wicks to the termini at or near said Baker Springs, in Howard County, Arkansas. Said commissioners here appointed are empowered, however, to build said road over and along the most favorable and practicable route. Said highway is to be constructed of macadam or such other materials as the commissioners may deem best or suitable, and they are authorized to build such bridges and1 culverts as may be by them deemed necessary and desirable. ' Any bridges of the first class built shall be approved by the county court in the county in which such bridge or bridges may be built.\u201d\nThe constitutionality of the act might be upheld under the rules of construction invoked in the recent case of Wimberly v. Road Improvement District No. 7, 161 Ark. 79, if it were not for the following clause of \u00a7 3 thereof:\n\u201cSaid commissioners here appointed are empowered, however, to build said road over and along the most favorable and practicable route.\u201d\nThis clause follows language in the same section similar to language used in \u00a7 2 of act 312, passed at the same session of the Legislature, which we construed in the Wimberly case as conferring power upon' the commissioners to make immaterial changes only in the MenaCherry Hill Road. The sentence or clause quoted is much broader than the language which precedes it, and plainly attempts to confer authority on the commissioners to materially deviate from the present traveled road between the towns of Wicks and Baker Springs by clothing them with power to select .a different or new route altogether,, if more favorable and practicable than the route designated in the act. The intent of the Legislature was to authorize the commissioners to make these material changes without the consent of the county court, as indicated by the fact that provision was made in the same section to obtain the approval of the county court in ease bridges of the first class should be necessary in constructing the improvement. It is true it was not necessary to obtain the \u00a1consent of the county court to construct a bridge which, constituted a part of the improvement, but this provision, deferring to the wishes of the county court, showed that the Legislature had article 7, \u00a7 28, in mind when it enacted the law. Certainly the Legislature would not have deferred to the wishes of the county court in express terms on an immaterial matter and have omitted to do so on a material matter. It would be illogical to say that, by silence, the Legislature intended to defer to the wishes of the county court in important particulars, when in the same section it g\u2019av\u00e9 expression to this intent in unimportant matters. It is obvious that the intent of the Legislature was to confer uncontrolled authority upon the commissioners to make material changes in the route designated in the act. The Legislature was without authority to do this.\nThe decree is therefore reversed, with directions to restrain the commissioners from levying and collecting a tax upon the property described in the act to defray preliminary expenses in the district.",
        "type": "majority",
        "author": "Humphreys, J."
      },
      {
        "text": "DISSENTING OPINION.\nMcCulloch, C. J.\nWhere the language of a statute is open to two reasonable interpretations, one of which will render it valid and the other invalid, it is the duty of the court to adopt such interpretation as will render the statute valid. This rule of interpretation has been quite frequently announced by this court. Duke v. State, 56 Ark. 485; Leep v. Railway Company, 58 Ark. 407; Dobson v. State, 69 Ark. 376; Waterman v. Hawkins, 75 Ark. 120; Stillwell v. Jackson, 77 Ark. 250; Sallee v. Dalton, 138 Ark. 549; Booe v. Sims, 139 Ark. 595; Dobbs v. Holland, 140 Ark. 398; Commissioners v. Quapaw Club, 145 Ark. 279; Logan v. State, 150 Ark. 486.\nThe statute under consideration contains no reference to an approval by the'county court of the route selected for the road, but there is no express authority for the commissioners to select a route other than an established public road, regardless of the approval of the county court. This court has frequently decided that the Legislature cannot authorize commissioners of a road improvement district to make material changes in the route of a road without the consent or approval of the county court, and we should indulge the presumption that, in enacting the statute now under consideration, the lawmakers intended to authorize the commissioners to change the route, subject to the approval of the county court, rather than in defiance of the will of the county court, or without obtaining the consent of the court. In other words, we should presume that the Legislature intended to enact a statute which would conform to the constitutional requirements as declared by this court. I think the point is well illustrated in the case of Sallee v. Dalton, supra. In that case we had under consideration a statute which created a road improvement district, and contained a provision to the effect that, if any part of the road to be improved \u201chas not been laid out as a public road, it is hereby made the duty of the county court of Randolph County to lay the same out. \u2019 \u2019 It was contended that this compelled the county court to lay out the public road selected by the commissioners of the district, and we declared that the purpose was to leave the county court in possession of its constitutional powers in determining whether or not the road should be laid out, and that it was an encroachment upon the jurisdiction of the county court, and in reaching this conclusion we announced the principle which I have stated in the beginning, and quoted Judge Cooley in support of the rule, as follows:\n\u201cThe duty of the court to uphold a statute when the conflict between it and the Constitution is not clear, and the implication which must always exist that no violation has been intended by the Legislature, may require it in some cases, where the meaning of the Constitution is not in doubt, to lean in favor of such a construction of the statute as might not, at first view, seem most obvious and natural. For, as. a conflict between the statute and the Constitution is not to be implied, it would seem to follow, where the meaning of the Constitution is clear, that the court, if possible, must give the statute such a construction as will enable it to have effect.\u201d Cooley\u2019s Constitutional Limitations, 7 ed. 236.\nThe Legislature, in the instance now under consideration, described a public road, as the one to be improved, but added the provision that the commissioners were \u201cempowered, however, to build said road along- and over the most favorable and practicable route.\u201d It is a reasonable presumption that the lawmakers intended, in the event of a necessary change in order to select the most favorable route, that' the judgment of the county court would be invoked in laying- out the new route. This is not a case where the commissioners have attempted to change the route without the consent of the county court. The point was never reached for a change in the route, for the reason that it was determined that it was impracticable to build the road at all, and it became necessary to levy assessments to pay the preliminary expenses which were properly incurred in selecting a route and in determining whether the cost of the improvement would exceed the benefits.\nThe majority lay stress on the express provision in thq statute that bridges of the first class should be approved \u00a1by the county court, and it is argued that this shows that the framers of the statute did not contemplate the approval of the county court in the selection of the route. It seems to me that the majority have drawn the wrong inference from the provision with respect to bridges. There is no provision of the Constitution requiring the approval by the county court of the construction of the bridge through, the agency of the improvement district (Shibley v. Bridge District, 96 Ark. 410), but the framers of the statute now under consideration deemed it wise to place that matter under the direction of the county court, therefore they put in an express provision to that effect, deeming it, we should assume, unnecessary to place a like provision with respect to the selection of the route, as that was required by the Constitution and needed no legislative direction.\nMy conclusion is therefore that the statute is not in conflict with the 'Constitution, and should be upheld.",
        "type": "dissent",
        "author": "McCulloch, C. J."
      }
    ],
    "attorneys": [
      "Norwood S Alley, for appellant.",
      "Lake & Lake, for appellee."
    ],
    "corrections": "",
    "head_matter": "Haley v. Sullivan.\nOpinion delivered January 14, 1924.\n1. Highways \u2014 claim for preliminary expenses \u2014 -void act.\u2014 A claim for preliminary expenses in organizing a road district must be founded on a valid statute.\n2. Highways \u2014 encroachment on county court\u2019s jurisdiction.\u2014 Special act No. 341 of 1920, creating an improvement district to construct a highway between certain towns, the highway to follow as near as practicable the present traveled road between the towns, but empowering the commissioners to build the road \u201cover and along the most favorable and practicable route,\u201d conferred authority on them to select a route different from that designated by the act, and was invalid, under Const., art. 7, \u00a7 28, for encroaching on the jurisdiction of the county court in matters relating to public roads.\nAppeal from Polk Chancery Court; James D. Shaver, Chancellor;\nreversed. '\nNorwood S Alley, for appellant.\nThe trial court erred in holding that a contract could only be made with tlie engineer for preliminary surveys and estimates, and that this does not include such work by the engineer as called for cross-sectioning preparatory to applying for Federal aid. The engineer was entitled to recover the proportionate value of the work done to the whole engineering service to be furnished. 115 Ark. 445. While the contract for the entire work was premature, yet it must be considered as evidence in determining the value of the services rendered. 149 Ark. 476; 151 Ark. 47. Federal aid was necessary to the district, and the work done was necessary, and properly classed as preliminary expenses. 119 Ark. 201.\nLake & Lake, for appellee.\nAct 321 contravenes art. 7, \u00a7 28, of the Constitution, and is void. The Legislature exceeded its authority in authorizing the commissioners to deviate materially from the route as laid out if it was found more favorable to adopt such new route. 89 Ark. 513. Since the act is unconstitutional, no liability rests upon the taxpayers to pay for anything that was done thereunder by Haley and the commissioners. 126 Ark. 416; 122 Ark. 491."
  },
  "file_name": "0059-01",
  "first_page_order": 83,
  "last_page_order": 88
}
