{
  "id": 1385571,
  "name": "Washington County v. Davis",
  "name_abbreviation": "Washington County v. Davis",
  "decision_date": "1924-02-11",
  "docket_number": "",
  "first_page": "335",
  "last_page": "340",
  "citations": [
    {
      "type": "official",
      "cite": "162 Ark. 335"
    }
  ],
  "court": {
    "name_abbreviation": "Ark.",
    "id": 8808,
    "name": "Arkansas Supreme Court"
  },
  "jurisdiction": {
    "id": 34,
    "name_long": "Arkansas",
    "name": "Ark."
  },
  "cites_to": [
    {
      "cite": "40 Ark. 100",
      "category": "reporters:state",
      "reporter": "Ark.",
      "case_ids": [
        1897150
      ],
      "opinion_index": -1,
      "case_paths": [
        "/ark/40/0100-01"
      ]
    },
    {
      "cite": "85 Ark. 232",
      "category": "reporters:state",
      "reporter": "Ark.",
      "case_ids": [
        1523372
      ],
      "opinion_index": -1,
      "case_paths": [
        "/ark/85/0232-01"
      ]
    },
    {
      "cite": "77 Ark. 412",
      "category": "reporters:state",
      "reporter": "Ark.",
      "case_ids": [
        1499105
      ],
      "opinion_index": -1,
      "case_paths": [
        "/ark/77/0412-01"
      ]
    },
    {
      "cite": "136 Iowa 573",
      "category": "reporters:state",
      "reporter": "Iowa",
      "case_ids": [
        8647870
      ],
      "opinion_index": -1,
      "case_paths": [
        "/iowa/136/0573-01"
      ]
    },
    {
      "cite": "55 Wash. 1",
      "category": "reporters:state",
      "reporter": "Wash.",
      "case_ids": [
        1301565
      ],
      "opinion_index": -1,
      "case_paths": [
        "/wash/55/0001-01"
      ]
    },
    {
      "cite": "154 Mo. App. 540",
      "category": "reporters:state",
      "reporter": "Mo. App.",
      "case_ids": [
        1604315
      ],
      "opinion_index": -1,
      "case_paths": [
        "/mo-app/154/0540-01"
      ]
    },
    {
      "cite": "7 Fla. 13",
      "category": "reporters:state",
      "reporter": "Fla.",
      "case_ids": [
        1130219
      ],
      "opinion_index": -1,
      "case_paths": [
        "/fla/7/0013-01"
      ]
    },
    {
      "cite": "95 S. W. 98",
      "category": "reporters:state_regional",
      "reporter": "S.W.",
      "opinion_index": -1
    },
    {
      "cite": "105 Mo. App. 98",
      "category": "reporters:state",
      "reporter": "Mo. App.",
      "case_ids": [
        1540821
      ],
      "opinion_index": -1,
      "case_paths": [
        "/mo-app/105/0098-01"
      ]
    },
    {
      "cite": "95 N. C. 68",
      "category": "reporters:state",
      "reporter": "N.C.",
      "case_ids": [
        11272988
      ],
      "opinion_index": -1,
      "case_paths": [
        "/nc/95/0068-01"
      ]
    },
    {
      "cite": "17 Ala. 527",
      "category": "reporters:state",
      "reporter": "Ala.",
      "case_ids": [
        3136796
      ],
      "opinion_index": -1,
      "case_paths": [
        "/ala/17/0527-01"
      ]
    },
    {
      "cite": "28 Ala. 28",
      "category": "reporters:state",
      "reporter": "Ala.",
      "case_ids": [
        8495708
      ],
      "opinion_index": -1,
      "case_paths": [
        "/ala/28/0028-01"
      ]
    },
    {
      "cite": "4 Wall. 435",
      "category": "reporters:scotus_early",
      "reporter": "Wall.",
      "case_ids": [
        6140652
      ],
      "opinion_index": -1,
      "case_paths": [
        "/us/71/0435-01"
      ]
    },
    {
      "cite": "66 Am. Dec. 326",
      "category": "reporters:federal",
      "reporter": "Am. Dec.",
      "opinion_index": -1
    },
    {
      "cite": "9 Md. 174",
      "category": "reporters:state",
      "reporter": "Md.",
      "opinion_index": -1
    },
    {
      "cite": "94 Tex. 62",
      "category": "reporters:state",
      "reporter": "Tex.",
      "case_ids": [
        2233518
      ],
      "opinion_index": -1,
      "case_paths": [
        "/tex/94/0062-01"
      ]
    },
    {
      "cite": "95 Tex. 268",
      "category": "reporters:state",
      "reporter": "Tex.",
      "case_ids": [
        2231359
      ],
      "opinion_index": -1,
      "case_paths": [
        "/tex/95/0268-01"
      ]
    },
    {
      "cite": "68 Tex. 468",
      "category": "reporters:state",
      "reporter": "Tex.",
      "case_ids": [
        2198836
      ],
      "opinion_index": -1,
      "case_paths": [
        "/tex/68/0468-01"
      ]
    },
    {
      "cite": "76 Am- Dec. 736",
      "category": "reporters:federal",
      "reporter": "Am. Dec.",
      "opinion_index": -1
    },
    {
      "cite": "1 L, R. A. (N. S.) 656",
      "category": "reporters:federal",
      "reporter": "L.R.A.N.S.",
      "opinion_index": -1
    },
    {
      "cite": "5 Ark. 82",
      "category": "reporters:state",
      "reporter": "Ark.",
      "opinion_index": -1
    },
    {
      "cite": "102 Tex. Rep. 304",
      "category": "reporters:state",
      "reporter": "Tex.",
      "case_ids": [
        2261342
      ],
      "opinion_index": -1,
      "case_paths": [
        "/tex/102/0304-01"
      ]
    },
    {
      "cite": "25 L. R. A. 770",
      "category": "reporters:federal",
      "reporter": "L.R.A.",
      "opinion_index": -1
    },
    {
      "cite": "114 Ark. 278",
      "category": "reporters:state",
      "reporter": "Ark.",
      "case_ids": [
        1536312
      ],
      "opinion_index": -1,
      "case_paths": [
        "/ark/114/0278-01"
      ]
    },
    {
      "cite": "51 N. Y. 401",
      "category": "reporters:state",
      "reporter": "N.Y.",
      "case_ids": [
        2061550
      ],
      "opinion_index": 0,
      "case_paths": [
        "/ny/51/0401-01"
      ]
    },
    {
      "cite": "68 N. Y. 114",
      "category": "reporters:state",
      "reporter": "N.Y.",
      "case_ids": [
        529023
      ],
      "opinion_index": 0,
      "case_paths": [
        "/ny/68/0114-01"
      ]
    },
    {
      "cite": "116 S. W. 38",
      "category": "reporters:state_regional",
      "reporter": "S.W.",
      "opinion_index": 0
    },
    {
      "cite": "76 Am. Dec. 736",
      "category": "reporters:federal",
      "reporter": "Am. Dec.",
      "opinion_index": 0
    },
    {
      "cite": "5 Ark. 81",
      "category": "reporters:state",
      "reporter": "Ark.",
      "case_ids": [
        8726447
      ],
      "opinion_index": 0,
      "case_paths": [
        "/ark/5/0081-01"
      ]
    },
    {
      "cite": "86 Ark. 259",
      "category": "reporters:state",
      "reporter": "Ark.",
      "case_ids": [
        1521445
      ],
      "opinion_index": 0,
      "case_paths": [
        "/ark/86/0259-01"
      ]
    },
    {
      "cite": "85 Ark. 89",
      "category": "reporters:state",
      "reporter": "Ark.",
      "case_ids": [
        1523286
      ],
      "opinion_index": 0,
      "case_paths": [
        "/ark/85/0089-01"
      ]
    },
    {
      "cite": "64 Ark. 515",
      "category": "reporters:state",
      "reporter": "Ark.",
      "case_ids": [
        1907342
      ],
      "opinion_index": 0,
      "case_paths": [
        "/ark/64/0515-01"
      ]
    },
    {
      "cite": "61 Ark. 21",
      "category": "reporters:state",
      "reporter": "Ark.",
      "case_ids": [
        1902365
      ],
      "opinion_index": 0,
      "case_paths": [
        "/ark/61/0021-01"
      ]
    },
    {
      "cite": "40 Ark. 100",
      "category": "reporters:state",
      "reporter": "Ark.",
      "case_ids": [
        1897150
      ],
      "opinion_index": 0,
      "case_paths": [
        "/ark/40/0100-01"
      ]
    },
    {
      "cite": "85 Ark. 232",
      "category": "reporters:state",
      "reporter": "Ark.",
      "case_ids": [
        1523372
      ],
      "opinion_index": 0,
      "case_paths": [
        "/ark/85/0232-01"
      ]
    },
    {
      "cite": "77 Ark. 412",
      "category": "reporters:state",
      "reporter": "Ark.",
      "case_ids": [
        1499105
      ],
      "opinion_index": 0,
      "case_paths": [
        "/ark/77/0412-01"
      ]
    },
    {
      "cite": "102 Tex. Rep. 304",
      "category": "reporters:state",
      "reporter": "Tex.",
      "case_ids": [
        2261342
      ],
      "opinion_index": 0,
      "case_paths": [
        "/tex/102/0304-01"
      ]
    },
    {
      "cite": "25 L. R. A. 770",
      "category": "reporters:federal",
      "reporter": "L.R.A.",
      "opinion_index": 0
    }
  ],
  "analysis": {
    "cardinality": 523,
    "char_count": 10125,
    "ocr_confidence": 0.496,
    "pagerank": {
      "raw": 3.4959130699613374e-07,
      "percentile": 0.8825134206666103
    },
    "sha256": "00a96fd40cf1ea925b62e9ff1418af39f7098b1af555e3311459a1ca4143059d",
    "simhash": "1:9fe1e0920281aede",
    "word_count": 1816
  },
  "last_updated": "2024-02-27T17:38:09.002144+00:00",
  "provenance": {
    "date_added": "2019-08-29",
    "source": "Harvard",
    "batch": "2018"
  },
  "casebody": {
    "judges": [],
    "parties": [
      "Washington County v. Davis."
    ],
    "opinions": [
      {
        "text": "Hart, J.\nJ. L. Davis filed a claim in the county court against Washington County for $1,200, which he claims to be due him as extra compensation for official services rendered as circuit clerk of Washington County. His claim for compensation is based upon \u00a7 2 of act 83 of the Acts of 1921, which is as follows:\n\u201cSection 2. That the county court of Washington County may refund to J. L. Davis, late clerk of the circuit court of Washington County and recorder, twelve hundred dollars, one-half of the amount received by him and paid into the county treasury for recording I, 634 oil and gas leases during his term of office, less the county tax.\u201d Special Acts of Arkansas 1921, p. 111.\nTliis act was amendatory of act 259 of the Acts of 1919, which fixed the salary of the circuit clerk at the sum of $3,420 per annum, together with the fees and allowances made to him as commissioner in chancery. Special Acts of 1919, p. 399.\nThe county court refused to make the allowance to J. L. Davis, as provided by the section of the act quoted above, and Davis duly prosecuted an appeal to the circuit court. The circuit court found that Washington County was indebted to J. L. Davis in the sum of $1,200, under the act of the Legislature above referred to, and judgment was rendered accordingly.\nTo reverse that judgment, Washington County has duly prosecuted an appeal to this court.\nAlthough the office of circuit clerk is created by the Constitution, the Legislature has full power to fix the amount of compensation, of course observing all constitutional limitations, and it makes no difference whether the compensation is by fees or salary. Humphrey v. Sadler, 40 Ark. 100; Powell v. Durden, 61 Ark. 21, and Buga v. Sebastian County, 64 Ark. 515.\nIt does not appear from the record that the extra allowance to the circuit clerk, under the act in question, together with the salary already allowed him, made his net profits more than $5.000 uer annum, and was therefore violative of ^ 23, art. 19, of the Constitution, as construed in Griffin v. Rhoton, 85 Ark. 89, and Williams v. Buchanan, 86 Ark. 259.\nTn this connection it may be also stated that the bill under consideration was passed by two-thirds of the members elected to each branch of the General Assembly. Therefore we need not decide whether the act under consideration falls within the provisions of art. 5, \u00a7 27, of the Constitution, which provides that no extra compensation shall be made to any officer after the services shall -have been rendered, unless such compensation be allowed by a bill passed by two-thirds of the members elected to each branch of the General Assembly. There is no constitutional limitation against the passage of the act under consideration, and we hold it to be a valid act.\nWe do not think that the case of Board of Education of Marion Township v. State (Ohio), 25 L. R. A. 770, has any application to the facts in the case at bar. There the treasurer of the school funds of Marion Township, Ohio, lost a school warrant, which he paid to the person entitled to it, and was'charged with the amount thereof in his settlement with the county auditor. Subsequently he found the warrant, and asked that the amount thereof be refunded to him. The board of education refused to do so, on the grounds that it had no power to go behind its previous settlements. Whereupon he secured the Legislature t\u00f3 pass an act allowing him the amount of said lost warrant and directing\u2019 the board of education to levy taxes for the payment thereof. The court held that, because there was a dispute about the facts out of which the claim grew, between the township treasurer and the board of education, the contention fell within the province of the court under the distribution of governmental powers prescribed by the Constitution.\nHere there was no contention between the parties as to the facts. Davis had made no claim in the county court or elsewhere that he was due extra compensation. The Legislature simply allowed J. L. Davis, as clerk of the circuit court, extra compensation for services which he had already rendered, and this it had the right to do, for the reasons stated above.\nIt is next contended that the allowance of the extra compensation, by the terms of the act, was in the discretion of the county court. In making this contention, reliance is placed by the county upon the language of \u00a7 2 of the act quoted above, which provides that the county court may refund to J. L. Davis $1,200. We think that the act is mandatory, notwithstanding the use of the word \u201cmay\u201d instead of \u201cshall.\u201d\nIn Pirani v. Barden, 5 Ark. 81, Spratley v. La. & Ark. Ry. Co., 77 Ark. 412, and C. R. I. & P. Ry. Co. v. Jaber, 85 Ark. 232, this court has recognized that the word \u201cmay\u201d is often interpreted to mean \u201cshall.\u201d The general rule of construction is that the word \u201cmay\u201d is construed to mean \u201cshall\u201d whenever the rights of the public or third persons depend upon the exercise of the power or the performance of the duty to which it refers. Wheeler v. Chicago (Ill.), 76 Am. Dec. 736; Smalley v. Paine, 102 Tex. 304, 116 S. W. 38; People v. Board of Supervisors, 68 N. Y. 114; People v. Board of Supervisors, 51 N. Y. 401, and Supervisors v. United States, 4 Wall. (U. S.) 435.\nAll of these cases, and many more of like import, recognize that the word \u201cmay\u201d is constantly used in statutes without intending that it shall be taken literally, and that, in its construction, the object evidently designed to be reached limits and controls the literal import of the word. They recognize that, in determining whether \u201cmay,\u201d as used in acts like the present one, is merely permissive or is mandatory, not only the language of the act but the circumstances surrounding its passage and the object had in view must be considered.\nDavis, as circuit clerk, had a claim, based upon natural justice and equity, that a part of the fees derived from the recording of gas and oil leases during his term of office, and paid by him into the county treasury, should be refunded. This is shown by the surrounding circumstances. The court will take judicial notice that Washington County is one of the largest counties in the State. The salary of the circuit clerk, fixed by the Legislature of 1921 and. by the act of 1919 which it amended, was $3,420 per annum.\nSection one of the act under consideration gives the circuit clerk, in addition to a salary of $3,420 per annum, all fees for recording oil and gas leases. In \u00a7 2 of the same act it was provided that the county court may refund to Davis $1,200, which is one-half of the amount received by him and paid into the county treasury for recording oil and gas leases. The Legislature recognized that Davis had a moral claim against the county for his services, and intended to provide for its allowance like other claims against \u2022 the county. The purpose of the act, as well as natural justice to Davis, requires that it should be construed as mandatory. It is a maxim of the law that, where a statute directs the doing of a thing for the sake of justice, the word \u201cmay\u201d means \u201cshall.\u201d Where the power is given to public officers for the benefit of an individual, the language used, though permissive in form, is in fact peremptory. The substance of the holding in the case above cited is that what public officers are required to do for a third person the law requires shall be done.\nIt follows that the judgment of the circuit court is correct, and will be affirmed.",
        "type": "majority",
        "author": "Hart, J."
      }
    ],
    "attorneys": [
      "Nance & Sea/mster, for appellant.",
      "J. V. Walker, for appellee."
    ],
    "corrections": "",
    "head_matter": "Washington County v. Davis.\nOpinion delivered February 11, 1924.\n1. Clerks of courts \u2014 compensation.\u2014Although the office of circuit clerk is created by the Constitution, the Legislature has power to fix the amount of compensation, within constitutional limitations, to be paid either by fees or salary.\n2. Clerks of courts \u2014 extra compensation \u2014 constitutional limit. \u2022 \u2014 An extra allowance made by the Legislature to a clerk was not unconstitutional where it, added to his salary, did not exceed $5,000 per annum, the limit fixed by Const., art. 19 \u00a7 23.\n3. \u2019 Clerks of courts \u2014 construction of statute. \u2014 Under the rule that the word \u201cmay\u201d is construed to mean \u201cshall\u201d whenever the rights of the public or third persons depend on the exercise of the power or the performance of the duty to which it refers, Special Acts 1921, p. Ill, \u00a7 2, providing that the county court \u201cmay\u201d refund to the circuit clerk of a certain county one-half of the fees received by him for oil leases, is mandatory.\n4. Evidence \u2014 judicial notice. \u2014 Judicial notice is taken that Washington County is one of the largest counties in the State.\n5. Statutes \u2014 construction of \u201cmay.\u201d \u2014 It is a maxim of the law that where a statute directs the doing of a thing for the sake of justice, the word \u201cmay\u201d means \u201cshall.\u201d\n6. Statutes \u2014 construction of power given to officers. \u2014 Where power is given to public officers for the benefit of individuals, the language used, though permissive in form, is in fact peremptory.\nAppeal from Washington Circuit Court; W. A. Dickson, Judge;\naffirmed.\nNance & Sea/mster, for appellant.\nTo construe the act to be mandatory, and hold that the word \u201cmay\u201d means \u201cshall\u201d constitutes an invasion of the jurisdiction of the county court and is in conflict with \u00a7 28, art. 7, of the Constitution. 114 Ark. 278; 25 L. R. A. 770.\nJ. V. Walker, for appellee.\nThe word \u201cmay\u201d means \u201cshall\u201d when used in an act whenever third persons or the public have an interest in having something done or have a claim ele jure that the power shall be exercised. 102 Tex. Rep. 304; 5 Ark. 82. 1 L, R. A. (N. S.) 656; 76 Am- Dec. 736. See also 68 Tex. 468; 95 Tex. 268; 94 Tex. 62; 9 Md. 174, 66 Am. Dec. 326; 4 Wall. 435, 18 L. ed. 419; 28 Ala. 28; 17 Ala. 527; 95 N. C. 68; 105 Mo. App. 98; 95 S. W. 98; 7 Fla. 13; 24 Sou. 589; 2 Sou. 400; 154 Mo. App. 540; 55 Wash. 1; 136 Iowa 573; 234 111. 583. Arkansas decisions are in accord with the above. See 77 Ark. 412; 85 Ark. 232. Where an office is created by the Constitution, but the compensation is left to the discretion of the Legislature, it may be increased or diminished so as to affect the incumbent. 40 Ark. 100."
  },
  "file_name": "0335-01",
  "first_page_order": 359,
  "last_page_order": 364
}
