{
  "id": 1382194,
  "name": "Cox v. State",
  "name_abbreviation": "Cox v. State",
  "decision_date": "1924-04-28",
  "docket_number": "",
  "first_page": "126",
  "last_page": "133",
  "citations": [
    {
      "type": "official",
      "cite": "164 Ark. 126"
    }
  ],
  "court": {
    "name_abbreviation": "Ark.",
    "id": 8808,
    "name": "Arkansas Supreme Court"
  },
  "jurisdiction": {
    "id": 34,
    "name_long": "Arkansas",
    "name": "Ark."
  },
  "cites_to": [
    {
      "cite": "113 Ark. 454",
      "category": "reporters:state",
      "reporter": "Ark.",
      "case_ids": [
        1537518
      ],
      "opinion_index": 0,
      "case_paths": [
        "/ark/113/0454-01"
      ]
    },
    {
      "cite": "47 Ark. 53",
      "category": "reporters:state",
      "reporter": "Ark.",
      "opinion_index": 0
    },
    {
      "cite": "54 Ark. 584",
      "category": "reporters:state",
      "reporter": "Ark.",
      "case_ids": [
        1320336
      ],
      "opinion_index": 0,
      "case_paths": [
        "/ark/54/0584-01"
      ]
    },
    {
      "cite": "148 Ark. 328",
      "category": "reporters:state",
      "reporter": "Ark.",
      "case_ids": [
        8720042
      ],
      "opinion_index": 0,
      "case_paths": [
        "/ark/148/0328-01"
      ]
    }
  ],
  "analysis": {
    "cardinality": 577,
    "char_count": 16070,
    "ocr_confidence": 0.497,
    "pagerank": {
      "raw": 3.9059417248672435e-07,
      "percentile": 0.901937719148877
    },
    "sha256": "cf31fa1229cf5718f07ffe3f00ebffeeef548f88bd776d2ce68fdcdc78258c74",
    "simhash": "1:204fecc14c77ca90",
    "word_count": 2777
  },
  "last_updated": "2024-02-27T22:26:22.305634+00:00",
  "provenance": {
    "date_added": "2019-08-29",
    "source": "Harvard",
    "batch": "2018"
  },
  "casebody": {
    "judges": [],
    "parties": [
      "Cox v. State."
    ],
    "opinions": [
      {
        "text": "Smith, J.\nAppellant was tried and convicted under the following indictment: \u201cThe grand jury of Faulkner County, in the name and by the authority of the State of Arkansas, accuse Jesse Cox of the crime of perjury, committed as follows, to-wit: The said Jesse Cox, in the county and State aforesaid, on the 31st day of October, 1923, personally .appeared before J. A. Hutto, county clerk of Faulkner County, Arkansas, who was then and there duly authorized by law to administer an oath and to issue marriage licenses, and he, the said Jesse Cox, did then and there make application to said J. A. Hutto, county clerk as aforesaid, for a marriage license for himself and one Oral Curtis, a female person under the age of eighteen years, and, in order to obtain said marriage license from the said J. A. Hutto, county clerk as aforesaid, he, the said Jesse Cox, did feloniously, falsely and corruptly testify and swear, under the sanction of his oath, before him, the said J. A. Hutto, county clerk as aforesaid, that the said Oral Curtis was then and there eighteen years of age, when in truth and in fact the said Oral Curtis was not then and there eighteen years of age, but was then and there, in truth and fact, under the age of fifteen years, which fact was then and there well known to him, the said Jesse Cox, and that the said false, felonious and corrupt statement was material in order for him, the said Jesse Cox, to obtain said marriage license as aforesaid, and, relying\u2019 upon said false, felonious and corrupt statement to be true, the said J. A. Hutto, county clerk as aforesaid, did issue to him, the said Jesse Cox, a marriage license for him, the said Jesse Cox, and the said Oral Curtis, and which said statement and affidavit made by the said Jesse Cox, as-aforesaid, was feloniously, wilfully and corruptly false, and the said Jesse Cox knew the same to be false at the time so made, against the peace and dignity of the State of Arkansas.\u201d\nThe testimony on the part of the State was to the following effect: Appellant, who was only twenty years old, but who had previously been married, applied, on October 31,1923, to the county clerk of Faulkner County for a license to marry Oral Curtis, a girl under the age of fifteen years. The clerk asked appellant the age of the girl, and appellant replied that she was eighteen years old. The clerk then asked appellant if he was \u201cputting one over on him,\u201d as was sometimes done, and appellant answered that he was not. The clerk then stated that, if appellant would make affidavit to that effect, it would put him (the clerk) \u201cin the clear,\u201d and he then tendered to appellant for his signature an affidavit which recited the girl\u2019s age to be eighteen. Appellant signed the affidavit, and the license was issued, although appellant was not otherwise sworn.\nAppellant testified that he merely told the clerk that the girl said she was eighteen years old, and that he was not required to make an affidavit, and did not know that he had signed one. He admitted that he signed his name to two papers, but did not know that either was am affidavit.\nOther testimony made it very clear that the girl was only fourteen years old when the license was issued.\nFor the reversal of the judgment, it is insisted that the indictment was defective in the following respects: (a) it failed to allege that the clerk was in doubt as to the correct age of one of the contracting parties; (b) it did not allege that the affidavit was in writing; (c) it was not alleged that the affidavit was one required or authorized by law. It is also insisted that the court erred in refusing to give instructions requested by appellant; that error was committed in permitting certain questions to be asked appellant on his cross-examination; and that the punishment assessed was excessive.\nBy \u00a7 7062, C. & M. Digest, it is provided that, if the clerk is in doubt as to the true age of the party applying for a marriage license, he may require an affidavit to be made on that subject, the same to be filed in his office for public inspection. This statute therefore furnished the authorization for the affidavit alleged to have been made.\nBy \u00a7 2590, C. & M. Digest, it is provided that, in indictments for perjury, it shall be sufficient to set forth the substance of the offense charged, and by what court or before whom the oath or affirmation was taken, averring that such court or officer had authority to administer the same, together with proper averments to falsify the matter wherein the perjury is assigned, without setting forth any part of the record, proceeding or process, either in law or in equity, or any commission or authority of the court or person before whom the perjury was committed, or the form of the oath or affirmation, or the manner of administering the same.\nSection 2588, C. & M. Digest, defines perjury as \u201cthe wilful and corrupt swearing, testifying or affirming falsely to any material matter in any cause, matter or proceeding before any court, tribunal, body corporate or other officer having by law authority to administer oaths.\u201d\nIt was not required therefore that reference be made to the statute pursuant to which the oath was administered. The indictment does allege that it was material for appellant to make this affidavit to obtain the license, and, having alleged that it was material that the affidavit be made to secure the license, it was not required that the facts which made it material be set out. State v. Roberts, 148 Ark. 328.\nWe do not think the failure to allege that the affidavit was in writing is a fatal defect. The indictment alleges that the affidavit made was material to secure the license, this necessarily being the affidavit required by \u00a7 7062, C. & M. Digest, copied above. Besides, an affidavit is defined to be \u201ca written declaration under oath, made without notice to the adverse party.\u201d Section 4196, C. & M. Digest.\nThe final objection to the indictment is that it does not allege that the affidavit was one which was required or authorized by law. The indictment does allege, however, that the clerk was authorized to administer the oath to secure the marriage license, and that, in order to obtain such license from the clerk, appellant did corruptly testify and swear, under the sanction of his oath, that Oral Curtis was eighteen years of age, and that it was material for appellant to so swear to obtain the license. We think these allegations, which were properly traversed, sufficient to charge perjury and to apprise' appellant of the charge he was called upon to answer.\nIt is true that the indictment charged that appellant did \u201ccorruptly testify and swear, under the sanction of his oath,\u201d without expressly alleging that he \u201cmade affidavit\u201d to the facts charged to have been falsely sworn, but, in traversing these facts alleged to have been falsely sworn, the indictment does allege that said statement and \u201caffidavit\u201d w\u00e1s false.\nAn indictment drawn in this manner was criticised in the case of Thomas v. State, 54 Ark. 584, and the sufficiency of the indictment was questioned, although the point was reserved, and the judgment of conviction was reversed on other grounds.\nIt would unquestionably have been better pleading to have conformed the indictment to the views expressed in the case of Thomas v. State, supra, but we do not think the defect is one which requires the reversal of the judgment. The indictment leaves no doubt that appellant was charged with having sworn falsely to obtain the marriage license and that the statement and affidavit made by him for that purpose was false, that the oath was made before an officer whose duty it was to administer the oath and to issue the license, that he made the oath in order to obtain the license, and that the statement that the girl was eighteen years old was material to obtain the license. So that, while it would have been better pleading to have observed the suggestion mad\u00e9 in Thomas v. State, supra, that the averment of the matter alleged to have been falsely sworn and the traverse thereof should strictly conform, we are nevertheless of the opinion that the allegations of the indictment met the requirements of \u00a7 2590, C. & M. Digest, quoted above.\nAppellant asked, and the court refused to give, an instruction No. 2, which would have told the jury, if given, that appellant could not be found guilty unless the clerk not only had appellant sign the affidavit but that the clerk must have read the affidavit to appellant, or appellant must have read it himself, and must have known what he was signing, and that the statements made in the affidavit were false, and 'known to be false by appellant at the time.\nNo error was committed in refusing to give this instruction. It was not requisite that all of the statements in the affidavit were false, but it sufficed if the statement as to Oral Curtis \u2019 age was false. Nor need it have been read by him or to him, if he knew that it contained the recital about which 'the clerk was inquiring, that is, that Oral Curtis was eighteen years old.\nMoreover, the court gave an instruction which told the jury that \u201cit is essential that the defendant signed this affidavit knowing the contents thereof. That is, that he signed the affidavit knowing that the affidavit represented that this girl was eighteen years old, based upon the information he furnished the clerk who prepared the affidavit, by this defendant himself and not somebody else. If he signed the affidavit knowing that the affidavit contained the age of the girl at eighteen, and she was not eighteen, and he knew that she was not eighteen, and knew that he was signing an affidavit representing her age at eighteen, then that would constitute perjury under the law. * *\u201d We think this instruction covered appellant\u2019s instruction No. 2 in so far as that instruction correctly declared the law.\n.Appellant asked that the court, read \u00a7 4175 and 4176, C. & M. Digest, to the jury, as instructions in the case. These sections deal with the manner of administering oaths, but they do not prescribe the only method of administering oaths. By \u00a7 4181, C. & M. Digest, it is provided that, \u201cin all cases in which an oath is required or authorized by law, the same may be taken in any of the forms in this act prescribed in the several cases hereinbefore specified, and every person swearing, affirming or declaring in any such form, or any form authorized by law, shall he deemed to have been lawfully sworn, and to be guilty of perjury for corruptly and falsely swearing, affirming or declaring in the same manner as if he had sworn by laying his hand on. the Gospels and kissing them. \u2019 \u2019\nSo here we think if appellant signed the affidavit for the purpose of swearing to it, knowing that the clerk regarded his act of signing the affidavit as a method of making affirmation, the jury was warranted in finding that appellant was sworn. Fortenheim v. Claflin, Allen & Co., 47 Ark. 53.\nAt \u00a7 8 of the chapter on Affidavits, in 1 R. C. L., p. 765, it is said: \u201cTo make a valid oath or affirmation there must be some overt act which shows that there was an intention to take an oath or affirmation on the one hand and an intention to administer it on the other; for, even though such intention actually did exist, if it was not manifested by an unambiguous act, perjury could not be based thereon. If the attention of the person making the affidavit is called to the fact that it must be sworn to, and, in recognition of this, he is asked to do some corporal act, and he does it, the instrument constitutes a statement under oath, irrespective of any other formalities.\u201d See also \u00a7 48 of the chapter on Affidavits in 2 C. J. 337, the notes to the texts cited. . ,\nAppellant was asked, on his cross-examination, if he had been previously tried and convicted of a crime, and he answered that he had never been in court before. This answer concluded the inquiry, and no prejudice could have resulted from the question and answer. However, the question was proper, even though a different answer had been given, as it is permissible to thus cross-examine a witness, even, though he is the defendant, for the purpose of testing his credibility as a witness.\nTt is finally insisted that the verdict is excessive. The punishment was fixed at six years, but, as the statute fixes the punishment for perjury at imprisonment in the penitentiary at a period of from one to fifteen years, we cannot say that the punishment was excessive, as it is the peculiar province of the jury to weigh the testimony, and we are not at liberty to reduce the punishment, even though we might think it too severe. Hall v. State, 113 Ark. 454.\nNo prejudicial error appears, so the judgment must be affirmed.",
        "type": "majority",
        "author": "Smith, J."
      }
    ],
    "attorneys": [
      "George F. Hartje, for appellant.",
      "J. 8. Utley, Attorney General, and John L. Carter, Assistant, for appellee."
    ],
    "corrections": "",
    "head_matter": "Cox v. State.\nOpinion delivered April 28, 1924.\n1. Perjury \u2014 indictment.\u2014An indictment for perjury need not refer to the statute pursuant to which the oath was administered.\n2. Perjury \u2014 indictment.\u2014An indictment for perjury in procuring a marriage license, alleging that it was material that an affidavit be made to secure the license, need not set out the facts making it material.\n3. Perjury \u2014 indictment\u2014An indictment for perjury in making an affidavit for a marriage license was not defective in failing to allege specifically that the affidavit was in writing, where it alleged that the affidavit was material to secure the license, being the affidavit required by Crawford & Moses\u2019 Dig., 7062, which contemplates a written declaration under oath, as provided by \u00a7 4106, Id.\n4 Perjury \u2014 indictment.\u2014An indictment for perjury in making a false affidavit to procure a marriage license is sufficient, though it does not specifically allege that the affidavit was required or authorized by law.\n5. Perjury \u2014 indictment.\u2014An indictment for perjury in making a false affidavit to procure a marriage license is not fatally defective in alleging that defendant \u201cdid feloniously, falsely and' corruptly testify and swear,\u201d etc., and that \u201csaid statement and affidavit\u201d was wilfully and corruptly false.\n6. Perjury \u2014 instruction..\u2014Where the State\u2019s contention was that defendant committed perjury in making a false affidavit as to the girl\u2019s age in applying for a marriage license, a requested instruction requiring the jury to find that \u201cthe statements\u201d made in the affidavit were false was properly refused, as it was not requisite that all the statements in the affidavit be false, but only the statement as to the girl\u2019s age.\n7. Perjury \u2014 knowledge op falsity. \u2014 For defendant to be guilty of perjury in making an affidavit for marriage license, it was not necessary that the affidavit should have been read to or by him if h'e knew that it contained the false recital as to the girl\u2019s age.\n8. Criminal law \u2014 instruction.\u2014On a prosecution for perjury in making an affidavit for marriage license by falsely stating the age of the girl, an instruction given by the court held to cover defendant\u2019s requested instruction as to his knowledge of such falsity.\n9. Perjury \u2014 method of swearing. \u2014 Where defendant signed an affidavit for the purpose of swearing to it, knowing that the clerk regarded his act of signing as a method of making affirma-tion, a finding that he was sworn is warranted.\n10. Criminal law \u2014 evidence\u2014harmless error. \u2014 Where defendant was asked on cross-examination whether he had ever been convicted of a crime, and answered that he had never been in court before, the inquiry, being concluded, was not prejudicial.\n11. Witnesses \u2014 impeachment.\u2014For the purpose of testing his credibility, defendant may he asked on cross-examination whether he had ever been convicted of crime.\n12. Criminal law \u2014 reduction of punishment. \u2014 As it is the jury\u2019s province to weigh the testimony, a punishment within the limit fixed by the Legislature will not be reduced as being excessive, even though the punishment seems excessive.\nAppeal from Faulkner Circuit Court; George W. Clarh, Judge;\naffirmed.\nGeorge F. Hartje, for appellant.\nJ. 8. Utley, Attorney General, and John L. Carter, Assistant, for appellee."
  },
  "file_name": "0126-01",
  "first_page_order": 148,
  "last_page_order": 155
}
