{
  "id": 1382226,
  "name": "Hudson v. State",
  "name_abbreviation": "Hudson v. State",
  "decision_date": "1924-05-26",
  "docket_number": "",
  "first_page": "395",
  "last_page": "397",
  "citations": [
    {
      "type": "official",
      "cite": "164 Ark. 395"
    }
  ],
  "court": {
    "name_abbreviation": "Ark.",
    "id": 8808,
    "name": "Arkansas Supreme Court"
  },
  "jurisdiction": {
    "id": 34,
    "name_long": "Arkansas",
    "name": "Ark."
  },
  "cites_to": [
    {
      "cite": "162 Ark. 340",
      "category": "reporters:state",
      "reporter": "Ark.",
      "case_ids": [
        1385514
      ],
      "opinion_index": 0,
      "case_paths": [
        "/ark/162/0340-01"
      ]
    }
  ],
  "analysis": {
    "cardinality": 268,
    "char_count": 4345,
    "ocr_confidence": 0.485,
    "pagerank": {
      "raw": 4.03580807328026e-08,
      "percentile": 0.051954959536250955
    },
    "sha256": "cd0b79e3f1971d049e23840e7683875dae4748b33eeed2f4570ef24e4e0405a0",
    "simhash": "1:3dcfd412c07f244b",
    "word_count": 751
  },
  "last_updated": "2024-02-27T22:26:22.305634+00:00",
  "provenance": {
    "date_added": "2019-08-29",
    "source": "Harvard",
    "batch": "2018"
  },
  "casebody": {
    "judges": [],
    "parties": [
      "Hudson v. State."
    ],
    "opinions": [
      {
        "text": "Hart, J.,\n(after stating the facts). The indictment was returned, under the provisions of \u00a7 2 of an act passed by the Legislature of 1921, making it an offense to set up or operate a distillery in the State of Arkansas. G-eneral Acts of 1921, p. 372.\nSection 2 provides, among other things, that no person shall keep in his possession any stillworm or still without registering the same with the proper United States officer.\nThe defendant was indicted for possessing a still and a stillworm. It is earnestly insisted by counsel for the defendant that the judgment should be reversed because the evidence is not legally sufficient to sustain the charge of possessing a still. It is insisted that the coal-oil can in which the copper coil was found could not be used as a retort for boiling the mash, and was therefore not a still within the meaning of the statute.\nConceding this to be true, the position of the defendant is not well taken. The court instructed the jury that it might find the defendant guilty, if he unlawfully kept in his possession a still or a stillworm at the time and place specified in the indictment, without having registered the same with the proper United States officer. The evidence for the State showed that the deputy sheriff found in the possession of the defendant at his home in Bandolph County, Arkansas,, within three years next before the finding of the indictment, a copper coil, and that this coil was such as was in general use among persons who were in the habit of being engaged in the unlawful manufacture of corn whiskey. One of the persons with the deputy sheriff stated that he had made many similar raids, and that the copper coil was like those in general use as a stillworm in that part of the country for making corn whiskey.\nThis testimony was legally sufficient upon which to base a verdict of guilty upon the charge of unlawfully keeping a stillworm. Rosslot v. State, 162 Ark. 340, and eases cited. In that case and the cases cited in it it was held that the wffrd \u201cstillworm\u201d applies to the tube or coil used for condensation of the vapor which is passed through it from boiling mash for the purpose of being distilled into whiskey.\nIt was further held that, in a prosecution for the unlawful possession of a stillworm, the burden is on the defendant to show that the stillworm found in his possession was registered as required by the statute.\nTherefore the evidence was legally sufficient to support the verdict, and the judgment will be affirmed.",
        "type": "majority",
        "author": "Hart, J.,"
      }
    ],
    "attorneys": [
      "Schoonover & Jackson, for appellant.",
      "J. S. TJtley, Attorney G-eneral, John L. Carter, Wm. T. Hammock, Barden Moose and J. S. Abercrombie, Assistants, for appellee."
    ],
    "corrections": "",
    "head_matter": "Hudson v. State.\nOpinion delivered May 26, 1924.\nIntoxicating liquors \u2014 possession of unregistered stillworm.\u2014 An indictment for possessing an unregistered stillworm is sustained by proof of possessing a copper coil such as is used in stills; the burden being on the defendant to show that the still-worm was registered.\nAppeal from Randolph Circuit Court; J ohn C. Ashley, Judge;\naffirmed.\nSTATEMENT OF FACTS.\nAlonzo Hudson was indicted for keeping in his possession a certain still and stillworm without registering the same with the proper United States officer.\nAccording to the evidence for the State, a deputy sheriff with three other persons went to the home of Alonzo Hudson, in Randolph County, Arkansas, to search his premises for a still and stillworm which they had been informed he had in his possession. While searching the premises they found a coal-oil can with a copper coil in it. The coal-oil can had two holes in it, into which the pipes of the copper coil would fit. The copper coil was such as was usually used in making corn whiskey. The deputy sheriff also found a two and a-half gallon jug of corn whiskey, four quart fruit jars of corn whiskey, and two half-gallon fruit jars of corn whiskey. He also found two fifty-gallon barrels of mash, which consisted of corn-chops and shorts, and which was in such a state that, in his judgment, corn whiskey could be made from it. The three men with the deputy sheriff corroborated his testimony.\nThe jury returned a verdict of guilty, and fixed the punishment of the defendant at one year in the State Penitentiary. Prom the judgment of conviction the defendant has duly prosecuted an appeal to this court.\nSchoonover & Jackson, for appellant.\nJ. S. TJtley, Attorney G-eneral, John L. Carter, Wm. T. Hammock, Barden Moose and J. S. Abercrombie, Assistants, for appellee."
  },
  "file_name": "0395-01",
  "first_page_order": 417,
  "last_page_order": 419
}
