{
  "id": 1382204,
  "name": "Stout v. State",
  "name_abbreviation": "Stout v. State",
  "decision_date": "1924-06-02",
  "docket_number": "",
  "first_page": "553",
  "last_page": "556",
  "citations": [
    {
      "type": "official",
      "cite": "164 Ark. 553"
    }
  ],
  "court": {
    "name_abbreviation": "Ark.",
    "id": 8808,
    "name": "Arkansas Supreme Court"
  },
  "jurisdiction": {
    "id": 34,
    "name_long": "Arkansas",
    "name": "Ark."
  },
  "cites_to": [
    {
      "cite": "155 Ark. 500",
      "category": "reporters:state",
      "reporter": "Ark.",
      "case_ids": [
        1360525
      ],
      "opinion_index": 0,
      "case_paths": [
        "/ark/155/0500-01"
      ]
    },
    {
      "cite": "120 Ark. 148",
      "category": "reporters:state",
      "reporter": "Ark.",
      "case_ids": [
        1561083
      ],
      "opinion_index": 0,
      "case_paths": [
        "/ark/120/0148-01"
      ]
    }
  ],
  "analysis": {
    "cardinality": 332,
    "char_count": 6432,
    "ocr_confidence": 0.488,
    "pagerank": {
      "raw": 5.415691212899052e-08,
      "percentile": 0.34161084294875876
    },
    "sha256": "28ac2eac90c39351cc338e02580d7428420b02b0f80954fbe8d0eb5f66a6871a",
    "simhash": "1:aa1928d2301f0498",
    "word_count": 1092
  },
  "last_updated": "2024-02-27T22:26:22.305634+00:00",
  "provenance": {
    "date_added": "2019-08-29",
    "source": "Harvard",
    "batch": "2018"
  },
  "casebody": {
    "judges": [],
    "parties": [
      "Stout v. State."
    ],
    "opinions": [
      {
        "text": "Smith, J.\nAppellant was convicted of possessing\u2019 a still, and lias appealed. The testimony on the part of the State was to the effect that some officers raided an old unoccupied house about eleven o\u2019clock one night, and there arrested appellants, Walter Richards and Walter Rudd. Two other men who were in the house at the time of the raid escaped. The officers found a primitive still in operation in one room, and in another room they found a sixty-gallon barrel of mash about two-thirds full. There was a fire in the stove for the purpose of boiling the mash, and the room smelled of whiskey.\nRichards testified that he and appellant owned the still, and they had set it up to try to make some whiskey. They found the mash was not ready to run, so they poured a tubful of it back into the barrel out of which they had poured the portion they attempted to use, and sat down and commenced playing cards, and were so engaged when they were raided. Richards testified that the other men, except appellant, were mere visitors. He also testified that some coal oil was needed to make a light, and that he waited at one Blankenship\u2019s house until appellant went to a Mr. Field\u2019s house and procured the oil, and, after getting the oil, appellant joined him at Blankenship\u2019s house, and they went together to the house where the still was found.\nAppellant admitted that he was in the house at the time of the raid, but explained his presence there by saying that he had been to Mr. Field\u2019s house to borrow some oil, and, on his return, saw a light in the old house, and just went by to see what the light meant, and, upon entering, he was invited to play cards, and had been so engaged for about two or two and one-half hours when the officers came and made the arrests.\n' It is insisted for the reversal of the judgment that the court erred in giving an instruction numbered 2 on the subject of the sufficiency of testimony to corroborate an accomplice, and in refusing to give an instruction numbered 2 requested by appellant on that subject.\nThe instruction given reads as follows: \u201cNow, gentlemen, I instruct you that the defendant could not be convicted on the uncorroborated testimony of the witness Richards, from the fact that the law makes him what is known as an accomplice, and the defendant could not be convicted on the uncorroborated testimony of the witness Richards. Before you would be authorized to find him guilty upon any of the testimony of Richards, there should be some other circumstances in corroboration, not necessarily another witness to testify, but the evidence of some state of facts, which you may consider as a corroboration; it must be such a corroboration as the circumstances or facts, outside of the testimony of this witness, Richards, shall tend to establish the offense charged; and if, from the testimony of Richards, together with these circumstances, if you find any such circumstances that tend to establish the guilt of the defendant, and his evidence, together with this corroboration, if you find there was such corroboration that convinces your mind, beyond a reasonable doubt, of his guilt, you would be authorized to find him guilty. \u2019 \u2019\nThe instruction refused reads as follows: \u201cIt is not enough corroboration by the circumstances to show that an offense was committed, but the corroboration must be such as to establish the commission of the offense by the defendant.\u201d\nWe think the instruction given is a fuller and more correct declaration of the law than the one refused.\nThe statute to which the court referred requires that the corroboration of an accomplice must tend to connect the defendant with the commission of the offense, and that it is not sufficient if the corroboration merely shows that the offense was committed and the circumstances thereof. Section 3181, C. & M. Digest; Earnest v. State, 120 Ark. 148; Cheek v. State, 155 Ark. 500.\nThe instruction given told the jury there must be facts and circumstances outside of the testimony of Richards which tended to establish the guilt of the defendant, and this is all the law requires, whereas the instruction requested by appellant declared the law to be that \u201cthe corroboration must be such as to establish the commission of the offense by the appellant.\u201d\nThis instruction would have required the jury to find that the corroboration itself must be such as to establish the commission of the offense by the defendant, which is not the law. If it were, the testimony of an accomplice would be of little value, as a conviction could not be had unless the corroborating testimony was itself sufficient to establish guilt.\nAs was said in the Earnest case, supra, the corroborating testimony must be of a substantial character \u2014 having probative value \u2014 which tends to show the guilt of the accused, and, if there is such corroboration, the requirement of the law is met.\nDoes the testimony here meet that requirement? We think that it does amply. Richards\u2019 testimony that appellant went for the oil is corroborated1 by appellant himself, although he assigned a different purpose for its use, but there was a light for which some one had furnished oil. Appellant was present, watching the processes then going on, and he admitted that he had been there for more than two hours, during all of which time appellant and Richards were beguiling their watchful waiting with a game of cards, made possible by the oil which some one had furnished.\nWe think this is substantial testimony which tends to connect appellant with the-crime charged, and, as no error appears, the judgment is affirmed.",
        "type": "majority",
        "author": "Smith, J."
      }
    ],
    "attorneys": [
      "Gustave Jones, for appellant.",
      "J. S. Utley, Attorney General, and John L. Carter, Assistant, for appellee."
    ],
    "corrections": "",
    "head_matter": "Stout v. State.\nOpinion delivered June 2, 1924.\n1. Criminal law \u2014 corroboration of accomplice. \u2014 Under Crawford & Moses\u2019 Dig-., \u00a7 3181, requiring the testimony of an accomplice to be \u201ccorroborated by other evidence tending to connect the defendant with the commission of the offense,\u201d it was not error to refuse to instruct the jury that \u201cthe corroboration must be such as to establish the commission of the offense by the defendant,\u201d as it is not required that the corroborating evidence be sufficient of itself to establish guilt.\n2. Criminal law \u2014 sufficiency of corroboration of accomplice. \u2014Evidence held to be a sufficient corroboration of an accomplice.\nAppeal from Jackson Circuit Court; Dene H. Coleman, Judge;\n-affirmed.\nGustave Jones, for appellant.\nJ. S. Utley, Attorney General, and John L. Carter, Assistant, for appellee."
  },
  "file_name": "0553-01",
  "first_page_order": 575,
  "last_page_order": 578
}
