{
  "id": 8724122,
  "name": "Black v. Tompkins",
  "name_abbreviation": "Black v. Tompkins",
  "decision_date": "1897-02-27",
  "docket_number": "",
  "first_page": "502",
  "last_page": "504",
  "citations": [
    {
      "type": "official",
      "cite": "63 Ark. 502"
    }
  ],
  "court": {
    "name_abbreviation": "Ark.",
    "id": 8808,
    "name": "Arkansas Supreme Court"
  },
  "jurisdiction": {
    "id": 34,
    "name_long": "Arkansas",
    "name": "Ark."
  },
  "cites_to": [
    {
      "cite": "54 Ark. 56",
      "category": "reporters:state",
      "reporter": "Ark.",
      "opinion_index": -1
    },
    {
      "cite": "69 Ala. 419",
      "category": "reporters:state",
      "reporter": "Ala.",
      "opinion_index": -1
    },
    {
      "cite": "81 Tex. 369",
      "category": "reporters:state",
      "reporter": "Tex.",
      "case_ids": [
        2215456
      ],
      "opinion_index": -1,
      "case_paths": [
        "/tex/81/0369-01"
      ]
    },
    {
      "cite": "25 Ohio St. 208",
      "category": "reporters:state",
      "reporter": "Ohio St.",
      "case_ids": [
        44987
      ],
      "opinion_index": -1,
      "case_paths": [
        "/ohio-st/25/0208-01"
      ]
    },
    {
      "cite": "64 Md. 338",
      "category": "reporters:state",
      "reporter": "Md.",
      "case_ids": [
        1806083
      ],
      "opinion_index": -1,
      "case_paths": [
        "/md/64/0338-01"
      ]
    },
    {
      "cite": "41 Md. 418",
      "category": "reporters:state",
      "reporter": "Md.",
      "opinion_index": -1
    },
    {
      "cite": "14 Lea, 677",
      "category": "reporters:state",
      "reporter": "Lea.",
      "opinion_index": -1
    },
    {
      "cite": "2 Coldw. 418",
      "category": "reporters:state",
      "reporter": "Cold.",
      "case_ids": [
        11266564
      ],
      "opinion_index": -1,
      "case_paths": [
        "/tenn/42/0418-01"
      ]
    },
    {
      "cite": "15 S. C. 462",
      "category": "reporters:state",
      "reporter": "S.C.",
      "case_ids": [
        8716577
      ],
      "opinion_index": -1,
      "case_paths": [
        "/sc/15/0462-01"
      ]
    },
    {
      "cite": "12 Rich. Eq. 124",
      "category": "reporters:state",
      "reporter": "Rich. Eq.",
      "opinion_index": -1
    },
    {
      "cite": "48 Iowa, 390",
      "category": "reporters:state",
      "reporter": "Iowa",
      "weight": 2,
      "pin_cites": [
        {
          "page": "424"
        }
      ],
      "opinion_index": -1
    },
    {
      "cite": "24 Conn. 153",
      "category": "reporters:state",
      "reporter": "Conn.",
      "opinion_index": -1
    },
    {
      "cite": "75 N. C. 292",
      "category": "reporters:state",
      "reporter": "N.C.",
      "case_ids": [
        8693870
      ],
      "opinion_index": -1,
      "case_paths": [
        "/nc/75/0292-01"
      ]
    },
    {
      "cite": "7 Neb. 173",
      "category": "reporters:state",
      "reporter": "Neb.",
      "case_ids": [
        5380304
      ],
      "opinion_index": -1,
      "case_paths": [
        "/neb/7/0173-01"
      ]
    },
    {
      "cite": "35 Pa. 470",
      "category": "reporters:state",
      "reporter": "Pa.",
      "case_ids": [
        990435
      ],
      "opinion_index": -1,
      "case_paths": [
        "/pa/35/0470-01"
      ]
    },
    {
      "cite": "56 Ark. 320",
      "category": "reporters:state",
      "reporter": "Ark.",
      "case_ids": [
        1326151
      ],
      "opinion_index": -1,
      "case_paths": [
        "/ark/56/0320-01"
      ]
    },
    {
      "cite": "62 Ark. 572",
      "category": "reporters:state",
      "reporter": "Ark.",
      "case_ids": [
        1905686
      ],
      "opinion_index": 0,
      "case_paths": [
        "/ark/62/0572-01"
      ]
    },
    {
      "cite": "56 Ark. 335",
      "category": "reporters:state",
      "reporter": "Ark.",
      "case_ids": [
        1326076
      ],
      "opinion_index": 0,
      "case_paths": [
        "/ark/56/0335-01"
      ]
    }
  ],
  "analysis": {
    "cardinality": 269,
    "char_count": 3054,
    "ocr_confidence": 0.579,
    "pagerank": {
      "raw": 1.1485508648061119e-07,
      "percentile": 0.5808077999914281
    },
    "sha256": "a0277c30b8e6e4b791a25cce4215a39f96b0d0ccf02e4178b64c229814286336",
    "simhash": "1:8cb95c0445cf641b",
    "word_count": 553
  },
  "last_updated": "2024-02-27T21:10:35.851199+00:00",
  "provenance": {
    "date_added": "2019-08-29",
    "source": "Harvard",
    "batch": "2018"
  },
  "casebody": {
    "judges": [],
    "parties": [
      "Black v. Tompkins."
    ],
    "opinions": [
      {
        "text": "Per Curiam.\nThe question of law involved in this action was decided in Reeve v. Ladies' Building Association, 56 Ark. 335, and Taylor v. Van Buren Building Association, ib. 340. According to the opinion in those cases, there was and is no usury in the contracts sued on.\nThe decree of the chancery court is therefore reversed, and the cause is remanded, with instructions to the court to foreclose the mortgage sued on; ascertaining the amount due thereon according to the rule stated in Roberts v. American Building & Loan Association, 62 Ark. 572.",
        "type": "majority",
        "author": "Per Curiam."
      }
    ],
    "attorneys": [
      "Geo. Gillham for appellant.",
      "Z. T. Wood for appellee."
    ],
    "corrections": "",
    "head_matter": "Black v. Tompkins.\nOpinion delivered February 27, 1897.\nUsury \u2014 Building Association Loan. \u2014 A.n agreement by a borrowing member of a building and loan association to pay monthly instal-ments as dues on his stock, and also to pay legal interest on the amount of the loan in monthly instalments, until the stock shall attain to par .value, is not usurious.\nAppeal from Drew Chancery Court.\nJames ff. Robinson, Chancellor.\nSTATEMENT BY THE COURT.\nThis is a suit in equity to foreclose a mortgage given to secure a loan made by a building association. H. P. Tompkins was the owner of ten shares of stock in \u201cThe American Building, Loan & Tontine Savings Association,\u201d of the par value of $100 per share. He borrowed from said association the sum of $500 on his ten shares of stock'; transferred the stock to the association, and promised to continue to pay to said association, as he had been doing, $6 per month from and after the date of said loan as assessments or dues on said stock; and also to pay to said association interest on said $500 at the rate of 6 per cent, per annum in monthly instal-ments until paid stock should attain to full or par value. To secure the payment of said dues and interest, he and his wife, Rilen Tompkins, conveyed to plaintiff, R. J. Black, as trustee of said association, certain real estate situated in the town of Monticello, Ark. Tompkins afterwards died, and default was made in the payment of said dues and interest. This suit was brought to foreclose said trust deed.\nThe defendants set up the plea of usury. The evidence showed that Tompkins borrowed the money from the association to pay off a\u201d mortgage upon his homestead. The chancellor found that a greater rate of interest than 10 per cent, was contracted for, and that the deed- was void for usury. A decree was thereupon entered cancelling the trust deed.\nGeo. Gillham for appellant.\nZ. T. Wood for appellee.\nAppellant\u2019s association was not a bona fide building association; usurious interest was exacted; and the taking stock, etc., was a mere device or shift to cover usury. 56 Ark. 320; 55 id. 270; 47 id. 287. Authorities and precedents for the decree in this case are not lacking. 35 Pa. 470; 84 id. 212; 7 Neb. 173; 75 N. C. 292; 77 id. 145; 24 Conn. 153; 48 Iowa, 390; 55 id. 424; 12 Rich. Eq. 124; 15 S. C. 462; 2 Coldw. 418; 14 Lea, 677; 41 Md. 418; 1 Cent. Rep. 486; 64 Md. 338; 51 id. 201; 61 id. 600; 68 id. 52: 25 Ohio St. 208; 29 id. 92; 81 Tex. 369; 19 W. Ya. 684; 69 Ala. 419; 54 Ark. 56."
  },
  "file_name": "0502-01",
  "first_page_order": 520,
  "last_page_order": 522
}
