{
  "id": 1527121,
  "name": "St. Louis, Iron Mountain & Southern Railway Company v. Chappell",
  "name_abbreviation": "St. Louis, Iron Mountain & Southern Railway Co. v. Chappell",
  "decision_date": "1907-05-20",
  "docket_number": "",
  "first_page": "94",
  "last_page": "97",
  "citations": [
    {
      "type": "official",
      "cite": "83 Ark. 94"
    }
  ],
  "court": {
    "name_abbreviation": "Ark.",
    "id": 8808,
    "name": "Arkansas Supreme Court"
  },
  "jurisdiction": {
    "id": 34,
    "name_long": "Arkansas",
    "name": "Ark."
  },
  "cites_to": [
    {
      "cite": "67 Ark. 389",
      "category": "reporters:state",
      "reporter": "Ark.",
      "case_ids": [
        1152599
      ],
      "opinion_index": -1,
      "case_paths": [
        "/ark/67/0389-01"
      ]
    },
    {
      "cite": "21 Ore. 121",
      "category": "reporters:state",
      "reporter": "Or.",
      "case_ids": [
        8660906
      ],
      "opinion_index": -1,
      "case_paths": [
        "/or/21/0121-01"
      ]
    },
    {
      "cite": "14 S. W. 873",
      "category": "reporters:state_regional",
      "reporter": "S.W.",
      "opinion_index": -1
    },
    {
      "cite": "23 N. W. 123",
      "category": "reporters:state_regional",
      "reporter": "N.W.",
      "opinion_index": -1
    },
    {
      "cite": "83 S. W. 182",
      "category": "reporters:state_regional",
      "reporter": "S.W.",
      "opinion_index": -1
    },
    {
      "cite": "49 Ga. 355",
      "category": "reporters:state",
      "reporter": "Ga.",
      "case_ids": [
        1301764
      ],
      "opinion_index": -1,
      "case_paths": [
        "/ga/49/0355-01"
      ]
    },
    {
      "cite": "4 Cush. 400",
      "category": "reporters:state",
      "reporter": "Cush.",
      "case_ids": [
        1986139
      ],
      "opinion_index": -1,
      "case_paths": [
        "/mass/58/0400-01"
      ]
    },
    {
      "cite": "26 Vt. 717",
      "category": "reporters:state",
      "reporter": "Vt.",
      "case_ids": [
        4429525
      ],
      "opinion_index": -1,
      "case_paths": [
        "/vt/26/0717-01"
      ]
    },
    {
      "cite": "5 Wall. 104",
      "category": "reporters:scotus_early",
      "reporter": "Wall.",
      "opinion_index": -1
    },
    {
      "cite": "59 Kan. 629",
      "category": "reporters:state",
      "reporter": "Kan.",
      "case_ids": [
        1151782
      ],
      "opinion_index": -1,
      "case_paths": [
        "/kan/59/0629-01"
      ]
    },
    {
      "cite": "97 Fed. 239",
      "category": "reporters:federal",
      "reporter": "F.",
      "case_ids": [
        3833466
      ],
      "opinion_index": -1,
      "case_paths": [
        "/f/97/0239-01"
      ]
    },
    {
      "cite": "68 Ark. 171",
      "category": "reporters:state",
      "reporter": "Ark.",
      "case_ids": [
        1334067
      ],
      "weight": 2,
      "opinion_index": -1,
      "case_paths": [
        "/ark/68/0171-01"
      ]
    },
    {
      "cite": "68 Ark. 171",
      "category": "reporters:state",
      "reporter": "Ark.",
      "case_ids": [
        1334067
      ],
      "opinion_index": 0,
      "case_paths": [
        "/ark/68/0171-01"
      ]
    }
  ],
  "analysis": {
    "cardinality": 423,
    "char_count": 8287,
    "ocr_confidence": 0.683,
    "pagerank": {
      "raw": 1.9492675396800814e-07,
      "percentile": 0.7365220906701511
    },
    "sha256": "b538fe7eb149d7d924520541fbad1bed0794019e3a6de6d977842caaa21f2493",
    "simhash": "1:902c81b0b9b94635",
    "word_count": 1463
  },
  "last_updated": "2024-02-27T17:39:37.836241+00:00",
  "provenance": {
    "date_added": "2019-08-29",
    "source": "Harvard",
    "batch": "2018"
  },
  "casebody": {
    "judges": [],
    "parties": [
      "St. Louis, Iron Mountain & Southern Railway Company v. Chappell."
    ],
    "opinions": [
      {
        "text": "Hire, C. J.\nAppellees owned sixty-five tons of hay, which were stored in a warehouse near the track of appellant railroad in the town of Prescott. It was destroyed by fire, and they sued the appellant railroad company. Their allegation as to negligence was .as follows:\n\u201cThat said fire was caused by large sparks and burning cinders which were negligently and carelessly permitted to escape from the engine which was run or permitted to be run by the defendant on its track and in front of and near said warehouse, where said hay was stored.\u201d\nThe evidence satisfied the trial court that .there was nothing to go to the jury as to the fire being caused by an engine of the appellant railroad; but there was sufficient evidence to go to the jury that the fire was caused by an engine run on appellant\u2019s track which was owned by a log road, which was permitted to use the Iron Mountain track, and the case went to the jury on that theory. This engine was .called the Hardwood engine. It was shown that it had been running on the track of appellant company for nearly a year before the fire, and that it was on the track at the point where the fire occurred several times each day, and that it went on the Iron Mountain track with the permission and under the orders from .train dispatchers of the Iron Mountain Company. And that at the time in question the Hardwood engine went upon the track of the Iron Mountain where the fire occurred a short time before it occurred under orders of the chief dispatcher at Little Rock. This engine was not equipped with a spark arrester, and at the time under inquiry was emitting large sparks. The evidence was sufficient to justify a verdict that the fire was caused by the negligent operation of this engine.\nThe only question presented is whether the Iron Mountain was responsible for the fire caused by the negligence of the Hardwood engine while upon the Iron Mountain Company tracks under orders and permission from it.\nThere was no evidence of any lease of the Iron Mountain tracks to the log .road.\nJudge Noyes in his recent work on Intercorporate Relations says: \u201cUpon the principle that a corporation owing duties to the public can not shift the responsibility for their performance without the consent of the State, a railroad company, permitting another' company to use its tracks, remains liable for injuries to third persons \u2014 .passengers, travellers at crossings and others \u2014 caused by the negligence of employees of the latter company in running its trains, to the same extent as if they were its employees upon its own trains. The negligence of the licensee company 'is the negligence of the proprietary company.\u201d Noyes on Intercorporate Relations, 261. Mr. Elliott lays down the same principle as sustained by the weight of authorities. 2 Elliott on Railroads, \u00a7 477.\nAppellee\u2019s counsel cite the court to many cases where the principles above quoted have been applied by different courts, which may be found in the briefs. The argument is made under the Constitution and statutes as construed in Little Rock & Ft. Smith Ry. Co. v. Daniels, 68 Ark. 171, that the Iron Mountain Company would not be responsible, and that the only liability against it would be against the corpus of the property, and in an action to enforce such liability the company causing the injury, as well as the company owning the'property, would have to be jointly sued. The Daniels case establishes the doctrine in this State that a railroad company may escape personal liability for injuries caused by negligence by leasing its property and putting the lessee company in possession and control of it, and then the lessee company is personally liable for these injuries. And, in addition to that liability, the corpus of the lessor company, by virtue of the Constitution and statutes, is also liable, and in an action to enforce liability against the lessor company\u2019s property both corporations must be sued, as both have an interest in the road liable to be affected by the sale of it, and both should be made parties for the purpose of giving them an opportunity to protect the same if they can.\nThere is no lease shown 'here, and no delivery of possession and control of the Iron Mountain road, or any part of it, to the log road owning the Hardwood engine, and hence the Daniels case does not control.\nMr. Elliott states the proposition presented here as follows: \u201cIt is held by the Supreme Court of the United States that a railroad company which permits another to make a joint use of its track is liable to a person injured by the negligence of the company to which the permission is granted [this case was Railroad Company v. Barrow, 5 Wallace, 90]. In the case to which we refer, the question of the effect of an authorized lease was not considered, and, as we believe, there was no such question in the case. The case of a joint use by two companies is essentially different from a case where the lessor company by an authorized lease parts with possession and control of the road.\u201d 2 Elliott on Railroads, \u00a7 477. The author then contends that where there has been a lease under the law, and the control and possession of the railroad is turned over to the lessee company, the lessor company should be relieved of liability. This is in conformity to the doctrine of the Daniels case; but, as therein shown, owing to the Constitution and statutes of this State, there is an added liability upon the physical property of the lessor company. In this case it was unnecessary to sue the log road jointly with the Iron Mountain.\nThe only other question is the sufficiency of the evidence as to the permission of the Iron Mountain company to the log road company owning the Hardwood engine to the use of its tracks. This issue was properly sent to the jury, and the evidence is ample to sustain the finding of the jury that the tracks were used with the permission of the Iron Mountain company.\nJudgment is affirmed.",
        "type": "majority",
        "author": "Hire, C. J."
      }
    ],
    "attorneys": [
      "Tom M. Mehaffy and J. B. Williams, for appellant.",
      "McRae & Tompkins and Ashley Cockrill, for appellees."
    ],
    "corrections": "",
    "head_matter": "St. Louis, Iron Mountain & Southern Railway Company v. Chappell.\nOpinion delivered May 20, 1907.\nRailroad \u2014 joint use oe roadbed \u2014 liability.\u2014A railroad company which permits another company to use its tracks .remains liable for injuries to third persons caused by the negligence of employees of the licensee company, to the same extent as if they were its employees upon its own trains, and may be sued therefor without joining the licensee company.\nAppeal from Nevada'Circuit Court; Joel D. Conway, Judge;\naffirmed.\nAction by Chappell & Billingsley against the St. Louis, ' Iron Mountain & Southern Railway Company. Plaintiffs recovered judgment, and defendant has appealed.\nTom M. Mehaffy and J. B. Williams, for appellant.\n1. There is no primary liability on the part of appellant. If the lumber company had the right to use appellant\u2019s switch track, such use amounted to no more than a license or leasehold interest. Both parties should have been made defendants. 68 Ark. 171.\n2. The testimony is not legally sufficient to show knowledge or consent on the part of appellant to the use of its sidetracks by the Hardwood engine.\nMcRae & Tompkins and Ashley Cockrill, for appellees.\n. 1. The Daniels case, 68 Ark. 171, cited by appellant, is against the weight of authority. 23 Am. & Eng. Enc. of L. (2 Ed.) 784, 785. But that case is not applicable here, because, (1) no lease of any kind is shown; (2) the use of appellant\u2019s tracks was not under any legislative authority. 23 Am. & Eng. Enc. of L. (2 Ed.) 776 et seq. (3) It is not shown that any lease was made to a company having authority to accept it. (4) The possession and control of the leased property was not exclusive in the lease. (5) The log road had no interest whatever in the road liable to be affected by the sale of the road.\n2. This is a question, not of lessor and lessee, but of licensor and licensee; and since the negligence of the licensee company is the negligence of the proprietary company, appellant in this case is liable for the fire set out by the Hardwood engine running on its track by its permission. Noyes on Inter-Corp. Rel. \u00a7 261; Elliott, Railroads, \u00a7 477; 97 Fed. 239; 59 Kan. 629; 5 Wall. 104; 22 111. 105; 20 111. 623; 20 111. 385; id. 623; 26 Vt. 717; 4 Cush. 400; 49 Ga. 355; 83 S. W. 182; 23 N. W. 123; 14 S. W. 873; 21 Ore. 121; 67 Ark. 389."
  },
  "file_name": "0094-01",
  "first_page_order": 114,
  "last_page_order": 117
}
