{
  "id": 1527105,
  "name": "Sturdivant v. McCorley",
  "name_abbreviation": "Sturdivant v. McCorley",
  "decision_date": "1907-06-10",
  "docket_number": "",
  "first_page": "278",
  "last_page": "283",
  "citations": [
    {
      "type": "official",
      "cite": "83 Ark. 278"
    }
  ],
  "court": {
    "name_abbreviation": "Ark.",
    "id": 8808,
    "name": "Arkansas Supreme Court"
  },
  "jurisdiction": {
    "id": 34,
    "name_long": "Arkansas",
    "name": "Ark."
  },
  "cites_to": [
    {
      "cite": "8 Ark. 429",
      "category": "reporters:state",
      "reporter": "Ark.",
      "case_ids": [
        8727590
      ],
      "opinion_index": -1,
      "case_paths": [
        "/ark/8/0429-01"
      ]
    },
    {
      "cite": "34 Ark. 312",
      "category": "reporters:state",
      "reporter": "Ark.",
      "case_ids": [
        1875622
      ],
      "opinion_index": -1,
      "case_paths": [
        "/ark/34/0312-01"
      ]
    },
    {
      "cite": "52 Ark. 502",
      "category": "reporters:state",
      "reporter": "Ark.",
      "case_ids": [
        1913456
      ],
      "opinion_index": -1,
      "case_paths": [
        "/ark/52/0502-01"
      ]
    },
    {
      "cite": "81 N. W. 581",
      "category": "reporters:state_regional",
      "reporter": "N.W.",
      "opinion_index": -1
    },
    {
      "cite": "122 Mich. 613",
      "category": "reporters:state",
      "reporter": "Mich.",
      "case_ids": [
        1549272
      ],
      "opinion_index": -1,
      "case_paths": [
        "/mich/122/0613-01"
      ]
    },
    {
      "cite": "19 Ark. 319",
      "category": "reporters:state",
      "reporter": "Ark.",
      "case_ids": [
        8726420
      ],
      "opinion_index": -1,
      "case_paths": [
        "/ark/19/0319-01"
      ]
    },
    {
      "cite": "100 Mo. 309",
      "category": "reporters:state",
      "reporter": "Mo.",
      "case_ids": [
        563151
      ],
      "opinion_index": -1,
      "case_paths": [
        "/mo/100/0309-01"
      ]
    },
    {
      "cite": "102 Mo. 291",
      "category": "reporters:state",
      "reporter": "Mo.",
      "case_ids": [
        564368
      ],
      "opinion_index": -1,
      "case_paths": [
        "/mo/102/0291-01"
      ]
    },
    {
      "cite": "71 Ark. 165",
      "category": "reporters:state",
      "reporter": "Ark.",
      "opinion_index": -1
    },
    {
      "cite": "41 Ark. 525",
      "category": "reporters:state",
      "reporter": "Ark.",
      "opinion_index": -1
    },
    {
      "cite": "49 Pac. 551",
      "category": "reporters:state_regional",
      "reporter": "P.",
      "opinion_index": -1
    },
    {
      "cite": "40 Ark. 146",
      "category": "reporters:state",
      "reporter": "Ark.",
      "case_ids": [
        1897155
      ],
      "opinion_index": -1,
      "case_paths": [
        "/ark/40/0146-01"
      ]
    },
    {
      "cite": "19 Ark. 278",
      "category": "reporters:state",
      "reporter": "Ark.",
      "case_ids": [
        8726252
      ],
      "opinion_index": -1,
      "case_paths": [
        "/ark/19/0278-01"
      ]
    },
    {
      "cite": "26 Ark. 540",
      "category": "reporters:state",
      "reporter": "Ark.",
      "case_ids": [
        8727369
      ],
      "opinion_index": -1,
      "case_paths": [
        "/ark/26/0540-01"
      ]
    },
    {
      "cite": "120 U. S. 534",
      "category": "reporters:federal",
      "reporter": "U.S.",
      "case_ids": [
        3468268
      ],
      "opinion_index": -1,
      "case_paths": [
        "/us/120/0534-01"
      ]
    },
    {
      "cite": "81 Ark. 279",
      "category": "reporters:state",
      "reporter": "Ark.",
      "case_ids": [
        1530658
      ],
      "weight": 2,
      "opinion_index": -1,
      "case_paths": [
        "/ark/81/0279-01"
      ]
    },
    {
      "cite": "93 S. W. 978",
      "category": "reporters:state_regional",
      "reporter": "S.W.",
      "opinion_index": -1
    },
    {
      "cite": "04 Ark. 26",
      "category": "reporters:state",
      "reporter": "Ark.",
      "opinion_index": -1
    },
    {
      "cite": "53 Ark. 96",
      "category": "reporters:state",
      "reporter": "Ark.",
      "case_ids": [
        1911674
      ],
      "opinion_index": -1,
      "case_paths": [
        "/ark/53/0096-01"
      ]
    },
    {
      "cite": "27 Ark. 343",
      "category": "reporters:state",
      "reporter": "Ark.",
      "case_ids": [
        1885666
      ],
      "opinion_index": -1,
      "case_paths": [
        "/ark/27/0343-01"
      ]
    },
    {
      "cite": "21 Ark. 379",
      "category": "reporters:state",
      "reporter": "Ark.",
      "case_ids": [
        1868266
      ],
      "opinion_index": -1,
      "case_paths": [
        "/ark/21/0379-01"
      ]
    },
    {
      "cite": "6 Ark. 381",
      "category": "reporters:state",
      "reporter": "Ark.",
      "case_ids": [
        8727292
      ],
      "opinion_index": -1,
      "case_paths": [
        "/ark/6/0381-01"
      ]
    },
    {
      "cite": "64 Ark. 305",
      "category": "reporters:state",
      "reporter": "Ark.",
      "case_ids": [
        1907338
      ],
      "opinion_index": -1,
      "case_paths": [
        "/ark/64/0305-01"
      ]
    },
    {
      "cite": "24 Ark. 230",
      "category": "reporters:state",
      "reporter": "Ark.",
      "case_ids": [
        8726759
      ],
      "weight": 2,
      "opinion_index": -1,
      "case_paths": [
        "/ark/24/0230-01"
      ]
    },
    {
      "cite": "60 Ark. 595",
      "category": "reporters:state",
      "reporter": "Ark.",
      "case_ids": [
        1903754
      ],
      "opinion_index": 0,
      "case_paths": [
        "/ark/60/0595-01"
      ]
    },
    {
      "cite": "61 Ark. 123",
      "category": "reporters:state",
      "reporter": "Ark.",
      "case_ids": [
        1902355
      ],
      "opinion_index": 0,
      "case_paths": [
        "/ark/61/0123-01"
      ]
    },
    {
      "cite": "100 N. Y. 539",
      "category": "reporters:state",
      "reporter": "N.Y.",
      "case_ids": [
        2199610
      ],
      "opinion_index": 0,
      "case_paths": [
        "/ny/100/0539-01"
      ]
    },
    {
      "cite": "115 Mich. 156",
      "category": "reporters:state",
      "reporter": "Mich.",
      "case_ids": [
        1445015
      ],
      "opinion_index": 0,
      "case_paths": [
        "/mich/115/0156-01"
      ]
    },
    {
      "cite": "5 L. R. A. 844",
      "category": "reporters:federal",
      "reporter": "L.R.A.",
      "opinion_index": 0
    },
    {
      "cite": "15 Am. St. Rep. 183",
      "category": "reporters:state",
      "reporter": "Am. St. Rep.",
      "opinion_index": 0
    },
    {
      "cite": "150 Mass. 158",
      "category": "reporters:state",
      "reporter": "Mass.",
      "case_ids": [
        780701
      ],
      "opinion_index": 0,
      "case_paths": [
        "/mass/150/0158-01"
      ]
    },
    {
      "cite": "35 L. R. A. 381",
      "category": "reporters:federal",
      "reporter": "L.R.A.",
      "opinion_index": 0
    },
    {
      "cite": "61 Am. St. Rep. 230",
      "category": "reporters:state",
      "reporter": "Am. St. Rep.",
      "opinion_index": 0
    },
    {
      "cite": "99 Iowa, 162",
      "category": "reporters:state",
      "reporter": "Iowa",
      "case_ids": [
        2097775
      ],
      "opinion_index": 0,
      "case_paths": [
        "/iowa/99/0162-01"
      ]
    },
    {
      "cite": "15 Am. St. Rep. 88",
      "category": "reporters:state",
      "reporter": "Am. St. Rep.",
      "opinion_index": 0
    },
    {
      "cite": "81 Cal. 631",
      "category": "reporters:state",
      "reporter": "Cal.",
      "case_ids": [
        1950739
      ],
      "opinion_index": 0,
      "case_paths": [
        "/cal/81/0631-01"
      ]
    },
    {
      "cite": "4 Ark. 210",
      "category": "reporters:state",
      "reporter": "Ark.",
      "case_ids": [
        8728674
      ],
      "opinion_index": 0,
      "case_paths": [
        "/ark/4/0210-01"
      ]
    },
    {
      "cite": "24 Ark. 230",
      "category": "reporters:state",
      "reporter": "Ark.",
      "case_ids": [
        8726759
      ],
      "opinion_index": 0,
      "case_paths": [
        "/ark/24/0230-01"
      ]
    },
    {
      "cite": "81 Ark. 279",
      "category": "reporters:state",
      "reporter": "Ark.",
      "case_ids": [
        1530658
      ],
      "opinion_index": 1,
      "case_paths": [
        "/ark/81/0279-01"
      ]
    }
  ],
  "analysis": {
    "cardinality": 597,
    "char_count": 11297,
    "ocr_confidence": 0.657,
    "pagerank": {
      "raw": 4.0300329595529883e-07,
      "percentile": 0.906984538480815
    },
    "sha256": "8e663d47572ba66d2d0128030a27671f17fa6f8d2da2e45329f09f4ae88863a6",
    "simhash": "1:982f6d9034e9d678",
    "word_count": 2074
  },
  "last_updated": "2024-02-27T17:39:37.836241+00:00",
  "provenance": {
    "date_added": "2019-08-29",
    "source": "Harvard",
    "batch": "2018"
  },
  "casebody": {
    "judges": [],
    "parties": [
      "Sturdivant v. McCorley."
    ],
    "opinions": [
      {
        "text": "Riddicic, J.\n.This is an action by Mrs. Minnie MoCorley to recover of her two brothers, W. A. J. Sturdivant and J. B. Sturdivant, a one-fifth interest in certain assets of the estate of her father, J. S. Sturdivant, which assets she alleges have been converted by the defendants to' their own use.\nThe defendants filed an answer, and on the hearing there was a judgment against the defendant W. A. J. Sturdivant in favor of plaintiff for the sum of $1173.60, which was declared to be a lien on certain land owned by defendant. Erom this judgment the defendant appealed, and the plaintiff took a cross-appeal.\nThe evidence showed that J. S. Sturdivant, the ancestor of plaintiff and defendant, died in 1904, leaving surviving him three sons and two daughters, who were the only heirs at law, and all of whom were of age. J. S. Sturdivant at the time of his death owed no debts, and there was never any administration on his estate. With the exception of the plaintiff all the \u25a0heirs of J. S. Sturdivant sold and conveyed their interest in his estate to W. A. J. Sturdivant.\nThe judgment of the court against W. A. J. Sturdivant was based on the fact that it was shown that in December, 1896, he borrowed $3,000 from his father in order to purchase a tract of land in Howard County, Arkansas. To secure this sum of money, he conveyed the land to his father by an absolute deed, his father making a parol promise to reoonvey the land when the debt was paid with ten per cent, interest. No time was set in which the money was to be repaid, it probably being understood between the father and son that the money should be paid when it suited the convenience of the son to repay it. It is admitted that W(. A. J. Sturdivant never at any time up to his father\u2019s death disputed the justness of this debt, and always up to that time recognized the right of his father to hold the land for this debt. So there was no claim that the right to enforce the debt against the land is barred by adverse possession of the land, for, though W. A. J. Sturdivant held possession of the land, his possession was never adverse to the rights of 'his father. But the contention of the defendant is that the debt is now barred by statute of limitations, and that under the statute when the debt is barred the mortgage is barred. If it was an ordinary mortgage, this argument would be unanswerable, for it seems to us that the debt is now barred. The evidence shows that no time was set for the payment of this money. The son borrowed the money from his father and gave him an absolute deed to the land, under an oral promise from his father that he would reconvey so soon as the money was repaid. As no time was set for the payment, the debt was in law payable on demand. But it does not follow, as counsel for appellee contends, that the statute of limitations did not commence to run until demand was made, for the courts generally hold that a debt payable on demand is due immediately, so that an action can be brought at any time without any other demand than the suit, and the statute of limitation begins to run at once. Pullen v. Chase, 4 Ark. 210; Dickens v. Howell, 24 Ark. 230; O\u2019Neil v. Magner, 81 Cal. 631, 15 Am. St. Rep. 88; Leonard v. Olson, 99 Iowa, 162, 61 Am. St. Rep. 230, 35 L. R. A. 381; Seward v. Hayden, 150 Mass. 158, 15 Am. St. Rep. 183, 5 L. R. A. 844; Citizens\u2019 Sav. Bank v. Vaughan, 115 Mich. 156; Shutts v. Fingar, 100 N. Y. 539; 7 Cyc. 848 and cases therein cited; 2 Randolph, Com. Paper, \u00a7 1040; Wood on Lim. (3d Ed.), \u00a7 124.\nThe fact that the son borrowed the money from the father did not make him a trustee holding the money for his father. And as it was over ten years after the money was loaned before this action w.as commenced, we think the debt was barred.\nBut, though that statute of limitations has run on the debt, the title to the land remains -in the grantee or his heirs. They can bring an action at law to recover the possession. As the deed is absolute in form without written defeasance, the defendant could not- at law show the parol agreement to reconvey ; ancl as the defendant has not held the land adversely to the grantee for more than seven years, the grantee or his heirs can recover the possession unless the defendant sets up the equitable defense that the deed was in equity. But, as before stated, when he does this, he will be met by the equitable principle that he who asks equity must do equity, and the court will interfere only -on condition that the debt be treated as a valid lien on the land. In other words, the statute of limitations (Kirby\u2019s Digest, \u00a7 5399) as to mortgages does not apply to equitable mortgages of this kind evidenced by absolute deeds without any written defeasance. See Fort Smith Milling Co. v. Mikles, 61 Ark. 123; Martin v. Schichtl, 60 Ark. 595.\nThe position of the parties then is that, the defendant having executed an absolute deed conveying the land to his father, plaintiff, as one of his \u00ab-heirs, has at law a one-fifth interest therein. In equity this deed is only a mortgage, and the defendant can redeem the land by paying the debt. The debt -being barred by limitations, no personal judgment can be rendered against the defendant. But, as the plaintiff is entitled to one-fifth interest in the land or the debt, the 'defendant is not -injured by the decree in favor of plaintiff for her -share of the debt, provided that it be enforced only against the one-fifth interest in the land conveyed to secure the debt, and which she would be entitled to recover at law. Sh-e can enforce the judgment against that interest in the land which would belong to her -if the deed be treated as an absolute deed, or if the land has been sold she can subject one-fifth of the proceeds thereof against the defendant. With this modification the judgment against the -defendant will be affirmed.\nAs to the cross-appeal: the question raised by it as to whether certain funds deposited in the bank in the name of J. S. Sturdivant, the father, and afterwards withdrawn by -the defendant' W. A. J. Sturdivant belonged to him or his father have been duly considered. The evidence is sufficient to raise some suspicion that this -money belonged to J. S. Sturdivant, but the chancellor held to the contrary; and, after considering the evidence, we are not able to say that his finding was against the weight -of evidence. His decree in that respect -will therefore be affirmed. It is so ordered.",
        "type": "majority",
        "author": "Riddicic, J."
      },
      {
        "text": "on rehearing.\nOpinion delivered July 8, 1907.\nPER curiam.\nOn motion for rehearing our attention is called to the fact that by the adverse possession in the case of Sturdivant v. Cook, 81 Ark. 279, the estate of J. S. Sturdivant lost one-half of the land conveyed by W. A. J. Sturdivant to his father to secure the debt, one-fifth of which is sued for by Mrs. McCorley in this case. We held in the former opinion that the judgment of Mrs. McCorley in this case could only be enforced against one-fifth interest in the land held by the estate of J. S. Sturdivant which it received from W. A. J. Sturdivant to secure this debt.\nIt follows therefore from our former decision that her recovery must be limited to the enforcement of a lien on a one-fifth interest of the land still remaining to the estate which it received from W. A. J. Sturdivant, or against one-fifth of the funds from the sale of the half of the lands left to the estate, after the Cook decision.\nAs this land was sold under a decree in another case, we can not direct the disposition of those funds by an order in this case; but, having declared the rights of Mrs. McCorley in this case, she can proceed by intervention in the case in which the land was sold, or by any other legal method, to enforce her judgment against that portion of the funds that is subject to the same.",
        "type": "rehearing",
        "author": "PER curiam."
      }
    ],
    "attorneys": [
      "W. C. Rodgers, for appellant.",
      "W. P. Feazel, for appellee."
    ],
    "corrections": "",
    "head_matter": "Sturdivant v. McCorley.\nOpinion delivered June 10, 1907.\n1. Statute oe limitations \u2014 debt payable on demand. \u2014 A debt payable on demand is due immediately, so that an action can be brought at any time without any other demand than the suit, and the statute of limitations begins to run at once. (Page 281.)\n2. Same \u2014 equitable mortgages. \u2014 The statute of limitations relating to mortgages (Kirby\u2019s Digest, \u00a7 5399) does not apply to equitable mortgages evidenced by absolute deeds. (Page 281.)\n3. Equitable mortgage \u2014 redemption.\u2014Where an absolute deed was executed as security for a debt, the effect of the transaction in equity was a mortgage; and, though the mortgage debt was. barred, the gagee (grantor) could redeem only by paying the debt. (Page 282.)\n4. Apfeae \u2014 modification of judgment. \u2014 Where, in a mortgage foreclosure suit, the mortgagee erroneously recovered a decree in personam against the mortgagor, as well as a foreclosure of the mortgage, when the mortgage debt was barred, the decree will be modified on appeal so as to limit its enforcement to the mortgaged property. (Page 283.)\nAppeal from Howard Chancery Court; James D. Shaver, Chancellor;\naffirmed.\nW. C. Rodgers, for appellant.\n1. As to the debt, no time having been agreed on by the parties, it became at once due. No demand was necessary to entitle the party to his right of action. 24 Ark. 230. The debt was barred, and the mortgage, treating the deed as a mortgage, was also barred. Kirby\u2019s Digest, \u00a7 5399; 64 Ark. 305. The burden is upon appellant to show that the statute of limitations has not run. 6 Ark. 381; 21 Ark. 379; 27 Ark. 343; Id. 500; 53 Ark. 96; 04 Ark. 26; 93 S. W. 978.\n2. Appellee should be held to be barred under the doctrine of laches. Equity will not lend its aid to enforce stale claims, even though a plea of the statute of limitations has not been interposed. 81 Ark. 279; 120 U. S. 534; 5\u00b0 Ark. 141.\n3. The statute of limitations can not be tolled by a bare verbal statement that the demand is just and unpaid. Kirby\u2019s Digest, \u00a7 5079; 26 Ark. 540/\nW. P. Feazel, for appellee.\n1. \u2019 The deed was absolute in form, and did not become a mortgage until so decreed by a court of competent jurisdiction. If it was intended to be a mortgage, that fact must be established by evidence other than the instrument, and must be clear and decisive. 19 Ark. 278; 40 Ark. 146. The statute of limitations should be strictly construed so as not to include any causes of action that do not fall clearly within its provisions. 49 Pac. 551; 41 Ark. 525.\n2. By the terms of the contract between the parties to the deed, a trust relation arose between them, and in such cases the statute does not begin to run till the termination of that relation.. Perry on Trusts, \u00a7 \u00a7 243, 231; 71 Ark. 165.\n3. W. A. J. Sturdivant is estopped to plead the statute by the allegations of his complaint and his. testimony .in the case of Sturdivant v. Cook, 81 Ark. 279. Where one has an election between inconsistent remedies, he will be confined to the one he first adopts. 102 Mo. 291; 22 Am. St. 777; 100 Mo. 309. Parties are bound by their allegations and admissions in pleadings. 19 Ark. 319. See also 122 Mich. 613; 81 N. W. 581. Equitable protection against stale demands should never be a shield for fraud or concealment. 52 Ark. 502; 34 Ark. 312.\n4. There being no time of payment fixed by the parties to the deed, the statute does not begin to run until demand of payment and refusal to pay. 24 Ark. 230; 8 Ark. 429; Id. 109."
  },
  "file_name": "0278-01",
  "first_page_order": 298,
  "last_page_order": 303
}
