{
  "id": 1527104,
  "name": "Industrial Mutual Indemnity Company v. Thompson",
  "name_abbreviation": "Industrial Mutual Indemnity Co. v. Thompson",
  "decision_date": "1907-07-22",
  "docket_number": "",
  "first_page": "575",
  "last_page": "584",
  "citations": [
    {
      "type": "official",
      "cite": "83 Ark. 575"
    }
  ],
  "court": {
    "name_abbreviation": "Ark.",
    "id": 8808,
    "name": "Arkansas Supreme Court"
  },
  "jurisdiction": {
    "id": 34,
    "name_long": "Arkansas",
    "name": "Ark."
  },
  "cites_to": [
    {
      "cite": "100 S. W. 884",
      "category": "reporters:state_regional",
      "reporter": "S.W.",
      "opinion_index": -1
    },
    {
      "cite": "73 Ark. 42",
      "category": "reporters:state",
      "reporter": "Ark.",
      "case_ids": [
        1503969
      ],
      "opinion_index": -1,
      "case_paths": [
        "/ark/73/0042-01"
      ]
    },
    {
      "cite": "99 S. W. 68",
      "category": "reporters:state_regional",
      "reporter": "S.W.",
      "opinion_index": -1
    },
    {
      "cite": "99 S. W. 687",
      "category": "reporters:state_regional",
      "reporter": "S.W.",
      "opinion_index": -1
    },
    {
      "cite": "76 Ark. 97",
      "category": "reporters:state",
      "reporter": "Ark.",
      "opinion_index": -1
    },
    {
      "cite": "98 S. W. 694",
      "category": "reporters:state_regional",
      "reporter": "S.W.",
      "opinion_index": -1
    },
    {
      "cite": "66 N. Y. App. Div. 398",
      "category": "reporters:state",
      "reporter": "A.D.",
      "case_ids": [
        4863743
      ],
      "opinion_index": -1,
      "case_paths": [
        "/ad/66/0398-01"
      ]
    },
    {
      "cite": "53 Fed. 569",
      "category": "reporters:federal",
      "reporter": "F.",
      "case_ids": [
        3810313
      ],
      "opinion_index": -1,
      "case_paths": [
        "/f/53/0569-01"
      ]
    },
    {
      "cite": "64 Fed. 293",
      "category": "reporters:federal",
      "reporter": "F.",
      "case_ids": [
        6718607
      ],
      "opinion_index": -1,
      "case_paths": [
        "/f/64/0293-01"
      ]
    },
    {
      "cite": "61 Fed. 54",
      "category": "reporters:federal",
      "reporter": "F.",
      "case_ids": [
        3797726
      ],
      "opinion_index": -1,
      "case_paths": [
        "/f/61/0054-01"
      ]
    },
    {
      "cite": "17 Ark. 240",
      "category": "reporters:state",
      "reporter": "Ark.",
      "opinion_index": -1
    },
    {
      "cite": "59 Ark. 259",
      "category": "reporters:state",
      "reporter": "Ark.",
      "opinion_index": -1
    },
    {
      "cite": "86 N. Y. 75",
      "category": "reporters:state",
      "reporter": "N.Y.",
      "case_ids": [
        546223
      ],
      "opinion_index": -1,
      "case_paths": [
        "/ny/86/0075-01"
      ]
    },
    {
      "cite": "62 Ark. 274",
      "category": "reporters:state",
      "reporter": "Ark.",
      "case_ids": [
        1905657
      ],
      "opinion_index": -1,
      "case_paths": [
        "/ark/62/0274-01"
      ]
    },
    {
      "cite": "23 Mich. 105",
      "category": "reporters:state",
      "reporter": "Mich.",
      "case_ids": [
        1312125
      ],
      "opinion_index": -1,
      "case_paths": [
        "/mich/23/0105-01"
      ]
    },
    {
      "cite": "33 Ohio St. 283",
      "category": "reporters:state",
      "reporter": "Ohio St.",
      "case_ids": [
        903103
      ],
      "opinion_index": -1,
      "case_paths": [
        "/ohio-st/33/0283-01"
      ]
    },
    {
      "cite": "35 Mo. App. 426",
      "category": "reporters:state",
      "reporter": "Mo. App.",
      "case_ids": [
        527068
      ],
      "opinion_index": -1,
      "case_paths": [
        "/mo-app/35/0426-01"
      ]
    },
    {
      "cite": "61 Mo. 354",
      "category": "reporters:state",
      "reporter": "Mo.",
      "case_ids": [
        943799
      ],
      "opinion_index": -1,
      "case_paths": [
        "/mo/61/0354-01"
      ]
    },
    {
      "cite": "101 S. W. 1125",
      "category": "reporters:state_regional",
      "reporter": "S.W.",
      "opinion_index": -1
    },
    {
      "cite": "46 Am. Rep. 357",
      "category": "reporters:state_regional",
      "reporter": "Am. Rep.",
      "opinion_index": -1
    },
    {
      "cite": "98 N. C. 89",
      "category": "reporters:state",
      "reporter": "N.C.",
      "case_ids": [
        11273394
      ],
      "opinion_index": -1,
      "case_paths": [
        "/nc/98/0089-01"
      ]
    },
    {
      "cite": "55 N. Y. 400",
      "category": "reporters:state",
      "reporter": "N.Y.",
      "case_ids": [
        517484
      ],
      "opinion_index": -1,
      "case_paths": [
        "/ny/55/0400-01"
      ]
    },
    {
      "cite": "112 N. Y. 467",
      "category": "reporters:state",
      "reporter": "N.Y.",
      "opinion_index": -1
    },
    {
      "cite": "6 Ark. 513",
      "category": "reporters:state",
      "reporter": "Ark.",
      "case_ids": [
        8727608
      ],
      "opinion_index": -1,
      "case_paths": [
        "/ark/6/0513-01"
      ]
    },
    {
      "cite": "1 Ark. 31",
      "category": "reporters:state",
      "reporter": "Ark.",
      "case_ids": [
        8728276
      ],
      "opinion_index": -1,
      "case_paths": [
        "/ark/1/0031-01"
      ]
    },
    {
      "cite": "50 N. Y. 480",
      "category": "reporters:state",
      "reporter": "N.Y.",
      "case_ids": [
        2059707
      ],
      "opinion_index": -1,
      "case_paths": [
        "/ny/50/0480-01"
      ]
    },
    {
      "cite": "66 Ala. 206",
      "category": "reporters:state",
      "reporter": "Ala.",
      "case_ids": [
        3382909
      ],
      "opinion_index": -1,
      "case_paths": [
        "/ala/66/0206-01"
      ]
    },
    {
      "cite": "31 Ala. 428",
      "category": "reporters:state",
      "reporter": "Ala.",
      "case_ids": [
        8498041
      ],
      "opinion_index": -1,
      "case_paths": [
        "/ala/31/0428-01"
      ]
    },
    {
      "cite": "47 Ark.' 148",
      "category": "reporters:state",
      "reporter": "Ark.",
      "case_ids": [
        1888690
      ],
      "opinion_index": -1,
      "case_paths": [
        "/ark/47/0148-01"
      ]
    },
    {
      "cite": "46 Ark. 245",
      "category": "reporters:state",
      "reporter": "Ark.",
      "case_ids": [
        1890479
      ],
      "weight": 2,
      "pin_cites": [
        {
          "page": "337"
        }
      ],
      "opinion_index": -1,
      "case_paths": [
        "/ark/46/0245-01"
      ]
    },
    {
      "cite": "26 Ark. 28",
      "category": "reporters:state",
      "reporter": "Ark.",
      "case_ids": [
        8726133
      ],
      "opinion_index": -1,
      "case_paths": [
        "/ark/26/0028-01"
      ]
    },
    {
      "cite": "16 Ark. 114",
      "category": "reporters:state",
      "reporter": "Ark.",
      "case_ids": [
        8724194
      ],
      "opinion_index": -1,
      "case_paths": [
        "/ark/16/0114-01"
      ]
    },
    {
      "cite": "38 Ark. 334",
      "category": "reporters:state",
      "reporter": "Ark.",
      "case_ids": [
        1900476
      ],
      "opinion_index": -1,
      "case_paths": [
        "/ark/38/0334-01"
      ]
    },
    {
      "cite": "31 Ark.' 170",
      "category": "reporters:state",
      "reporter": "Ark.",
      "case_ids": [
        1879230
      ],
      "opinion_index": -1,
      "case_paths": [
        "/ark/31/0170-01"
      ]
    },
    {
      "cite": "23 Ark. 289",
      "category": "reporters:state",
      "reporter": "Ark.",
      "case_ids": [
        1866102
      ],
      "opinion_index": -1,
      "case_paths": [
        "/ark/23/0289-01"
      ]
    },
    {
      "cite": "22 Ark. 454",
      "category": "reporters:state",
      "reporter": "Ark.",
      "case_ids": [
        8727094
      ],
      "opinion_index": -1,
      "case_paths": [
        "/ark/22/0454-01"
      ]
    },
    {
      "cite": "26 S. E. 628",
      "category": "reporters:state_regional",
      "reporter": "S.E.",
      "opinion_index": -1
    },
    {
      "cite": "66 N. Y. 464",
      "category": "reporters:state",
      "reporter": "N.Y.",
      "case_ids": [
        2163355
      ],
      "opinion_index": -1,
      "case_paths": [
        "/ny/66/0464-01"
      ]
    },
    {
      "cite": "125 Mass. 274",
      "category": "reporters:state",
      "reporter": "Mass.",
      "case_ids": [
        730968
      ],
      "opinion_index": -1,
      "case_paths": [
        "/mass/125/0274-01"
      ]
    },
    {
      "cite": "21 Pick. (Mass.), 162",
      "category": "reporters:state",
      "reporter": "Pick.",
      "case_ids": [
        2048012
      ],
      "opinion_index": -1,
      "case_paths": [
        "/mass/38/0162-01"
      ]
    },
    {
      "cite": "7 N. Y. 530",
      "category": "reporters:state",
      "reporter": "N.Y.",
      "opinion_index": -1
    },
    {
      "cite": "96 S. W. 365",
      "category": "reporters:state_regional",
      "reporter": "S.W.",
      "weight": 2,
      "opinion_index": -1
    },
    {
      "cite": "54 Ark. 78",
      "category": "reporters:state",
      "reporter": "Ark.",
      "opinion_index": -1
    },
    {
      "cite": "3 S. W. 296",
      "category": "reporters:state_regional",
      "reporter": "S.W.",
      "opinion_index": -1
    },
    {
      "cite": "19 Atl. 386",
      "category": "reporters:state_regional",
      "reporter": "A.",
      "opinion_index": -1
    },
    {
      "cite": "52 S. E. 536",
      "category": "reporters:state_regional",
      "reporter": "S.E.",
      "opinion_index": -1
    },
    {
      "cite": "76 Tex. 653",
      "category": "reporters:state",
      "reporter": "Tex.",
      "case_ids": [
        2225354
      ],
      "opinion_index": -1,
      "case_paths": [
        "/tex/76/0653-01"
      ]
    },
    {
      "cite": "62 Ark. 353",
      "category": "reporters:state",
      "reporter": "Ark.",
      "opinion_index": -1
    },
    {
      "cite": "60 Ark. 532",
      "category": "reporters:state",
      "reporter": "Ark.",
      "case_ids": [
        1903658
      ],
      "opinion_index": -1,
      "case_paths": [
        "/ark/60/0532-01"
      ]
    },
    {
      "cite": "187 U. S. 353",
      "category": "reporters:federal",
      "reporter": "U.S.",
      "opinion_index": -1
    },
    {
      "cite": "75 Ark. 24",
      "category": "reporters:state",
      "reporter": "Ark.",
      "opinion_index": -1
    },
    {
      "cite": "82 Ark. 105",
      "category": "reporters:state",
      "reporter": "Ark.",
      "case_ids": [
        1529036
      ],
      "opinion_index": 0,
      "case_paths": [
        "/ark/82/0105-01"
      ]
    },
    {
      "cite": "81 Ark. 160",
      "category": "reporters:state",
      "reporter": "Ark.",
      "case_ids": [
        1530608
      ],
      "opinion_index": 0,
      "case_paths": [
        "/ark/81/0160-01"
      ]
    }
  ],
  "analysis": {
    "cardinality": 859,
    "char_count": 20804,
    "ocr_confidence": 0.674,
    "pagerank": {
      "raw": 3.752259053591474e-07,
      "percentile": 0.8952840493789406
    },
    "sha256": "2ad89118fdfe6eea6b55cc1e9c321fe877176f88eaedf73df899981ec7437e1b",
    "simhash": "1:8bf7330f2fbdaada",
    "word_count": 3671
  },
  "last_updated": "2024-02-27T17:39:37.836241+00:00",
  "provenance": {
    "date_added": "2019-08-29",
    "source": "Harvard",
    "batch": "2018"
  },
  "casebody": {
    "judges": [],
    "parties": [
      "Industrial Mutual Indemnity Company v. Thompson."
    ],
    "opinions": [
      {
        "text": "Wood, J.,\n(after stating the facts.) 1. Appellee contends here that the proof does not show that the policy was forfeited on account of the nonpayment of dues. But appellee tried the case in the court below upon the theory that the policy had been forfeited, but that such forfeiture was waived by the act of appellant\u2019s agents in receiving the dues after the forfeiture for nonpayment. No issue was made in the court below as to non-forfeiture, and none could be made here.\n2. The court instructed the jury at the'instance of appellee that if the forfeiture resulted from the nonpayment of dues, and was known to the agent of appellant, and if such agent thereafter received and collected the amount of the dues in arrears, this would constitute a waiver of the forfeiture. The court further, instructed that: \u201cIf the plaintiff relies for recovery on the defendant waiving the forfeiture on account of the nonpayment of assessments for a longer term than four weeks, the plaintiff must show by a preponderance of the testimony that the defendant authorized said waiver by its agents or ratified the act of its agents in waiving said forfeiture.\u201d\nThe appellant contends that the instructions were erroneous tor the reason that the agents who collected and held the money were not authorized, under the terms of the policy, to collect the assessments and thereby waive a forfeiture after same had occurred, but .that they were expressly prohibited from waiving such forfeiture. Appellant contended that a waiver of this kind under the express provisions of the policy could only be effected \u201cin writing signed by either the president, vice-president or secretary.\u201d Appellant asked instructions in conformity with its contention, which the court refused. Appellant relies upon the authority of Fidelity Mutual Life Ins. Co. v. Bussell, 75 Ark. p. 25, for reversal on the issue of waiver of forfeiture. But in that case the facts were different. The waiver in that case was-by a mere local agent, who had only power to solicit insurance and collect premiums. If the waiver in this case had been by McCain, who was a mere local agent with authority to solicit insurance and collect premiums, the analogy would be perfect, and Fidelity Mutual Life Ins. Co. v. Bussell, supra, would control. But here, after the past-due assessments were received by McCain, he forwarded same to Metlock, who accepted same. He, Metlock, was \u201cthe superintendent of agencies.\u201d While the duties of that position are not more particularly explained, it indicated far more than mere local power, and, for aught that the proof shows to the contrary, may have embraced the authority and power to superintend agencies whose duties it was to pass upon applications for and to issue policies of insurance. It is a broad term, and, without more definite and specific limitations, may be taken to indicate very general powers. Furthermore, Metlock had power, and it was his duty, to adjust and settle claims. This would certainly include authority to waive a forfeiture. The proof certainly showed that he had authority to adjust and settle claims. For he undertook to settle her entire claim for the sum of $28.50, giving her this amount and taking her receipt \u201cin full settlement of all claims and demands against\u201d the company \u201carising under or by reason of the policy.\u201d The receipt itself shows that Metlock had power to waive a forfeiture. For how could he adjust and settle a claim of $210, that had been forfeited, for $28.50 unless he had the power to waive the forfeiture ? The very fact that he settled the claim, as he supposed he had done, shows that he had waived the alleged forfeiture. One can not settle a forfeited claim without waiving the forfeiture. It would involve a contradiction in terms. It is not pretended by appellant that Metlock did not have authority to \u201cadjust and settle claims.\u201d This being true, appellant can not be heard to. say that he did not also have authority to waive forfeitures. The instructions should have told the jury that the waiver could only have been made by an agent acting within the scope of his authority. But, as the uncontroverted proof showed that Metlock was acting within the scope of his authority in making the waiver, the giving of the instructions without the qualification indicated was not prejudicial. The case is ruled on this point rather by the principles announced in Queen of Arkan sas Fire Ins. Co. v. Cooper-Cryer Company, 81 Ark. 160, than by Fidelity Mutual Life Ins. Co. v. Bussell, supra.\n2. The court was warranted, from the circumstances set forth in the statement of facts, in submitting to the jury the question of whether or not the receipt which appellant obtained from appellee in full acquittance of her claim was a fraud upon her rights. The question as to whether or not the receipt was fraudulently obtained was properly submitted in appellee\u2019s instruction number 2. It was a jury question.\n3. Tlie jury having determined, upon evidence sufficient here, that the receipt was fraudulently obtained and therefore void, it was not a prerequisite to the maintenance of appellee\u2019s suit -that she should have tendered to appellant the amount she had been paid. St. Louis, I. M. & S. R. Co. v. Smith, 82 Ark. 105, and authorities cited. The jury made a deduction in their verdict of the amount that had been paid. Moreover, the question is raised here for the first time. It could not avail also for that reason.\nWe find no prejudicial error, and the judgment is therefore affirmed.",
        "type": "majority",
        "author": "Wood, J.,"
      }
    ],
    "attorneys": [
      "Jacob Pink, for appellant.",
      "W. G. Dinnihg, for appellee."
    ],
    "corrections": "",
    "head_matter": "Industrial Mutual Indemnity Company v. Thompson.\nOpinion delivered July 22, 1907.\n1. Appeal \u2014 taking inconsistent positions. \u2014 \u25a0'Where a cause was tried below upon the theory that the policy sued on had been forfeited, but that the forfeiture was waived, it is not admissible on appeal to raise the issue that the policy had not been forfeited. (Page 382.)\n2. Insurance \u2014 forfeiture\u2014authority of agent to waive. \u2014 A superintendent of agencies of an insurance company who is authorized to adjust and settle claims against the company is authorized to waive a forfeiture for nonpayment of premiums, though the policy provided that this could be done only by writing signed by the president, vice president or secretary. (Page 382.)\n3. Same \u2014 when forfeiture waived. \u2014 Where a superintendent of agencies of an insurance company made a settlement of an insurance loss by-paying a part of the claim, he will be held to have waived a prior forfeiture. (Page 383.)\n4. Release \u2014 Fraud.\u2014A release or acquittance procured by fraud is not binding. (Page 384.)\n5. Same \u2014 deduction of consideration. \u2014 Where a release of the insurer\u2019s liability on a policy was obtained by fraud, the beneficiary was not required, as a prerequisite to the maintenance of his suit, to tender the consideration paid for such release; but the amount so paid could be deducted at the trial from the amount to which the beneficiary was entitled. (Page 584.)\nAppeal from Phillips Circuit Court; Hance N. Hutton, Judge;\naffirmed.\nstatement by the court.\nAppellee\u2019s mother, Margaret Johnson, was insured with appellant company for $210, provided that at the time of her death all dues and assessments due the company were paid. The complaint of appellee alleged that Mrs. Johnson died on March 18, 1906; that all dues and assessments were fully paid; that appellant had paid $28.50, and refused to pay the balance. Judgment was asked for $181.50. Appellant answered and admitted that, in consideration of weekly payments of fifty cents to be paid appellant on or before each Monday during the continuance of the contract, it had insured Mrs. Johnson in the sum claimed. Appellant admitted that appellee was the beneficiary, and admitted the death of the assured. Appellant set up in defense that the policy provided that, \u201cif any payment shall be in arrears more than four weeks, the policy shall become void, and the payments already made be forfeited to the company.\u201d It was also' provided that the condition which avoids the policy shall not be waived by the acceptance of payments in arrears. Appellant alleged that Mrs. Johnson at the time of her death had failed to malee weekly payments for seven weeks, from January 29, 1906, to March 14, 1906, when appellee sent to an agent of appellant the sum of $4. Appellant also set up a written receipt signed by appellee and delivered to appellant acquitting appellant of all further liability.\nAppellee replied to the answer, alleging that she was an ignorant negro woman, and knew nothing of the rules governing transactions set.forth in the receipt which appellant holds, and averring that appellant, well knowing her ignorance of such transactions, represented to her that the policy had lapsed and was void because her mother had failed for more than four weeks to make payments of dues; that appellant advised her that it would be for her best interest to accept the $28 and execute the receipt. Appellee further alleged that the representations were made by the general agent of the company for the fraudulent purpose of deceiving and depriving appellee of the benefit of the proceeds of the policy; that the representations were false and known to be false at the time they were made by the agent who made th\u00e9m; and that she, being ignorant of the facts and \u2022believing that the agent was advising her for her best interests, acted upon such advice in signing the receipt. She'alleged that the receipt, by reason \u00f3f the false arid fraudulent representation, coercion and undue influence of appellant in causing'her to execute same, was without consideration as an acquittance for a larger sum than $28, and did not bar appellee\u2019s right to'recover the balance claimed.\nThe appellee proved that her mother had a policy in appellant company, that appellee was \u2022 the beneficiary. Appellee paid the dues for her mother. She lived at M'arvel, in Phillips County, and would pay dues to the agent McCain when he came out from Helena to collect same. That she paid in advance sometimes two or three dollars at a time when the agent would come out and ask for it. The last payment she made before the death of her mother was January 29th. Her mother died March 18. On the 14th of March she received a letter from the agent, McCain, who had been collecting the dues, in which he said: that there were such a few out there he wouldn\u2019t come any more to collect, and for appellee to sen'd him four dollars, and he further wrote: \u201cI will never allow' it to run out.\u201d The next day appellee sent the money. She says that McCain said that four dollars were then due.\nIt was shown the amount received for dues was entered in a book, and that according to this the last payment of dues before the four dollars were sent was on January 29, when appellee paid fifty cents. Appellee executed to appellant a receipt for $28 \u201cin full settlement of all claims and demands\u201d against appellant arising under the policy sued on. Appellee details the circumstances under which the receipt was executed as follows: \u201cWhen the agent came, I asked him, Ts my mama all right? There is nothing behind now is there, and you will pay the money, won\u2019t you ?\u2019 And he said, \u2018Of course, we will pay the money. You come in Saturday, and the money will be in my office.\u2019 When I got there, he had a great long letter stating that my mother was unfinancial, and he told me: \u2018The best thing you can do is to take what you paid in for your mother, because you can\u2019t get nothing else.\u2019 I thought he was telling me the truth about it, is the reason I took it. He advised me as a friend, and said, inasmuch as it was me he would pay the amount I had paid in, said that was the best I could do, and all I could get, and I relied upon his word and signed the paper because I didn\u2019t know nothing else to do.\u201d Appellee testified that she was a colored woman. The appellant introduced the policy which contained the following conditions:\n\u201c3. If any of the statements or warranties herein referred to, and upon which this policy is granted, be not true, or if the conditions of said policy be not in all respects observed, or if this policy shall be in arrears more than four weeks, this policy shall thereupon terminate or become void, all payments paid shall be forfeited to the company except as provided herein, and it is expressly stipulated and agreed that the foregoing provisions, which avoid the policy, in case any payment shall be in arrears more than four weeks, shall not be considered in any respect waived by any act of grace by the company in the acceptance of payments in arrears more than four weeks upon this or any other policy.\u201d\n\u201c4. The contract between the parties hereto is completely set forth in this policy and the application therefor, taken together, and none of its terms can be varied or modified nor any forfeiture waived, except by agreement in writing signed by one of the following officers, namely the president, vice president, secretary, whose authority will not be delegated; no other person has or will be given authority. Therefore agents, which terms includes superintendents and assistant superintendents, are not authorized, and have no power, to make, alter, or discharge contracts or waive forfeitures or. receive payments on policies in arrears more than four weeks, or to receipt for same in the receipt book, and all such arrears given to an agent shall be at the sole risk of those who pay them, and shall not be credited upon the policy, whether entered in the receipt book or not.\u201d\nAppellant introduced the receipt book in which the payments were entered from time to time as they were .made, showing that the last payment was made as above mentioned, and containing this recital: \u201cAgents are required to call with regularity for the weekly payments, but an omission to do so will not be an excuse for your policy being in arrears. * * * All moneys paid at the time of application for membership and every subsequent payment must be entered in this book.\u201d\nWitness Metlock on behalf of appellee testified that he was in the employ of appellant from October 26, T904, to April 20, 1906; that he was the superintendent of agencies, and his duties were also to solicit for business, to collect premiums on same, and to adjust and settle claims. McCain was an employee of the appellant at the same time. He turned over to witness Metlock money received by him from one Florence Thompson or Margaret Johnson as dues and assessments on the policy sued on. This money, all, except the four dollars which was collected after the policy had been cancelled, was turned over to appellant company to be credited on the policy as dues. He did not turn over the four dollars because that was received after the policy had lapsed, and it was the instructions of appellant to hold such money until official notice was received from the company that same had been received and placed upon the company\u2019s books, and in this instance the holder of the policy died before he had forwarded revival application to the company at Tittle Rock.\nThe duties of McCain were to solicit for new business and to collect premiums on policies of insurance as long as they were in force, or until the dues were four weeks or more in arrears. The witness in regard to the receipt testified as follows:\n\u201cOn the day of appointment Florence Thompson came to my office, and I told her that I had a letter from the company, and showed her the letter. I further told her the policy on her mother had been cancelled for non-payment of dues, and that the company was not liable in any way under the same, and read to her clause \u201cfour\u201d in the policy, showing her why the company was not liable, etc. She then said that she owed a funeral bill, etc. And that she thought that, if we would give her her money back, she could satisfy the undertaker, etc. I then counted up what had been paid on the policy and gave it to her \u2014 twenty-eight dollars in all \u2014 explaining to her that the company was donating the amount only, as we owed her nothing. I then read the receipt, which she afterwards signed and which is attached hereto,-.to her, and gave same to her to read for herself, and explained fully that she was signing a receipt in full against all claims against the company under her mother\u2019s policy. She said she was glad to get twenty-eight dollars, as .she realized fully that she was entitled to nothing, and, thanking me for my kindness, etc., went out. As agent of the company, I received from Florence Thompson a receipt, which I file with my deposition.\u201d\nThe contents of the receipt are set forth. Instruction No. 2, given by the court, was as follows: \u201cYou are further instructed that if you find from the evidence in this case that one or more -of the defendant\u2019s agents made false representations of fact to plaintiff, or used fraud or deceit in inducing her to sign the receipt introduced in evidence, or used undue influence upon her to induce her to sign same, and she, believing that such representations were true, was induced thereby, or by fraud, deceit, or undue influence, to sign same, such receipt will not estop plaintiff from recovering whatever amount be found due her under the terms of the contract of insurance.\u201d\nThe instructions will be referred to in the opinion.\nThe verdict and judgment were for $182, and this appeal followed.\nJacob Pink, for appellant.\n1., By the terms of the policy, it automatically came to an end and became void when the dues were more than four weeks in arrears; and thereafter it could only be reinstated in the manner provided in the policy. No special agent, nor other person except one of the officers mentioned in the policy, had authority to waive a forfeiture. 75 Ark. 24; 187 U. S. 353; 60 Ark. 532 ; 62 Ark. 353; 13 Misc. Rep. (N. Y.), 395; 76 Tex. 653; 52 S. E. 536; 19 Atl. 386; 3 S. W. 296; 54 Ark. 78. The Goyne case, 96 S. W. 365, differs from this in that in that case the agent was acting within the apparent scope of his authority. After forfeiture of a consummated contract, the assured can not claim a waive'r unless he can show that he has paid a valuable consideration therefor, or that he was prejudiced by the insurer or its agents acting within the real or apparent scope of their authority. 7 N. Y. 530; 14 Allen (Mass.), 329; 21 Pick. (Mass.), 162; 2 Denio (N. Y.), 81; 125 Mass. 274; 66 N. Y. 464; 26 S. E. 628; 1 May on Ins. 245.\n2. The second instruction, given at appellee\u2019s request, was abstract and misleading, permitted the jury to decide a question, not of fact, but of law. 14 Am & Eng. Enc. Law (2 Ed.), 205.\n3. A statement, by Metlock that the policy was invalid, could not be construed as fraudulent, even if false, unless it were shown that he at the time knew that it was false. 22 Ark. 454; 23 Ark. 289; 31 Ark.' 170; 38 Ark. 334.\nIn the absence of fraud, one who has the means at hand of ascertaining the truth can not rely upon the statements of the other party. Ubi supra; 16 Ark. 114; 26 Ark. 28; 46 Ark. 245; Id. 337; 47 Ark.\u2019 148. His statement that the policy yras\u2019 void, and that nothing could be collected thereon, was an expression of opinion only, and not a fraud. 31 Ala. 428; 66 Ala. 206; Id. 590; 50 N. Y. 480; 1 Ark. 31; 6 Ark. 513. See also 112 N. Y. 467; 55 N. Y. 400; 98 N. C. 89; 46 Am. Rep. 357; 101 S. W. 1125; 61 Mo. 354; 35 Mo. App. 426; 33 Ohio St. 283;.23 Mich. 105.\n4. Before appellee could maintain her action, she must have returned, or offered to return, the money received by way of compromise. 62 Ark. 274; 86 N. Y. 75; 59 Ark. 259; 17 Ark. 240; 61 Fed. 54; 64 Fed. 293; 53 Fed. 569; 66 N. Y. App. Div. 398.\nW. G. Dinnihg, for appellee.\n1. The law does not favor forfeitures; and where a forfeiture is relied on as a defense, the facts and circumstances causing such forfeiture must be clearly proved by positive evidence. Failure for .more than four weeks to pay premiums in this case is not sufficiently shown. '\n2. But, if there was a forfeiture, it was waived by its agent, Metlock, acting -with the apparent scope of his authority, who testified that he was a superintendent of agencies, authorized also to solicit business to collect premiums on same and to adjust and settle claims. 96 S. W. 365; 98 S. W. 694.\n3. The release receipt procured from appellee was not binding because of fraud in procuring .it. \u00a1Whether or not there was fraud practiced in procuring it, was a question of fact for the jury, and their verdict is conclusive. 76 Ark. 97; 14 Am. & Eng. Enc. Law, 206; 99 S. W. 687.\n4. Appellee, under the circumstances of this case, was under no obligation to return, or tender back, the money obtained by way of compromise before bringing suit. 99 S. W. 68; 73 Ark. 42; 100 S. W. 884. Moreover, this question can not properly be raised here for the first time."
  },
  "file_name": "0575-01",
  "first_page_order": 595,
  "last_page_order": 604
}
