{
  "id": 1511757,
  "name": "St. Louis, Iron Mountain & Southern Railway Company v. McNamare",
  "name_abbreviation": "St. Louis, Iron Mountain & Southern Railway Co. v. McNamare",
  "decision_date": "1909-06-28",
  "docket_number": "",
  "first_page": "515",
  "last_page": "527",
  "citations": [
    {
      "type": "official",
      "cite": "91 Ark. 515"
    }
  ],
  "court": {
    "name_abbreviation": "Ark.",
    "id": 8808,
    "name": "Arkansas Supreme Court"
  },
  "jurisdiction": {
    "id": 34,
    "name_long": "Arkansas",
    "name": "Ark."
  },
  "cites_to": [
    {
      "cite": "112 S. W. 985",
      "category": "reporters:state_regional",
      "reporter": "S.W.",
      "opinion_index": -1
    },
    {
      "cite": "73 Mo. 219",
      "category": "reporters:state",
      "reporter": "Mo.",
      "case_ids": [
        448785
      ],
      "opinion_index": -1,
      "case_paths": [
        "/mo/73/0219-01"
      ]
    },
    {
      "cite": "46 Mo. App. 266",
      "category": "reporters:state",
      "reporter": "Mo. App.",
      "case_ids": [
        1011331
      ],
      "opinion_index": -1,
      "case_paths": [
        "/mo-app/46/0266-01"
      ]
    },
    {
      "cite": "48 L. R. A. 68",
      "category": "reporters:federal",
      "reporter": "L.R.A.",
      "opinion_index": -1
    },
    {
      "cite": "37 C. C. A. 499",
      "category": "reporters:federal",
      "reporter": "C.C.A.",
      "opinion_index": -1
    },
    {
      "cite": "122 Mo. App. 227",
      "category": "reporters:state",
      "reporter": "Mo. App.",
      "case_ids": [
        1563152
      ],
      "opinion_index": -1,
      "case_paths": [
        "/mo-app/122/0227-01"
      ]
    },
    {
      "cite": "78 Ark. 28",
      "category": "reporters:state",
      "reporter": "Ark.",
      "opinion_index": -1
    },
    {
      "cite": "86 Ark. 357",
      "category": "reporters:state",
      "reporter": "Ark.",
      "case_ids": [
        1521535
      ],
      "opinion_index": -1,
      "case_paths": [
        "/ark/86/0357-01"
      ]
    },
    {
      "cite": "54 Ark. 243",
      "category": "reporters:state",
      "reporter": "Ark.",
      "case_ids": [
        1320410
      ],
      "opinion_index": -1,
      "case_paths": [
        "/ark/54/0243-01"
      ]
    },
    {
      "cite": "115 U. S. 463",
      "category": "reporters:federal",
      "reporter": "U.S.",
      "opinion_index": -1
    },
    {
      "cite": "80 Ark. 404",
      "category": "reporters:state",
      "reporter": "Ark.",
      "opinion_index": -1
    },
    {
      "cite": "169 U. S. 613",
      "category": "reporters:federal",
      "reporter": "U.S.",
      "case_ids": [
        3597843
      ],
      "opinion_index": -1,
      "case_paths": [
        "/us/169/0613-01"
      ]
    },
    {
      "cite": "68 L. R. A. 168",
      "category": "reporters:federal",
      "reporter": "L.R.A.",
      "opinion_index": -1
    },
    {
      "cite": "129 U. S. 34",
      "category": "reporters:federal",
      "reporter": "U.S.",
      "opinion_index": -1
    },
    {
      "cite": "86 Ark. 246",
      "category": "reporters:state",
      "reporter": "Ark.",
      "opinion_index": -1
    },
    {
      "cite": "128 U. S. 96",
      "category": "reporters:federal",
      "reporter": "U.S.",
      "case_ids": [
        3533416
      ],
      "opinion_index": -1,
      "case_paths": [
        "/us/128/0096-01"
      ]
    },
    {
      "cite": "86 Ark. 412",
      "category": "reporters:state",
      "reporter": "Ark.",
      "case_ids": [
        1521519
      ],
      "opinion_index": -1,
      "case_paths": [
        "/ark/86/0412-01"
      ]
    },
    {
      "cite": "77 Ark. 483",
      "category": "reporters:state",
      "reporter": "Ark.",
      "opinion_index": -1
    },
    {
      "cite": "56 L. R. A. 193",
      "category": "reporters:federal",
      "reporter": "L.R.A.",
      "opinion_index": -1
    },
    {
      "cite": "103 U. S. 11",
      "category": "reporters:federal",
      "reporter": "U.S.",
      "case_ids": [
        1522227
      ],
      "year": 1901,
      "opinion_index": -1,
      "case_paths": [
        "/us/103/0011-01"
      ]
    },
    {
      "cite": "87 Ark. 65",
      "category": "reporters:state",
      "reporter": "Ark.",
      "case_ids": [
        1519106
      ],
      "year": 1901,
      "opinion_index": -1,
      "case_paths": [
        "/ark/87/0065-01"
      ]
    },
    {
      "cite": "62 Ark. 254",
      "category": "reporters:state",
      "reporter": "Ark.",
      "case_ids": [
        1905673
      ],
      "weight": 3,
      "year": 1901,
      "pin_cites": [
        {
          "page": "362"
        },
        {
          "page": "295"
        }
      ],
      "opinion_index": -1,
      "case_paths": [
        "/ark/62/0254-01"
      ]
    },
    {
      "cite": "178 Mo. 528",
      "category": "reporters:state",
      "reporter": "Mo.",
      "case_ids": [
        1427936
      ],
      "year": 1901,
      "opinion_index": -1,
      "case_paths": [
        "/mo/178/0528-01"
      ]
    },
    {
      "cite": "75 Mo. App. 535",
      "category": "reporters:state",
      "reporter": "Mo. App.",
      "case_ids": [
        1474162
      ],
      "year": 1901,
      "opinion_index": -1,
      "case_paths": [
        "/mo-app/75/0535-01"
      ]
    },
    {
      "cite": "67 Mo. 272",
      "category": "reporters:state",
      "reporter": "Mo.",
      "case_ids": [
        959888
      ],
      "opinion_index": -1,
      "case_paths": [
        "/mo/67/0272-01"
      ]
    },
    {
      "cite": "32 Ark. 120",
      "category": "reporters:state",
      "reporter": "Ark.",
      "opinion_index": -1
    },
    {
      "cite": "147 Mass. 301",
      "category": "reporters:state",
      "reporter": "Mass.",
      "opinion_index": -1
    },
    {
      "cite": "46 Fed. 268",
      "category": "reporters:federal",
      "reporter": "F.",
      "opinion_index": -1
    },
    {
      "cite": "26 Am. Rep. 742",
      "category": "reporters:state_regional",
      "reporter": "Am. Rep.",
      "opinion_index": -1
    },
    {
      "cite": "79 Ark. 62",
      "category": "reporters:state",
      "reporter": "Ark.",
      "case_ids": [
        1495699
      ],
      "opinion_index": -1,
      "case_paths": [
        "/ark/79/0062-01"
      ]
    },
    {
      "cite": "54 Am. Rep. 105",
      "category": "reporters:state_regional",
      "reporter": "Am. Rep.",
      "opinion_index": -1
    },
    {
      "cite": "106 Mo. 74",
      "category": "reporters:state",
      "reporter": "Mo.",
      "case_ids": [
        970315
      ],
      "opinion_index": -1,
      "case_paths": [
        "/mo/106/0074-01"
      ]
    },
    {
      "cite": "41 Ark. 542",
      "category": "reporters:state",
      "reporter": "Ark.",
      "case_ids": [
        1896194
      ],
      "weight": 3,
      "pin_cites": [
        {
          "page": "569"
        },
        {
          "page": "549"
        }
      ],
      "opinion_index": -1,
      "case_paths": [
        "/ark/41/0542-01"
      ]
    },
    {
      "cite": "57 Fed. 145",
      "category": "reporters:federal",
      "reporter": "F.",
      "opinion_index": -1
    },
    {
      "cite": "149 Ind. 172",
      "category": "reporters:state",
      "reporter": "Ind.",
      "opinion_index": -1
    },
    {
      "cite": "57 Ark. 377",
      "category": "reporters:state",
      "reporter": "Ark.",
      "case_ids": [
        1324635
      ],
      "opinion_index": -1,
      "case_paths": [
        "/ark/57/0377-01"
      ]
    },
    {
      "cite": "101 Mich. 599",
      "category": "reporters:state",
      "reporter": "Mich.",
      "opinion_index": -1
    },
    {
      "cite": "81 Ark. 499",
      "category": "reporters:state",
      "reporter": "Ark.",
      "opinion_index": -1
    },
    {
      "cite": "207 U. S. 463",
      "category": "reporters:federal",
      "reporter": "U.S.",
      "case_ids": [
        3640927
      ],
      "weight": 2,
      "opinion_index": -1,
      "case_paths": [
        "/us/207/0463-01"
      ]
    },
    {
      "cite": "117 N. W. 686",
      "category": "reporters:state_regional",
      "reporter": "N.W.",
      "opinion_index": -1
    },
    {
      "cite": "71 Ark. 258",
      "category": "reporters:state",
      "reporter": "Ark.",
      "case_ids": [
        1507835
      ],
      "opinion_index": -1,
      "case_paths": [
        "/ark/71/0258-01"
      ]
    },
    {
      "cite": "7 Am. Dec. 467",
      "category": "reporters:federal",
      "reporter": "Am. Dec.",
      "opinion_index": -1
    },
    {
      "cite": "64 Oh. St. 1",
      "category": "reporters:state",
      "reporter": "Ohio St.",
      "case_ids": [
        952889
      ],
      "opinion_index": -1,
      "case_paths": [
        "/ohio-st/64/0001-01"
      ]
    },
    {
      "cite": "5 L. R. A. 364",
      "category": "reporters:federal",
      "reporter": "L.R.A.",
      "weight": 3,
      "opinion_index": -1
    },
    {
      "cite": "72 Md. 144",
      "category": "reporters:state",
      "reporter": "Md.",
      "case_ids": [
        1778630
      ],
      "opinion_index": -1,
      "case_paths": [
        "/md/72/0144-01"
      ]
    },
    {
      "cite": "64 Oh. St. 133",
      "category": "reporters:state",
      "reporter": "Ohio St.",
      "case_ids": [
        952850
      ],
      "opinion_index": -1,
      "case_paths": [
        "/ohio-st/64/0133-01"
      ]
    },
    {
      "cite": "9 S. W. 540",
      "category": "reporters:state_regional",
      "reporter": "S.W.",
      "opinion_index": -1
    },
    {
      "cite": "25 Oh. St. 667",
      "category": "reporters:state",
      "reporter": "Ohio St.",
      "case_ids": [
        44770,
        44895
      ],
      "opinion_index": -1,
      "case_paths": [
        "/ohio-st/25/0667-02",
        "/ohio-st/25/0667-01"
      ]
    },
    {
      "cite": "67 Yt. 76",
      "category": "reporters:state",
      "reporter": "Vt.",
      "case_ids": [
        4456065
      ],
      "weight": 2,
      "opinion_index": -1,
      "case_paths": [
        "/vt/67/0076-01"
      ]
    },
    {
      "cite": "143 Mass. 301",
      "category": "reporters:state",
      "reporter": "Mass.",
      "case_ids": [
        772360
      ],
      "opinion_index": -1,
      "case_paths": [
        "/mass/143/0301-01"
      ]
    },
    {
      "cite": "46 Fed. 269",
      "category": "reporters:federal",
      "reporter": "F.",
      "case_ids": [
        6727552
      ],
      "opinion_index": -1,
      "case_paths": [
        "/f/46/0269-01"
      ]
    },
    {
      "cite": "98 Mass. 85",
      "category": "reporters:state",
      "reporter": "Mass.",
      "case_ids": [
        710653
      ],
      "weight": 2,
      "opinion_index": -1,
      "case_paths": [
        "/mass/98/0085-01"
      ]
    },
    {
      "cite": "18 Kans. 46",
      "category": "reporters:state",
      "reporter": "Kan.",
      "case_ids": [
        48216
      ],
      "weight": 2,
      "opinion_index": -1,
      "case_paths": [
        "/kan/18/0046-01"
      ]
    },
    {
      "cite": "52 Fed. 371",
      "category": "reporters:federal",
      "reporter": "F.",
      "case_ids": [
        1630347
      ],
      "weight": 2,
      "opinion_index": -1,
      "case_paths": [
        "/f/52/0371-01"
      ]
    },
    {
      "cite": "174 Mo. 225",
      "category": "reporters:state",
      "reporter": "Mo.",
      "case_ids": [
        1347254
      ],
      "weight": 2,
      "opinion_index": -1,
      "case_paths": [
        "/mo/174/0225-01"
      ]
    },
    {
      "cite": "16 S. W. 487",
      "category": "reporters:state_regional",
      "reporter": "S.W.",
      "weight": 2,
      "opinion_index": -1
    },
    {
      "cite": "84 Mo. 679",
      "category": "reporters:state",
      "reporter": "Mo.",
      "weight": 2,
      "opinion_index": -1
    },
    {
      "cite": "60 Pac. 747",
      "category": "reporters:state_regional",
      "reporter": "P.",
      "case_ids": [
        1087331
      ],
      "weight": 2,
      "opinion_index": -1,
      "case_paths": [
        "/kan/61/0667-01"
      ]
    },
    {
      "cite": "62 Wis. 411",
      "category": "reporters:state",
      "reporter": "Wis.",
      "case_ids": [
        8705778
      ],
      "opinion_index": 0,
      "case_paths": [
        "/wis/62/0411-01"
      ]
    },
    {
      "cite": "79 Fed. 934",
      "category": "reporters:federal",
      "reporter": "F.",
      "case_ids": [
        69043
      ],
      "opinion_index": 0,
      "case_paths": [
        "/f/79/0934-01"
      ]
    },
    {
      "cite": "211 Mo. 227",
      "category": "reporters:state",
      "reporter": "Mo.",
      "case_ids": [
        869377
      ],
      "opinion_index": 0,
      "case_paths": [
        "/mo/211/0227-01"
      ]
    },
    {
      "cite": "109 S. W. 1068",
      "category": "reporters:state_regional",
      "reporter": "S.W.",
      "opinion_index": 0
    },
    {
      "cite": "205 Mo. 721",
      "category": "reporters:state",
      "reporter": "Mo.",
      "case_ids": [
        2210313
      ],
      "opinion_index": 0,
      "case_paths": [
        "/mo/205/0721-01"
      ]
    },
    {
      "cite": "86 Ark. 412",
      "category": "reporters:state",
      "reporter": "Ark.",
      "case_ids": [
        1521519
      ],
      "opinion_index": 0,
      "case_paths": [
        "/ark/86/0412-01"
      ]
    },
    {
      "cite": "103 U. S. 11",
      "category": "reporters:federal",
      "reporter": "U.S.",
      "case_ids": [
        1522227
      ],
      "year": 1901,
      "opinion_index": 0,
      "case_paths": [
        "/us/103/0011-01"
      ]
    },
    {
      "cite": "71 Ark. 258",
      "category": "reporters:state",
      "reporter": "Ark.",
      "case_ids": [
        1507835
      ],
      "opinion_index": 0,
      "case_paths": [
        "/ark/71/0258-01"
      ]
    },
    {
      "cite": "81 Ark. 496",
      "category": "reporters:state",
      "reporter": "Ark.",
      "case_ids": [
        1530639
      ],
      "opinion_index": 1,
      "case_paths": [
        "/ark/81/0496-01"
      ]
    }
  ],
  "analysis": {
    "cardinality": 1116,
    "char_count": 28852,
    "ocr_confidence": 0.686,
    "pagerank": {
      "raw": 7.443704808162468e-08,
      "percentile": 0.44410793833926226
    },
    "sha256": "55b3ef2fe6a6dab63ff66025ddcf1f3473369aa4d2b1fa6e9855bf7b9b9ecbd5",
    "simhash": "1:ab569be3a0ab9fd6",
    "word_count": 5198
  },
  "last_updated": "2024-02-27T22:40:06.455099+00:00",
  "provenance": {
    "date_added": "2019-08-29",
    "source": "Harvard",
    "batch": "2018"
  },
  "casebody": {
    "judges": [],
    "parties": [
      "St. Louis, Iron Mountain & Southern Railway Company v. McNamare."
    ],
    "opinions": [
      {
        "text": "Hart, J.,\n(after stating the facts.) 1. Counsel for appellant assign as error the action of the court in refusing to grant it a change of venue. In its petition for a change of venue appellant states \u201cthat it verily believes that it cannot obtain a fair and impartial trial in this, Marion County, on account of the undue prejudice against the petitioner in said county. It further says the plaintiff is not a resident of Marion County, Arkansas, but is a resident of the State of Missouri; that her cause of action, if any she has, and the occurrence of which she complains did not take place in Marion County, Arkansas, but occurred in the State of Missouri, and plaintiff was not compelled to institute her suit in Marion County in order to get service on the defendant;\u201d and ends with a prayer to grant it an order changing the venue of this case to some other county in the State of Arkansas, against which there was no valid objection, and for all other proper relief.\nThe facts are that appellee came to Marion County after the suit was brought, a few weeks before the date of the trial, and resided there at the time of the trial. At the time her husband received the injury complained of, they resided at the town of Cotter, in Baxter County, Arkansas, through which county appellant\u2019s line of railroad also extended. The injury complained of occurred in the State of Missouri. The action was not commenced in the county of the plaintiff\u2019s residence nor in the county where the occurrence she complains of took place, and it was not necessary to bring the suit in Marion County in order to get service on the appellant. Hence, upon presentation of its petition duly verified, appellant was entitled as a matter of right to a change of venue.\nWe will quote the two sections of our statutes relative to the question: Section 7996 provides: \u201cAny party to a civil action, trial by jury, may obtain an order for change of venue therein by a motion upon a petition stating that he verily believes that he cannot obtain a fair and impartial trial in said action in the county in which the same is pending on account of the undue influence of his adversary, or of the undue prejudice against the petitioner, or his cause of action, or defense, in such county. The petition shall be signed by the party and verified as pleadings are required to be verified, and shall be supported by affidavits of at least two credible persons to the effect that affiants believe that the statements of the petitioner are true.\nSection 7998: \u201cUpon 'presenting the petition, which may be resisted, arid notice to such judge, he may make an order for the change of venue in such action if, in his judgment, it be. necessary to \u00e1 fair and impartial trial, to a county to which there is no valid objection, which he concludes is most convenient to the parties and their witnesses; provided, that, in case where the plaintiff shall have instituted suit in a county other than that of his residence, or of the county where the occurrence of which he complains took place, unless -compelled to do so in order to get service on the- defendant, the defendant shall have the right to a -change of venue upon presentation of his petition duly verified.\u201d\nThe language, \u201cupon presenting the petition, which may be resisted,\u201d plainly contemplates the petition duly verified and the supporting affidavits. This is so for the reason that it provides for a resistance, whi-ch could not -be done, and which would not be necessary to be done, unless a petition for change of venue duly verified and with supporting affidavits, as required by the statute, had been filed. In short, there would be nothing to resist unless the requirements of section 7996 had been complied with.\nThe proviso contained in the latter part of section 7998 is a limitation upon the preceding part of the section. Where the conditions contained in the proviso exist, they defeat the operation of the first part of the section. In other words, the proviso conditionally limits the operation of the statute relative to a change of venu-e. It provides that when the conditions exist the change of venue shall be granted as a matter of right upon presentation of the petition duly verified. If the Legislature had intended that the supporting affidavits should accompany the petition as a prerequisite to the granting of a change of venue, it would have used the language \u201cupon presentation of his petition duly verified together with the supporting affidavits.\u201d But the expression of the one excludes the use of the other.\nIn the case of St. Louis Southwestern Railway Co. v. Furlow, 81 Ark. at p. 499, the -court said: \u201cThe statute plainly means that if the plaintiff commences an action in a county other than that of his residence, or other than that of the county in which this -occurrence of which he complains took place, unless he is compelled to do so in order to get - service on the defendant, the latter shall have the right to a change of venue upon presentation of his petition in proper form, duly verified, containing allegations of the statutory grounds of prejudice or undue influence and supported by the affidavits of two credible witnesses.\u201d The use of the words, \u201cand supported by the affidavits of two credible witnesses,\u201d used by the court, was not necessary to a proper determination of the issue under consideration, and the views we have expressed in the present case are in harmony with the rest of the opinion.\n2. Appellee alleges in her complaint that she is entitled to maintain this action under section 2864 of the Revised Statutes of Missouri (1899). Counsel for appellant contend that section 2864 is penal in its character, and that the courts of one jurisdiction will not enforce the penal statutes of another. The allegations of the complaint do not state a cause of action under section 2864, but do state a cause of action under section 2865 of the Revised Statutes of Missouri.\n\u201cThe right of action given in section 2864 is for a death caused by the negligence of the servant operating the defendant\u2019s instrument of transportation, whether it be a locomotive, car, train of cars, steamboat, its machinery, stage coach, or other public conveyance, while the right of action given in the two sections next following is for a death caused by the negligence of the defendant, which may mean his own negligence, as for \u2022 instance, in furnishing an unsafe vehicle, or it may mean his negligence through bis servant in some particular other than the particular specified in section 2864, for which, if the person injured had not died, he would have had a cause of action.\u201d Casey v. Transit Co., 205 Mo. 721; Crohn v. Kansas City Home Telephone Co. (Mo. App.), 109 S. W. 1068.\nThe complaint in this case alleges that the death of Mc-Namare was caused by the negligence of appellant in failing to block its frogs and guard rails as required by the act approved February 28, 1907. See Laws of Missouri, 1907, p. 181. Hence it states a cause of action under section 2865, and not under 2864, of the Missouri Revised Statutes.\nSection 2865 does not create a new cause of action, but simply transmits one that theretofore existed, and would have ceased to exist upon the death of the injured party but for its provisions. Strottman v. St. Louis, I. M. & S. Ry. Co., 211 Mo. 227.\nSection 2865, Revised Statutes of Missouri, 1899, is as follows: \u201cWhenever the death of a person shall be caused by a wrongful act, neglect or default of another, and the act, neglect or default is such as would4 if death had not ensued, have entitled the part)' injured to maintain an action and recover damages in respect thereof, then, and in every such case, the person who or the corporation which would have been liable if death had not ensued shall be liable to an action for damages, notwithstanding the death of the person injured.\u201d\nIt will be seen that the recovery permitted by this statute, giving a right of action for death by wrongful act, is not a penalty inflicted by way of punishment, but is merely compensatory for the damages sustained by the widow to whom under the Missouri statutes the right of action was transmitted on the death of her husband.\nIt is well settled that an action under such statutes may be maintained in another State having a statute substantially similar in import and character. St. Louis, I. M. & S. Ry. Co. v. Haist, 71 Ark. 258, and numerous cases cited in note to the case of Raisor v. Chicago & Alton Ry. Co., on page 806 of 2 Am. & Eng. Ann. Cases. Counsel for appellant urges upon us that the statutes are not substantially similar in their character. As we have already shown, the statute of Missouri under which the suit was brought is similar to ours in that\" it is not a suit for a penalty, but for damages as compensation; and also that it does not create a new cause of action, but simply provides for the survival of the cause of action where death ensues. There is no objection that the right of action is enforced by the widow as provided by the laws of Missouri, instead of by the personal representative for the benefit of the estate and for the beneficiaries of the deceased, as provided by our statutes. In Dennick v. Railroad Company, 103 U. S. 11, the United States Supreme Court said of a similar action: \u201cIt is indeed a right dependent solely on the statute of the State; but when the act is done for which the law says the person shall be liable, and the action by which the remedy is to be enforced is a personal and not a real action, and is of that character which the law recognizes as transitory and not local, we can not see why the defendant may not be liable in any court to whose jurisdiction he can be subjected by personal process or by voluntary appearance, as was the case here. It is difficult to understand how the nature of the remedy, or the jurisdiction of the courts to enforce it, is in any manner dependent on the question whether it is statutory right or a common-law right. Whenever, hy either the common law or the statute law of a State, a right of action has become fixed and a legal liability incurred, that liability may be enforced and the right of action pursued in any court which has jurisdiction of such matters and can obtain jurisdiction of the parties.\u201d To the same effect see Boston & M. R. Co. v. McDuffey, 79 Fed. 934. Therefore, we are of the opinion that under the principles above declared the suit can be maintained in this State.\n3. It is next contended that the act approved February 28, 1907 (Laws of Missouri, 1907, p. 181), is unconstitutional. The act reads as follows:\n\u201cSec. 1. That all companies or corporations, lessees or other persons owning or operating any railroad or part of railroad in this State are hereby required, on or before the first day of September, nineteen hundred and seven (1907), to adopt, put in use and maintain the best known appliances or inventions to fill or block all switches, frogs and guard rails on their roads, in all yards, divisional and terminal stations, and where trains are made up, to prevent, as far as possible, the feet of employees or other persons from being caught therein. Any company or corporation, lessees or other person, owning or operating any railroad or part of a railroad in this State, who shall fail to do any act or thing in this section required to be done, or shall cause any act or thing not to be done, or shall aid or abet any such omission, shall be deemed guilty of a violation of this law, and shall forfeit and pay the sum of ten ($10.00) dollars for every such offense, and each' day shall constitute a separate and distinct offense. At every term of a court of record of this State having criminal jurisdiction, the judge thereof shall direct and charge grand juries to make special inquiry as to violation of this law.\n\u201cSec. 2. When any employee or other person shall be injured, maimed or killed by reason of the nonco'mpliance with the provisions of this act, then in any action for damages which may be instituted against any railroad company, corporation or lessee for such injuring, maiming or killing proof of contributory negligence or carelessness on the part of any employee or other person so injured, maimed or killed shall not relieve such railroad company (corporation) or lessee from liability.\u201d\nCounsel first urge that the act is unconstitutional because it takes away the defense of contributory negligence from the railroad company, and thereby deprives it of its property without due process of law. The rule on that subject as laid down by Mr. Elliott is as follows: \u25a0 \u201cThere are many modern statutes requiring the performance of specified acts and denouncing a penalty against persons who fail or refuse to perform the designated acts. In some of the books it is suggested that the doctrine of contributory negligence does not apply where the injury is caused by a violation of the statute. The overwhelming weight of authority is, however, that the doctrine does apply, unless the statute abrogates the rule of the common law. Principle and authority, as we believe, require the conclusion that, although the\u2019 violation of a statute may give a right of action to one who is injured thereby, it does not, unless expressly or by necessary implication so declared, give a right of action to one who is himself guilty of contributory negligence.\u201d 3 Elliott on Railroads, \u00a7 1315. See, also, 2 Labatt, Master and Servant, \u00a7 \u00a7 951 and 952; Quackenbush v. Wis. & Minn. Rd. Co., 62 Wis. 411. Here the act expressly deprives the railway company of the defense of contributory negligence. The policy of the law on which the defense is excluded is that it is in the nature of a penalty for the neglect of the railroad company to comply with a regulation of the Legislature deemed necessary for the lives of its employees. We are of the opinion that such acts fall within the police power of the State, and are within the scope of legislative authority.\nAgain it is urged by counsel for appellant that Congress by act of April 22, 1908, has assumed jurisdiction over injuries to employees engaged in interstate commerce, and that such jurisdiction is exclusive.\nIn the case of Chicago, Rock Island & Pacific Rd. Co. v. State, 86 Ark. 412, this court held that the Arkansas statute requiring railroad companies to equip certain freight trains with at least three brakemen, insofar as it relates to' interstate commerce, is not in conflict' with any act of Congress on that subject, and is valid until Congress legislates on the same subject. The court, speaking through Chief Justice Hiee, said: \u201cThere is no direct interference with the legislation of Congress relied upon by the act in question. Each may stand; each covers its own field; and there is no apparent ground of conflict possible in the operation of the two acts, for they do not reach the precise subject-matter.\u201d\nSo in the present case it may be said that Congress has not required railroad companies engaged in interstate commerce to fill or block all switches, frogs and guard rails on their roads or in their yards, and there is no conflict, therefore, between the act now under consideration and the act of Congress of April 22, 1908, commonly known as the Employers\u2019 Liability Act.\n4. Counsel for appellant also contend that the court erred in submitting to the jury the question whether the place where McNamare received the injuries which resulted in his death was a yard on appellant\u2019s line of railroad, and urges that the court should have declared as a matter of law under the evidence adduced that such place was not a yard, within the meaning of the act of Missouri of February 28, 1907, above quoted. The case seems to have been tried on the theory that the act does not contemplate that all switches, frogs and guard rails on the road shall be filled or blocked, but that only such as are in yards, divisional and terminal stations and where trains are made up fall within the provisions of the act. Inasmuch as the question of filling or blocking frogs, switches and guard rails on all parts of the road may arise on a new trial of the case, and for the reason that neither the Supreme nor Appellate Courts of the State of Missouri have to our knowledge construed the act, we will refrain from considering this assignment of error.\n5. Other assignments of error are urged upon us for our consideration, but they are upon questions of evidence and on the improper remarks of counsel in their argument to the jury, and they need not arise on a retrial of the cause. Hence we will not now consider them.\nFor the error in not granting appellant a change of venue as indicated in the opinion, the judgment will be reversed, and the cause remanded for a new trial.",
        "type": "majority",
        "author": "Hart, J.,"
      },
      {
        "text": "McCuruoch, C. J.,\n(concurring). I concur in the judgment of reversal, because I think the trial court erred in hearing evidence as to the existence of the grounds for change of venue set forth in the petition, and in overruling the petition. But I do not concur in that part of the opinion which holds that \u201cwhere the plaintiff shall have instituted suit in a county other than that of his residence, or of the county where the occurrence of which he complains took place, unless compelled to do so in order to get service on the defendant,\u201d the change may be granted on presentation of a verified petition without supporting affidavits. I think the statute means that under such circumstances the petition must be verified, and must .also be supported by the affidavits of at least two credible persons, as provided in section 7996 of Kirby\u2019s Digest, but that the grounds of the petition cannot be inquired into. This was what we stated in St. Louis S. W. Ry. Co. v. Furlow, 81 Ark. 496, to be the proper construction of the statute.\nSection 7996 of Kirby\u2019s Digest provides in general terms what a party shall do in order to obtain a change of venue, and it requires the supporting affidavits of at least two credible persons. Section 7381 of Sandels & Hill\u2019s Digest, which was amended by the act of April 13, 1899, reads as follows:\n\u201cUpon presenting the petition and notice to such judge, he shall make an order for the change of the venue in such action to a county to which there is no valid objection, which in his judgment is most convenient to the parties and their witnesses.\u201d\nNow, the only change wrought in the law by the act of 1899 is to allow the grounds stated in the petition to be inquired into by the court except in cases where the plaintiff improperly institutes the action in a county other than that of his residence or where the injury complained of occurred; and it is clear to me that the Legislature did not intend to change the form or substance of the petition, or to relieve the petitioner from the necessity of presenting supporting affidavits to his petition in order to show the good faith of his .allegations that he \u201cverily believes that he cannot obtain a fair and impartial trial of said action in the county in which the same is pending.\u201d My opinion is that the Legislature only intended to make the petition and the supporting affidavits of credible persons conclusive as to the existence of grounds for a change of venue, where the plaintiff has instituted an action in the wrong county, the same as the law stood as to all actions before the passage of the act.\nThe language of the act of 1899 fully bears out my construction. It begins with a declaration that \u201cupon presentation of the petition, which may be resisted,\u201d etc., the court or judge shall make the order for a change if in his judgment it be necessary to obtain a fair trial. What is meant by the word \u201cpetition\u201d as thus used? Surely not a bare petition, without supporting affidavits; for section 7996, which is neither amended nor repealed, expressly provides that the petition must be accompanied by supporting affidavits. Now, if the legislature used the words \u201cpresentation of the petition\u201d in the beginning of this section without intending to dispense with the necessity for supporting affidavits, then it is reasonable to suppose that there was no intention, in using the words \u201cpresentation of the petition duly verified\u201d in the concluding part of the section, to dispense with the requirement for supporting affidavits.\nI think that in actions instituted in a county other than that of the plaintiff\u2019s residence, and other than the county where the injury complained of occurred, unless compelled to do so in order to get service of summons, the act of 1899 made no change in the requirements at all, and in such cases the defendant must still, as before, present a petition duly verified by affidavit, and supported by the affidavits of at least two credible persons. The inquiry of the court is then limited to the ascertainment whether or not the supporting affiants are credible persons; and if they are found to be such, the change of venue must be granted as a matter of course.",
        "type": "concurrence",
        "author": "McCuruoch, C. J.,"
      }
    ],
    "attorneys": [
      "E. B. Kinsworthy, S. D. Campbell and Thos. T. Dickinson, for appellants.",
      "Jones & Seawel and Hamlin & Seawel, for appellee."
    ],
    "corrections": "",
    "head_matter": "St. Louis, Iron Mountain & Southern Railway Company v. McNamare.\nOpinion delivered June 28, 1909.\n1. Venue \u2014 eight to change oe. \u2014 \u00dander Kirby\u2019s Digest, \u00a7 7998, providing that \u201cwhere the plaintiff shall have instituted suit in a county other than that of his residence, or of the county where the occurrence of which he complains took place, unless compelled to do so to get service on the defendant, the defendant shall have the right to a change of venue upon presentation of his petition duly verified,\u201d a defendant in a civil case is entitled as matter of right to a. change of venue where his application therefor, duly verified, shows that the suit was not brought either in the county in which plaintiff resided at the time the suit was commenced or in the county in which the occurrence complained of took place, and it is unnecessary that such application should be supported by the affidavits of two credible witnesses, as required in other cases. (Page 518.)\n2. Conflict of laws \u2014 extraterritorial effect of remedial statute.\u2014 Under Rev. Stat. Mo., \u00a7 2865, providing for a survival of a cause of action \u201cwhenever the death of a person shall be caused by a wrongful act, neglect or default of another,\u201d a cause of action originating in that State may be enforced in the courts of this State. (Page 521.)\n3. Master and servant \u2014 validity of regulation. \u2014 The act of Missouri of February 28, 1907 (Laws Mo. 1907, p. 181), requiring all railroads \u201cto fill or block all switches, frogs or guard rails,\u201d etc., is not unconstitutional in providing that contributory negligence on the employee\u2019s part shall not be a defense. (Page 523.)\n4. Same \u2014 validity of regulation of interstate commerce. \u2014 The act of Missouri of February 28, 1907 (Laws Mo. 1907, p. 181), requiring railroads to fill or block all switches, frogs or. guard rails, etc., is not, in so far as it relates to interstate commerce, in conflict with any act of Congress on that subject, and is valid until Congress legislates on the same subject. (Page 524.)\nAppeal from Marion Circuit Court; Brice B. Hudgins, Judge;\nreversed.\nSTATEMENT BY THE COURT.\nThis is an action by Ruth E. McNamare, widow of F. Mc-Namare, against the St. Louis, Iron Mountain & Southern Railway Company to recover damages for alleged negligence in killing her husband while in the employment of said railway-company.\nThe material facts upon which the suit is based are as follows: On the 18th day of February, 1908, plaintiff\u2019s husband was in the employment of the defendant as a brakeman on one of its freight trains, running from Cotter, Arkansas, to Crane, Missouri. On said date one of the defendant\u2019s freight trains, upon which her said husband was a brakeman, was running north on defendant\u2019s railroad at or near Melva, Missouri, and the conductor ordered her husband, who was in the rear of said train, to walk over the cars and notify the engineer to head in on a switch in the yards at Melva for the purpose of allowing a passenger train to pass. In obedience to the order, McNamare went forward and notified the engineer. The engineer, instead of heading into the switch, went to the other end of it for the purpose of backing into it. It was the duty of McNamare to assist in operating the switch. For that purpose, as the engine approached the switch stand, he jumped off of it. His foot was caught in an unblocked frog or guard rail, and was held so firmly that he could not unloose it so as to get out of the way of the train. The train ran over him, severing his legs from his body, which resulted in his death. In getting off of the .engine he jumped on the side next to the switch, instead of on the opposite side, as he was required to do by the rules of the company.\nThere was a jury trial and verdict for the plaintiff in the sum of $7,500.\nFrom the judgment entered on the verdict the defendant has appealed.\nE. B. Kinsworthy, S. D. Campbell and Thos. T. Dickinson, for appellants.\n1. The statutes of Missouri are penal statutes, and are so dissimilar to the statutes of Arkansas relating to wrongful death and survival of action, and so against the policy of our laws, that this action cannot be maintained in our courts. 60 Pac. 747; 84 Mo. 679; 16 S. W. 487; 174 Mo. 225; 52 Fed. 371; 18 Kans. 46; 98 Mass. 85; 46 Fed. 269; 143 Mass. 301; 67 Yt. 76; 25 Oh. St. 667; 9 S. W. 540; 64 Oh. St. 133; 72 Md. 144; 5 L. R. A. 364; \u00a7 \u00a7 2864-5 Rev. St. of Mo.; Laws of Mo., 1905, p. 135; Id. Laws 1907, p. 181, 252; Kirby\u2019s Dig., \u00a7 \u00a7 6289, 6290; 64 Oh. St. 1-33; 7 Am. Dec. 467; 69 Id. 740; 105 Am. St. 820; 14 Id. 344; 71 Ark. 258; 32 Id. 120; 70 Id. 494.\n2. The statutes of Missouri are contrary to the constitutions of Missouri and the United States, and \u201cthe public policy\u201d of the United States as declared by Congress and the judicial department. Const, of Mo., art 2, \u00a7 \u00a7 10, 30; Id. art. 4, \u00a7 53; in S. W. 500; Const. U. S., 5th amend., \u00a7 1, art 1, \u00a7 \u00a7 8, .10. Congress has entered the field of exclusive jurisdiction and legislation as to interstate commerce matters, and state statutes are void. 6 Fed. Stat. An. 752-756; lb. 1907 Supp., pp. 68-69, Employers Liability Act, etc.; 117 N. W. 686; m S. W. 500; 207 U. S. 463-\n3. Defendant was entitled to a change of venue. Kirby\u2019s Dig., \u00a7 \u00a7 7096-8; 81 Ark. 499.\n4. The place where the injury occurred was not a yard, divisional or terminal point, and the act did not require blocked or filled frogs therein, no Mo. 286; 101 Mich. 599; 152 U. S. 14S. 150; 57 Ark. 377; 149 Ind. 172; 57 Fed. 145; no Mo. 317.\n5. McNamare was injured through his own contributory negligence; he assumed the risk and violated the rules of the company with which he was familiar, hence there can be no recovery. 41 Ark. 542; 46 Id. 569; 61 Id. 549; 57 Id. 461; 63 Id. 427; 106 Mo. 74; no Id. 395.\n6. The courts of this State are without jurisdiction to render judgment for death occurring in Missouri. Authorities supra; 84 Mo. 679; 54 Am. Rep. 105; 16 S. W. 487.; 97 Am. St. 553; 52 Fed. 371; 79 Ark. 62; 26 Am. Rep. 742; 18 Kans. 46; 98 Mass. 85; 60 Pac. 747; 174 Mo. 225; 215 111. 47; 46 Fed. 268; 67 Vt. 76; 147 Mass. 301; 20 Am. St. 461; 83 id. 739; 5 L. R. A. 364; -32 Ark. 120; 70 Id. 494.\nJones & Seawel and Hamlin & Seawel, for appellee.\n1. The right of action is given by section 2865, and the measure of damages is governed by section 2866, as amended by act of 1907, Rev. St. of Mo., 1905, p. 155, etc.: 67 Mo. 272; 78 Id. 195; 69 Id. 536; 98 Id. 74; 155 Id. 610; 173 Id. 654; 91 Id. 509; 97 Id. 253; 106 Id. 74; 109 Id. 518; 90 Id. 403; 94 Id. 286. The damages are compensatory and not penal. Cases supra and 75 Mo. App. 535; 80 Id. 93; 178 Mo. 528; 94 Id. 286. This is the doctrine held in Arkansas. 62 Ark. 254; 76 Id. 362; 67 Id. 295; 71 Id. 445; 50 Id. 155; 87 Ark. 65; 103 U. S. 11; Minor, Conflict of Laws (1901), \u00a7 200; 56 L. R. A. 193 and notes.\n2. The statute is constitutional, and is not a regulation of interstate commerce. The United States \u201cEmployers Liability Act\u201d was not in force when the injury occurred. 207 U. S. 463; 77 Ark. 483; 86 Ark. 412; 128 U. S. 96; 86 Ark. 246; 129 U. S. 34; 68 L. R. A. 168; 169 U. S. 613; 80 Ark. 404; 115 U. S. 463; 26 Cyc. 980-1230.\n3. The petition for change of venue was properly refused. It was properly supported, and plaintiff was a resident of Marion County. 54 Ark. 243; 71 Id. 180; 76 Id. 276; 80 Id. 360; 74 Id. 172; 83 Id. 38; 86 Ark. 357.\n4. It was a question of fact whether or not the place of accident was a yard, and the verdict was conclusive. 78 Ark. 28; 67 Id. 426; 65 Id. 426; 85 Id. 221. The act requires all * * * frogs, etc., to be filled or blocked whether in yards or on their roads.\n5. The doctrine of assumed risk and contributory negligence- are unavailing under the statute. 122 Mo. App. 227-233; 37 C. C. A. 499; 48 L. R. A. 68; 46 Mo. App. 266; 73 Mo. 219; 112 S. W. 985; 29 Cyc. 622."
  },
  "file_name": "0515-01",
  "first_page_order": 535,
  "last_page_order": 547
}
