{
  "id": 6794224,
  "name": "Club Level, Inc., et al., Petitioners, v. Wash. State Liquor Control Bd. et al., Respondents",
  "name_abbreviation": "Club Level, Inc. v. Wash. State Liquor Control Bd.",
  "decision_date": "2015-06-03",
  "docket_number": "No. 91278-5",
  "first_page": "1003",
  "last_page": "1003",
  "citations": [
    {
      "type": "official",
      "cite": "183 Wash. 2d 1003"
    }
  ],
  "court": {
    "name_abbreviation": "Wash.",
    "id": 9029,
    "name": "Washington Supreme Court"
  },
  "jurisdiction": {
    "id": 38,
    "name_long": "Washington",
    "name": "Wash."
  },
  "cites_to": [
    {
      "cite": "185 Wn. App. 1016",
      "category": "reporters:state",
      "reporter": "Wash. App.",
      "case_ids": [
        4360987,
        4358745,
        4357675,
        4360004
      ],
      "opinion_index": 0,
      "case_paths": [
        "/wash-app/185/1016-01",
        "/wash-app/185/1016-02",
        "/wash-app/185/1016-03",
        "/wash-app/185/1016-04"
      ]
    }
  ],
  "analysis": {
    "cardinality": 36,
    "char_count": 241,
    "ocr_confidence": 0.824,
    "sha256": "5833fdc37ba82feb2d43a6e3e4ec5cea16eda983f02faab0640fe6f05a764aec",
    "simhash": "1:491f82fb6dc04c7c",
    "word_count": 41
  },
  "last_updated": "2024-02-27T22:09:01.011694+00:00",
  "provenance": {
    "date_added": "2019-08-29",
    "source": "Harvard",
    "batch": "2018"
  },
  "casebody": {
    "judges": [],
    "parties": [
      "Club Level, Inc., et al., Petitioners, v. Wash. State Liquor Control Bd. et al., Respondents,"
    ],
    "opinions": [
      {
        "text": "Petition for review of a decision of the Court of Appeals, No. 45270-7-II, December 30, 2014, 185 Wn. App. 1016.",
        "type": "majority",
        "author": null
      }
    ],
    "attorneys": [],
    "corrections": "",
    "head_matter": "Club Level, Inc., et al., Petitioners, v. Wash. State Liquor Control Bd. et al., Respondents,\nNo. 91278-5.\nDenied June 3, 2015."
  },
  "file_name": "1003-05",
  "first_page_order": 961,
  "last_page_order": 961
}
