{
  "id": 6796442,
  "name": "State, Respondent, v. Cruz-Grijalva, Petitioner",
  "name_abbreviation": "State v. Cruz-Grijalva",
  "decision_date": "2015-07-09",
  "docket_number": "No. 91334-0",
  "first_page": "1013",
  "last_page": "1013",
  "citations": [
    {
      "type": "official",
      "cite": "183 Wash. 2d 1013"
    }
  ],
  "court": {
    "name_abbreviation": "Wash.",
    "id": 9029,
    "name": "Washington Supreme Court"
  },
  "jurisdiction": {
    "id": 38,
    "name_long": "Washington",
    "name": "Wash."
  },
  "cites_to": [
    {
      "cite": "185 Wn. App. 1025",
      "category": "reporters:state",
      "reporter": "Wash. App.",
      "case_ids": [
        4360345,
        4360299,
        4361027,
        4360740
      ],
      "opinion_index": 0,
      "case_paths": [
        "/wash-app/185/1025-03",
        "/wash-app/185/1025-01",
        "/wash-app/185/1025-04",
        "/wash-app/185/1025-02"
      ]
    }
  ],
  "analysis": {
    "cardinality": 27,
    "char_count": 194,
    "ocr_confidence": 0.874,
    "sha256": "8cb8ab61ca6f9ee54524de10c63d28bbae0d0c0fe0a371946ca72aefce705c5c",
    "simhash": "1:80f586fb3dceece3",
    "word_count": 31
  },
  "last_updated": "2024-02-27T22:09:01.011694+00:00",
  "provenance": {
    "date_added": "2019-08-29",
    "source": "Harvard",
    "batch": "2018"
  },
  "casebody": {
    "judges": [],
    "parties": [
      "State, Respondent, v. Cruz-Grijalva, Petitioner,"
    ],
    "opinions": [
      {
        "text": "Petition for review of a decision of the Court of Appeals, No. 70419-2-1, January 20, 2015, 185 Wn. App. 1025.",
        "type": "majority",
        "author": null
      }
    ],
    "attorneys": [],
    "corrections": "",
    "head_matter": "State, Respondent, v. Cruz-Grijalva, Petitioner,\nNo. 91334-0.\nDenied July 9, 2015."
  },
  "file_name": "1013-01",
  "first_page_order": 971,
  "last_page_order": 971
}
