{
  "id": 6796976,
  "name": "State, Petitioner, v. Budd, Respondent",
  "name_abbreviation": "State v. Budd",
  "decision_date": "2015-08-05",
  "docket_number": "No. 91529-6",
  "first_page": "1014",
  "last_page": "1014",
  "citations": [
    {
      "type": "official",
      "cite": "183 Wash. 2d 1014"
    }
  ],
  "court": {
    "name_abbreviation": "Wash.",
    "id": 9029,
    "name": "Washington Supreme Court"
  },
  "jurisdiction": {
    "id": 38,
    "name_long": "Washington",
    "name": "Wash."
  },
  "cites_to": [
    {
      "cite": "186 Wn. App. 184",
      "category": "reporters:state",
      "reporter": "Wash. App.",
      "case_ids": [
        4172091
      ],
      "opinion_index": 0,
      "case_paths": [
        "/wash-app/186/0184-01"
      ]
    }
  ],
  "analysis": {
    "cardinality": 27,
    "char_count": 186,
    "ocr_confidence": 0.842,
    "pagerank": {
      "raw": 4.03580807328026e-08,
      "percentile": 0.1826876779302577
    },
    "sha256": "3a9ccdd3bc0ec65723b81018c10af5b90cb0ec439b00d4b87c97724f92185a0d",
    "simhash": "1:00bd2aba644f4861",
    "word_count": 31
  },
  "last_updated": "2024-02-27T22:09:01.011694+00:00",
  "provenance": {
    "date_added": "2019-08-29",
    "source": "Harvard",
    "batch": "2018"
  },
  "casebody": {
    "judges": [],
    "parties": [
      "State, Petitioner, v. Budd, Respondent,"
    ],
    "opinions": [
      {
        "text": "Petition for review of a decision of the Court of Appeals, No. 31638-6-III, March 3, 2015, 186 Wn. App. 184.",
        "type": "majority",
        "author": null
      }
    ],
    "attorneys": [],
    "corrections": "",
    "head_matter": "State, Petitioner, v. Budd, Respondent,\nNo. 91529-6.\nGranted August 5, 2015."
  },
  "file_name": "1014-06",
  "first_page_order": 972,
  "last_page_order": 972
}
