{
  "id": 6797345,
  "name": "State, Respondent, v. St. Ours, Petitioner",
  "name_abbreviation": "State v. St. Ours",
  "decision_date": "2015-08-05",
  "docket_number": "No. 91502-4",
  "first_page": "1016",
  "last_page": "1016",
  "citations": [
    {
      "type": "official",
      "cite": "183 Wash. 2d 1016"
    }
  ],
  "court": {
    "name_abbreviation": "Wash.",
    "id": 9029,
    "name": "Washington Supreme Court"
  },
  "jurisdiction": {
    "id": 38,
    "name_long": "Washington",
    "name": "Wash."
  },
  "cites_to": [
    {
      "cite": "186 Wn. App. 1005",
      "category": "reporters:state",
      "reporter": "Wash. App.",
      "case_ids": [
        4173353,
        4173153,
        4171510,
        4171743
      ],
      "opinion_index": 0,
      "case_paths": [
        "/wash-app/186/1005-03",
        "/wash-app/186/1005-01",
        "/wash-app/186/1005-04",
        "/wash-app/186/1005-02"
      ]
    }
  ],
  "analysis": {
    "cardinality": 28,
    "char_count": 193,
    "ocr_confidence": 0.788,
    "sha256": "6bd89d1d3d080624dbe978e43f052cecc5696724d52666a6c000125076dfb8e7",
    "simhash": "1:04b9c6bb774d1e75",
    "word_count": 32
  },
  "last_updated": "2024-02-27T22:09:01.011694+00:00",
  "provenance": {
    "date_added": "2019-08-29",
    "source": "Harvard",
    "batch": "2018"
  },
  "casebody": {
    "judges": [],
    "parties": [
      "State, Respondent, v. St. Ours, Petitioner,"
    ],
    "opinions": [
      {
        "text": "Petition for review of a decision of the Court of Appeals, No. 45109-3-II, February 24, 2015, 186 Wn. App. 1005.",
        "type": "majority",
        "author": null
      }
    ],
    "attorneys": [],
    "corrections": "",
    "head_matter": "State, Respondent, v. St. Ours, Petitioner,\nNo. 91502-4.\nDenied August 5, 2015."
  },
  "file_name": "1016-02",
  "first_page_order": 974,
  "last_page_order": 974
}
