{
  "id": 6797508,
  "name": "State, Respondent, v. Davis, Petitioner",
  "name_abbreviation": "State v. Davis",
  "decision_date": "2015-08-06",
  "docket_number": "No. 91343-9",
  "first_page": "1016",
  "last_page": "1016",
  "citations": [
    {
      "type": "official",
      "cite": "183 Wash. 2d 1016"
    }
  ],
  "court": {
    "name_abbreviation": "Wash.",
    "id": 9029,
    "name": "Washington Supreme Court"
  },
  "jurisdiction": {
    "id": 38,
    "name_long": "Washington",
    "name": "Wash."
  },
  "cites_to": [
    {
      "cite": "185 Wn. App. 1059",
      "category": "reporters:state",
      "reporter": "Wash. App.",
      "case_ids": [
        4357944,
        4359889,
        4359571
      ],
      "opinion_index": 0,
      "case_paths": [
        "/wash-app/185/1059-01",
        "/wash-app/185/1059-02",
        "/wash-app/185/1059-03"
      ]
    }
  ],
  "analysis": {
    "cardinality": 30,
    "char_count": 204,
    "ocr_confidence": 0.808,
    "sha256": "abf556d436a0f4965e0cc0d63dfcca4f805968dfcf4604c04f8694bceefe4efd",
    "simhash": "1:8c6172972e054cf6",
    "word_count": 33
  },
  "last_updated": "2024-02-27T22:09:01.011694+00:00",
  "provenance": {
    "date_added": "2019-08-29",
    "source": "Harvard",
    "batch": "2018"
  },
  "casebody": {
    "judges": [],
    "parties": [
      "State, Respondent, v. Davis, Petitioner,"
    ],
    "opinions": [
      {
        "text": "Petition for review of a decision of the Court of Appeals, Nos. 45274-0-1 and 45280-4-1, February 18, 2015, 185 Wn. App. 1059.",
        "type": "majority",
        "author": null
      }
    ],
    "attorneys": [],
    "corrections": "",
    "head_matter": "State, Respondent, v. Davis, Petitioner,\nNo. 91343-9.\nDenied August 6, 2015."
  },
  "file_name": "1016-07",
  "first_page_order": 974,
  "last_page_order": 974
}
