{
  "id": 6798206,
  "name": "State, Respondent, v. Socorro Bautista, Petitioner",
  "name_abbreviation": "State v. Bautista",
  "decision_date": "2015-09-02",
  "docket_number": "No. 91544-0",
  "first_page": "1021",
  "last_page": "1021",
  "citations": [
    {
      "type": "official",
      "cite": "183 Wash. 2d 1021"
    }
  ],
  "court": {
    "name_abbreviation": "Wash.",
    "id": 9029,
    "name": "Washington Supreme Court"
  },
  "jurisdiction": {
    "id": 38,
    "name_long": "Washington",
    "name": "Wash."
  },
  "cites_to": [
    {
      "cite": "185 Wn. App. 1054",
      "category": "reporters:state",
      "reporter": "Wash. App.",
      "case_ids": [
        4360087,
        4358284,
        4359901,
        4357887
      ],
      "opinion_index": 0,
      "case_paths": [
        "/wash-app/185/1054-03",
        "/wash-app/185/1054-01",
        "/wash-app/185/1054-02",
        "/wash-app/185/1054-04"
      ]
    }
  ],
  "analysis": {
    "cardinality": 28,
    "char_count": 203,
    "ocr_confidence": 0.834,
    "sha256": "e7a5601d7005a6a74db934d7a813ecd83bb88fdd1d88cc17316b2df2b1b4476e",
    "simhash": "1:05fd86ff7c4d07e0",
    "word_count": 32
  },
  "last_updated": "2024-02-27T22:09:01.011694+00:00",
  "provenance": {
    "date_added": "2019-08-29",
    "source": "Harvard",
    "batch": "2018"
  },
  "casebody": {
    "judges": [],
    "parties": [
      "State, Respondent, v. Socorro Bautista, Petitioner,"
    ],
    "opinions": [
      {
        "text": "Petition for review of a decision of the Court of Appeals, No. 70294-7-1, February 17, 2015, 185 Wn. App. 1054.",
        "type": "majority",
        "author": null
      }
    ],
    "attorneys": [],
    "corrections": "",
    "head_matter": "State, Respondent, v. Socorro Bautista, Petitioner,\nNo. 91544-0.\nDenied September 2, 2015."
  },
  "file_name": "1021-04",
  "first_page_order": 979,
  "last_page_order": 979
}
