{
  "id": 6798508,
  "name": "State, Respondent, v. Bush, Petitioner",
  "name_abbreviation": "State v. Bush",
  "decision_date": "2015-09-02",
  "docket_number": "No. 91588-1",
  "first_page": "1023",
  "last_page": "1023",
  "citations": [
    {
      "type": "official",
      "cite": "183 Wash. 2d 1023"
    }
  ],
  "court": {
    "name_abbreviation": "Wash.",
    "id": 9029,
    "name": "Washington Supreme Court"
  },
  "jurisdiction": {
    "id": 38,
    "name_long": "Washington",
    "name": "Wash."
  },
  "cites_to": [
    {
      "cite": "186 Wn. App. 1031",
      "category": "reporters:state",
      "reporter": "Wash. App.",
      "case_ids": [
        4172729,
        4172659,
        4174203,
        4173990
      ],
      "opinion_index": 0,
      "case_paths": [
        "/wash-app/186/1031-03",
        "/wash-app/186/1031-02",
        "/wash-app/186/1031-04",
        "/wash-app/186/1031-01"
      ]
    }
  ],
  "analysis": {
    "cardinality": 27,
    "char_count": 190,
    "ocr_confidence": 0.823,
    "sha256": "d5b42680c6b75bbd7504081479dd673937b4c924ad5704c63021a02cd0953272",
    "simhash": "1:0d612603213e4fe4",
    "word_count": 31
  },
  "last_updated": "2024-02-27T22:09:01.011694+00:00",
  "provenance": {
    "date_added": "2019-08-29",
    "source": "Harvard",
    "batch": "2018"
  },
  "casebody": {
    "judges": [],
    "parties": [
      "State, Respondent, v. Bush, Petitioner,"
    ],
    "opinions": [
      {
        "text": "Petition for review of a decision of the Court of Appeals, No. 31894-0-III, March 17, 2015, 186 Wn. App. 1031.",
        "type": "majority",
        "author": null
      }
    ],
    "attorneys": [],
    "corrections": "",
    "head_matter": "State, Respondent, v. Bush, Petitioner,\nNo. 91588-1.\nDenied September 2, 2015."
  },
  "file_name": "1023-02",
  "first_page_order": 981,
  "last_page_order": 981
}
