{
  "id": 1316081,
  "name": "Dickerson v. Okolona",
  "name_abbreviation": "Dickerson v. Okolona",
  "decision_date": "1911-03-13",
  "docket_number": "",
  "first_page": "206",
  "last_page": "211",
  "citations": [
    {
      "type": "official",
      "cite": "98 Ark. 206"
    }
  ],
  "court": {
    "name_abbreviation": "Ark.",
    "id": 8808,
    "name": "Arkansas Supreme Court"
  },
  "jurisdiction": {
    "id": 34,
    "name_long": "Arkansas",
    "name": "Ark."
  },
  "cites_to": [
    {
      "cite": "30 Am.. St. Rep. 373",
      "category": "reporters:state",
      "reporter": "Am. St. Rep.",
      "opinion_index": -1
    },
    {
      "cite": "74 Ark. 519",
      "category": "reporters:state",
      "reporter": "Ark.",
      "case_ids": [
        8723166
      ],
      "opinion_index": -1,
      "case_paths": [
        "/ark/74/0519-01"
      ]
    },
    {
      "cite": "73 Ark. 447",
      "category": "reporters:state",
      "reporter": "Ark.",
      "case_ids": [
        1504064
      ],
      "opinion_index": -1,
      "case_paths": [
        "/ark/73/0447-01"
      ]
    },
    {
      "cite": "34 Ark. 105",
      "category": "reporters:state",
      "reporter": "Ark.",
      "case_ids": [
        1875594
      ],
      "opinion_index": -1,
      "case_paths": [
        "/ark/34/0105-01"
      ]
    },
    {
      "cite": "53 Am. Dec. 357",
      "category": "reporters:federal",
      "reporter": "Am. Dec.",
      "opinion_index": -1
    },
    {
      "cite": "49 Ark. 139",
      "category": "reporters:state",
      "reporter": "Ark.",
      "case_ids": [
        1310130
      ],
      "weight": 2,
      "opinion_index": -1,
      "case_paths": [
        "/ark/49/0139-01"
      ]
    },
    {
      "cite": "93 Ark. 250",
      "category": "reporters:state",
      "reporter": "Ark.",
      "case_ids": [
        1546809
      ],
      "opinion_index": -1,
      "case_paths": [
        "/ark/93/0250-01"
      ]
    },
    {
      "cite": "56 Am. Rep. 109",
      "category": "reporters:state_regional",
      "reporter": "Am. Rep.",
      "weight": 2,
      "opinion_index": -1
    },
    {
      "cite": "30 Col. 107",
      "category": "reporters:state",
      "reporter": "Col.",
      "opinion_index": 0
    },
    {
      "cite": "36 Col. 110",
      "category": "reporters:state",
      "reporter": "Col.",
      "opinion_index": 0
    },
    {
      "cite": "150 Pa. St. 589",
      "category": "reporters:state",
      "reporter": "Pa.",
      "case_ids": [
        834460
      ],
      "opinion_index": 0,
      "case_paths": [
        "/pa/150/0589-01"
      ]
    },
    {
      "cite": "16 W. Va. 402",
      "category": "reporters:state",
      "reporter": "W. Va.",
      "case_ids": [
        8641077
      ],
      "opinion_index": 0,
      "case_paths": [
        "/w-va/16/0402-01"
      ]
    },
    {
      "cite": "17 Neb. 548",
      "category": "reporters:state",
      "reporter": "Neb.",
      "case_ids": [
        4408147
      ],
      "opinion_index": 0,
      "case_paths": [
        "/neb/17/0548-01"
      ]
    },
    {
      "cite": "83 Tex. 239",
      "category": "reporters:state",
      "reporter": "Tex.",
      "case_ids": [
        2211495
      ],
      "opinion_index": 0,
      "case_paths": [
        "/tex/83/0239-01"
      ]
    },
    {
      "cite": "7 Tex. Civ. App. 202",
      "category": "reporters:state",
      "reporter": "Tex. Civ. App.",
      "case_ids": [
        237579
      ],
      "opinion_index": 0,
      "case_paths": [
        "/tex-civ-app/7/0202-01"
      ]
    },
    {
      "cite": "78 Mo. 107",
      "category": "reporters:state",
      "reporter": "Mo.",
      "case_ids": [
        484372
      ],
      "opinion_index": 0,
      "case_paths": [
        "/mo/78/0107-01"
      ]
    },
    {
      "cite": "141 Ill. 346",
      "category": "reporters:state",
      "reporter": "Ill.",
      "case_ids": [
        5457076
      ],
      "opinion_index": 0,
      "case_paths": [
        "/ill/141/0346-01"
      ]
    },
    {
      "cite": "62 Ill. 38",
      "category": "reporters:state",
      "reporter": "Ill.",
      "case_ids": [
        2606465
      ],
      "opinion_index": 0,
      "case_paths": [
        "/ill/62/0038-01"
      ]
    },
    {
      "cite": "70 Ga. 611",
      "category": "reporters:state",
      "reporter": "Ga.",
      "case_ids": [
        27585
      ],
      "opinion_index": 0,
      "case_paths": [
        "/ga/70/0611-01"
      ]
    },
    {
      "cite": "67 Ga. 386",
      "category": "reporters:state",
      "reporter": "Ga.",
      "case_ids": [
        47575
      ],
      "opinion_index": 0,
      "case_paths": [
        "/ga/67/0386-01"
      ]
    },
    {
      "cite": "130 Cal. 492",
      "category": "reporters:state",
      "reporter": "Cal.",
      "case_ids": [
        1975850
      ],
      "opinion_index": 0,
      "case_paths": [
        "/cal/130/0492-01"
      ]
    },
    {
      "cite": "66 Cal. 492",
      "category": "reporters:state",
      "reporter": "Cal.",
      "case_ids": [
        2249762
      ],
      "opinion_index": 0,
      "case_paths": [
        "/cal/66/0492-01"
      ]
    },
    {
      "cite": "26 Ark. 276",
      "category": "reporters:state",
      "reporter": "Ark.",
      "case_ids": [
        8726769
      ],
      "opinion_index": 0,
      "case_paths": [
        "/ark/26/0276-01"
      ]
    },
    {
      "cite": "52 Ark. 84",
      "category": "reporters:state",
      "reporter": "Ark.",
      "case_ids": [
        1913419
      ],
      "opinion_index": 0,
      "case_paths": [
        "/ark/52/0084-01"
      ]
    },
    {
      "cite": "74 Ark. 519",
      "category": "reporters:state",
      "reporter": "Ark.",
      "case_ids": [
        8723166
      ],
      "opinion_index": 0,
      "case_paths": [
        "/ark/74/0519-01"
      ]
    },
    {
      "cite": "73 Ark. 447",
      "category": "reporters:state",
      "reporter": "Ark.",
      "case_ids": [
        1504064
      ],
      "opinion_index": 0,
      "case_paths": [
        "/ark/73/0447-01"
      ]
    },
    {
      "cite": "49 Ark. 139",
      "category": "reporters:state",
      "reporter": "Ark.",
      "case_ids": [
        1310130
      ],
      "opinion_index": 0,
      "case_paths": [
        "/ark/49/0139-01"
      ]
    },
    {
      "cite": "93 Ark. 250",
      "category": "reporters:state",
      "reporter": "Ark.",
      "case_ids": [
        1546809
      ],
      "opinion_index": 0,
      "case_paths": [
        "/ark/93/0250-01"
      ]
    },
    {
      "cite": "56 Am. Rep. 109",
      "category": "reporters:state_regional",
      "reporter": "Am. Rep.",
      "opinion_index": 0
    }
  ],
  "analysis": {
    "cardinality": 611,
    "char_count": 10544,
    "ocr_confidence": 0.691,
    "pagerank": {
      "raw": 2.995127754218801e-07,
      "percentile": 0.8520118354390546
    },
    "sha256": "f4cca6bf97fd4b44bb38f6389e5a3b71beafdd264bb18b67e7d91a400571ad7f",
    "simhash": "1:277dbd1150fd8489",
    "word_count": 1790
  },
  "last_updated": "2024-02-27T22:11:17.723195+00:00",
  "provenance": {
    "date_added": "2019-08-29",
    "source": "Harvard",
    "batch": "2018"
  },
  "casebody": {
    "judges": [],
    "parties": [
      "Dickerson v. Okolona."
    ],
    "opinions": [
      {
        "text": "McCulloch, C. J.\nPlaintiff, who owns a lot in the incorporated town of Okolona on which is situated a dwelling house, barn and other outhouses, instituted this action against said incorporated town to recover damages to the property by reason of lowering the grading of a street.\nThe complaint, as far as necessary to copy, reads as follows:\n\u201cThat said dwelling house and other buildings and improvements on said premises were erected with reference to the grade for Gurdon Street, as then adopted by the defendant, and before the time hereafter complained of. That the defendant by its officers and agents did, in the latter part of the year 1909, lower and change the grade of said Gurdon Street along the front of plaintiff\u2019s said property, and thereby made it very inconvenient of ingress and egress; and left said street in such condition that it washes very badly in the time of heavy rains, and caused a large ditch to be cut and washed along the front of plaintiff\u2019s property, thereby making it difficult to get into plaintiff\u2019s premises, or off of them, and caused plaintiff\u2019s lots next to said street and deep ditch to cave off into said ditch and be washed away in time of heavy rains, and causing' a diminution in the market value thereof to the amount of $225. That, in accordance with sections 5495 to 5497 of Kirby\u2019s Digest of the statutes of Arkansas, plaintiff appointed an arbitrator and notified the defendant in writing of the same on the- day of December, 1909; that the defendant ignored said notice, and has failed and neglected to comply with the provisions of said sections in said digest.\u201d\nThe circuit court sustained a demurrer to the complaint, and the plaintiff appealed.\nThe question presented is whether, under the Constitution and statutes of the State, the owner of property abutting on- a street in a city or incorporated town may demand and recover compensation for damage done to the property in the grading of the street.\nThe Constitution declares that \u201cprivate property shall not be taken, appropriated or damaged for public use without just compensation therefor.\u201d Art. 2, \u00a7 22.\nA statute on the subject reads as follows:\n\u201cSec. 5495- In all cases where any municipal corporation shall ibe liable for the payment of damages to the owner or occupant of any lots or grounds by reason of the grading of any streets or alleys, or public grounds, or part thereof, the said damages shall be ascertained and assessed by three disinterested reputable freeholders of said cityr, appointed, one by the city or town council, one by the owner of the property injured, and the persons thus appointed shall choose the third person.\u201d\n\u201cSec. 5497- N airy person shall neglect or refuse to accept the amount so assessed,, as herein provided, and shall prosecute the city, and if by suit for damages he or they shall not recover more than the amount allowed by the assessors, such party so prosecuting shall pay all costs of suit. No claimant for damages shall commence any suit for damages on account of such grading or improvement until he shall have filed a claim for greater damages with the city clerk at least thirty days before the commencement of the suit. Nor shall any suit be commenced until after the assessors shall have been appointed and made return of their assessment as herein provided, nor for thirty days thereafter. The city or town council shall, within three days after the claimant shall have notified them in writing that he has appointed his assessor, appoint one assessor on the part of the city, and they shall, within five days thereafter, select the third assessor, and qualify as herein before provided. Act March 9, 1875.\u201d\nThis court has repeatedly held that a municipal coxporation is not responsible in damages for negligent or tortious acts of its officers and agents. Arkadelphia v. Windham, 49 Ark. 139; Collier v. Fort Smith, 73 Ark. 447; Gray v. Batesville, 74 Ark. 519; Franks v. Holly Grove, 93 Ark. 250; York v. Fort Smith, 52 Ark. 84.\nThe authorities on that question are divided, but this court has steadily adhered to its position, without considering where the weight of authority rests.\nIn the case of Simmons v. Camden, 26 Ark. 276, this court held (quoting from the syllabus) that \u201ccities and towns have authority to lay out, open, grade and keep in good repair the streets; and a suit will not lie at the instance of an individual for damages resulting from injuries to private property from the lawful exercise of this authority by the incorporation, where there has been no negligence, want of care or skill in .its exercise.\u201d\nThat decision was rendered in 1871, when there was -no statute authorizing the recovery of compensation in such cases.\nThe Constitution of 1868 then in force, unlike the language of the -present Constitution, provided only that \u201cprivate property shall not be taken for public use without just compensation therefor.\u201d The change in the present Constitution is significant, and some force must be given to the altered language.\nThe Legislature of 1875, which assembled shortly after the adoption of the present Constitution, and which contained many members who had been members of the constitutional convention, enacted the statute quoted, which clearly recognized the force of the constitutional mandate and provided a remedy for assessing damages done to abutting property by grading a street.\nThis remedy is manifestly not exclusive, for the right to maintain an action for compensation where the proper amount has not been allowed is clearly recognized in the statute.\nThe Supreme Court of California, in Reordon v. San Francisco, 66 Cal. 492, 56 Am. Rep. 109, construing a provision of the Constitution of that State identical in language with ours, held that a municipality was liable for damage done to abutting property. The court said:\n\u201cAs the clause now stands, private property cannot be damaged for public use without just compensation having been first made or paid as prescribed. To what kind of damage does this word \u2018damaged\u2019 refer? We think it refers to something more than a direct or immediate damage to private property, such as the invasion or spoliation. There is no reason why this word should be construed in any other than its ordinary and popular sense. It embraces more than the taking. If it did not refer to more than the damage above mentioned, the word \u2018damaged\u2019 in the cause relied on would be superfluous. It seems to us that the direct invasions spoken o,f would come within the clause as it stood in the Constitution of 1849. If the word \u2018damaged\u2019 only embraced physical invasions of property, the right secured by this word would add nothing to the guaranty as it formerly stood.\u201d\nThat court in a later case reaffirmed the doctrine of the former case. Eachus v. Los Angeles, 130 Cal. 492. It is worthy of notice that the. California court is one that had previously taken position similar to that taken by this court on the question of nonliability of a municipal corporation for negligence.\nThe same conclusion has been reached by numerous other courts, and in most of the cases the distinction is made, as in the California cases cited above, between the effect of a constitutional provision that private property shall not be taken or damaged for public use without compensation therefor, and one merely that private property shall not be taken for public use without compensation therefor. Atlanta v. Green, 67 Ga. 386; Moore v. Atlanta, 70 Ga. 611; People v. McRoberts, 62 Ill. 38; Bloomington v. Pollock, 141 Ill. 346; Werth v. Springfield, 78 Mo. 107; Searle v. Lead, 10 So. D. 312; Texarkana v. Talbot, 7 Tex. Civ. App. 202; Cooper v. Dallas, 83 Tex. 239; Harman v. Omaha, 17 Neb. 548; Johnson v. Parkersburg, 16 W. Va. 402; O\u2019Brien v. Philadelphia, 150 Pa. St. 589.\nThe only conflicting authority is a decision of the Colorado Supreme Court (Leiper v. Denver, 36 Col. 110) where it is held that under a similar constitutional provision the owner of abutting property cannot recover compensation for injury from lowering or raising the grade of a street from the natural surface to a grade established. That court had previously held in another case that where a permanent grade of a street is established by a city, and the owner of an abutting lot improves his property in conformity therewith, the city is liable in damages to such owner occasioned by a subsequent change of the grade. Denver v. Bonesteel, 30 Col. 107.\nThe allegations of the complaint in the present case bring it even within the doctrine of the Colorado court.\nWe are of the opinion that the authorities thoroughly establish the doctrine that under a constitutional provision guarantying compensation to the owner of private property damaged for public use, a municipality is liable for damage done by raising or lowering the grade of a street; otherwise the language of the Constitution would be meaningless. Of course, the resulting injury must be direct and peculiar to that property, and not such as is shared\u2018by the general public. The fact, however, that other property similarly situated sustains injury in like manner would not prevent recovery of compensation.\nReversed and remanded with directions to overrule the demurrer.",
        "type": "majority",
        "author": "McCulloch, C. J."
      }
    ],
    "attorneys": [
      "HaA'dage & Wilson, for appellant.",
      "Hamby & Haynie, for appellee."
    ],
    "corrections": "",
    "head_matter": "Dickerson v. Okolona.\nOpinion delivered March 13, 1911.\nMUNICIPAL CORPORATIONS \u2014 LOWERING GRADE OE STREET \u2014 DAMAGE TO PROPERTY. \u2014 The owner of property abutting on a street in a city or incorporated town is entitled to recover compensation for damage done to the property in lowering the grade of the street, under Const. 1874, art. 2, \u00a7 22, providing that \u201cprivate property shall not be taken, appropriated or damaged for public use without just compensation therefor.\u201d\nAppeal from Clark Circuit Court; Jacob M, Carter, Judge;\nreversed.\nHaA'dage & Wilson, for appellant.\nThe appellee is liable for the damage to appellant\u2019s property by lowering the grade of the street on which the property abuts; otherwise the words \u201cappropriate or damage\u201d used in our present Constitution, art. 2, \u00a7 22, would 'be meaningless. Compare Const. 1868, art. 1, \u00a7 13. See also 15 Cyc. 662; 56 Am. Rep. 109.\nHamby & Haynie, for appellee.\nThe complaint .does not state a cause of action. There is no allegation that the grading of the street was negligently or unskillfully done, nor there was any malice toward the owner of the property. 93 Ark. 250; 49 Ark. 139; 53 Am. Dec. 357 and note ; 56 Am. Rep. 109; 28 Cyc. 1257; 34 Ark. 105; 49 Ark. 139; 73 Ark. 447; 74 Ark. 519; 30 Am.. St. Rep. 373 and note; 66 Am. 434."
  },
  "file_name": "0206-01",
  "first_page_order": 226,
  "last_page_order": 231
}
