{
  "id": 1316047,
  "name": "St. Louis Southwestern Railway Company v. Castleberry",
  "name_abbreviation": "St. Louis Southwestern Railway Co. v. Castleberry",
  "decision_date": "1911-03-27",
  "docket_number": "",
  "first_page": "441",
  "last_page": "446",
  "citations": [
    {
      "type": "official",
      "cite": "98 Ark. 441"
    }
  ],
  "court": {
    "name_abbreviation": "Ark.",
    "id": 8808,
    "name": "Arkansas Supreme Court"
  },
  "jurisdiction": {
    "id": 34,
    "name_long": "Arkansas",
    "name": "Ark."
  },
  "cites_to": [
    {
      "cite": "39 Ark. 246",
      "category": "reporters:state",
      "reporter": "Ark.",
      "case_ids": [
        1898690
      ],
      "opinion_index": -1,
      "case_paths": [
        "/ark/39/0246-01"
      ]
    },
    {
      "cite": "28 Ark. 372",
      "category": "reporters:state",
      "reporter": "Ark.",
      "case_ids": [
        1884433
      ],
      "opinion_index": -1,
      "case_paths": [
        "/ark/28/0372-01"
      ]
    },
    {
      "cite": "67 Ark. 514",
      "category": "reporters:state",
      "reporter": "Ark.",
      "case_ids": [
        1152569
      ],
      "opinion_index": -1,
      "case_paths": [
        "/ark/67/0514-01"
      ]
    },
    {
      "cite": "37 Ark. 593",
      "category": "reporters:state",
      "reporter": "Ark.",
      "case_ids": [
        1871003
      ],
      "opinion_index": -1,
      "case_paths": [
        "/ark/37/0593-01"
      ]
    },
    {
      "cite": "64 Ark. 236",
      "category": "reporters:state",
      "reporter": "Ark.",
      "case_ids": [
        1907417
      ],
      "opinion_index": -1,
      "case_paths": [
        "/ark/64/0236-01"
      ]
    },
    {
      "cite": "69 Ark. 619",
      "category": "reporters:state",
      "reporter": "Ark.",
      "case_ids": [
        8725642
      ],
      "opinion_index": -1,
      "case_paths": [
        "/ark/69/0619-01"
      ]
    },
    {
      "cite": "39 Ark. 246",
      "category": "reporters:state",
      "reporter": "Ark.",
      "case_ids": [
        1898690
      ],
      "weight": 2,
      "opinion_index": 0,
      "case_paths": [
        "/ark/39/0246-01"
      ]
    }
  ],
  "analysis": {
    "cardinality": 504,
    "char_count": 10016,
    "ocr_confidence": 0.639,
    "pagerank": {
      "raw": 4.03580807328026e-08,
      "percentile": 0.04992916575445132
    },
    "sha256": "1fe74fa7bb44d3bed8a4223c58888b5f9e51ff5411893b403b9890eeb75cf17b",
    "simhash": "1:84ff3a8415e6d1c8",
    "word_count": 1827
  },
  "last_updated": "2024-02-27T22:11:17.723195+00:00",
  "provenance": {
    "date_added": "2019-08-29",
    "source": "Harvard",
    "batch": "2018"
  },
  "casebody": {
    "judges": [],
    "parties": [
      "St. Louis Southwestern Railway Company v. Castleberry."
    ],
    "opinions": [
      {
        "text": "Kirby, J.,\n(after stating the facts). 1. It is contended here that appellant was not negligent, and that the killing of the animal was unavoidable.\n2. That it complied with the statute by posting a notice and description of the animal killed and incurred no penalty by failure to keep it posted.\nI. The question of negligence of appellant in the killing of the animal was submitted to the jury upon proper instruction, and they found for appellee. The testimony showed that no effort whatever was made to stop the train, and no warning or alarm given to frighten the animal while she was running down the track parallel with the train for 75 or 100 yards. It is true the engineer stated that the mare was,, not close to the track during this time, but he was contradicted by one witness who saw her and by the physical facts of the tracks being near the end of the ties and continuing to the place where the animal was killed.\nThe testimony was sufficient to sustain the finding of the jury.\nI-I. It is next contended that no penalty was incurred by the failure to post and keep posted the notice and description of the animal killed as required by section 6774, Kirby\u2019s Digest. Said section requires \u201cthe conductor or engineer on the train doing the damage shall cause the station master or overseer at the nearest station house to the killing or wounding to post, within one week thereafter, and to keep posted for 20 days thereafter, a true and correct description of such stock as may have been so killed or wounded, at the nearest station house and the nearest depot house, giving a true and correct description of the color, marks, brands, etc., * * * and, on failure to so advertise any stock so killed or wounded, the owner shall recover double damages for all stock so killed and not advertised. * * *\u201d\nThere was some testimony tending to show that the notice was made out b)r the section foreman and sent by his eleven-year-old son, who tore a hole in the paper and hanged it on a nail in the waiting room of the depot where such notices were usually posted within a week after the killing. Two or-three witnesses testified that they examined the waiting room within two or three days after the killing and found no such notice posted there, nor anywhere else about the building, and that they examined it every two or three days for 30 days thereafter and saw no such notice posted' there. The purpose of the law was to require the advertising of the killing or injury of the animal, to apprise the owner thereof and assist him in its identification, and it could not be said that the hanging of the paper containing the notice on a nail, without anything else to secure it, as was testified to, was a compliance with the statute. Such notice could not reasonably be expected to remain posted and advertise the stock killed for the 20 days required, and the testimony conclusively shows that it did not remain posted any length of time if it was posted, and casts a doubt as to whether it was posted at all. The jury answered the question \u201cWas the notice posted and kept posted?\u201d \u201cNo,\u201d and the testimony sustains their finding.\nIt is true that the testimony shows that the section foreman got the description of the animal killed to put in the notice from the owner, who knew it had been killed, within 20 or 30 minutes after it occurred, and of course, the notice, if it had been pasted in strict compliance with the statute, could not have been of any \u2022benefit to apprise the owner of a fact already known to him, but the statute malees the company liable for such .failure to advertise stock killed and injured, and malees no exception of \u201cthe case of the owner who has actual notice of the injury sustained by him.\u201d Memphis & Little Rock Rd. Co. v. Carley, 39 Ark. 246.\nThe appellant, having failed to comply with the law in posting and keeping posted for the time required, the description .of the animal killed, incurred the penalty denounced by the statute, and the double damages were properly assessed by the court. Memphis & L. R. Rd. Co. v. Carley, supra.\nThe judgment is affirmed.",
        "type": "majority",
        "author": "Kirby, J.,"
      }
    ],
    "attorneys": [
      "S\u2019. H. West and /. C. Hawthorne, for appellant.",
      "W. L. Castleberry pro se, for appellee; L. Hunter, of counsel."
    ],
    "corrections": "",
    "head_matter": "St. Louis Southwestern Railway Company v. Castleberry.\nOpinion delivered March 27, 1911.\n1. Railroad \u2014 killing stock \u2014 negligence.\u2014Evidence that an animal ran parallel with a train for 75 or 100 yards before attempting to cross ahead of the train and that no effort was made to stop the train or to frighten, the animal justifies a finding of negligence. (Page 444.)\n2. Same \u2014 failure to post notice \u2014 liability.\u2014Under Kirby\u2019s Digest, \u00a7 6774, imposing a penalty of double damages for failure of a railway company to post notice of the killing of stock, the statute makes it no exception that the owner of the stock had actual notice of its killing. (Page 445.)\nAppeal from Clay Circuit Court, Eastern District; Prank Smith, Judge;\naffirmed.\nSTATEMENT BY TI-IE COURT.\nThis was a suit for damages for $200 alleged to have been caused by the negligent killing of a gra}^ mare, the property of appellee, by the railroad company, and for the penalty provided by statute, double damages, for the failure to post and keep posted the .description of such animal as the law requires.\nThe answer admitted the killing of the annual, but alleged that it was unavoidable after she was discovered near the track, and denied its failure to post and- keep posted notice and description thereof.\nThe testimony tended to show that the mare was of the value of $200, and was killed by a freight train on defendant\u2019s track near Piggott in Clay County, at a place where the track was straight for three-quarters of a mile.\nThe engineer testified that he had about 45 cars in the train, and was going north at about 15 miles an hour on a pretty heavy up grade, and that when he whistled for the road crossing the mare threw up her head and started towards the crossing; that she ran along with the train some ten car lengths, and was not more than 50 to 75 feet from him when he discovered that she was going to try to cross the track, and then it was too late to stop the train. She was struck by the pilot beam as she crossed the track. That she was not on the dump when she was running parallel, and until she turned to cross he thought she would go the other way. He discovered her when she was something over 600 feet away and 25 or 30 feet from the track at the time with a ditch between her and the track. Pie first saw her something like 2,000 feet from the track. The fireman testified that he did not see the mare until she was struck, and did not know which side she came from.\nAnother witness testified that he saw the train strike the mare; that it was running pretty f-ast; that the whistle was not sounded nor bell rung before striking her; that the track was straight from the place she was struck to Piggott, a distance of three-quarters of a mile; that she was close to the end of the ties on the east side of \u25a0the track when he first saw her, and ran along parallel with it 75 to 100 yards, when she attempted to cross and was struck.\nAppellee examined the railroad dump about 30 minutes after the mare was killed, and saw the tracks along the ends of the ties for about 75 or 100 yards up to the point where she'was struck, and where the tracks stopped.\nAppellee testified that he went to the depot with Dr. Martin about a week after the mare was killed and looked in the waiting room, in front of the depot and in the wareroom for a notice, and could find none; that about two days after she was killed he was talking to the section foreman, and he (the section foreman) told him that they had not posted the killing of the animal and did not post them where they notified the owners; that on several occasions through the month of July, for two or three days he looked in the waiting room and about the depot, and there was no notice and description of the animal killed posted.\nThe section foreman testified -that he made a report of the killing of the plaintiff\u2019s mare, giving the description, value, etc., upon information which he obtained from Mr. Castleberry, the plaintiff, and the next day after she was killed he gave this description to his son 'and told him to post it at the depot. The boy testified that he was 11 years old; that he had heard of the killing; that his father gave him the papers and told him to post them at the depot; \u201cthat there was a nail which had been driven there by his father, and he tore a hole in the paper and hanged the notice on the nail in-the waiting room, and that he posted another one about a hog.\u201d\nT. L. Davis testified that he went in company with the plaintiff to the depot of defendant to see whether the animal had been posted, and did not see where it had been posted. He saw a notice of \u201cHog killed\u201d in the southwest corner of waiting room.\nThe 'court instructed the jury and submitted the case on interrogatories, which were answered as follows:\n\u201c1st. Do you find for the plaintiff? Ans. Yes.\n\u201cJ. F. Ethridge, Foreman.\n\u201c2d. What was the market value of the mare? Ans. $200.\n\u201cJ. F. Ethridge, Foreman.\n\u201c3d. Was the notice posted and kept posted? Ans. No.\n\u201cJ. F. Ethridge, Foreman.\u201d\n. Thereupon it rendered a judgment for $400, from which this appeal is brought.\nS\u2019. H. West and /. C. Hawthorne, for appellant.\n\u2022 i. The testimony fully exonerates the engineer from negligence or keeping proper lookout. The law does not require the engineer to anticipate that -the animal would undertake to cross the track. 69 Ark. 619; 64 Ark. 236; 37 Ark. 593. The prima facie case of negligence was' overcome by positive proof. The court should have directed a verdict for defendant. 67 Ark. 514; 80 Id. 396; 86 Id'. 190; 89 Id. 120.\n2. The posting of the notice met all the requirements of the statute and relieved the company from the penalty. 28 Ark. 372.\nW. L. Castleberry pro se, for appellee; L. Hunter, of counsel.\n1. The prima facie case of negligence was not overcome.\n2. The notice required by \u00a7 6774, Kirby\u2019s Digest, was not posted and kept posted. 39 Ark. 246."
  },
  "file_name": "0441-01",
  "first_page_order": 461,
  "last_page_order": 466
}
