{
  "id": 1521444,
  "name": "Cooper v. State",
  "name_abbreviation": "Cooper v. State",
  "decision_date": "1908-04-13",
  "docket_number": "",
  "first_page": "30",
  "last_page": "32",
  "citations": [
    {
      "type": "official",
      "cite": "86 Ark. 30"
    }
  ],
  "court": {
    "name_abbreviation": "Ark.",
    "id": 8808,
    "name": "Arkansas Supreme Court"
  },
  "jurisdiction": {
    "id": 34,
    "name_long": "Arkansas",
    "name": "Ark."
  },
  "cites_to": [
    {
      "cite": "40 Ark. 485",
      "category": "reporters:state",
      "reporter": "Ark.",
      "opinion_index": -1
    },
    {
      "cite": "77 Ark. 572",
      "category": "reporters:state",
      "reporter": "Ark.",
      "opinion_index": -1
    },
    {
      "cite": "77 Ark. 468",
      "category": "reporters:state",
      "reporter": "Ark.",
      "case_ids": [
        1499135
      ],
      "opinion_index": -1,
      "case_paths": [
        "/ark/77/0468-01"
      ]
    },
    {
      "cite": "73 Ark. 126",
      "category": "reporters:state",
      "reporter": "Ark.",
      "case_ids": [
        1503979
      ],
      "opinion_index": 0,
      "case_paths": [
        "/ark/73/0126-01"
      ]
    },
    {
      "cite": "77 Ark. 468",
      "category": "reporters:state",
      "reporter": "Ark.",
      "case_ids": [
        1499135
      ],
      "opinion_index": 0,
      "case_paths": [
        "/ark/77/0468-01"
      ]
    }
  ],
  "analysis": {
    "cardinality": 323,
    "char_count": 5547,
    "ocr_confidence": 0.655,
    "pagerank": {
      "raw": 2.346963695398077e-07,
      "percentile": 0.7928128242225705
    },
    "sha256": "e9a56d3e30fe9122eda41045140d1d8361943cce88a64c8ef7504b7e8eb6b063",
    "simhash": "1:0aa9b9ae0e329993",
    "word_count": 963
  },
  "last_updated": "2024-02-27T17:36:51.336843+00:00",
  "provenance": {
    "date_added": "2019-08-29",
    "source": "Harvard",
    "batch": "2018"
  },
  "casebody": {
    "judges": [],
    "parties": [
      "Cooper v. State."
    ],
    "opinions": [
      {
        "text": "PER CURIAM.\nThis is an appeal by the defendant from a conviction for the crime of seduction. The case has been fully argued by appellant\u2019s counsel in brief and at bar, and finally resolves itself into two points: First, was the testimony of the prosecutrix as to the promise of marriage and the carnal connection with the defendant sufficiently corroborated to meet the requirements of the law? and, second, was the 7th instruction justified by the facts?\nThe evidence of corroboration was of circumstances showing the relation and conduct of the parties to each other, and is sufficient to sustain a verdict, under the principle announced in Lasater v. State, 77 Ark. 468. This is conceded, and the attack is on the soundness of that decision. The court was then and is now convinced that the statement by the Court of Appeals of New York of the nature and character of evidence of corroboration expected and required, which was adopted, was sustained by both reason and authority.\nThe 7th instruction is as follows: \u201cThis is a prosecution for seduction, and it contemplates the obtaining of carnal knowledge of a woman of actual personal chastity by virtue of a false express promise of marriage. The law presumes the woman to be chaste; and if the defendant maintains that she is unchaste, he must show it by evidence. If a woman lapses from personal chastity, yet if she reforms and maintains her personal chastity for such a time that the jury can see that she is actually personally chaste at the time of the alleged seduction, then if the accused obtains- carnal knowledge of her person by a false express promise of marriage, and this is sufficiently proved, the defendant should be convicted. If, however, it appears that the woman at the time of the alleged seduction was not possessed of actual personal chastity, the accused should be acquitted.\u201d\nIt is admitted that, abstractly, this is a correct statement of the law; but it is urged that there was no testimony authorizing that part of it which refers to the reformation after lapse from virtue. The prosecutrix testified that she had had no connection with any. man .save alone the defendant, and with him only under promise of marriage. The defendant introduced the testimony of one witness which, if believed, would have -shown a shocking lack of chastity. That phase of the testimony was covered in the last paragraph of this instruction. The defendant also introduced a witness who testified that several years prior to the time in question, when the prosecutrix was little more than a child, and he a mere boy, they had intercourse once. This the prosecutrix denie_d. The jury is not bound to accept all of a witness\u2019 testimony, or all of the theory of the State or of the defendant, .but may find the truth.to lie partly on one side and partly upon the other. When such is the case, it is right and proper for the court to submit an instruction covering the phase of the evidence which may be fairly deduced, partly from one side and partly from the other. Kinman v. State, 73 Ark. 126. The jury may have disbelieved the prosecutrix\u2019s denial of having intercourse with this boy when she was a child, and yet- believed the balance of her testimony; and believed the testimony of this boy and disbelieved the testimony of the other witness who testified to acts of gross immorality at recent times. This possible view of the entire testimony rendered it proper for the court to present the law covering this phase of it. Had the court not done so, the jury should, under the latter part of this instruction, have acquitted the defendant if they had believed this boys testimony of the prosecutrix\u2019s single lapse from virtue when a mere girl, although they may have believed that she had lived a virtuous life for several years. That would not have been the law nor the justice of the case.\nThe court was right in giving this instruction, and there was no error in it. This case presents a sharp conflict in the \u2022evidence as to every material fact. It is the misfortune of the defendant that the jury did not believe his witnesses, and that seems to be the only ground he has of complaint.\nThe judgment is affirmed.",
        "type": "majority",
        "author": "PER CURIAM."
      }
    ],
    "attorneys": [
      "Sam. R. Chew and W. W. Cotton, for appellant.",
      "William E. Kirby, Attorney General and Daril Taylor, Assistant, for appellee."
    ],
    "corrections": "",
    "head_matter": "Cooper v. State.\nOpinion delivered April 13, 1908.\n1. Seduction \u2014 extent oe corroboration required. \u2014 Kirby\u2019s Digest, \u00a7 2043, providing that no person shall be convicted of the crime of seduction upon the testimony of the female \u201cunless the same be corroborated by other evidence,\u201d requires corroboration as to the promise of marriage and the fact of sexual intercourse, but not as to the falsity of the promise, hasaier v. State, 77 Ark. 468, followed. (Page 31.)\n2. Instruction \u2014 relevancy.\u2014As the jury is not bound to accept as true all of the testimony of the State or of the defendant in a criminal case, but may find the truth to lie partly on one side and partly upon the other, it was proper for the court to submit an instruction covering a phase of the evidence which may be fairly deduced partly from one side and partly from the other. (Page 31.)\nAppeal from Franklin Circuit Court; Jeptha H. Evans, Judge;\naffirmed.\nSam. R. Chew and W. W. Cotton, for appellant.\n1. The prosecuting witness fails of corroboration on the propositions that appellant obtained carnal knowledge of her, and that he did so by virtue of a false or feigned express promise of marriage.\n2. The 7th instruction was erroneous.\nWilliam E. Kirby, Attorney General and Daril Taylor, Assistant, for appellee.\nThe prosecutrix is sufficiently corroborated. 77 Ark. 572; 40 Ark. 485."
  },
  "file_name": "0030-01",
  "first_page_order": 52,
  "last_page_order": 54
}
