{
  "id": 1521480,
  "name": "Columbia County Bank v. Emerson",
  "name_abbreviation": "Columbia County Bank v. Emerson",
  "decision_date": "1908-04-27",
  "docket_number": "",
  "first_page": "155",
  "last_page": "160",
  "citations": [
    {
      "type": "official",
      "cite": "86 Ark. 155"
    }
  ],
  "court": {
    "name_abbreviation": "Ark.",
    "id": 8808,
    "name": "Arkansas Supreme Court"
  },
  "jurisdiction": {
    "id": 34,
    "name_long": "Arkansas",
    "name": "Ark."
  },
  "cites_to": [
    {
      "cite": "75 Ark. 328",
      "category": "reporters:state",
      "reporter": "Ark.",
      "case_ids": [
        1502547
      ],
      "opinion_index": -1,
      "case_paths": [
        "/ark/75/0328-01"
      ]
    },
    {
      "cite": "75 Ark. 542",
      "category": "reporters:state",
      "reporter": "Ark.",
      "case_ids": [
        1502462
      ],
      "opinion_index": -1,
      "case_paths": [
        "/ark/75/0542-01"
      ]
    },
    {
      "cite": "207 U. S. 251",
      "category": "reporters:federal",
      "reporter": "U.S.",
      "case_ids": [
        3639812
      ],
      "opinion_index": 0,
      "case_paths": [
        "/us/207/0251-01"
      ]
    },
    {
      "cite": "145 Fed. 344",
      "category": "reporters:federal",
      "reporter": "F.",
      "case_ids": [
        5732259
      ],
      "opinion_index": 0,
      "case_paths": [
        "/f/145/0344-01"
      ]
    },
    {
      "cite": "127 Fed. 206",
      "category": "reporters:federal",
      "reporter": "F.",
      "case_ids": [
        3850641
      ],
      "opinion_index": 0,
      "case_paths": [
        "/f/127/0206-01"
      ]
    },
    {
      "cite": "203 U. S. 347",
      "category": "reporters:federal",
      "reporter": "U.S.",
      "case_ids": [
        8292688
      ],
      "opinion_index": 0,
      "case_paths": [
        "/us/203/0347-01"
      ]
    },
    {
      "cite": "203 U. S. 358",
      "category": "reporters:federal",
      "reporter": "U.S.",
      "case_ids": [
        8292743
      ],
      "opinion_index": 0,
      "case_paths": [
        "/us/203/0358-01"
      ]
    },
    {
      "cite": "75 Ark. 328",
      "category": "reporters:state",
      "reporter": "Ark.",
      "case_ids": [
        1502547
      ],
      "opinion_index": 0,
      "case_paths": [
        "/ark/75/0328-01"
      ]
    }
  ],
  "analysis": {
    "cardinality": 523,
    "char_count": 9735,
    "ocr_confidence": 0.685,
    "pagerank": {
      "raw": 1.442628540072959e-07,
      "percentile": 0.6534201414831521
    },
    "sha256": "130f0ce5c3876189044f6d39f39a790b143ee968ea7f6350a0507f6a0cab4f2d",
    "simhash": "1:5533319124969ed0",
    "word_count": 1689
  },
  "last_updated": "2024-02-27T17:36:51.336843+00:00",
  "provenance": {
    "date_added": "2019-08-29",
    "source": "Harvard",
    "batch": "2018"
  },
  "casebody": {
    "judges": [],
    "parties": [
      "Columbia County Bank v. Emerson."
    ],
    "opinions": [
      {
        "text": "Hill, C. J.\nThis is a suit upon promissory notes, and the defense thereto is that they were given in payment of patent-right territory, or in payment of the purchase money of patented instruments, and that they were not executed in conformity to the act of April 23, 1891, which appears as secs. 512, 513 and 514 of Kirby\u2019s Digest, requiring such notes to be executed on a printed form showing upon their face that they were executed in consideration of a patented machine, implement or territory, as the case might be.\nThe case was tried before a jury, and both a general and a special verdict were rendered upon the questions submitted. There was nothing in the case to go to the jury, as the testimony is undisputed, and the contract resting in writing. The substance of the testimony and the written instruments will be found in the statement of the facts. It will be seen therefrom that the consideration for the note was the payment of royalty checks, and the contract shows that these royalty checks were used in purchasing the patented articles and right to sell in certain counties. Therefore, the question really is as to the constitutionality of said act of 1891.\nThe act, in so far as it affected patent rights, was sustained by this court in Woods v. Carl, 75 Ark. 328, which case was affirmed by the Supreme Court of the United States, Woods v. Carl, 203 U. S. 358. See, also, Allen v. Riley, 203 U. S. 347, sustaining a statute of Kansas to the same general purpose as the one in question.\nIn Woods v. Carl, this court left open, because unnecessary to that decision, the effect of the exemption in the act as to sales of patented articles. That question has now been settled by the Supreme Court of the United States. In Union County Bank v. Ozan Lumber Co., 127 Fed. 206, this part of this act was held unconstitutional by Judge Rogers on account of this exemption. That case was carried to the Circuit Court of Appeals and there affirmed, the alleged unconstitutionality resting upon another ground. Ozan Lumber Co. v. Union County Bank, 145 Fed. 344. It was then taken to the Supreme Court of the United States by certiorari, the decisions of Judge Rogers and of the Circuit Court of Appeals were reversed, and the statute sustained on all the points attacked. Ozan Lumber Co. v. Union County National Bank of Liberty, 207 U. S. 251. This court adopts the reasons of Mr. Justice Peckham, speaking for the court in that case, as the answer to the argument urged against the unconstitutionality of the statute.\nJudgment affirmed.",
        "type": "majority",
        "author": "Hill, C. J."
      }
    ],
    "attorneys": [
      "Sinead & Powell and McKay & Lile, for appellant.",
      "Stevens & Stevens, for appellees."
    ],
    "corrections": "",
    "head_matter": "Columbia County Bank v. Emerson.\nOpinion delivered April 27, 1908.\n1. Bills and notes \u2014 sale oe patented articles. \u2014 A note given as payment for royalty checks, which were to be used in purchasing patented articles, is within the terms of Kirby\u2019s Digest, \u00a7 513, requiring notes given in payment of patented articles to be written on a printed form and to show their consideration on their face. (Page 159.)\n2. Same \u2014 DISCRIMINATION IN EAVORi OE MERCHANTS UPHELD.-The act O\u00cd April 23, 1891, providing that notes given for payment of patented articles or patent rights must show that they were so given, and permitting defenses to such note's in the hands of innocent holders, did not unlawfully discriminate in providing in \u00a7 4 that the act shall not apply to merchants and dealers who sell patented things in the usual course of business. (Page 159.)\nAppeal from Columbia Circuit Court; Charles W. Smith, Judge;\naffirmed.\nThe Columbia County Bank brought suit against J. W. and S. M. Emerson upon a note in the following language, to wit:\n\u201cMagnolia, Arkansas, April the 27th, 1904.\n\u201c$147.00.\n\u201cNovember the 10th, 1904, after date, for value received,we promise to pay to the order of J. C. Karner one hundred and forty-seven and no-ioo dollars, at Magnolia, Arkansas, with interest at 10 per cent, per annum from maturity until paid. The makers and indorsers of this note hereby severally-waive presentment of payment, notice of non-payment and protest.\n\u201cJ. W. Emerson,\n\u201cS. M. Emerson.\u201d\nIndorsed: \u201cWithout recourse.\n\u201cJ. C. Earner.\u201d\nThe defendants answered, setting up that the note was given in payment of patent-right territory, and was not executed upon a printed form as required by Kirby\u2019s Digest, \u00a7 \u00a7 512-4, and that plaintiff is-not an innocent holder of the note.\nThere was testimony tending to show that the bank acquired the n\u00f3te without knowledge of any defense thereto. J. C. Karner, payee of the note, testified that he executed to defendants a receipt as follows:\n\u201c$294.00. Magnolia, Arkansas, April 27, 1904.\n\u201cReceived 'from J. W. and S. M. Emerson two hundred and ninety-four dollars, in full payment for seventy royalty checks for $4.20 each, being advanced royalty on Karner Sash Locks, the purpose of which is to carry locks in stock ready for shipment to such points in the United States as they may direct.\n\u201cJ. C. Earner.\u201d\nHe testified that the note was given for coupons which his factory accepted as payment on the locks, and that he employed the defendants to sell these locks.\nThe following is a copy of the coupon checks delivered to \u2019the defendants by Karner:\n\u201cNickel Manufacturing Co., Morris, 111., $4.20: Upon presentation of this check, duly indorsed by one of my authorized managing agents, you-will accept the same in payment of thirty-five cents per dozen, on twelve dozen Karner Sash Locks at the price of $1.70 per dozen, and charge the same to my account on royalty.\n\u201cJ. C. Karner.\u201d\nIt was proved that Karner was assignee of the patent under which the Karner Sash Lock was manufactured and sold.\nThe contract between Karner and defendants was as follows:\n\u201cThis is to certify that J. C.' Karner, of Mexia, Texas, is the exclusive owner of letters patent No. 686,673, f\u00b0r an im_ proved automatic window lock, to be hereafter known as the \u2018Karner Sash Lock/ I have therefore this day appointed J. W. and S. M. Emerson or their legal representatives sole and exclusive agent for the sale of the Karner Sash Lock in the county of Nevada, State of Arkansas, in which to begin work, and for one year from date hereof I hereby authorize said agent to order locks from Nickel Manufacturing Company, Morris, 111., and I join said manufacturers in agreeing to furnish said agent all the sash locks they may order at the price of one dollar and seventy ($1.70) cents per dozen, according to my contract with them for furnishing the goods, a copy of which is hereto attached. I further agree that, for every sixty dozen locks ordered by said agent, they shall have exclusive control of an additional county for one year from date of selection, such selection to be made by them and upon any unoccupied county in the United States, and I agree to furnish them with well settled counties to select from for five years'from date hereof; said agent having full authority to sub-lease any field accumulated under this contract for one year from date of selection. They shall also have equal privileges with other agents of selling the Karner Sash Locks in the counties of Columbia, Lafayette and Union, State of Arkansas, and Claibourne Parish, State of Louisiana for one year from date. I further agree to furnish free of charge one perfect model, one hundred order blanks, and one hundred cards with which to begin work on or before the 10th day of May, A. D., 1904.\n\u201cIt is understood that, for having leased t'he above field and for any privilege which said agent may enjoy und\u00e9r this contract, I make no requirement of them whatever, further than, they agree to use ordinary diligence in selling said goods, and for not less than the established retail price of fifty cents.\n\u201cGiven under my hand this, the 27th day of April, 1904.\n\u201cJ. C. Karner.\u201d\nThe plaintiff asked the court to instruct the jury as follows:\n\u201cYou are instructed that if you find from the evidence that the note sued on was 'given in part payment of the purchase money of patented instruments known as the \u2018Earner Sash Eocks\u2019, and -that they were not given in payment of patent-right territory, then you will find for the plaintiff the amount due on said note, together with the interest due thereon.\u201d The court refused to instruct the jury as asked by plaintiff, but instructed them as follows:\n\u201cThe court instructs the jury that if they find from the evidence that the note herein sued on was executed in payment of a patent right or in payment of patent-right territory, or payment of purchase money for patented instruments, and that said note is not executed upon a printed form, and does not show upon its face that it was executed in consideration of such patent-right or such patent-right territory, then they will find for the defendants.\u201d \u25a0\nThere was a general verdict for defendants; also a special verdict finding that the note was not given for patent-right territory, but for a patent instrument \u2022 or thing. Judgment was entered for defendants. Plaintiff has appealed.\nSinead & Powell and McKay & Lile, for appellant.\n1. The general verdict can not be sustained on the theory that there was a lease of patent-right territory, because the act, Kirby\u2019s Dig. \u00a7 513, applies to sales only; and there is no evidence that there was .a sale of a patent right, or patent-right territory.\n2. The act is unconstitutional, being in conflict with that clause of the Fourteenth Amendment prohibiting a State from denying to \u201cany person within its jurisdiction the equal protection of the laws.\u201d It conflicts also with art. 4, \u00a7 2, U. S. Const., and art. 2, \u00a7 18, State Const. See, also, 75 Ark. 542.\nStevens & Stevens, for appellees.\n1. The evidence is ample to sustain the verdict.\n2. The constitutionality of the act has been sustained. 50 U. S. (B. Ed.) 1176; 75 Ark. 328; 51 U. S. (E. Ed.) 220."
  },
  "file_name": "0155-01",
  "first_page_order": 177,
  "last_page_order": 182
}
