{
  "id": 1521532,
  "name": "St. Louis, Iron Mountain & Southern Railway Company v. Raines",
  "name_abbreviation": "St. Louis, Iron Mountain & Southern Railway Co. v. Raines",
  "decision_date": "1908-05-18",
  "docket_number": "",
  "first_page": "306",
  "last_page": "309",
  "citations": [
    {
      "type": "official",
      "cite": "86 Ark. 306"
    }
  ],
  "court": {
    "name_abbreviation": "Ark.",
    "id": 8808,
    "name": "Arkansas Supreme Court"
  },
  "jurisdiction": {
    "id": 34,
    "name_long": "Arkansas",
    "name": "Ark."
  },
  "cites_to": [
    {
      "cite": "14 Cal. 19",
      "category": "reporters:state",
      "reporter": "Cal.",
      "opinion_index": -1
    },
    {
      "cite": "142 U. S. 488",
      "category": "reporters:federal",
      "reporter": "U.S.",
      "case_ids": [
        3557259
      ],
      "opinion_index": -1,
      "case_paths": [
        "/us/142/0488-01"
      ]
    },
    {
      "cite": "83 Md. 536",
      "category": "reporters:state",
      "reporter": "Md.",
      "case_ids": [
        2166286
      ],
      "opinion_index": -1,
      "case_paths": [
        "/md/83/0536-01"
      ]
    },
    {
      "cite": "69 Fed. 808",
      "category": "reporters:federal",
      "reporter": "F.",
      "case_ids": [
        3788155
      ],
      "opinion_index": -1,
      "case_paths": [
        "/f/69/0808-01"
      ]
    },
    {
      "cite": "94 Mich. 343",
      "category": "reporters:state",
      "reporter": "Mich.",
      "case_ids": [
        1487526
      ],
      "opinion_index": -1,
      "case_paths": [
        "/mich/94/0343-01"
      ]
    },
    {
      "cite": "89 Ala. 563",
      "category": "reporters:state",
      "reporter": "Ala.",
      "case_ids": [
        3280038
      ],
      "opinion_index": -1,
      "case_paths": [
        "/ala/89/0563-01"
      ]
    },
    {
      "cite": "26 Mich. 432",
      "category": "reporters:state",
      "reporter": "Mich.",
      "weight": 2,
      "pin_cites": [
        {
          "page": "460"
        }
      ],
      "opinion_index": -1
    },
    {
      "cite": "19 Ga. 285",
      "category": "reporters:state",
      "reporter": "Ga.",
      "case_ids": [
        1379540
      ],
      "opinion_index": -1,
      "case_paths": [
        "/ga/19/0285-01"
      ]
    },
    {
      "cite": "2 Wend. 166",
      "category": "reporters:state",
      "reporter": "Wend.",
      "case_ids": [
        3516690
      ],
      "opinion_index": -1,
      "case_paths": [
        "/wend/2/0166-01"
      ]
    },
    {
      "cite": "11 Pick. 269",
      "category": "reporters:state",
      "reporter": "Pick.",
      "opinion_index": -1
    },
    {
      "cite": "70 Ark. 420",
      "category": "reporters:state",
      "reporter": "Ark.",
      "case_ids": [
        1509537
      ],
      "weight": 2,
      "pin_cites": [
        {
          "page": "550"
        }
      ],
      "opinion_index": -1,
      "case_paths": [
        "/ark/70/0420-01"
      ]
    },
    {
      "cite": "102 S. W. 103",
      "category": "reporters:state_regional",
      "reporter": "S.W.",
      "opinion_index": -1
    },
    {
      "cite": "47 Ark. 497",
      "category": "reporters:state",
      "reporter": "Ark.",
      "case_ids": [
        1888700
      ],
      "opinion_index": -1,
      "case_paths": [
        "/ark/47/0497-01"
      ]
    },
    {
      "cite": "206 Pa. St. 135",
      "category": "reporters:state",
      "reporter": "Pa.",
      "case_ids": [
        931631
      ],
      "opinion_index": -1,
      "case_paths": [
        "/pa/206/0135-01"
      ]
    },
    {
      "cite": "91 Fed. 614",
      "category": "reporters:federal",
      "reporter": "F.",
      "case_ids": [
        3835724
      ],
      "opinion_index": -1,
      "case_paths": [
        "/f/91/0614-01"
      ]
    },
    {
      "cite": "97 Ala. 187",
      "category": "reporters:state",
      "reporter": "Ala.",
      "case_ids": [
        3211990
      ],
      "opinion_index": -1,
      "case_paths": [
        "/ala/97/0187-01"
      ]
    },
    {
      "cite": "124 Cal. 452",
      "category": "reporters:state",
      "reporter": "Cal.",
      "case_ids": [
        2046765
      ],
      "opinion_index": -1,
      "case_paths": [
        "/cal/124/0452-01"
      ]
    },
    {
      "cite": "33 Mich. 319",
      "category": "reporters:state",
      "reporter": "Mich.",
      "case_ids": [
        1346620
      ],
      "opinion_index": -1,
      "case_paths": [
        "/mich/33/0319-01"
      ]
    },
    {
      "cite": "25 Wash. 518",
      "category": "reporters:state",
      "reporter": "Wash.",
      "case_ids": [
        5160286
      ],
      "opinion_index": -1,
      "case_paths": [
        "/wash/25/0518-01"
      ]
    },
    {
      "cite": "175 Pa. St. 361",
      "category": "reporters:state",
      "reporter": "Pa.",
      "case_ids": [
        880513
      ],
      "opinion_index": -1,
      "case_paths": [
        "/pa/175/0361-01"
      ]
    },
    {
      "cite": "43 W. Va. 196",
      "category": "reporters:state",
      "reporter": "W. Va.",
      "case_ids": [
        8638954
      ],
      "opinion_index": -1,
      "case_paths": [
        "/w-va/43/0196-01"
      ]
    },
    {
      "cite": "52 Conn. 818",
      "category": "reporters:state",
      "reporter": "Conn.",
      "opinion_index": -1
    },
    {
      "cite": "53 Atl. 720",
      "category": "reporters:state_regional",
      "reporter": "A.",
      "opinion_index": -1
    },
    {
      "cite": "26 Ind. App. 307",
      "category": "reporters:state",
      "reporter": "Ind. App.",
      "case_ids": [
        4874176
      ],
      "opinion_index": -1,
      "case_paths": [
        "/ind-app/26/0307-01"
      ]
    },
    {
      "cite": "92 Md. 483",
      "category": "reporters:state",
      "reporter": "Md.",
      "case_ids": [
        2182874
      ],
      "opinion_index": -1,
      "case_paths": [
        "/md/92/0483-01"
      ]
    },
    {
      "cite": "115 Iowa, 48",
      "category": "reporters:state",
      "reporter": "Iowa",
      "case_ids": [
        2130253
      ],
      "opinion_index": -1,
      "case_paths": [
        "/iowa/115/0048-01"
      ]
    },
    {
      "cite": "73 Conn. 743",
      "category": "reporters:state",
      "reporter": "Conn.",
      "case_ids": [
        762658,
        762582
      ],
      "opinion_index": -1,
      "case_paths": [
        "/conn/73/0743-02",
        "/conn/73/0743-01"
      ]
    },
    {
      "cite": "74 Vt. 331",
      "category": "reporters:state",
      "reporter": "Vt.",
      "case_ids": [
        768710
      ],
      "opinion_index": -1,
      "case_paths": [
        "/vt/74/0331-01"
      ]
    },
    {
      "cite": "133 Cal. 285",
      "category": "reporters:state",
      "reporter": "Cal.",
      "case_ids": [
        2006930
      ],
      "opinion_index": -1,
      "case_paths": [
        "/cal/133/0285-01"
      ]
    },
    {
      "cite": "7 Neb. 385",
      "category": "reporters:state",
      "reporter": "Neb.",
      "opinion_index": -1
    },
    {
      "cite": "36 Ark. 42",
      "category": "reporters:state",
      "reporter": "Ark.",
      "pin_cites": [
        {
          "page": "371"
        }
      ],
      "opinion_index": -1
    },
    {
      "cite": "84 S. W. 1",
      "category": "reporters:state_regional",
      "reporter": "S.W.",
      "opinion_index": -1
    },
    {
      "cite": "36 Md. 366",
      "category": "reporters:state",
      "reporter": "Md.",
      "case_ids": [
        1768382
      ],
      "opinion_index": -1,
      "case_paths": [
        "/md/36/0366-01"
      ]
    },
    {
      "cite": "108 Me. 18",
      "category": "reporters:state",
      "reporter": "Me.",
      "opinion_index": -1
    },
    {
      "cite": "119 N. C. 751",
      "category": "reporters:state",
      "reporter": "N.C.",
      "case_ids": [
        8656093
      ],
      "opinion_index": -1,
      "case_paths": [
        "/nc/119/0751-01"
      ]
    },
    {
      "cite": "37 N. Y. 360",
      "category": "reporters:state",
      "reporter": "N.Y.",
      "opinion_index": -1
    },
    {
      "cite": "86 Ala. 164",
      "category": "reporters:state",
      "reporter": "Ala.",
      "case_ids": [
        3388974
      ],
      "opinion_index": -1,
      "case_paths": [
        "/ala/86/0164-01"
      ]
    },
    {
      "cite": "89 Ky. 407",
      "category": "reporters:state",
      "reporter": "Ky.",
      "opinion_index": -1
    },
    {
      "cite": "36 Ark. 46",
      "category": "reporters:state",
      "reporter": "Ark.",
      "opinion_index": -1
    },
    {
      "cite": "25 Mich. 279",
      "category": "reporters:state",
      "reporter": "Mich.",
      "opinion_index": -1
    },
    {
      "cite": "46 Ark. 523",
      "category": "reporters:state",
      "reporter": "Ark.",
      "opinion_index": -1
    },
    {
      "cite": "97 S. W. 1067",
      "category": "reporters:state_regional",
      "reporter": "S.W.",
      "pin_cites": [
        {
          "page": "1070"
        }
      ],
      "opinion_index": -1
    },
    {
      "cite": "69 Ark. 382",
      "category": "reporters:state",
      "reporter": "Ark.",
      "weight": 2,
      "opinion_index": -1
    },
    {
      "cite": "69 Ark. 380",
      "category": "reporters:state",
      "reporter": "Ark.",
      "case_ids": [
        8723340
      ],
      "opinion_index": 0,
      "case_paths": [
        "/ark/69/0380-01"
      ]
    },
    {
      "cite": "82 Ark. 522",
      "category": "reporters:state",
      "reporter": "Ark.",
      "case_ids": [
        1529080
      ],
      "opinion_index": 0,
      "case_paths": [
        "/ark/82/0522-01"
      ]
    }
  ],
  "analysis": {
    "cardinality": 479,
    "char_count": 6237,
    "ocr_confidence": 0.706,
    "pagerank": {
      "raw": 1.6968247121900297e-07,
      "percentile": 0.7001468039256342
    },
    "sha256": "7fb81c1c4cd7c3842a96607674578bad96b218936e6d8a14dfa34b85c7a6c703",
    "simhash": "1:cd9605ab8f1793ba",
    "word_count": 1160
  },
  "last_updated": "2024-02-27T17:36:51.336843+00:00",
  "provenance": {
    "date_added": "2019-08-29",
    "source": "Harvard",
    "batch": "2018"
  },
  "casebody": {
    "judges": [],
    "parties": [
      "St. Louis, Iron Mountain & Southern Railway Company v. Raines."
    ],
    "opinions": [
      {
        "text": "McCulloch, J.\nPlaintiff\u2019s intestate was run over and killed by defendant\u2019s train, and she sues to recover damages on account of it. Deceased was lying on the track at a cattle guard \u2014his body being between and nearly parallel with the rails. Whether he was dead or asleep or intoxicated the evidence does not disclose, as no one saw him move. No one was present at the time of the accident, and no eye-witness undertook to delate the circumstances except the engineer. The cattle guard where the body was lying was about half a mile of Gifford, a station on the road where the train had stopped. There was a curve in the track about 175 or 200 yards distant from the.cattle guard. It was a passenger train with four coaches including the baggage coach.\nThe engineer testified that the train was running at the usual speed when he discovered an object on the track between one hundred and two hundred yards ahead \u2014 he said that he only estimated the distance from recollection, and could not be accurate \u2014 which he first thought was a newspaper, but a moment later he saw that it was probably some animate object, and that he blew the whistle and put on brakes, attempting to stop the train as soon as possible. The engine struck the man and ran the full length of the train before it stopped.\nThe law of the case is well settled by repeated decisions of this court. Deceased was a trespasser, and the servants of the railway company owed him no duty except to exercise ordinary care, after discovering his perilous position, not to injure him. The question is not whether defendant\u2019s servants could have discovered the perilous position of the man, but whether they did discover it in time to have avoided the injury by the exercise of care. And the burden is on the party alleging negligence in this respect to prove it. Chicago, R. I. & P. Ry. Co. v. Bunch, 82 Ark. 522; St. Louis & S. F. Ry. Co. v. Townsend, 69 Ark. 380.\nThe testimony in this case fails to show that the man was discovered on the track by the engineer in time to avoid the injury. At most, it only shows that- he could have been discovered by the exercise of proper care. The engineer testified that he sounded the whistle about the time he saw that the object ahead was probably a man, and plaintiff attempted to show by another witness the position of the engine far enough away from the cattle guard to enable the engineer to' stop it; but the witness testified that he was inside his house and could not see the engine or train, and he only guessed at the location of the engine from the sound of the whistle. It was impossible for him to have located the engine with any degree of accuracy in that way. His estimate of the location of the engine was pure guess work, as he could not know for a certainty whether the engine was fifty or a hundred or two hundred yards from the cattle guard when the whistle was sounded. He said he \u201csupposed\u201d it to be at a certain point. This testimony is too vague to'rest a finding of negligence upon, in the face of the positive testimony of the engineer to the effect that he adopted every effort to stop the train as soon as he saw the man lying on the track.\nReversed and remanded for new trial.",
        "type": "majority",
        "author": "McCulloch, J."
      }
    ],
    "attorneys": [
      "T. M. Mehaffy and J. E. Williams, for appellant.",
      "John C. Ross and Henry B. Means, for appellee.",
      "T. M. Mehaffy and J. E. Williams, in reply."
    ],
    "corrections": "",
    "head_matter": "St. Louis, Iron Mountain & Southern Railway Company v. Raines.\nOpinion delivered May 18, 1908.\nRailroad \u2014 killing op trespasser on Track \u2014 burden \u00f3p proop. \u2014 In a suit to recover damages from a railroad company for killing plaintiff\u2019s intestate while lying on defendant\u2019s track, the question'is not whether defendant\u2019s servants could have' discovered intestate\u2019s peril, but whether they did discover it in time to have avoided the injury by the exercise of care; and the burden is on 'the party alleging negligence in this respect to prove it.\nAppeal from Hot Spring Circuit Court; W. H. Evans, Judge;\nreversed.\nT. M. Mehaffy and J. E. Williams, for appellant.\n1. The burden was on appellee to show that Raines was alive when struck. The engineer\u2019s evidence and the circumstantial evidence of an experiment or demonstration were inadmissible and prejudicial. Where a trespasser is on the track, the inquiry is, not what the trainmen might have done, but what they did. 69 Ark. 382; 76 Id. 10; 77 Id. 401; 82 Id. 522 ; lb. 267; 83 Id. 300.\n2. There was error in the court\u2019s charge as to the measure of damages. 69 Ark. 382.\nJohn C. Ross and Henry B. Means, for appellee.\n1. There is evidence to show that the trainmen discovered Raines\u2019s peril in time to have avoided the injury.'\n2. The English courts hold that cross-examination of a witness may extend to all matters material to the case. The American doctrine is contra, and confines it to matters gone into on examination in chief. McKelvey on Ev., p. 334.\n2. The experiment or demonstration testimony was admissible. 97 S. W. 1067, 1070.\n3. ' The engineer had no right to indulge the presumption that Raines would get off the track. 46 Ark. 523; 25 Mich. 279; 36 Ark. 46; Id. 376.\n4. The railroad is liable if the injury could have been avoided by the exercise of ordinary care. 89 Ky. 407; 86 Ala. 164; 37 N. Y. 360; 119 N. C. 751; 108 Me. 18; 36 Md. 366; 84 S. W. 1; 97 Id. 1067; 36 Ark. 42, 371; 46 Id. 513; 48 Id. 106; 49 Id. 257; 61 Id. 341; 65 Id. 429; 74 Id. 407.\nT. M. Mehaffy and J. E. Williams, in reply.\nThe American rule as to cross-examination of witnesses is sustained by a bare majority of the courts in'the United States. The English rule is sustained by nearly half of the American States, many of them of high standing. But it is clear, under either rule, the procedure in this case was highly prejudicial. 7 Neb. 385; 9 So Dak. 301; 133 Cal. 285; 74 Vt. 331; 73 Conn. 743; 115 Iowa, 48; 92 Md. 483; 26 Ind. App. 307; 53 Atl. 720; 52 Conn. 818; 43 W. Va. 196; 175 Pa. St. 361; 25 Wash. 518; 33 Mich. 319; 124 Cal. 452; 97 Ala. 187; 91 Fed. 614; 206 Pa. St. 135.\n2. The railway company was not liable unless deceased was wantonly injured after discovery of his peril. 1 Arizona, 139; 47 Ark. 497; 102 S. W. 103. For further authorities on the American rule, see 70 Ark. 420; 56 Id. 550; 11 Pick. 269; 2 Wend. 166; 19 Ga. 285; 26 Mich. 432; 10 Id. 460; 37 111. 465; 89 Ala. 563; 94 Mich. 343; 69 Fed. 808; 83 Md. 536; 142 U. S. 488; no Id. 47; 14 Cal. 19."
  },
  "file_name": "0306-01",
  "first_page_order": 328,
  "last_page_order": 331
}
