{
  "id": 1491211,
  "name": "Floyd v. State",
  "name_abbreviation": "Floyd v. State",
  "decision_date": "1906-07-23",
  "docket_number": "",
  "first_page": "94",
  "last_page": "97",
  "citations": [
    {
      "type": "official",
      "cite": "80 Ark. 94"
    }
  ],
  "court": {
    "name_abbreviation": "Ark.",
    "id": 8808,
    "name": "Arkansas Supreme Court"
  },
  "jurisdiction": {
    "id": 34,
    "name_long": "Arkansas",
    "name": "Ark."
  },
  "cites_to": [
    {
      "cite": "9 Tex. App. 147",
      "category": "reporters:state",
      "reporter": "White & W.",
      "opinion_index": -1
    },
    {
      "cite": "1 Ohio St. 422",
      "category": "reporters:state",
      "reporter": "Ohio St.",
      "case_ids": [
        501920
      ],
      "opinion_index": -1,
      "case_paths": [
        "/ohio-st/1/0363-01"
      ]
    },
    {
      "cite": "13 Ind. 70",
      "category": "reporters:state",
      "reporter": "Ind.",
      "case_ids": [
        1436627
      ],
      "opinion_index": -1,
      "case_paths": [
        "/ind/13/0070-01"
      ]
    },
    {
      "cite": "25 Ind. 403",
      "category": "reporters:state",
      "reporter": "Ind.",
      "case_ids": [
        1460688
      ],
      "opinion_index": -1,
      "case_paths": [
        "/ind/25/0403-01"
      ]
    },
    {
      "cite": "71 Ark. 417",
      "category": "reporters:state",
      "reporter": "Ark.",
      "opinion_index": -1
    },
    {
      "cite": "62 Ark. 538",
      "category": "reporters:state",
      "reporter": "Ark.",
      "case_ids": [
        1905714
      ],
      "opinion_index": -1,
      "case_paths": [
        "/ark/62/0538-01"
      ]
    },
    {
      "cite": "60 Ark. 141",
      "category": "reporters:state",
      "reporter": "Ark.",
      "case_ids": [
        1903655
      ],
      "opinion_index": -1,
      "case_paths": [
        "/ark/60/0141-01"
      ]
    },
    {
      "cite": "72 Ark. 530",
      "category": "reporters:state",
      "reporter": "Ark.",
      "case_ids": [
        1505635
      ],
      "opinion_index": -1,
      "case_paths": [
        "/ark/72/0530-01"
      ]
    },
    {
      "cite": "49 Ark. 147",
      "category": "reporters:state",
      "reporter": "Ark.",
      "case_ids": [
        1310082
      ],
      "opinion_index": -1,
      "case_paths": [
        "/ark/49/0147-01"
      ]
    },
    {
      "cite": "33 Ark. 561",
      "category": "reporters:state",
      "reporter": "Ark.",
      "case_ids": [
        8725171
      ],
      "opinion_index": -1,
      "case_paths": [
        "/ark/33/0561-01"
      ]
    },
    {
      "cite": "70 Ark. 163",
      "category": "reporters:state",
      "reporter": "Ark.",
      "case_ids": [
        1509434
      ],
      "opinion_index": -1,
      "case_paths": [
        "/ark/70/0163-01"
      ]
    },
    {
      "cite": "53 Ark. 24",
      "category": "reporters:state",
      "reporter": "Ark.",
      "case_ids": [
        1911640
      ],
      "opinion_index": -1,
      "case_paths": [
        "/ark/53/0024-01"
      ]
    },
    {
      "cite": "89 Ala. 172",
      "category": "reporters:state",
      "reporter": "Ala.",
      "case_ids": [
        3277077
      ],
      "opinion_index": -1,
      "case_paths": [
        "/ala/89/0172-01"
      ]
    },
    {
      "cite": "42 Ark. 270",
      "category": "reporters:state",
      "reporter": "Ark.",
      "case_ids": [
        8723487
      ],
      "opinion_index": -1,
      "case_paths": [
        "/ark/42/0270-01"
      ]
    },
    {
      "cite": "73 Ark. 101",
      "category": "reporters:state",
      "reporter": "Ark.",
      "case_ids": [
        1503991
      ],
      "opinion_index": 0,
      "case_paths": [
        "/ark/73/0101-01"
      ]
    },
    {
      "cite": "58 Ark. 35",
      "category": "reporters:state",
      "reporter": "Ark.",
      "case_ids": [
        1329171
      ],
      "opinion_index": 0,
      "case_paths": [
        "/ark/58/0035-01"
      ]
    },
    {
      "cite": "32 Ark. 722",
      "category": "reporters:state",
      "reporter": "Ark.",
      "case_ids": [
        1877115
      ],
      "opinion_index": 0,
      "case_paths": [
        "/ark/32/0722-01"
      ]
    },
    {
      "cite": "108 Mass. 433",
      "category": "reporters:state",
      "reporter": "Mass.",
      "case_ids": [
        2106004
      ],
      "opinion_index": 0,
      "case_paths": [
        "/mass/108/0433-01"
      ]
    },
    {
      "cite": "100 Cal. 150",
      "category": "reporters:state",
      "reporter": "Cal.",
      "case_ids": [
        1943193
      ],
      "opinion_index": 0,
      "case_paths": [
        "/cal/100/0150-01"
      ]
    },
    {
      "cite": "71 Ark. 417",
      "category": "reporters:state",
      "reporter": "Ark.",
      "opinion_index": 0
    },
    {
      "cite": "72 Ark. 530",
      "category": "reporters:state",
      "reporter": "Ark.",
      "case_ids": [
        1505635
      ],
      "opinion_index": 0,
      "case_paths": [
        "/ark/72/0530-01"
      ]
    },
    {
      "cite": "70 Ark. 163",
      "category": "reporters:state",
      "reporter": "Ark.",
      "case_ids": [
        1509434
      ],
      "opinion_index": 0,
      "case_paths": [
        "/ark/70/0163-01"
      ]
    },
    {
      "cite": "53 Ark. 24",
      "category": "reporters:state",
      "reporter": "Ark.",
      "case_ids": [
        1911640
      ],
      "opinion_index": 0,
      "case_paths": [
        "/ark/53/0024-01"
      ]
    },
    {
      "cite": "89 Ala. 172",
      "category": "reporters:state",
      "reporter": "Ala.",
      "case_ids": [
        3277077
      ],
      "opinion_index": 0,
      "case_paths": [
        "/ala/89/0172-01"
      ]
    },
    {
      "cite": "42 Ark. 270",
      "category": "reporters:state",
      "reporter": "Ark.",
      "case_ids": [
        8723487
      ],
      "opinion_index": 0,
      "case_paths": [
        "/ark/42/0270-01"
      ]
    }
  ],
  "analysis": {
    "cardinality": 373,
    "char_count": 7219,
    "ocr_confidence": 0.676,
    "pagerank": {
      "raw": 1.2027567618412223e-07,
      "percentile": 0.594065136616073
    },
    "sha256": "6cfd8b05f234b0d4c38d3a67ccf99cd3cf626e9be15e7d944ef34d41f01949fe",
    "simhash": "1:bafbfeb3d41c25a3",
    "word_count": 1272
  },
  "last_updated": "2024-02-27T17:36:52.700934+00:00",
  "provenance": {
    "date_added": "2019-08-29",
    "source": "Harvard",
    "batch": "2018"
  },
  "casebody": {
    "judges": [],
    "parties": [
      "Floyd v. State."
    ],
    "opinions": [
      {
        "text": "Riddick, J.,\n(after stating the facts.) This is an appeal by Henry Floyd and Isaiah Bogan from a judgment convicting them of robbery and sentencing them to imprisonment in the penitentiary for a term of five years.\nThe first question presented arises on. the plea of former conviction filed by the defendants. This plea set up that they had, prior to the finding of the indictment in this case, been convicted before a justice of the peace for the crime of petit larceny, and fined $10 each for the same act complained of in this indictment. The State demurred to their plea of former conviction, and the court sustained the demurrer.\nIt is well settled that an acquittal or conviction for a minor offense included in a greater will bar a prosecution for the greater, if on an indictment\u2019 for the greater the defendant could be convicted of the less. State v. Smith, 53 Ark. 24; Southworth v. State, 42 Ark. 270; Powell v. State, 89 Ala. 172; People v. Defoor, 100 Cal. 150; Morey v. Commonwealth, 108 Mass. 433; 17 Am. & Eng. Enc. Law (2 Ed.), 599.\nTested by this rule, the plea of former conviction set up in this case was good. A conviction of a lower offense, fraudulently procured by the defendant for the purpose of shielding himself against a prosecution for a higher offense, would, of course, constitute no valid defense. Bradley v. State, 32 Ark. 722. But there is no charge of fraud or collusion in this case, for the question arises on a demurrer to the plea of defendant, and the only question is whether a former conviction for petit larceny will bar a prosecution for robbery founded on the same act. As a charge of robbery includes larceny, and as these defendants under the indictment in this case can be convicted of petit larceny, the same crime as that for which they have already been convicted, it follows that a trial on this indictment would be a .trial for the offense for which they have already suffered punishment. They can not be .convicted of robbery without proof of larceny, for there can be no robbery without larceny. But they have already been convicted of larceny and punished, and can not be convicted of that crime again. It follows, therefore, that they can not be convicted of .robbery, for a. conviction of robbery would be a conviction of larceny also. Keeton v. State, 70 Ark. 163; Bowlin v. State, 72 Ark. 530.\nThe court, therefore, in our opinion, erred in sustaining the demurrer to the plea of former conviction before a justice of the peace; for, if the allegations thereof are true, defendants have a good defense against- the indictment for robbery.\nThe demurrer was properly sustained to the other plea of former conviction. This plea was based on the fact that these defendants had been convicted on a former indictment for the same offense, which conviction was afterwards set aside on motion of the defendants, a nol. pros, entered by the. prosecuting attorney, and a new indictment returned against defendants. The judgment of conviction on the first indictment being set aside on motion of defendants, the case stood as if there had been no trial or conviction, and the entry of the nol. prosequi did not bar a subsequent prosecution for the same offense. Kirby\u2019s 'Digest, \u00a7 2424; 17 Am. & Eng. Enc. Daw (2 E\u00e1.), 595.\nBut the second indictment, on which the present conviction rests, alleged that the robbery was committed upon a person whose name was unknown to the grand jury. The State introduced no evidence to prove this allegation, and in this respect the proof was defective. Boles v. State, 58 Ark. 35; 18 Enc. Plead. & Prac. 1222.\nIt is 'further said that the evidence did hot show that the money taken was money of the United States as charged in the indictment. The law on that point was discussed by this court in the recent cases of Marshall v. State, 71 Ark. 417, and Johnson v. State, 73 Ark. 101. As a new trial must be granted, we need only call attention to those cases.\nThere are other points discussed by counsel, but we find it unnecessary to notice them. For the errors stated the judgment will be reversed, with an order for the circuit court to overrule the demurrer to the plea of former conviction and for a new trial.",
        "type": "majority",
        "author": "Riddick, J.,"
      }
    ],
    "attorneys": [
      "W. G. Dinning, for appellant.",
      "Robert L. Rogers, Attorney General, and G. W. Hendricks. for appellee."
    ],
    "corrections": "",
    "head_matter": "Floyd v. State.\nOpinion delivered July 23, 1906.\n1. Criminal law \u2014 former jeopardy. \u2014 Under the general rule that an acquittal or conviction for a minor offense included in a greater will bar a prosecution for the greater if on an indictment for the greater the defendant could be convicted of the less, a plea to an indictment for robbery that, prior to the finding of the indictment in the case, defendants had been convicted before a justice of the peace of petit larceny and fined for the same act complained of in the indictment states a good defense. (Page 96.)\n2. Same \u2014 EFFECT OF granting new- trial. \u2014 It was no defense to an indictment that defendant had been convicted under a former indictment for the same offense, which conviction was afterwards set aside on motion of defendants and a nol. pros, entered by the prosecuting attorney, whereupon a new indictment was returned. (Page 96.)\n3. Robbery \u2014 allegation of unknown ownership. \u2014 Where an indictment for robbery alleged that the robbery was committed upon a person whose name was unknown to the grand jury, it was necessary that the State should prove this allegation. (Page 97-)\nAppeal from Phillips Circuit Court; Hance N. Hutton, Judge;\nreversed.\nSTATEMENT BY TH\u00cd COURT.\nThe defendants, Plenry Floyd and Isaiah Bogan, two negroes, were indicted by the grand jury of Phillips County for the crime of robbery. The indictment alleged that the robbery was committed on a person whose name was unknown to the grand jury, and that the defendants forcibly and feloniously took from such person $42- of \u201cgold, silver and paper money, currency of the United States.\u201d The defendants entered pleas of former conviction and not guilty. A demurrer was sustained to the pleas of former conviction, and they were tried on pleas of not guilty. The)1- were convicted of robbery, and sentenced to be imprisoned for the term of five years in the penitentiary. Defendants appealed.\nW. G. Dinning, for appellant.\n1. The court erred in sustaining a demurrer to the defendant\u2019s plea of former conviction in a justice of the peace court. Kirby\u2019s Digest, \u00a7 2299; 42 Ark. 270; 89 Ala. 172; 53 Ark. 24; 24 Am. & Eng. Enc. Law, 992; 70 Ark. 163; 33 Ark. 561; 49 Ark. 147; 72 Ark. 530.\n2. If an indictment is valid, and is dismissed without defendant\u2019s consent after jeopardy has attached, he can not again be prosecuted for the same offense. 17 Am. & Eng. Enc Law (2 Ed.), 590; 14 Cent. Dig. 978; lb. 979.\n3. An indictment alleging the larceny of gold, silver and paper money, currency of the United States, of the value of $42 is not supported by proof of the taking of $42 in money, without further proving the kind of money, and that it was currency of the United States. 60 Ark. 141; 62 Ark. 538; 71 Ark. 417. And the same degree of exactness of description is required in an indictment for robbery as for larceny. 18 Enc. of PI. & Pr. 1221; 25 Ind. 403; 13 Ind. 70; 1 Ohio St. 422; 9 Tex. App. 147.\nRobert L. Rogers, Attorney General, and G. W. Hendricks. for appellee."
  },
  "file_name": "0094-01",
  "first_page_order": 116,
  "last_page_order": 119
}
