{
  "id": 1491228,
  "name": "Ex parte Phillips",
  "name_abbreviation": "Ex parte Phillips",
  "decision_date": "1906-10-01",
  "docket_number": "",
  "first_page": "200",
  "last_page": "201",
  "citations": [
    {
      "type": "official",
      "cite": "80 Ark. 200"
    }
  ],
  "court": {
    "name_abbreviation": "Ark.",
    "id": 8808,
    "name": "Arkansas Supreme Court"
  },
  "jurisdiction": {
    "id": 34,
    "name_long": "Arkansas",
    "name": "Ark."
  },
  "cites_to": [
    {
      "cite": "73 Ark. 605",
      "category": "reporters:state",
      "reporter": "Ark.",
      "opinion_index": 0
    },
    {
      "cite": "47 Ark. 511",
      "category": "reporters:state",
      "reporter": "Ark.",
      "case_ids": [
        1888771
      ],
      "opinion_index": 0,
      "case_paths": [
        "/ark/47/0511-01"
      ]
    },
    {
      "cite": "30 Ark. 148",
      "category": "reporters:state",
      "reporter": "Ark.",
      "case_ids": [
        1881227
      ],
      "opinion_index": 0,
      "case_paths": [
        "/ark/30/0148-01"
      ]
    },
    {
      "cite": "52 Ark. 213",
      "category": "reporters:state",
      "reporter": "Ark.",
      "case_ids": [
        1913323
      ],
      "weight": 2,
      "opinion_index": 0,
      "case_paths": [
        "/ark/52/0213-01"
      ]
    },
    {
      "cite": "54 Ark. 551",
      "category": "reporters:state",
      "reporter": "Ark.",
      "case_ids": [
        1320333
      ],
      "opinion_index": 0,
      "case_paths": [
        "/ark/54/0551-01"
      ]
    }
  ],
  "analysis": {
    "cardinality": 270,
    "char_count": 3568,
    "ocr_confidence": 0.666,
    "pagerank": {
      "raw": 2.0390017855743096e-07,
      "percentile": 0.7475287169251953
    },
    "sha256": "e24d8ce011319848f68d0f15a09f87374ee3e14095a2f59f38c97360ba3f6126",
    "simhash": "1:ede0c36560b09935",
    "word_count": 593
  },
  "last_updated": "2024-02-27T17:36:52.700934+00:00",
  "provenance": {
    "date_added": "2019-08-29",
    "source": "Harvard",
    "batch": "2018"
  },
  "casebody": {
    "judges": [],
    "parties": [
      "Ex parte Phillips."
    ],
    "opinions": [
      {
        "text": "Hill, C. J.\nThis is a petition to quash on certiorari a judgment of Jefferson Circuit Court sentencing the petitioner to pay a fine of $300 and to serve six months in jail.\nThe petitioner was regularly indipted by the grand jury of Jefferson County for disturbing the peace by use of profane and insulting language. He pleaded guilty, and the circuit court, in order to ascertain the proper punishment, called the witnesses. It was shown that petitioner became very angry over being arrested and confined-in the city jail, and while therein he used language towards the chief of police and all other uniformed officers who came near him which is disgusting in its depravity. A stream of vile vituperation was poured at these -officers for an entire day. The petitioner seemed to have a vocabulary fertile in indecency and obscenity.\nThe court assessed the maximum punishment permitted by the section under which he was indicted. Kirby\u2019s Digest, \u00a7 1648. A motion for new trial on the ground of excessive punishment was filed and overruled, and time given for bill of exceptions. The bill of exceptions was never prepared, and the appeal not presented until the transcript was lodged here with this petition for certiorari. Petitioner shows no reason for failing to properly prosecute his appeal. An intimation is made that the officers were derelict in getting up the record, but the law affords an ample remedy for that. In re Barstow, 54 Ark. 551. His attorneys abandoned him, but he employed his present counsel; how soon afterwards is not shown. It is alleged that his new counsel could not prepare the bill of exceptions, but the record shows that the court stenographer took down all the proceedings. Certiorari can not be used as a substitute for appeal except in instances where the right of appeal has been unavoidably lost through no fault of rhe petitioner. Burgett v. Apperson, 52 Ark. 213. It can only correct excess in jurisdiction or an illegal proceeding not reviewable otherwise, and like matters, and does not reach to the question here presented \u2014 an alleged excessive punishment within limits of the penalty. Burgett v. Apperson, supra; McKay v. Jones, 30 Ark. 148; Carolan v. Carolan, 47 Ark. 511; Reese v. Cannon, 73 Ark. 605, and authorities therein; Harris on Certiorari, \u00a7 44. As the question of the alleged excessive punishment is not properly here, the court does not express an opinion on the subject. If this record be treated as an appeal, there is no bill of exceptions preserving and authenticating the evidence, and hence there is no relief on appeal. If it be treated as on certiorari, which it is, only the jurisdiction or legal course of proceeding are under review, and there is no point made against either.\nThe judgment should not be quashed, but should be affirmed. Harris on Certiorari, \u00a7 38. Let an order be entered accordingly. *",
        "type": "majority",
        "author": "Hill, C. J."
      }
    ],
    "attorneys": [
      "A. W. Spears, for petitioner.",
      "Robert L,. Rogers, Attorney General, for respondent."
    ],
    "corrections": "",
    "head_matter": "Ex parte Phillips.\nOpinion delivered October 1, 1906.\n1. Certiorari- \u2014 as substitute eor appear. \u2014 Certiorari can not \u25a0 be used as substitute for appeal except in instances where the right of appeal has been unavoidably lost through no fault of the petitioner. (Page 201.)\n2. Same \u2014 remedy.\u2014Certiorari is the proper remedy to correct an ex- . cfess in jurisdiction, or an illegal proceeding not reviewable otherwise, and like matters, but does not reach an alleged excessive punishment within the limits prescribed by the law. (Page 201.)\nCertiorari to Jefferson Circuit Court; Antonio B. Grace, Judge;\naffirmed.\nA. W. Spears, for petitioner.\nRobert L,. Rogers, Attorney General, for respondent."
  },
  "file_name": "0200-01",
  "first_page_order": 222,
  "last_page_order": 223
}
