{
  "id": 1491121,
  "name": "Burnett v. State",
  "name_abbreviation": "Burnett v. State",
  "decision_date": "1906-10-08",
  "docket_number": "",
  "first_page": "225",
  "last_page": "227",
  "citations": [
    {
      "type": "official",
      "cite": "80 Ark. 225"
    }
  ],
  "court": {
    "name_abbreviation": "Ark.",
    "id": 8808,
    "name": "Arkansas Supreme Court"
  },
  "jurisdiction": {
    "id": 34,
    "name_long": "Arkansas",
    "name": "Ark."
  },
  "cites_to": [
    {
      "cite": "79 Iowa, 460",
      "category": "reporters:state",
      "reporter": "Iowa",
      "case_ids": [
        2068605
      ],
      "opinion_index": -1,
      "case_paths": [
        "/iowa/79/0460-01"
      ]
    },
    {
      "cite": "122 Cal. 486",
      "category": "reporters:state",
      "reporter": "Cal.",
      "case_ids": [
        2021241
      ],
      "opinion_index": -1,
      "case_paths": [
        "/cal/122/0486-01"
      ]
    },
    {
      "cite": "76 Ark. 348",
      "category": "reporters:state",
      "reporter": "Ark.",
      "case_ids": [
        1500974
      ],
      "opinion_index": 0,
      "case_paths": [
        "/ark/76/0348-01"
      ]
    },
    {
      "cite": "76 Ark. 468",
      "category": "reporters:state",
      "reporter": "Ark.",
      "case_ids": [
        1501094
      ],
      "opinion_index": 0,
      "case_paths": [
        "/ark/76/0468-01"
      ]
    },
    {
      "cite": "75 Ark. 325",
      "category": "reporters:state",
      "reporter": "Ark.",
      "case_ids": [
        1502522
      ],
      "opinion_index": 0,
      "case_paths": [
        "/ark/75/0325-01"
      ]
    },
    {
      "cite": "73 Ark. 594",
      "category": "reporters:state",
      "reporter": "Ark.",
      "case_ids": [
        1504068
      ],
      "opinion_index": 0,
      "case_paths": [
        "/ark/73/0594-01"
      ]
    },
    {
      "cite": "74 Ark. 431",
      "category": "reporters:state",
      "reporter": "Ark.",
      "case_ids": [
        8722152
      ],
      "opinion_index": 0,
      "case_paths": [
        "/ark/74/0431-01"
      ]
    },
    {
      "cite": "73 Ark. 316",
      "category": "reporters:state",
      "reporter": "Ark.",
      "opinion_index": 0
    },
    {
      "cite": "71 Ark. 314",
      "category": "reporters:state",
      "reporter": "Ark.",
      "case_ids": [
        1507887
      ],
      "opinion_index": 0,
      "case_paths": [
        "/ark/71/0314-01"
      ]
    },
    {
      "cite": "66 Ark. 46",
      "category": "reporters:state",
      "reporter": "Ark.",
      "case_ids": [
        1909799
      ],
      "opinion_index": 0,
      "case_paths": [
        "/ark/66/0046-01"
      ]
    },
    {
      "cite": "41 Ark. 173",
      "category": "reporters:state",
      "reporter": "Ark.",
      "case_ids": [
        1896149
      ],
      "opinion_index": 0,
      "case_paths": [
        "/ark/41/0173-01"
      ]
    }
  ],
  "analysis": {
    "cardinality": 353,
    "char_count": 6404,
    "ocr_confidence": 0.674,
    "pagerank": {
      "raw": 2.359675990472442e-07,
      "percentile": 0.7941513192467978
    },
    "sha256": "b754177645531e994666a0c582adbcfa49257e6f1c29f480ec1560bafdff957e",
    "simhash": "1:ec29ed20e1e275d9",
    "word_count": 1085
  },
  "last_updated": "2024-02-27T17:36:52.700934+00:00",
  "provenance": {
    "date_added": "2019-08-29",
    "source": "Harvard",
    "batch": "2018"
  },
  "casebody": {
    "judges": [],
    "parties": [
      "Burnett v. State."
    ],
    "opinions": [
      {
        "text": "Hill, C. J.\nEli and Oliver Burnett, brothers, were jointly indicted in Scott Circuit Court for murder in the second degree, and Eli Burnett was convicted of involuntary manslaughter.\nThere was evidence to have justified a verdict of murder in the second degree, voluntary manslaughter or an acquittal, according to which version of the killing of Arie Smith be accepted as the truth, but not a scintilla of evidence of involuntary manslaughter, and no instruction should have been given on that subject. The error of the court in submitting that question has brought about a lower sentence for appellant than he otherwise could have received. Necessarily, the evidence justifying an acquittal was rejected when the jury found this verdict; and if they had not been erroneously authorized to have found this degree of homicide, he would have been convicted of a higher grade.\nAppellant contends there was error in the trial court refusing to give three instructions requested by him, but the court is of opinion that so much of the refused instructions as is correct was covered by those given.\nThe principal contention of appellant is in the giving of these three instructions:\n\u201cIf you find from the evidence beyond a reasonable doubt. \u2022 that Burnett killed Arie Smith while he, Burnett, was in the commission of an unlawful act without malice and without the means calculated to produce death, or if you find beyond a reasonable doubt that Oliver Burnett was in the prosecution of a lawful act done without due caution and circumspection, and you further find from the evidence beyond a reasonable doubt that the defendant, Eli Burnett, stood by, aided, abetted or assisted Oliver Burnett in taking the life of Arie Smith as defined in this instruction, then you should convict the defendant of involuntary manslaughter.\u201d\n\u201cIf you find from the evidence beyond a reasonable doubt that Eli Burnett stood by, aided, abetted or assisted Oliver Burnett in unlawfully taking the life of Arie Smith, then he would be guilty of some degree of felonious homicide as defined in these instructions, whether there was or was not a combination between the defendant and his brother, Oliver Burnett, to do an unlawful act \u201d\n\u201cIf you find that there was no agreement or combination, as defined in these instructions, between Eli and Oliver Burnett to do an unlawful act, and you further find that Eli did not stand by, aid, abet or assist Oliver Burnett in unlawfully taking the life of Arie Smith, then Eli would not be responsible for the killing of Arie Smith.\u201d'\nThe point is that in each of them a conviction was justified if appellant, \u201cstood by, aided, abetted or assisted Oliver Burnett.\u201d\nThese instructions are in the language of the statutes, sections 1560, 1561, 1563, Kirby\u2019s Digest. These sections mean one who stands by and aids or abets or assists, and do not mean one who stands by or aids, or abets, or assists. Presence is necessary to constitute an accessory indictable and punishable as a principal\u2014 the same offense which was principal in the second degree at common law. Williams v. State, 41 Ark. 173. Appellant insists that, literally, these instructions mean that he could have been convicted if he merely stood by and. did not aid, abet or assist. It is not conceivable that the jury would have understood that they could convict a mere bystander who happened to be standing by when a felonious homicide was committed. The instruction would have been in better form if the court had put the word \u201cand\u201d in lieu of the comma after the words \u201cstood by,\u201d and the word \u201cor\u201d after \u201caided.\u201d But, the court having used the exact language of the statute, which is reasonably clear, it devolved upon the appellant to point out this formal defect if he was not satisfied that the form of this instruction correctly presented the thought of it.\n\u201cIf there was ambiguity calculated to mislead the jury, counsel for appellant should have made a specific objection to the instruction on that account. * * * The defect is one of form only, and a general objection is not sufficient to raise a question of that kind.\u201d St. Louis, I. M. & S. Ry. Co. v. Pritchett, 66 Ark. 46, and St. Louis, I. M. & S. Ry. Co. v. Norton, 71 Ark. 314.\nThe appellant should have pointed out this defect by a specific objection. Darden v. State, 73 Ark. 316; Thomas v. State, 74 Ark. 431; St. Louis S. W. Ry. Co. v. Bowen, 73 Ark. 594; Brinkley Car Works, etc., v. Cooper, 75 Ark. 325; McElvaney v. Smith, 76 Ark. 468; Davis v. Richardson, 76 Ark. 348.\nWhile there is error in the case, it is in appellant\u2019s favor, and he seems to have fared better than he was entitled to under the law and evidence.\nJudgment affirmed.",
        "type": "majority",
        "author": "Hill, C. J."
      }
    ],
    "attorneys": [
      "W. M. Cravens, Jo Johnson and F. A. Youmans. for appellant.",
      "Robert L. Rogers, Attorney General, and G. W. Hendricks, for appellee."
    ],
    "corrections": "",
    "head_matter": "Burnett v. State.\nOpinion delivered October 8, 1906.\n1. Homicide \u2014 instruction-\u2014harmless error. \u2014 Where, on a trial for murder in the second degree, the evidence would have justified -a verdict of that degree, of voluntary manslaughter, or of acquittal, but not of involuntary manslaughter, the error of submitting to the jury the issue of involuntary manslaughter, of which offense defendant was convicted, was not prejudicial, as the jury necessarily rejected the evidence justifying an acquittal. (Page 227.)\n2. Instruction \u2014 general objection. \u2014 A general objection does not point out an ambiguity in an instruction. Thus, where the court instructed the jury that defendant was guilty of manslaughter if he \u201cstood by, aided, abetted or assisted\u2019- another in takjng the life of decedent, a general objection was insufficient to point out that the instruction literally meant that he could have been convicted if he merely 'stood by and did not aid, abet or assist. (Page 227.)\nAppeal from Sebastian Circuit Court; Styles T. Rowe, Judge;\naffirmed.\nW. M. Cravens, Jo Johnson and F. A. Youmans. for appellant.\n1. Instruction numbered 7 is erroneous in that it sets out disjunctively the elements necessary to constitute appellant a principal offender. 122 Cal. 486. It is not a correct statement of the law as regards an accessory to the crime of involuntary manslaughter.\nIt is also erroneous in that it is not applicable to the facts in the case. 79 Iowa, 460.\n2. Instructions 18 and 19 are also erroneous. Kirby\u2019s Digest, \u00a7 1563. Under these instructions the mere fact of defendant\u2019s being present was sufficient to warrant his conviction.\nRobert L. Rogers, Attorney General, and G. W. Hendricks, for appellee."
  },
  "file_name": "0225-01",
  "first_page_order": 247,
  "last_page_order": 249
}
