{
  "id": 1491152,
  "name": "Kansas City Southern Railway Company v. Wayt",
  "name_abbreviation": "Kansas City Southern Railway Co. v. Wayt",
  "decision_date": "1906-10-29",
  "docket_number": "",
  "first_page": "382",
  "last_page": "384",
  "citations": [
    {
      "type": "official",
      "cite": "80 Ark. 382"
    }
  ],
  "court": {
    "name_abbreviation": "Ark.",
    "id": 8808,
    "name": "Arkansas Supreme Court"
  },
  "jurisdiction": {
    "id": 34,
    "name_long": "Arkansas",
    "name": "Ark."
  },
  "cites_to": [
    {
      "cite": "54 Ark. 214",
      "category": "reporters:state",
      "reporter": "Ark.",
      "case_ids": [
        1320452
      ],
      "opinion_index": -1,
      "case_paths": [
        "/ark/54/0214-01"
      ]
    },
    {
      "cite": "88 S. W. 584",
      "category": "reporters:state_regional",
      "reporter": "S.W.",
      "opinion_index": -1
    },
    {
      "cite": "67 Ark. 576",
      "category": "reporters:state",
      "reporter": "Ark.",
      "opinion_index": -1
    },
    {
      "cite": "67 Ark. 514",
      "category": "reporters:state",
      "reporter": "Ark.",
      "case_ids": [
        1152569
      ],
      "opinion_index": 0,
      "case_paths": [
        "/ark/67/0514-01"
      ]
    },
    {
      "cite": "66 Ark. 248",
      "category": "reporters:state",
      "reporter": "Ark.",
      "case_ids": [
        1909778
      ],
      "opinion_index": 0,
      "case_paths": [
        "/ark/66/0248-01"
      ]
    },
    {
      "cite": "64 Ark. 236",
      "category": "reporters:state",
      "reporter": "Ark.",
      "case_ids": [
        1907417
      ],
      "opinion_index": 0,
      "case_paths": [
        "/ark/64/0236-01"
      ]
    },
    {
      "cite": "57 Ark. 136",
      "category": "reporters:state",
      "reporter": "Ark.",
      "case_ids": [
        1324594
      ],
      "opinion_index": 0,
      "case_paths": [
        "/ark/57/0136-01"
      ]
    },
    {
      "cite": "33 Ark. 816",
      "category": "reporters:state",
      "reporter": "Ark.",
      "case_ids": [
        8726426
      ],
      "opinion_index": 0,
      "case_paths": [
        "/ark/33/0816-01"
      ]
    }
  ],
  "analysis": {
    "cardinality": 220,
    "char_count": 2967,
    "ocr_confidence": 0.669,
    "pagerank": {
      "raw": 8.203483792463421e-08,
      "percentile": 0.4761329714589538
    },
    "sha256": "ac07ba53b23b133c84f423515cd7d1ad9b2c1829deeff6345f18b2cdcc7a7084",
    "simhash": "1:1c7500600b75f3dd",
    "word_count": 526
  },
  "last_updated": "2024-02-27T17:36:52.700934+00:00",
  "provenance": {
    "date_added": "2019-08-29",
    "source": "Harvard",
    "batch": "2018"
  },
  "casebody": {
    "judges": [],
    "parties": [
      "Kansas City Southern Railway Company v. Wayt."
    ],
    "opinions": [
      {
        "text": "Hill, C. J.\nThis was an action for killing two cows of appellee by appellant\u2019s train. The killing by the train being established, the burden of proof shifted to appellant to exonerate itself from the presumption of negligence. Little Rock & F. S. R. Co. v. Payne, 33 Ark. 816; Railway Company v. Taylor, 57 Ark. 136; St. Louis S. W. Ry. Co. v. Russell, 64 Ark. 236; St. Louis, I. M. & S. Ry. Co. v. Bragg, 66 Ark. 248.\nThe appellant attempted to discharge this burden. \u2022 It proved by the fireman- that he was in the discharge of his duty of putting in coal when the stock were killed, and therefore he was not negligent in not seeing them in time to have prevented the injury. The engineer testified that he failed to discover the stock by reason of a cut and curve preventing him seeing them farther than about fifty feet from the point he struck them. The appellee produced three witnesses familiar with the ground who testified that at the point the stock were struck they could have been seen for a distance of from 75 to 100 yards. This presented a proper issue for a jury. It is not a case calling for the application of St. Louis, I. M. & S. Ry. Co. v. Landers, 67 Ark. 514, and Kansas City Southern Ry. Co. v. Lewis, infra, p. 277, wherein it is held that a jury can not be. permitted to arbitrarily disregard unimpeached, uncontradicted and undisputed evidence which is consistent and reasonable in itself. It was merely a question whether the jury would believe the engineer or the three other witnesses on a vital question.\nJudgment affirmed.",
        "type": "majority",
        "author": "Hill, C. J."
      }
    ],
    "attorneys": [
      "Read & McDonough, for appellant.",
      "McGill & Lindsey, for appellee."
    ],
    "corrections": "",
    "head_matter": "Kansas City Southern Railway Company v. Wayt.\nOpinion delivered October 29, 1906.\n1. Railroad \u2014 negligence in killing stock \u2014 presumption.\u2014Where killing of stock by a train is established, the burden is shifted to the defendant railroad company to exonerate itself from the presumption of negligence. (Page 383.)\n2. Same \u2014 negligence.\u2014Where the engineer in charge of the engine which killed plaintiff\u2019s cattle testified that on account of a cut and a curve he failed, to see the cattle until he was within fifty feet from where he struck them, and three witnesses for plaintiff testified that where the cattle were struck they could have been seen by the engineer for a distance between 75 and \u25a0 100 yards, the question was properly submitted to the jury. (Page 383.)\nAppeal from Benton Circuit Court; John N. Tillman, Judge;\naffirmed.\nRead & McDonough, for appellant.\nThe animals were in a cut, and could not be seen by engineer or fireman, proper lookout was being kept, and the engineer\u2019s testimony was reasonable. The case should have been taken from the jury. 67 Ark. 576.\nMcGill & Lindsey, for appellee.\nThere was a conflict of testimony. On the part of appellee it was shown that the animals could have been seen for 75 or 100 yards, and it was not shown by appellant that the. train could not have been stopped in time to prevent the injury. 88 S. W. 584; lb. 593; lb. 599; lb. 851; lb. 951; 54 Ark. 214."
  },
  "file_name": "0382-01",
  "first_page_order": 404,
  "last_page_order": 406
}
