{
  "id": 1491118,
  "name": "Chaney v. Sutherland-Innes Company",
  "name_abbreviation": "Chaney v. Sutherland-Innes Co.",
  "decision_date": "1906-11-26",
  "docket_number": "",
  "first_page": "572",
  "last_page": "574",
  "citations": [
    {
      "type": "official",
      "cite": "80 Ark. 572"
    }
  ],
  "court": {
    "name_abbreviation": "Ark.",
    "id": 8808,
    "name": "Arkansas Supreme Court"
  },
  "jurisdiction": {
    "id": 34,
    "name_long": "Arkansas",
    "name": "Ark."
  },
  "cites_to": [
    {
      "cite": "60 Ark. 613",
      "category": "reporters:state",
      "reporter": "Ark.",
      "case_ids": [
        1903654
      ],
      "opinion_index": 0,
      "case_paths": [
        "/ark/60/0613-01"
      ]
    },
    {
      "cite": "54 Ark. 305",
      "category": "reporters:state",
      "reporter": "Ark.",
      "case_ids": [
        1320335
      ],
      "opinion_index": 0,
      "case_paths": [
        "/ark/54/0305-01"
      ]
    },
    {
      "cite": "31 Ark. 163",
      "category": "reporters:state",
      "reporter": "Ark.",
      "case_ids": [
        1879307
      ],
      "opinion_index": 0,
      "case_paths": [
        "/ark/31/0163-01"
      ]
    },
    {
      "cite": "31 Ark. 131",
      "category": "reporters:state",
      "reporter": "Ark.",
      "case_ids": [
        1879233
      ],
      "opinion_index": 0,
      "case_paths": [
        "/ark/31/0131-01"
      ]
    }
  ],
  "analysis": {
    "cardinality": 282,
    "char_count": 4616,
    "ocr_confidence": 0.67,
    "pagerank": {
      "raw": 6.466952242803772e-08,
      "percentile": 0.39845933102663517
    },
    "sha256": "61ebcfc2e4597e6dd176fdea04425e087171d82c209fa032618b2aa5f6ac2fbb",
    "simhash": "1:1835d127783c23d9",
    "word_count": 783
  },
  "last_updated": "2024-02-27T17:36:52.700934+00:00",
  "provenance": {
    "date_added": "2019-08-29",
    "source": "Harvard",
    "batch": "2018"
  },
  "casebody": {
    "judges": [],
    "parties": [
      "Chaney v. Sutherland-Innes Company."
    ],
    "opinions": [
      {
        "text": "Hill, C. J.\nThe controlling question in this case is whether the logs in controversy had been delivered to appellee prior to the attachment of appellant.\nThe court gave four instructions of its own motion and the 1st and 9th requested by appellant, which instructions will be found set out in the statement of facts.\nWhere the property is ponderous, a symbolical or constructive delivery may be accepted as sufficient when such symbolical delivery is the usual delivery, the proper delivery, or such as the property is capable of, and evidences the change of possession. This question is fully discussed by Chief Justice Engrisi-i in Puckett v. Reed, 31 Ark. 131, which case has been frequently approved and applied.\u2019 Trieber v. Andrews, 31 Ark. 163; Shaul v. Harrington, 54 Ark. 305; White v. McCracken, 60 Ark. 613.\nThere was evidence to sustain the hypothesis of the instructions given, and the facts therein supposed, if existent, made a good delivery, and there was no conflict as to the crucial matters evidencing the delivery.\nThe instructions given covered the law of the case necessary to have been given in order for the jury to have reached a correct verdict. The refused instructions have been carefully examined, and it can not be said that the refusal to give any of them was error.\nJudgment affirmed.",
        "type": "majority",
        "author": "Hill, C. J."
      }
    ],
    "attorneys": [
      "John F. Park, X. O. Pindall and F. M. Rogers, for appellant.",
      "H. Coleman and Murphy, Coleman & Lewis, for appellee."
    ],
    "corrections": "",
    "head_matter": "Chaney v. Sutherland-Innes Company.\nOpinion delivered November 26, 1906.\nSale \u2014 symbolical delivery. \u2014 Where chattel property sold is ponderous, a symbolical or constructive delivery may be accepted as sufficient when such symbolical delivery is the usual delivery, the proper delivery or such as the property is capable of, and evidences the change of possession.\nAppeal from Arkansas Circuit Court; George M. Chapline, Judge;\naffirmed.\nE. L. Chaney, as administrator of M. L. Chaney, deceased, brought suit against Bonner and Tichenor on an account, and sued out an attachment, which was levied on a lot of logs. The Sutherland-Innes Company, Limited, a corporation, intervened, claiming to own the logs.\nThere was evidence tending to prove that before levy of the attachment the intervener\u2019s timber agent had bought the logs for intervener, that he had branded each log with the company\u2019s mark, and put a man to watch the logs until they could be rafted down White River.\nThe court instructed the jury, on its own motion, as follows:\n\u201c1. This is an action by Sutherland-Innes Company, Limited, as intervener, claiming the raft of timber attached in the case by Chaney, et al, as its timber, and that at the time of the issuance and levy of the writ the title to said timber was in it, and not in Bonner and Tichenor.\n\u201c2. Intervener claims said timber on account of valuable consideration paid to Bonner and,Tichenor, and delivery of same to it before said attachment was issued and levied.\n\u201c3. To constitute a sale, there must have been a valuable consideration passed and a delivery of the timber.\n\u201c4. The -court instructs the jury that if the SutherlandInnes Company, Limited, under their contract with Bonner and Tichenor advanced to them money to pay for ail of the cottonwood logs in the raft, and the intervener paid the stumpag-e and all legal claims against said timber, and the said Bonner and Tichenor permitted them to scale the logs and brand each of said logs in its brand, then the same -became the property of the said intervener, and the title was vested in them at the .time of the levy of the attachment writ, and you will find for the intervener.\u201d\nThe court refused plaintiff\u2019s requests for instructions as follows :\n\u201ci. The court instructs the jury that the burden of proof is on the intervener, the Sutherland-Innes Company, Limited, to establish, before they can recover in this case, the fact that the timber attached herein was the property of the said intervener at the time of the service of the writs of attachment in this case, and it is incumbent on the intervener to establish this fact by a preponderance of the testimony over and above that introduced by the plaintiff, E. L- Chaney, administrator.\n\u201c9. You are instructed that unless you find from the evidence that Bonner & Co., or one of the members of the said company of Bonner & Co., authorized or permitted the brand of the intervener to be put on the logs in controversy freely and voluntarily and for the purpose and use of the brand as an evidence of title in said intervener, then you will find against said intervener.\u201d\nThe intervener recovered judgment below, and plaintiff has appealed.\nJohn F. Park, X. O. Pindall and F. M. Rogers, for appellant.\nH. Coleman and Murphy, Coleman & Lewis, for appellee."
  },
  "file_name": "0572-01",
  "first_page_order": 594,
  "last_page_order": 596
}
