{
  "id": 1504003,
  "name": "Howson v. State",
  "name_abbreviation": "Howson v. State",
  "decision_date": "1904-12-03",
  "docket_number": "",
  "first_page": "146",
  "last_page": "147",
  "citations": [
    {
      "type": "official",
      "cite": "73 Ark. 146"
    }
  ],
  "court": {
    "name_abbreviation": "Ark.",
    "id": 8808,
    "name": "Arkansas Supreme Court"
  },
  "jurisdiction": {
    "id": 34,
    "name_long": "Arkansas",
    "name": "Ark."
  },
  "cites_to": [],
  "analysis": {
    "cardinality": 266,
    "char_count": 4175,
    "ocr_confidence": 0.71,
    "pagerank": {
      "raw": 1.8288390767111844e-07,
      "percentile": 0.7204273299331351
    },
    "sha256": "cc582926f34c3d4497ee41eaa496ca30802fa82aae503e0e18d21303496a554d",
    "simhash": "1:ba57b6933202d59e",
    "word_count": 716
  },
  "last_updated": "2023-07-14T18:58:55.652140+00:00",
  "provenance": {
    "date_added": "2019-08-29",
    "source": "Harvard",
    "batch": "2018"
  },
  "casebody": {
    "judges": [],
    "parties": [
      "Howson v. State."
    ],
    "opinions": [
      {
        "text": "McCueeoch, J.\nThe appellants, Howson and Kidd, were jointly indicted, tried and convicted of the crime of grand larceny in stealing a Log.\nThe testimony establishes the fact that the hog was shot and killed in the woods during the daytime, and was found in a sack on the same night near the home of Howson \u2014 about fifty steps from his dwelling house. Both of the defendants denied killing the hog or having any knowledge of it until it was found by the owner near Howson\u2019s home.\nWitness Harvey, the owner of the hog, was permitted to testify, over the objection of the defendants, to an alleged confession of Howson, made in the absence of Kidd, in which he declared that Kidd killed the hog. The defendants moved the court to exclude this testimony, but the court overruled the motion, and an exception thereto was duly made. The record does not set forth the instructions given to the jury when the case was finally submitted, and no exceptions thereto were noted. Ordinarily, we would; upon such state of the record, presume that the court properly directed the jury not to consider the alleged statement of Howson in determining the guilt or innocence of Kidd, but we can hardly indulge that presumption here in the face of the record which merely recites that the court instructed the jury from the statutes, reading fully to the jury the definition of larceny and all the law pertaining thereto, to which the defendants did not except.\nIt was the duty of the court, and would have been the better practice, at the time this testimony was given, to have instructed the jury then upon its admissibility, and to have made plain to them that they could consider it only in passing upon the guilt or innocence of Howson. It was only admissible for that purpose, and can by no rule be sustained as against Kidd, dnd it was not safe to allow the jury throughout the further progress of the trial, and until the final instructions were given, to rest under the impression that they might consider such testimony for all purposes. We do not hold that this was error for which alone the case should be reversed. The testimony was admissible against Howson, and it was the duty of the defendant Kidd to have asked the court for a specific direction to the jury confining it to that scope, instead of contenting himself with a general objection such as was made.\nBut the testimony, so far as it connects Kidd with the commission of the offense, is very uncertain and unsatisfactory, and, we think, hardly sufficient, as it appears in the record, to support a conviction. We are persuaded that the jury must have super-added, as against Kidd, this statement of Howson\u2019s, in order to find enough testimony to sustain a verdict of conviction.\nThere is no error as to Howson, and the judgment against him is affirmed; but as to Kidd, the judgment is reversed, and cause remanded for a new trial.",
        "type": "majority",
        "author": "McCueeoch, J."
      }
    ],
    "attorneys": [
      "W. B. Sorrells, for appellants.",
      "George W. Murphy, Attorney General, for appellee."
    ],
    "corrections": "",
    "head_matter": "Howson v. State.\nOpinion delivered December 3, 1904.\n1. Appeal \u2014 presumption as to instructions. \u2014 The presumption, where the record does not set out the instructions given to the jury, that the court properly directed the jury not to consider certain evidence in determining the guilt of one of the defendants will not be indulged where the record recites that the court instructed the jury by reading from the statutes the definition of the crime charged and all the law pertaining thereto. (Page 147.)\n2. Evidence \u2014 confession.\u2014A confession by one of two defendants, made in the other\u2019s absence, is inadmissible against the latter. (Page 147.)\n3. Appeal \u2014 reversal\u2014incompetent evidence. \u2014 Where evidence admissible against one of two defendants and inadmissible against the other was admitted over the latter\u2019s objection, though he failed to ask the court to instruct the jury not to consider it in passing upon his guilt, such admission will be ground for reversal as to him if, without such evidence, there was insufficient testimony to support a verdict against him. (Page 147.)\nAppeal from Lincoln Circuit Court, Varner District.\nAntonio B. Grace, J-udge.\nAffirmed as to Howson; reversed as to Kidd.\nW. B. Sorrells, for appellants.\nGeorge W. Murphy, Attorney General, for appellee."
  },
  "file_name": "0146-01",
  "first_page_order": 168,
  "last_page_order": 169
}
