{
  "id": 1523354,
  "name": "Kelly v. Keith",
  "name_abbreviation": "Kelly v. Keith",
  "decision_date": "1907-12-23",
  "docket_number": "",
  "first_page": "30",
  "last_page": "33",
  "citations": [
    {
      "type": "official",
      "cite": "85 Ark. 30"
    }
  ],
  "court": {
    "name_abbreviation": "Ark.",
    "id": 8808,
    "name": "Arkansas Supreme Court"
  },
  "jurisdiction": {
    "id": 34,
    "name_long": "Arkansas",
    "name": "Ark."
  },
  "cites_to": [
    {
      "cite": "50 S. W. 855",
      "category": "reporters:state_regional",
      "reporter": "S.W.",
      "opinion_index": -1
    },
    {
      "cite": "68 Ark. 521",
      "category": "reporters:state",
      "reporter": "Ark.",
      "opinion_index": -1
    },
    {
      "cite": "42 S. W. 86",
      "category": "reporters:state_regional",
      "reporter": "S.W.",
      "opinion_index": -1
    },
    {
      "cite": "38 Ark. 329",
      "category": "reporters:state",
      "reporter": "Ark.",
      "case_ids": [
        1900497
      ],
      "weight": 2,
      "opinion_index": -1,
      "case_paths": [
        "/ark/38/0329-01"
      ]
    },
    {
      "cite": "30 Ark. 505",
      "category": "reporters:state",
      "reporter": "Ark.",
      "case_ids": [
        1881107
      ],
      "opinion_index": -1,
      "case_paths": [
        "/ark/30/0505-01"
      ]
    },
    {
      "cite": "96 U. S. 587",
      "category": "reporters:federal",
      "reporter": "U.S.",
      "opinion_index": 0
    },
    {
      "cite": "34 Ark. 582",
      "category": "reporters:state",
      "reporter": "Ark.",
      "case_ids": [
        1875673
      ],
      "pin_cites": [
        {
          "page": "589"
        }
      ],
      "opinion_index": 0,
      "case_paths": [
        "/ark/34/0582-01"
      ]
    },
    {
      "cite": "33 Ark. 340",
      "category": "reporters:state",
      "reporter": "Ark.",
      "case_ids": [
        8723933
      ],
      "pin_cites": [
        {
          "page": "347"
        }
      ],
      "opinion_index": 0,
      "case_paths": [
        "/ark/33/0340-01"
      ]
    },
    {
      "cite": "53 Ark. 514",
      "category": "reporters:state",
      "reporter": "Ark.",
      "case_ids": [
        1911616
      ],
      "opinion_index": 0,
      "case_paths": [
        "/ark/53/0514-01"
      ]
    },
    {
      "cite": "77 Ark. 31",
      "category": "reporters:state",
      "reporter": "Ark.",
      "case_ids": [
        1499152
      ],
      "opinion_index": 0,
      "case_paths": [
        "/ark/77/0031-01"
      ]
    }
  ],
  "analysis": {
    "cardinality": 344,
    "char_count": 5147,
    "ocr_confidence": 0.729,
    "pagerank": {
      "raw": 1.473432063184335e-07,
      "percentile": 0.6597048708245152
    },
    "sha256": "70d1a9cd9841c791de19e8d1fdfd4c4b4d79cb6f7d46a958687cda32219d85d9",
    "simhash": "1:547109c5715687ee",
    "word_count": 950
  },
  "last_updated": "2024-02-27T17:38:26.073433+00:00",
  "provenance": {
    "date_added": "2019-08-29",
    "source": "Harvard",
    "batch": "2018"
  },
  "casebody": {
    "judges": [],
    "parties": [
      "Kelly v. Keith."
    ],
    "opinions": [
      {
        "text": "Battre, J.\nThe facts in this case are stated in Kelly v. Keith, 77 Ark. 31. In that case Keith was required by an order of the chancery court of Hot Springs County, in which the suit was pending, to pay into court the amount tendered by him to Kelly. He took a receipt from John C. Ross, clerk of the Hot Springs Chancery Court, for $350, with interest thereon from \u2022March 18, 1901, to December 18, 1901, at the rate of six per cent, per annum, amounting to $365.75, the same being the amount tendered. Ross testified that no money was actually paid to him; that he gave the receipt because he \u201cknew that Keith\u2019s word to him was perfectly good\u201d. Keith and T. R. McHenry testified that an arrangement was made with the Bank -of Malvern by which it was understood that the amount receipted for would be paid to Ross on his check. Ross went out of office, and J. E. Young succeeded him. No mone}r or check was received from Ross by Young. After the appeal was taken to this court, and during its pendency Mrs. Kelly, the appellant, concluded to abandon the appeal and take the money, and demanded it of the clerk, Young; and he failed to pay it, saying that none had been paid to him for her, which was true. She then filed a supplemental complaint in the original suit asking for a judgment for $365.75, and six per cent, per annum interest from December n, 1902, the date of Ross\u2019s receipt, and for her costs. Upon the hearing of the cause the court dismissed the supplemental complaint, and plaintiff appealed.\nThe filing of the supplemental complaint was an abandonment of the appeal. The appellee was entitled to .a dismissal. Kirby\u2019s Dig. \u00a7 1228; Bolen v. Cumby, 53 Ark. 514. His failure to move the dismissal was a waiver of the right.\nAfter a tender is duly made it must, to preserve its legal effect, be kept good. Schearff v. Dodge, 33 Ark. 340, 347; Cole v. Moore, 34 Ark. 582, 589; Bissell v. Heyward, 96 U. S. 587; 3 Page on Contracts, \u00a7 1427; 28 Enc. of Am. & Eng. Daw (2d Ed;), pages 38, 41, cases cited.\n\u201cNotwithstanding the refusal of a valid - tender, if the creditor subsequently demands payment, and the debtor fails to pay, the tender has not been kept good; and the debtor loses the benefit of the tender.\u201d 28 Enc. Am. & Eng. Law (2d Ed), page 41 and cases cited.\nIn this case Mrs. Kelly made demand upon Young, the clerk to whom the money should have been paid, to make good the tender, and he failed to do so. He was constituted the agent for that purpose. His failure made the tender of no effect; Keith having failed to supply him with the funds. The- consequence is, Mrs. Kelly is entitled to recover the $365.75 and six per cent, per annum interest thereon from the nth of December, 1902, the date of the clerk\u2019s receipt, less whatever amount has been paid thereon, and for all her costs.\nReverse and remand with directions to the court to enter a decree in accordance with this opinion.",
        "type": "majority",
        "author": "Battre, J."
      }
    ],
    "attorneys": [
      "B. H. Vance, Jr., for appellant.",
      "Dtif\u00f1e & DuMe, for appellee."
    ],
    "corrections": "",
    "head_matter": "Kelly v. Keith.\nOpinion delivered December 23, 1907.\n1. Appeal \u2014 abandonment.\u2014Where, after appealing from a judgment, the plaintiff concluded to accept a tender which defendant had made, and filed a supplemental complaint in the lower court to require defendant to make the tender good, the filing of the supplemental complaint was an abandonment of the appeal. (Page 32.)\n2. Tender \u2014 effect of fatlure to keep good. \u2014 Notwithstanding a creditor refuses a valid tender, if he subsequently demands payment, and the debtor fails to pay, the tender has not been kept good, and the creditor is entitled to recover the amount of the tender, with interest from the date of the tender and all costs incurred. (Page 32.)\nAppeal from Hot Springs Chancery Court; Alphonso Curl, Chancellor;\nreversed.\nB. H. Vance, Jr., for appellant.\nTo be availing so as to stop accrual of interest and save costs, a tender must be followed up, and the money brought into court. Not only so, but the tender must be kept good, in money, and the burden of proof is on the one alleging the tender to show that he has kept it good. 30 Ark. 505; 38 Ark. 329; Hunt on Tender, \u00a7 \u00a7 352, 513, 514. See, also, Id. \u00a7 \u00a7 517 and 481.\nDtif\u00f1e & DuMe, for appellee.\n1. This was a suit for specific performance of a contract, the defense to which was a denial of the obligation and of the right to enforce performance. The tender of the money was therefore unnecessary. 42 S. W. 86; 68 Ark. 521.\nIt is undisputed that the money was offered to the clerk, who preferred that it remain in the bank, and that it was so placed, subject to the check of the clerk. Where the court fails to designate a depository, the clerk may do so. Kirby\u2019s Dig. \u00a7 6362; 50 S. W. 855. A tender is kept good, although no money is paid to the clerk of the court in pursuance thereof, where this is because the clerk prefers a certificate of deposit, and where the money is at all times subject to his order and under his control. 21 Enc. of PI. & Pr. 579. The clerk\u2019s receipt for the deposit is conclusive, and he is estopped to deny its recitals. Id. 578.\n2. Having prosecuted an appeal, appellant is not entitled to interest on the amount of the tender. 9 Enc. PL & Pr. 748, 753; 21 Id. 577, note 3."
  },
  "file_name": "0030-01",
  "first_page_order": 50,
  "last_page_order": 53
}
