{
  "id": 1314555,
  "name": "Iverson v. State",
  "name_abbreviation": "Iverson v. State",
  "decision_date": "1911-06-19",
  "docket_number": "",
  "first_page": "453",
  "last_page": "455",
  "citations": [
    {
      "type": "official",
      "cite": "99 Ark. 453"
    }
  ],
  "court": {
    "name_abbreviation": "Ark.",
    "id": 8808,
    "name": "Arkansas Supreme Court"
  },
  "jurisdiction": {
    "id": 34,
    "name_long": "Arkansas",
    "name": "Ark."
  },
  "cites_to": [
    {
      "cite": "34 Ark. 649",
      "category": "reporters:state",
      "reporter": "Ark.",
      "case_ids": [
        1875686
      ],
      "opinion_index": -1,
      "case_paths": [
        "/ark/34/0649-01"
      ]
    },
    {
      "cite": "73 Ark. 146",
      "category": "reporters:state",
      "reporter": "Ark.",
      "case_ids": [
        1504003
      ],
      "weight": 2,
      "pin_cites": [
        {
          "page": "172"
        }
      ],
      "opinion_index": -1,
      "case_paths": [
        "/ark/73/0146-01"
      ]
    },
    {
      "cite": "43 Ark. 367",
      "category": "reporters:state",
      "reporter": "Ark.",
      "case_ids": [
        1894491
      ],
      "opinion_index": 0,
      "case_paths": [
        "/ark/43/0367-01"
      ]
    }
  ],
  "analysis": {
    "cardinality": 263,
    "char_count": 3639,
    "ocr_confidence": 0.675,
    "pagerank": {
      "raw": 8.875751337239749e-08,
      "percentile": 0.4992082549986505
    },
    "sha256": "3020b8575cb844c368ba00c401feb6931e02cf7e5ba4b38b5db87abe122c937b",
    "simhash": "1:1cb835ffd2ba88f8",
    "word_count": 634
  },
  "last_updated": "2024-02-27T19:52:28.390492+00:00",
  "provenance": {
    "date_added": "2019-08-29",
    "source": "Harvard",
    "batch": "2018"
  },
  "casebody": {
    "judges": [],
    "parties": [
      "Iverson v. State."
    ],
    "opinions": [
      {
        "text": "Kirby, -J.\nAppellant was jointly indicted by the Pulaski County grand jury with Doyal Whitten, charged with burglary and grand larceny, and convicted of grand larceny, and appealed to this court.\nHe contends that the court erred in admitting testimony relating to an alleged confession by him, same not being voluntarily made, and that the verdict is not supported by the testimony.\nIt was shown that the house of Chas. Bryson was broken into between 10 and 11:3o o\u2019clock on the night of January 31 last, while the family were attending a watch party at the church. That a watch of the value of 20 dollars, a pistol worth $10 and between twenty and twenty-five dollars in money were taken therefrom. Bryson tracked Whitten through the snow to his hiding place, and held him till the officers came. The watch and pistol were recovered, and some of the money. The ivory handles had been taken off the pistol. Whitten confessed, and stated that appellant was with him and assisted in getting the stuff and secreting it, and that it was divided next day, and so testified. None of the stolen property was found in the possession of appellant, nor was he connected with the commission of the offense except by the testimony of Whitten and the statement of the officers of his confession to them. The defense was an alibi, and the testimony tended strongly to show that he was at the watch party from nine o\u2019clock till it ended after twelve that night, the offense having been committed between 10 and 11. He stoutly protested his innocence, denied any knowledge of the crime and all connection with it and that he had made any confession to the officers; said they charged him with it, told him that Whitten said he was with him, and read Whitten\u2019s statement over to him, that he denied it and that one of the officers struck him in the breast and told him to sign it; that he was afraid and wrote his name; that the officer never read to him any statement he made. The officers testified that he voluntarily confessed that he was with Whitten and got the property, after first denying it, without any threats made against or promises or inducement held out to him, and denied that either struck him and the one charged with having done so swore he did not think he .touched him at all in any way, and that he did not strike Him.\nThe court below found that the confession was Voluntary, and committed no error in admitting the testimony relating to .it.\nThe confession, not having been made in open court, did not warrant a conviction of appellant unless it was accompanied with other proof that the offense was committed; but. the undisputed proof, without the testimony of the accomplice Whitten, shows the offense was committed, and the evidence is sufficient to sustain -the verdict. Kirby\u2019s Digest, \u00a7 2385; Melton v. State, 43 Ark. 367.\nThe judgment is affirmed.",
        "type": "majority",
        "author": "Kirby, -J."
      }
    ],
    "attorneys": [
      "Jones & Price, C. T. Lindsey and Nelson H. Nichols, for appellant.",
      "Hal L. Norwood, Attorney General, and Wm: H. Rector, Assistant Attorney General, for appellee."
    ],
    "corrections": "",
    "head_matter": "Iverson v. State.\nOpinion delivered June 19, 1911.\nEvidence \u2014 confession.\u2014A voluntary confession, accompanied by proof that the offense was committed, is sufficient to sustain a conviction.\nAppeal from Pulaski Circuit Court; Robert J. Lea, Judge;\naffirmed.\nJones & Price, C. T. Lindsey and Nelson H. Nichols, for appellant.\nNo conviction coitld be had upon the uncorroborated testimony of an accomplice. Kirby\u2019s Digest, \u00a7 2384; 73 Ark. 146; 47 Id. 172.\nHal L. Norwood, Attorney General, and Wm: H. Rector, Assistant Attorney General, for appellee.\nThe confession of a defendant, accompanied by proof that the offense was actually committed by some one, will warrant a conviction. 34 Ark. 649; 81 Id. 589; 32 Id. 727; 28 Id. 121; 22 Id. 326; 84 Id. 88; 66 Id. 506; 63 Id. 457."
  },
  "file_name": "0453-01",
  "first_page_order": 475,
  "last_page_order": 477
}
