{
  "id": 1314556,
  "name": "Burbridge v. Wilson",
  "name_abbreviation": "Burbridge v. Wilson",
  "decision_date": "1911-06-19",
  "docket_number": "",
  "first_page": "455",
  "last_page": "458",
  "citations": [
    {
      "type": "official",
      "cite": "99 Ark. 455"
    }
  ],
  "court": {
    "name_abbreviation": "Ark.",
    "id": 8808,
    "name": "Arkansas Supreme Court"
  },
  "jurisdiction": {
    "id": 34,
    "name_long": "Arkansas",
    "name": "Ark."
  },
  "cites_to": [
    {
      "cite": "26 L. R. A. (N. S.) 559",
      "category": "reporters:federal",
      "reporter": "L.R.A.N.S.",
      "opinion_index": -1
    },
    {
      "cite": "77 C. C. A. 86",
      "category": "reporters:federal",
      "reporter": "C.C.A.",
      "opinion_index": -1
    },
    {
      "cite": "82 Vt. 324",
      "category": "reporters:state",
      "reporter": "Vt.",
      "case_ids": [
        4471969
      ],
      "opinion_index": -1,
      "case_paths": [
        "/vt/82/0324-01"
      ]
    },
    {
      "cite": "124 La. 857",
      "category": "reporters:state",
      "reporter": "La.",
      "opinion_index": -1
    },
    {
      "cite": "36 Vt. 273",
      "category": "reporters:state",
      "reporter": "Vt.",
      "case_ids": [
        4434205
      ],
      "opinion_index": -1,
      "case_paths": [
        "/vt/36/0273-01"
      ]
    },
    {
      "cite": "33 Mo. 205",
      "category": "reporters:state",
      "reporter": "Mo.",
      "case_ids": [
        992082
      ],
      "opinion_index": -1,
      "case_paths": [
        "/mo/33/0205-01"
      ]
    },
    {
      "cite": "147 Cal. 228",
      "category": "reporters:state",
      "reporter": "Cal.",
      "case_ids": [
        2120239
      ],
      "opinion_index": -1,
      "case_paths": [
        "/cal/147/0228-01"
      ]
    },
    {
      "cite": "75 Ark. 196",
      "category": "reporters:state",
      "reporter": "Ark.",
      "opinion_index": -1
    },
    {
      "cite": "83 Ark. 523",
      "category": "reporters:state",
      "reporter": "Ark.",
      "opinion_index": -1
    },
    {
      "cite": "85 Ark. 372",
      "category": "reporters:state",
      "reporter": "Ark.",
      "case_ids": [
        1523330
      ],
      "pin_cites": [
        {
          "page": "375"
        }
      ],
      "opinion_index": -1,
      "case_paths": [
        "/ark/85/0372-01"
      ]
    },
    {
      "cite": "93 Ark. 298",
      "category": "reporters:state",
      "reporter": "Ark.",
      "case_ids": [
        1546830
      ],
      "pin_cites": [
        {
          "page": "300"
        }
      ],
      "opinion_index": -1,
      "case_paths": [
        "/ark/93/0298-01"
      ]
    },
    {
      "cite": "90 Ark. 430",
      "category": "reporters:state",
      "reporter": "Ark.",
      "case_ids": [
        1513850
      ],
      "opinion_index": -1,
      "case_paths": [
        "/ark/90/0430-01"
      ]
    },
    {
      "cite": "81 Ark. 352",
      "category": "reporters:state",
      "reporter": "Ark.",
      "case_ids": [
        1530597
      ],
      "weight": 2,
      "pin_cites": [
        {
          "page": "357"
        },
        {
          "page": "432, 438"
        }
      ],
      "opinion_index": -1,
      "case_paths": [
        "/ark/81/0352-01"
      ]
    },
    {
      "cite": "72 Ark. 101",
      "category": "reporters:state",
      "reporter": "Ark.",
      "case_ids": [
        1505573
      ],
      "pin_cites": [
        {
          "page": "106"
        }
      ],
      "opinion_index": -1,
      "case_paths": [
        "/ark/72/0101-01"
      ]
    },
    {
      "cite": "92 Ark. 497",
      "category": "reporters:state",
      "reporter": "Ark.",
      "case_ids": [
        1548548
      ],
      "opinion_index": 0,
      "case_paths": [
        "/ark/92/0497-01"
      ]
    },
    {
      "cite": "95 Ark. 6",
      "category": "reporters:state",
      "reporter": "Ark.",
      "case_ids": [
        1543462
      ],
      "opinion_index": 0,
      "case_paths": [
        "/ark/95/0006-01"
      ]
    },
    {
      "cite": "81 Ark. 432",
      "category": "reporters:state",
      "reporter": "Ark.",
      "case_ids": [
        1530631
      ],
      "opinion_index": 0,
      "case_paths": [
        "/ark/81/0432-01"
      ]
    },
    {
      "cite": "93 Ark. 298",
      "category": "reporters:state",
      "reporter": "Ark.",
      "case_ids": [
        1546830
      ],
      "opinion_index": 0,
      "case_paths": [
        "/ark/93/0298-01"
      ]
    },
    {
      "cite": "90 Ark. 430",
      "category": "reporters:state",
      "reporter": "Ark.",
      "case_ids": [
        1513850
      ],
      "opinion_index": 0,
      "case_paths": [
        "/ark/90/0430-01"
      ]
    },
    {
      "cite": "81 Ark. 352",
      "category": "reporters:state",
      "reporter": "Ark.",
      "case_ids": [
        1530597
      ],
      "opinion_index": 0,
      "case_paths": [
        "/ark/81/0352-01"
      ]
    },
    {
      "cite": "72 Ark. 101",
      "category": "reporters:state",
      "reporter": "Ark.",
      "case_ids": [
        1505573
      ],
      "opinion_index": 0,
      "case_paths": [
        "/ark/72/0101-01"
      ]
    }
  ],
  "analysis": {
    "cardinality": 435,
    "char_count": 6482,
    "ocr_confidence": 0.698,
    "pagerank": {
      "raw": 1.6277862165554189e-07,
      "percentile": 0.6883847282216068
    },
    "sha256": "1fddd971208768e714c40b734303bfafccb7e8448782c7b378b030722933b436",
    "simhash": "1:3ac0bff54679920c",
    "word_count": 1154
  },
  "last_updated": "2024-02-27T19:52:28.390492+00:00",
  "provenance": {
    "date_added": "2019-08-29",
    "source": "Harvard",
    "batch": "2018"
  },
  "casebody": {
    "judges": [
      "Kirby, J., dissents."
    ],
    "parties": [
      "Burbridge v. Wilson."
    ],
    "opinions": [
      {
        "text": "McCulloch, C. J.\nThe lands involved in this controversy, which are wild and unoccupied, were originally owned by A. P. Wilson, plaintiff\u2019s ancestor, and were forfeited to the State m the year 1869 for non-payment of the taxes of 1868. W. B. Brooks purchased the lands from the State on September 16, 1887, and received a deed from the Commissioner of State Lands. Brooks paid the taxes on the lands from the time of his said purchase until the year 1901, when they were allowed to go delinquent, and were again forfeited to the State. He redeemed from the State on December 7, 1903, receiving a redemption deed executed by the State Land Commissioner pursuant to the statute. On January 4, 1904, he sold and conveyed the lands to the defendant, who has continued to pay taxes thereon up to the present. Plaintiffs instituted this action in the chancery court on July 16, 1910, against defendant to cancel, as clouds on their title, the tax forfeiture of 1869, the deed of the State Land Commissioner to Brooks and the deed of Brooks to defendant. It is conceded that the tax forfeiture of 1869 was void, but the defendant relies on his plea of laches to defeat plaintiff\u2019s action. In support of this plea, defendant proves that he and his said grantor have paid all of the taxes assessed against the lands since 1887, and that meanwhile the lands have become greatly enhanced in value. The proof shows that in 1887, when plaintiffs ceased to pay taxes, the lands were worth one dollar per acre, and that they were of the value of eight to ten dollars per acre when this suit was commenced. This makes out a typical case for application of the doctrine of laches, so frequently announced by the courts in this character of litigation. Clay v. Bilby, 72 Ark. 101; Turner v. Burke, 81 Ark. 352; Osceola Land Co. v. Henderson, 81 Ark. 432; Craig v. Hedges, 90 Ark. 430; Blank v. Huddleston, 93 Ark. 298; Rachels v. Stecher Cooperage Works, 95 Ark. 6.\nCounsel for plaintiffs urge, in avoidance of the application of this doctrine, the fact that defendant\u2019s grantor failed to pay taxes on the lands for 1901 and allowed them to stand forfeited for over two years before redeeming. This, however, is not sufficient to relieve plaintiffs from the effect, in equity, of their inaction for so long a time in asserting their rights to the lands. During said period of inactivity they permitted the defendant and his grantor to pay .taxes on the lands for fourteen years up to the time of the second forfeiture and six years after redemption therefrom before taking any steps to assert title. In other words, they completely abandoned the lands for a period of about twenty-three years, allowing others to pay the taxes assessed against the lands while the value thereof was undergoing enhancement. In Chancellor v. Banks, 92 Ark. 497, we held that where there had been a void forfeiture of lands to the State for non-payment of taxes, the period of laches would be deemed to run against the owner only from the date of the purchase by an individual from the -State; but in this case the abandonment of the lands by plaintiffs began long before the second forfeiture, and they get no aid from the fact that he who was allowed to pair the taxes temporarily abandoned his claim. The basis of the doctrine of laches as applied in these cases is that the asserted rights have been abandoned by long inaction while others are permitted to bear the burdens of taxation, the value of the lands being in the meantime enhanced. Courts of equity refuse to give relief under those circumstances, and the application of the doctrine is unaffected by the fact that ithe party invoking it has, at some time during the other\u2019s inactivity, been temporarily derelict in discharging the burden of taxation. We are of the opinion that the plaintiffs are not entitled to the equitable relief they ask for, and the decree is therefore reversed, and the cause remanded with directions to .dismiss their complaint.\nKirby, J., dissents.",
        "type": "majority",
        "author": "McCulloch, C. J."
      }
    ],
    "attorneys": [
      "B. L. Herring, for appellant.",
      "/. R. Wilson, for appellee."
    ],
    "corrections": "",
    "head_matter": "Burbridge v. Wilson.\nOpinion delivered June 19, 1911.\nQuieting \u2014laches.\u2014A suit to remove a void tax deed as a cloud upon title to lands is barred by laches where the plaintiffs abandoned the lands for a period of 23 years, allowing the defendant and his grantor to pay the taxes assessed against the lands, which in the meantime had enhanced tenfold in value.\nAppeal from Bradley Chancery Court; Zachariah T. Wood, Chancellor;\nreversed.\nB. L. Herring, for appellant.\nUnder the evidence in this case, the appellee\u2019s claim is stale, and he is barred by his own laches and that of his privies in title. .72 Ark. 101, 106; 81 Ark. 352, 357; Id. 432, 438; 90 Ark. 430, 4341 93 Ark. 298, 300; 85 Ark. 372, 375; 128 S. W. (Ark.) 34\u00a7, 353-\n/. R. Wilson, for appellee.\nThe tax forfeitures of 1868 and 1869 being void, the State acquired no title to convey; and, the lands being wild and unimproved, the possession remained with the Wilsons, the owners of the legal title. There was nothing to call plaintiffs and their ancestors into activity. Brooks by his act in marking the land on the book \u201cLet it sell,\u201d and permitting it to be sold in 1901 for the taxes of 1900, abandoned his right to claim any benefits by reason of payment of taxes prior to that time, and payment of taxes thereafter begins a new period. Appellant cannot claim credit for tax payments by redemption. 83 Ark. 523; 47 111. 17; 53 Pac. (Cal.) 421.\nSince no rights were asserted against appellee and his co-heirs calling for action, they are not properly chargeable with laches. Mere lapse of time, coupled with payment of taxes, does not ripen a void tax title into legal title. 75 Ark. 196. There was no abandonment by the Wilsons. \u201cTo constitute an abandonment in respect of a right secured, there must be a clear, unequivocal, and decisive act -of the party; an act done which shows a determination in the individual not to have a benefit which is designed for him.\u201d There can be no abandonment without the intention to abandon. 1 Cyc. 6, 7. Act and intention -must concur. 147 Cal. 228. Intention to abandon will not be presumed, and the burden of showing it rests upon the one who asserts it. 33 Mo. 205; 36 Vt. 273. Land is not abandoned by mere inaction. 124 La. 857; 82 Vt. 324. Nor b)i mere failure to bring suit for the land. 77 C. C. A. 86. Laches does not run against one asserting rights to real estate which he has had in possession during the delajr in asserting these rights. 26 L. R. A. (N. S.) 559."
  },
  "file_name": "0455-01",
  "first_page_order": 477,
  "last_page_order": 480
}
