{
  "volume_number": "33",
  "title": null,
  "publisher": "Arkansas Democrat Print",
  "publication_year": 1880,
  "start_year": 1878,
  "end_year": 1878,
  "series_volume_number": "",
  "jurisdictions": [
    {
      "id": 34,
      "name": "Ark.",
      "name_long": "Arkansas"
    }
  ],
  "id": "32044078573995",
  "harvard_hollis_id": "005372524",
  "spine_start_year": 1878,
  "spine_end_year": 1878,
  "publication_city": "Little Rock, AR",
  "second_part_of_id": null,
  "redacted": false,
  "nominative_reporter": null
}
