{
  "id": 1896166,
  "name": "Grace v. Neel",
  "name_abbreviation": "Grace v. Neel",
  "decision_date": "1883-11",
  "docket_number": "",
  "first_page": "165",
  "last_page": "169",
  "citations": [
    {
      "type": "official",
      "cite": "41 Ark. 165"
    }
  ],
  "court": {
    "name_abbreviation": "Ark.",
    "id": 8808,
    "name": "Arkansas Supreme Court"
  },
  "jurisdiction": {
    "id": 34,
    "name_long": "Arkansas",
    "name": "Ark."
  },
  "cites_to": [
    {
      "cite": "33 Ark., 576",
      "category": "reporters:state",
      "reporter": "Ark.",
      "opinion_index": -1
    },
    {
      "cite": "37 Ark., 494",
      "category": "reporters:state",
      "reporter": "Ark.",
      "opinion_index": -1
    },
    {
      "cite": "33 Ark., 233",
      "category": "reporters:state",
      "reporter": "Ark.",
      "case_ids": [
        8723301
      ],
      "weight": 2,
      "opinion_index": 0,
      "case_paths": [
        "/ark/33/0233-01"
      ]
    },
    {
      "cite": "24 Ark., 569",
      "category": "reporters:state",
      "reporter": "Ark.",
      "case_ids": [
        8727345
      ],
      "opinion_index": 0,
      "case_paths": [
        "/ark/24/0569-01"
      ]
    },
    {
      "cite": "34 Ark., 144",
      "category": "reporters:state",
      "reporter": "Ark.",
      "case_ids": [
        1875689
      ],
      "opinion_index": 0,
      "case_paths": [
        "/ark/34/0144-01"
      ]
    },
    {
      "cite": "39 Ark., 104",
      "category": "reporters:state",
      "reporter": "Ark.",
      "case_ids": [
        1898651
      ],
      "opinion_index": 0,
      "case_paths": [
        "/ark/39/0104-01"
      ]
    },
    {
      "cite": "33 Ark., 665",
      "category": "reporters:state",
      "reporter": "Ark.",
      "case_ids": [
        8725713
      ],
      "opinion_index": 0,
      "case_paths": [
        "/ark/33/0665-01"
      ]
    }
  ],
  "analysis": {
    "cardinality": 491,
    "char_count": 8131,
    "ocr_confidence": 0.476,
    "pagerank": {
      "raw": 1.3417866671818275e-07,
      "percentile": 0.6314431845254299
    },
    "sha256": "68021f6459b888fb188ba1ee5599d7c6ecc37de4378c4283a11d625e66ab5a0a",
    "simhash": "1:09a46e91ac347853",
    "word_count": 1440
  },
  "last_updated": "2024-02-27T20:07:47.393766+00:00",
  "provenance": {
    "date_added": "2019-08-29",
    "source": "Harvard",
    "batch": "2018"
  },
  "casebody": {
    "judges": [],
    "parties": [
      "Grace v. Neel."
    ],
    "opinions": [
      {
        "text": "Smith, J.\nRichardson filed his bill in equity, alleging that he had conveyed certain lands to the defendant, Neel, by a deed absolute in form, but intended to operate only as a mortgage security; that Neel, in consideration thereof, was to pay certain specified debts of the plaintiff, and that he had been fully repaid out of the rents and proceeds of the sale of some of the lands, all sums so advanced by him, but had neglected to pay some of the scheduled debts. The prayer was to have the deed declared a mortgage and for a reconveyance and an accounting.\nAfter service of the summons and after some depositions had been taken for the plaintiff, but before answer filed, Richardson died, and Neel, the defendant in the suit, was appointed his administrator. As such administrator he caused an order for the dismissal of the cause to be entered in vacation. At the next term of court, the unpaid creditors of Richardson asked to be made parties and for the appointment of an administrator ad litem. Mr. Grace, Richardson\u2019s solicitor, also moved for the appointment of a special administrator, and for leave to prosecute the suit himself in order to. recover his fee and costs that he had advanced. These motions were all denied, it being made to appear to the court below that it was not the intention, nor desire of Richardson\u2019s heirs that the suit should be revived, :and on motion of Neel, the case was dismissed. Grace and ithe creditors have prosecuted this appeal.\nUpon the death of a sole plaintiff, an action may be revived in the name of his representatives, to whom his right has passed. Where his right has passed to his personal representative, the revivor shall be in his name; where it has passed to his heirs, or to his devisees, who could sup.port the action if brought anew, the revivor may be in their name. Gantt's Dig., sec. 4774.\nIn Anderson v. Levy, 33 Ark., 665, \u2014 a suit involving :the title to lands \u2014 the plaintiff had died and the cause was revived in the name of his administrator, and proceeded to a decree. This court said : \u201cThe decree and all proceedings in the court below, with regard to the land, after suggestion of McCrary\u2019s death, were erroneous. The administrator might have prosecuted the suit for an account against Eartee and a personal decree ; but that branch of the case was abandoned. Upon the death of a party the title to his lands passes at once to his heirs or devisees and the administrator cannot represent them in court. In all cases where title is to be affected they are necessary parties. It is well settled that the heirs of a mortgagor are necessary parties defendant to a bill to foreclose, or as complainants in a bill to redeem. A bill to assert an equitable title to land, to which the legal title is in another is in fact a bill to redeem. 'The success or failure of it affects the heirs and they must be brought in. * * * The court should, of its own motion, refuse to proceed until the heirs are brought in and \u25a0can have an opportunity to be heard.\u201d See also Haley v. Taylor, 39 Ark., 104; Sisk v. Almon, 34 Id., 391; S. G., 40 Id.\nHere the heirs of Richardson were indispensable parties \u2022plaintiff, although the administrator might have been .... \u00b0 1 1 \u25a0erly joined in consideration of his possessory right to' the \u00a1real estate of his intestate for the payment of debts, and of the fact that the taking of an account was part of the relief demanded by the bill. The appellants did not ask that the-suit should be revived in the name of these heirs. If they had done so, their request should have been refused,, \u201cbecause such a proceeding- would be practically instituting-a new action, and forcing a pai\u2019ty, at the instance of one-who has no right to demand it, to commence an action when-he does not wish to do so.\u201d State use, etc., v. Rottaken, 34 Ark., 144.\nBut it was proposed to revive this cause in the name of' administrator ad litem. The act of January 10th, 1851,. ( Could\u2019s Rig., ch, 1, secs. 9-12) authorizing the appointment of a special administrator by the court in which a suit is pending, in case of the death of one of the parties, has not been brought forward into Gantt\u2019s Digest, although it was declared in Wade v. Bridges, 24 Ark., 569, to be constitutional. And in Mangum v. Cooper, 28 Id., 253, it. was decided that this statute had never been repealed. Assuming, then, for present purposes, that the law is still in force, yet it expressly provides that no such appointment shall -be made where there is a general administrator. So-that there is no room here for the operation of the act. And there was, the principal relief demanded by the bill cannot be attained unless the heirs of Richardson are willing for their names to be used in the revivor and prosecution of the suit.\nThe appellants are not without remedy, however. Mr. Grace doubtless has a meritorious claim against the estate-of Richardson ; although this remedy may prove to be inefficacious, as suggested here, on account of the insolvency of the estate. Then he certainly has a retaining lien upon the-deeds, papers and securities entrusted to him by his client . . and possibly, although on this point we express no opinion, his lien may extend to the subject of the suit, so that it may-not be defeated by a collusive settlement between the-defendant and those who have succeeded to Richardson\u2019s rights. Compare on this subject, Gist v. Hanley, 33 Ark., 233; Compton v. State, 38 Id., 601 ; Carpenter v. 6th Av. R. Co., 1 Am. Reg. U. S., 410 and note.\n. Again, if Neel received the property, as alleged in the bill, under a promise to pay Richardson\u2019s debts, a trust, it should seem attaches to the property, which the creditors may enforce by appropriate suits. And there are indications in the record that some or all of these creditors, are pursuing the property in the federal courts.\nAll that we mean to decide is, that whatever rights the appellants have must be asserted in independent suits. They cannot ingraft their claims for relief upon the dead stock of a suit which has abated, nor attach them as a tail to a kite which has already descended to the ground.\nThe decree below is affirmed without prejudice to the right of the appellants to institute new suits.",
        "type": "majority",
        "author": "Smith, J."
      }
    ],
    "attorneys": [
      "W. P. Grace, for appellants.",
      "Martin, Taylor <& Martin, for appellee."
    ],
    "corrections": "",
    "head_matter": "Grace v. Neel.\n1. Practice: Bevivor: Parties: Administrator ad litem. Creditors. Attorney.\nUpon the death of a plaintiff in a suit in equity for lands and rents, the suit should be revived in the name of his heirs and, also, his administrator, in consideration of his right to possession for the payment of debts; but they cannot be forced by creditors to prosecute against their will, and if they refuse to revive and prosecute it, it should be dismissed. Creditors of the deceased can not be made parties, nor have an administrator ad litem where there is a regular administrator; nor can the attorney prosecuting the suit have a special administrator, or be permitted to prosecute it himself to recover his fees and cost paid out\nAPPEAL from Jefferson Circuit Court in Chancery.\nHon. X. J. Pindall, Circuit Judge.\nW. P. Grace, for appellants.\n1. The creditors were entitled to be made parties. Gantt\u2019s Dig., sec. 4475, 4482.\n2. Her administrator ad litem should have been appointed. Gould\u2019s Dig., secs. 9-12, ch. 1; Wade v. Bridges, ad\u2019r., 24 Arle., 569 ; Mangum v. Cooper, ad\u2019r.,28 Arle., 253 ; Haglin et al v. Rogers, 37 Ark., 494.\nMartin, Taylor <& Martin, for appellee.\nWhen a suit abates by death of a sole plaintiff, only his heirs or legal representatives can revive it. Story Eq. PI., sec. 385, 365, 378 ; 7 Eng. Law and Eq., 289 ; Story Eq. PI., secs. 364 : Milford\u2019s Eq. PI., 69 ; Gantt\u2019s Dig,, sec. 4774 ; Anderson v. Levy, ad\u2019r., 33 Ark., 576; State use, etc., v. Rottahen, ad\u2019r., 34 lb., 157; Haley v. Taylor, 39 lb., 104.\nSecs. 9-12, ch. 1, Gould\u2019s Dig., are impliedly repealed by the code, but if not, where there is a general administrator no administrator ad litem can be appointed.\nThere can be no revival of a cause for the purpose of pay ing costs and fees merely, unless taxed, etc., in the lifetime \u2022of the party, etc. Story Rq. PL, sec. 371; Daniel Oh. HI., sec. 1527."
  },
  "file_name": "0165-01",
  "first_page_order": 161,
  "last_page_order": 165
}
