{
  "id": 1896171,
  "name": "Chapman v. Liggett",
  "name_abbreviation": "Chapman v. Liggett",
  "decision_date": "1883-11",
  "docket_number": "",
  "first_page": "292",
  "last_page": "295",
  "citations": [
    {
      "type": "official",
      "cite": "41 Ark. 292"
    }
  ],
  "court": {
    "name_abbreviation": "Ark.",
    "id": 8808,
    "name": "Arkansas Supreme Court"
  },
  "jurisdiction": {
    "id": 34,
    "name_long": "Arkansas",
    "name": "Ark."
  },
  "cites_to": [
    {
      "cite": "18 Ark., 142",
      "category": "reporters:state",
      "reporter": "Ark.",
      "case_ids": [
        8725467
      ],
      "opinion_index": -1,
      "case_paths": [
        "/ark/18/0142-01"
      ]
    },
    {
      "cite": "29 Ark., 218",
      "category": "reporters:state",
      "reporter": "Ark.",
      "case_ids": [
        1882892
      ],
      "opinion_index": -1,
      "case_paths": [
        "/ark/29/0218-01"
      ]
    },
    {
      "cite": "18 Ala., 371",
      "category": "reporters:state",
      "reporter": "Ala.",
      "case_ids": [
        3170481
      ],
      "opinion_index": -1,
      "case_paths": [
        "/ala/18/0371-01"
      ]
    },
    {
      "cite": "33 Ark., 78",
      "category": "reporters:state",
      "reporter": "Ark.",
      "opinion_index": -1
    },
    {
      "cite": "24 Ark., 563",
      "category": "reporters:state",
      "reporter": "Ark.",
      "case_ids": [
        8727337
      ],
      "opinion_index": 0,
      "case_paths": [
        "/ark/24/0563-01"
      ]
    },
    {
      "cite": "13 Ark., 350",
      "category": "reporters:state",
      "reporter": "Ark.",
      "opinion_index": 0
    },
    {
      "cite": "31 Ark., 89",
      "category": "reporters:state",
      "reporter": "Ark.",
      "opinion_index": 0
    },
    {
      "cite": "29 Ark., 568",
      "category": "reporters:state",
      "reporter": "Ark.",
      "opinion_index": 0
    },
    {
      "cite": "31 Ark., 728",
      "category": "reporters:state",
      "reporter": "Ark.",
      "case_ids": [
        1879229
      ],
      "opinion_index": 0,
      "case_paths": [
        "/ark/31/0728-01"
      ]
    },
    {
      "cite": "29 Ark., 218",
      "category": "reporters:state",
      "reporter": "Ark.",
      "case_ids": [
        1882892
      ],
      "opinion_index": 0,
      "case_paths": [
        "/ark/29/0218-01"
      ]
    }
  ],
  "analysis": {
    "cardinality": 378,
    "char_count": 6592,
    "ocr_confidence": 0.481,
    "pagerank": {
      "raw": 4.596733683027534e-07,
      "percentile": 0.925806485242962
    },
    "sha256": "5a86bd861904d6b46ba0375a745d13759ec43f7ca00dee1e90a364b4c31bc8b1",
    "simhash": "1:a2f686115465fccf",
    "word_count": 1171
  },
  "last_updated": "2024-02-27T20:07:47.393766+00:00",
  "provenance": {
    "date_added": "2019-08-29",
    "source": "Harvard",
    "batch": "2018"
  },
  "casebody": {
    "judges": [],
    "parties": [
      "Chapman v. Liggett."
    ],
    "opinions": [
      {
        "text": "Smith, J.\nIn July, 1879, Chapman sold and conveyed to Liggett forty acres of land, taking his note for two hundred dollars, part of the purchase money, payable ber 1, 1880. Th\u00e9 deed reserves no lien, but recites ment of the consideration. Chapman afterwards assigned the note to one Mrs. Lawrence as a collateral security for a debt he owed her; but she, before the paper matured, re-assigned it to him. In the meantime, and while the note was in the hands of Mrs. Lawrence, Liggett, in consideration of five hundred dollars, then paid to him, executed a deed for the same land t\u00f3 Williams.\nThis bill sought to subject the land to the payment of the note. But the circuit court confined its relief to giving a personal judgment against Liggett and refused to decree against the land.\nA vendor has a lien for the unpaid purchase money upon land conveyed by him, which will be enforced, not only against the vendee and his privies in law and blood, but also against subsequent purchasers with notice of the equity. Pintard v. Goodloe, Hempst. Rep., 503, Swan v. Benson, 31 Ark., 728.\nIt was alleged in the bill, but denied in the answer, that Williams, at the time of his purchase, knew that Liggett\u2019s purchase note was outstanding. This devolved upon the plaintiff the onus of proving notice. Pearce v. Foreman, 29 Ark., 568; Gerson v. Pool, 31 Ark., 89.\nThis was done by a fair preponderance of evidence. Williams himself was the only witn.ess who swore he knew nothing about the note until he had puichased and paid for the property. Several witnesses swore to the contrary. And the conduct of Williams is inconsistent with his denial of notice. For, very soon after his purchase, he sent messages to Mrs. Lawrence and afterwards told her in a personal interview that he had now become paymaster of the note.\nThe decree does not show what impression the evidence 38 to notice left upon the mind of the presiding judge. If came to the conclusion that Williams had no notice, or that the evidence was evenly balanced, we should not hesiitate to reverse his decision. The finding of the chancellor concerning a disputed question of fact, where the evidence is in conflict, is persuasive, but not conclusive on appeal, like the verdict of a jury. There is a difference between appeals in chancery and writs of error or appeals in common law cases. The appeal in chancery, being a rehearing upon the same pleadings and written evidence read in the courts below, necessarily involves to some extent the determination of facts. And the appellate court has the same means and opportunity of reaching a correct conclusion that the chancellor had, and will reverse his decree if against the decided preponderance of evidence. State Bank v. Conway, 13 Ark., 350; Ringgold v. Patterson, 15 Id., 209; Woodruff v. Core, 23 Id., 341.\nThe argument of Williams\u2019 counsel is that the note, while, 'in the hands of Mrs. Lawrence, was not a lien on the land ; \u2022that it was in her hands when Williams purchased T . the land and that no subsequent re-assignment of the note to the vendor could revive the lien as against Williams or \u2022affect the land in his hands. The fallacy of this consists in .assuming that the note wan not a subsisting lien on the land after its transfer to Mrs. Lawrence as a security for the debt that Chapman owed her. It was as much a lien after the transfer for that purpose as it was before. She held the lien as long as she held the note, for the joint benefitof Chapman and herself. And if she had continued to be the holder of the note when it matured, she might have filed a bill in her own name, making the necessary parties to foreclose the lien. This is precisely what was done in Crawley v. Riggs, 24 Ark., 563, and in Carlton v. Buckner, 28 Id., 66.\nAs illustrating the effect which assignments of the purchase notes have on the rights of the parties under varying circumstances, compare, Bernays v. Field, 29 Ark., 218; Turner v. Horner, Ib., 440; Pearce v. Foreman, Ib., 563; Rogers v. James, 33 Id., 77.\nThe decree of the White circuit court, in so far as it renders a judgment against Liggett for the debt, is affirmed ; but so \u00abmuch of the decree as refused to charge the land \u2022with the payment of the purchase money is reversed and the cause is remanded with directions to enter a decree in \u2022accordance with this opinion and to proceed with its execution.",
        "type": "majority",
        "author": "Smith, J."
      }
    ],
    "attorneys": [
      "Chapman, pro se.",
      "J, W. House, for appellee, Williams."
    ],
    "corrections": "",
    "head_matter": "Chapman v. Liggett.\n1. Vendor\u2019s Lien : When assignable: Against whom enforced.\nA vendor has a lien for the unpaid purchase money upon land conveyed by him, which passes to the assignee, when assigned as collateral security for a debt of the vendor, and will be enforced not only against the vendee and his privies in law and blood, but also against subsequent purchasers with notice of the equity\n2. Practice in Supreme Court : Findings of a chancellor not conclusive.\nThe findings of a chancellor concerning a disputed question of fact when the evidence is in conflict, is persuasive, but not conclusive on appeal, like the verdict \u00f3f a jury. The appeal in chancery is a re-hearing upon the same pleadings and written evidence read in the court below, and the appellate court has the same means and opportunity of reaching a correct conclusion that the chancellor had, and will reverse his decree if against the decided preponderance of evidence.\nAPPEAL fi\u2019om White Circuit Court in Chancery.\nHon. J. W. Martin, Circuit Judge, in exchange of circuits .\nChapman, pro se.\nWhere a purchase money note is re-assigned to the vendor, thus uniting the debt and the lien in the same party, he can enforce the lien. 33 Ark., 78; 18 Ala., 371; 29 Ark., 218 and 440; 24 Id., 566.\nA vendor of land has a lien not only against his vendee, but against all subsequent purchasers with notice. 18 Ark., 142.\nJ, W. House, for appellee, Williams.\nThe vendor\u2019s lien is personal, and does not pass with the assignment of the purchase money note; and if the land be sold to a party who has no notice, of the lien, before the re-assignment of the note to the vendor, and the uniting of the debt and lien, the lien is gone. 24 Arh., 563 ; 25lb., 365; 27 lb., 518.\nNo lien was reserved on the face of the deed, and the deed to Liggett and from Liggett to Williams recited the payment of the purchase money. The testimony as to actual notice by Williams was eventy balanced, and the chancellor finding in favor of Williams, this court will not reverse except upon a clear preponderance of testimony.\nAt the time of Williams\u2019 purchase, the note belonged to Mrs. Lawrence, and no subsequent re-assignment to the vendor could revive the lien."
  },
  "file_name": "0292-01",
  "first_page_order": 288,
  "last_page_order": 291
}
