{
  "id": 1896187,
  "name": "Haywood v. The State",
  "name_abbreviation": "Haywood v. State",
  "decision_date": "1883-11",
  "docket_number": "",
  "first_page": "479",
  "last_page": "485",
  "citations": [
    {
      "type": "official",
      "cite": "41 Ark. 479"
    }
  ],
  "court": {
    "name_abbreviation": "Ark.",
    "id": 8808,
    "name": "Arkansas Supreme Court"
  },
  "jurisdiction": {
    "id": 34,
    "name_long": "Arkansas",
    "name": "Ark."
  },
  "cites_to": [
    {
      "cite": "48 Ala., 161",
      "category": "reporters:state",
      "reporter": "Ala.",
      "case_ids": [
        5496628
      ],
      "opinion_index": -1,
      "case_paths": [
        "/ala/48/0161-01"
      ]
    }
  ],
  "analysis": {
    "cardinality": 601,
    "char_count": 9990,
    "ocr_confidence": 0.488,
    "pagerank": {
      "raw": 1.9959156563859565e-07,
      "percentile": 0.7423591105118483
    },
    "sha256": "306f2596fd5eab8c7d1b5347a980cf221415303f988cd0529135f1e0cf2e0ab9",
    "simhash": "1:0ba03ad02baa863b",
    "word_count": 1743
  },
  "last_updated": "2024-02-27T20:07:47.393766+00:00",
  "provenance": {
    "date_added": "2019-08-29",
    "source": "Harvard",
    "batch": "2018"
  },
  "casebody": {
    "judges": [],
    "parties": [
      "Haywood v. The State."
    ],
    "opinions": [
      {
        "text": "OPINION.\nLarceny, at common law, is defined to be \u201cthe felonious-taking and carrying away of the personal goods of another.\u201d \u2014Blackstone.\nBy the common law there can be no larceny of animalsferae naturae, or wild animals, unreclaimed. When reclaimed they become the subject of this offense, provided they are fit for food, not otherwise.\nBut the English courts made exceptions to the rule, that. reclaimed animals, to be the subject of larceny, must be fit for food. Thus the tamed hawk was held to be the subject-of larceny, though unfit for food, because it served to-amuse the English gentlemen in their fowling sports. So-reclaimed honey bees were made an exception, because\u00bb, though not fit for food themselves, their honey is.\nUnder decisions of English and American courts, made upon the common law definition of larceny, Mr. Bishop classes the following animals, when reclaimed, as the subjects of the offense: Pigeons, doves, hares, conies, deer\u00bb swans, wild boars, cranes, pheasants, partridges and fish suitable for food, including oysters.\nTo which might be safely added wild turkeys, geese\u00bb ducks, etc., when reclaimed.\nOf those animals of which there can be no larceny, though reclaimed, he puts down the following: Dogs, cats, bears, foxes, apes, monkeys, polecats, ferrets, squirrels, parrots, singing birds, martins and coons.\nIn the South, squirrels are in common use as food animals, and the hunters of all climates regard bears as good food.\nIowa is credited with the decision (Warren v. State, 1 Green 106) that coons are unfit for food, and therefore by the common law, not the subject of larceny, when reclaimed.\nAmong the colored people of the South the coon when fat in the fall and winter, is regarded as a luxury, and the Iowa decision would not be regarded by them as sound law or good taste.\nOn the whole subject, see 2 Bishop on Criminal Law,. (6th Ed.) secs. 757, 781 and notes.\nEvery species of personal property was not the subject of larceny at common law. For example, dogs were treated as personal property, and on the death of their owner, if not disposed of by will, went to his executor or administrator as such. So the owner of a dog could bring a civil action against one who injured or took the animal.\nSo choses in action, as bonds, bills, notes, etc., were classed as personal property, and subjects of the action of detenue, etc., but larceny could not be committed of them*\nUnder the technical rules of the ancient common law, says Me. Bishop, prevailing still, except as expanded by statutes, larceny was restricted, as to the property of which it could be committed, as well as in some other respects,, within limits too narrow to meet the requirements of a more refined and commercial age. Consequently statutes in England and in the United States have greatly enlarged the common law doctrine. \u2014 Ib. sec. 761.\nThe provisions of the larceny statute of this State are very broad and comprehensive. The first section defines-the crime thus : \u201cLarceny is the felonious stealing, taking and carrying, riding or driving away the personal property \u25a0of another. \u201d This perhaps is not more comprehensive than the common law definition.\nThe second section declares that \u2018 \u2018 larceny shall embrace -every theft which unlawfully deprives another of his money \u25a0or other personal property, or those means and muniments by which the right and title to property, real or personal may be ascertained.\u201d\nThe third section makes any bank note, bond, bill, note, receipt, or any instrument of writing whatever, of value to the owner, the subject of larceny.\nThe fourth section declares that \u201cthe taking and removing awajr any goods or personal chattels of any kiud whatever, with intent to steal the same, whether the articles \u25a0stolen be in the immediate possession of the owner or not, unless it shall appear that the owner has abandoned his \u25a0claim thereto, shall be deemed larceny. \u201d \u2014 Gantt\u2019s Digest, secs. 1352-7.\nUnder similar statutes of New York and Tennessee, it has been decided that dogs are the subject of larceny. \u2014 Mullalley v. People, 86 New YorJc ( Court of Appeals'), 365; State v. Brown, 9 Baxter (Tennl), 53. Though in the \u25a0States where the common law has not been enlarged by \u25a0statute, the rulings have been otherwise.\nIn Mullally v. People, it was well said by Justice Eaele, who delivered the opinion of the court, that \u2018 \u2018in nearly every household in the land can be found chattels kept for the mere whim and pleasure of its owner ; a source of solace after serious labor, exercising a refining and elevating influence ; and yet they are as much under the protection of the law as chattels purely useful and absolutely essential. \u201d\nThe reclaimed mocking bird in question was no doubt personal property. The owner could have brought trespass against the thief, who invaded her portico at night, and deprived her of the possession of her songster, which she prized above price; and she could have maintained replevin against the person to whom he sold it, had he refused to surrender it to her.\nThe market value of the bird was, perhaps, more than ten times greater than that of the cage, which was the subject of petit larceny. To hold that larceny might be committed of the cage, but not of the bird, would be neither good law nor common sense.\nAffirmed.",
        "type": "majority",
        "author": null
      }
    ],
    "attorneys": [
      "Duval & Cravens for appellant.",
      "(J. B. Moore, Attorney General, for the State."
    ],
    "corrections": "",
    "head_matter": "Haywood v. The State.\nLarceny : Mocking bird subject of.\nA reclaimed and tamed mocking bird is a subject of larceny, and also-of an action of trespass by the owner against one taking it, or of replevin against one detaining it.\nAPPEAL from Sebastian Circuit Court.\nHon. R. B. Rutherford Circuit Judge.\nDuval & Cravens for appellant.\nThere is nothing in the statutes of this State to bringmocldng birds .within the classification of such property as could be the subject of larceny, and the rule of the common law must prevail. \u2014 2 Blackstone, 391 ; 2 Kent, 348; 2 Bishop, sec. 684-, 1 Wharton, p, 675; 48 Ala., 161;\u2022 19 Am. Dee., 348; 20 lb., 775.\n(J. B. Moore, Attorney General, for the State.\nAnything that is recognized as personal property by law, 'is the subject of larceny. A tamed mocking bird is the subject of ownership and of taxation under the definition in \u2022 sec. 1, Act April 28th, 1873; section 1, Act March 31st, 1883.\n' Dogs have been held to be the subject or larceny. \u2014 Mal- \u25a0 laly v. People, 86 27. Y., 365; State v. Brown, 9 Baxter (Tenn.), 53; also Peafowls, 8 Gray, Mass., 497. \u25a0On the general subject, see 2 Bussell on Grimes, p. 82 ; 2\nWharton\u2019s Gr. Law, sec. 1755.\nSTATEMENT.\nEnglish, C. J. Horace Haywood was indicted in the \u2022circuit court of Sebastian county, Fort Smith district, for larceny. There were three counts in the indictment. The \u25a0first count charged, in substance, that said Horace Haywood, on the twenty-ninth of April, 1883, at, etc., one \u2022reclaimed and tame mocking bird, of the value of twenty-five dollars, and one bird cage of the value of one dollar, of the property, goods and chattels of Ellen Lane, etc., did \u25a0 steal, take and carry away, etc.\nThe second count was for receiving the mocking bird and \u25a0cage, knowing them to have been stolen.\nThe third count was for stealing the cage. v\nThe court overrulad a demurrer to the indictment inter\u25a0posed by defendant; he was tried by a jury on the plea of not guilty, found guilty on the first count of the indictment, \u25a0 sentenced to the penitentiary for one year, refused a new trial, took a bill of exceptions and prayed for an appeal, \u25a0which was granted by one of the judges of this court.\nOn the trial it was proved that appellant, at some time \u25a0during the night of the twenty-ninth of April, 1883, stole the \u00bfmocking bird and cage from the front portico of Miss Ellen (Nellie) Lane, their owner, in Fort Smith, and sold them about one o\u2019clock of the same night for $4.25 to a gentleman at the Southern Hotel of that city, who was about to leave for Yan Bur\u00e9n, and who had previously requested appellant to procure him a mocking bird, and he had promised to do so.\nMissing her bird and cage next morning, the lady pursued the gentleman to Yan Bur\u00e9n, where she found them in his possession, and he surrendered them to her. He \u25a0offered her twenty-five dollars for the bird, which she declined, saying no money could buy it. It was three years old and a very fine songster.\n.The gentleman who had purchased the bird of appellant, \u25a0testified that it was a very fine songster, one of the finest \u00a1he had ever heard. He had purchased mocking birds before, but never paid over three dollars for a bird. He did not know whether they were fine singers or not, as they died soon after he bought them.\nC. H. Boyd, a druggist of Fort Smith, who had dealt in birds, testified that he had sold mocking birds at from five to ten dollars. Fine singers were quoted in the New York market at from fifteen to twenty-five dollars. He knew Miss Lane\u2019s bird ; it was a fine singer and worth in the Fort Smith market from fifteen to twenty-five.dollars. Mocking birds improve in singing qualities up to three years of age. Such as he had sold from rive to ten dollars were only a year old. The cage was worth from one dollar to one dollar and a half. It cost about fifty cents a month to keep a mocking bird.\nAnother witness testified that he had known mocking birds soldin other markets at from ten to twenty-five dollars.\nDefendant moved the court to instruct the jury :\u2014\n\u201c1. That mocking birds in this State are not the subject of larceny, and the jury must return a verdict of not guilty as to taking of the bird.\n\u201c2. If the jury find thatthe bird was confined in the cage-taken, the bird imparted its value to the cage, and a verdict of not guilty must be returned, both as to the-bird- and the cage.\u201d\nThese instructions the court refused and charged the. .jury as follows :\u2014\n\u201cThat mocking birds were such property as to be the subject of larceny in this State, and that in ascertaining the value of such birds, the criterion of valuation should be the-. value of fine singing mocking birds in this market.\u201d"
  },
  "file_name": "0479-01",
  "first_page_order": 475,
  "last_page_order": 481
}
