{
  "id": 1864569,
  "name": "Fesmire, et al., ads., v. Brock",
  "name_abbreviation": "Fesmire v. Brock",
  "decision_date": "1867-12",
  "docket_number": "",
  "first_page": "20",
  "last_page": "23",
  "citations": [
    {
      "type": "official",
      "cite": "25 Ark. 20"
    }
  ],
  "court": {
    "name_abbreviation": "Ark.",
    "id": 8808,
    "name": "Arkansas Supreme Court"
  },
  "jurisdiction": {
    "id": 34,
    "name_long": "Arkansas",
    "name": "Ark."
  },
  "cites_to": [
    {
      "cite": "19 Ark., 671",
      "category": "reporters:state",
      "reporter": "Ark.",
      "case_ids": [
        8727139
      ],
      "opinion_index": -1,
      "case_paths": [
        "/ark/19/0671-01"
      ]
    },
    {
      "cite": "17 Ark., 250",
      "category": "reporters:state",
      "reporter": "Ark.",
      "opinion_index": 0
    },
    {
      "cite": "24 Ark., 326",
      "category": "reporters:state",
      "reporter": "Ark.",
      "case_ids": [
        8727000
      ],
      "opinion_index": 0,
      "case_paths": [
        "/ark/24/0326-01"
      ]
    },
    {
      "cite": "16 Ark., 36",
      "category": "reporters:state",
      "reporter": "Ark.",
      "case_ids": [
        8723630
      ],
      "opinion_index": 0,
      "case_paths": [
        "/ark/16/0036-01"
      ]
    },
    {
      "cite": "11 Ark., 425",
      "category": "reporters:state",
      "reporter": "Ark.",
      "case_ids": [
        8727831
      ],
      "opinion_index": 0,
      "case_paths": [
        "/ark/11/0425-01"
      ]
    }
  ],
  "analysis": {
    "cardinality": 381,
    "char_count": 6349,
    "ocr_confidence": 0.395,
    "pagerank": {
      "raw": 1.1506217242174959e-07,
      "percentile": 0.5813062846521168
    },
    "sha256": "462e4aa855992063055981246677180cda71c1b9f42242c7ae500ae18ce417f3",
    "simhash": "1:2e77dcc3d64479ca",
    "word_count": 1125
  },
  "last_updated": "2024-02-27T17:41:20.671401+00:00",
  "provenance": {
    "date_added": "2019-08-29",
    "source": "Harvard",
    "batch": "2018"
  },
  "casebody": {
    "judges": [],
    "parties": [
      "Fesmire, et al., ads., v. Brock."
    ],
    "opinions": [
      {
        "text": "Walker, C. J.\nThis is an action of assumpsit for the use and occupation of a farm which is described as the \u201cland and appurtenances of the plaintiffs, held by the defendant at the special instance and request, and by the sufferance and permission, of the plaintiffs.\u201d In none of the several counts is there disclosed any contract or agreement with Jefferson and Rufus Stone, or either of them. There is no breach that the rent was not paid to them in their life-time; but the breach is that no payment of rents was made to the plaintiffs;, no profert of letters of administration was made ; in truth, nothing whatever to show that there was a cause of action accruing to them in their representative capacity. When such is the case the action must be considered as brought in the individual right of the plaintiffs, as held by this court in Hemphill v. Hamilton, 11 Ark., 425; McDonald v. Williams, 16 Ark., 36.\nPleas of non-assumpsit and limitation wfere filed, to which there was neither joinder nor replication. The case was thus submitted to a jury, when it appeared in evidence that the defendant rented the land of Rufus Stone, evidenced by a written contract entered into between Rufus Stone and the defendant alone. It appeared in evidence, further, that Jefferson Stone died before Rufus did, but whether before the contract for rent with defendant, is not shown. The land rented was known as the farm of Jefferson and Rufus Stone.\nThis brief statement of the facts we think fully sufficient to-a proper understanding of the- questions of law material to be considered.\nUnder instructions from the court the jury found a verdict for the defendant. The plaintiffs moved the court for a new trial, which was overruled, and final judgment rendered for defendant, from which the plaintiffs appealed.\nThere are several grounds, either of which would, in our opinion, be fatal to the plaintiffs\u2019 recovery.\nIt was error to have proceeded to judgment without an issue upon the plea of limitation. That plea was a bar to the action, unless upon issue it should appear not to he true. This case is clearly distinguishable from that of Dorris v. Grace, 24 Ark., 326, in the facts and the finding of .the jury.\nThere was no evidence whatever conducing to show that the defendant was indebted to the plaintiffs, or either of them, in the right and capacity in which they sued. The written contract for the rent of the farm was made between Rufus Stone and the defendant, Brock. It was a chose in action which passed at the death of Rufus Stone to his administrator, and which, in order to-a recovery against the defendant, should have been declared upon as a contract made with Stone in his life-time. Jefferson Stone\u2019s representative had no legal interest whatever in the contract, and should not have been joined in the action. Even if there had been no written contract for rent, and the land had been rented by both Jefferson and Rufus Stone, as joint tenants, still, as-Jefferson died first, the right of action would have survived to Rufus Stone alone,1 and not jointly with the administrator of Jefferson Stone. Ghitty says, that \u201cwhere one or more of several obligees, covenantees, parties or others, having a joint legal interest in the contract, dies, the action must be brought in the name of the survivor, though the deceased alone might be entitled to the beneficial interest in the contract.\u201d 1 Chitty Pl., 19.\nBut even if the suit had been brought in the representative capacity of the plaintiffs, as the contract to rent was with Rufus Stone only, the plaintiffs- could not recover, because the proof in this respect must correspond with the count or the plaintiff' will be non-suited. Burr v. Rose, 17 Ark., 250.\nFrom this view of the ease it is evident that the plaintiffs .were not entitled to recover.\nJudgment affirmed.",
        "type": "majority",
        "author": "Walker, C. J."
      }
    ],
    "attorneys": [
      "Cox, for the appellants.",
      "Watkins & Rose, for the appellees."
    ],
    "corrections": "",
    "head_matter": "Fesmire, et al., ads., v. Brock.\nWhere a declaration by administrators does not show a eause of action accruing to them in their representative capacity, the action must be considered as brought in their individual right.\nIt is error to proceed to trial with one of several pleas, good and valid, unanswered.\nWhere two persons own land, and one of them rents it by a written lease, lie . alone has the legal interest in the contract, and it is not admissible in evidence in a suit brought by the administrators of both owners \u2014 the contract being a chose in action passed at the death of the lessor to his administrator, alone.\nIf a written lease be made by two joint owners of land, and one die, tlie right of action survives to the other, and on his death passes to his administrator, and not to the administrators of both.\nAppeal from Independence Circuit Court.\nHon. Richard H. Powell, Circuit Judge.\nCox, for the appellants.\nThe farm was held by the brothers in joint tenantcy, and therefore the act of one in reference to the joint property was, as to the rest of the world, the act of both. 1 Wash. Beal Prop., ch. IS, secs. 11, IS, 13; 4 Blent, marg.p. 359; SO Ark.,381. Rufus Stone, in renting the joint property, acted both for himself and his joint tenant (who are tenants in common under our statute); and they, and on their death their representatives, should join in an action concerning their joint property. Gould\u2019s PL, eh. 4, sec. 5S, 56 and n. 5; 1 Ch. PL, IS.\nThe omission to enter replication and issue to the pleas is cured by the statute of amendments; Gould\u2019s Pig., ch. 133, sec. 113; and the omission will be supplied by this court, that justice may be done.\nWatkins & Rose, for the appellees.\nThe action was improperly brought. It should have been-brought in the names of the administrators of the survivor alone. Such is the rule in all actions ex contractu. 1 Ch. PL, 19, SO; 17 Ark., S50; 1 Parsons on Con., 31. The objection of misjoinder of plaintiffs may betaken at any time. 1 Ch. PL, 13; 19 Ark., 671.\nThe action for use and occupation must be founded on a contract, and cannot be supported unless there be a contract expressed or implied. Birch v. Wright, 1 IB., 387; S Baund. on PL and JSv., 888, 889; Ch. on Con., 331. And if there be a written contract, it must be produced, and the action can only be in the name of the party making it. SS Ark., 158; 1 Ph. Pm., p23; Ch. on Con., 3S9.\nThe plea of the statute of limitations was confessed, as no-replication was filed to it."
  },
  "file_name": "0020-01",
  "first_page_order": 44,
  "last_page_order": 47
}
