{
  "id": 1864540,
  "name": "Wassell v. Tunnah",
  "name_abbreviation": "Wassell v. Tunnah",
  "decision_date": "1867-12",
  "docket_number": "",
  "first_page": "101",
  "last_page": "104",
  "citations": [
    {
      "type": "official",
      "cite": "25 Ark. 101"
    }
  ],
  "court": {
    "name_abbreviation": "Ark.",
    "id": 8808,
    "name": "Arkansas Supreme Court"
  },
  "jurisdiction": {
    "id": 34,
    "name_long": "Arkansas",
    "name": "Ark."
  },
  "cites_to": [
    {
      "cite": "24 Ark., 155",
      "category": "reporters:state",
      "reporter": "Ark.",
      "case_ids": [
        8726563
      ],
      "opinion_index": 0,
      "case_paths": [
        "/ark/24/0155-01"
      ]
    }
  ],
  "analysis": {
    "cardinality": 371,
    "char_count": 6570,
    "ocr_confidence": 0.38,
    "pagerank": {
      "raw": 5.098493285649953e-07,
      "percentile": 0.9382419592802514
    },
    "sha256": "524fa6ab1fa9bf873fe363c2545de102b7715ff711ed48c412992cea8763b796",
    "simhash": "1:00218070ec961da4",
    "word_count": 1150
  },
  "last_updated": "2024-02-27T17:41:20.671401+00:00",
  "provenance": {
    "date_added": "2019-08-29",
    "source": "Harvard",
    "batch": "2018"
  },
  "casebody": {
    "judges": [],
    "parties": [
      "Wassell v. Tunnah."
    ],
    "opinions": [
      {
        "text": "Compton, J.\nThe facts necessary to an understanding of the question involved may be briefly stated, as MIoavs: Wassell recovered judgment against Tunnab, in the Pulaski circuit court, for the sum of one hundred and fifty dollars, besides costs of suit.' Upon the judgment, so recovered, execution Avas issued to the sheriff and levied on lots 10 and 11, in block numbered 100, in the city of Little Rock, as the property of Tunnah, who, being the head of a family, resided on, used, and claimed the same as his homestead. The'two lots or subdivisions constituted but one inclosure, within which, and partly on both subdivisions, was the dwelling house, with the necessary appendages, consisting of out-buildings, &c. Pursuant to the process in his hands, the sheriff advertised the premises for sale, when, on application of Tunnah, the circuit court quashed the execution and levy; from which decision Wassell appealed.\nIt is conceded, in argument, that one of the city lots, embraced within the inclosure of the appellee, was exempt from sale.under execution; hut it is insisted that, upon -a fair construction of the homestead act, both were not. The act provides that \u201c every free white citizen of this State, male or female, being a householder, or the head of a family, shall be entitled to a homestead, exempt from sale or execution, * * not exceeding one hundred and sixty acres of land, or one town or city lot, being the residence of such householder or head of a family, with the appurtenances and improvements thereunto belonging.\u201d And, in a subsequent section, it is further provided \u201c that nothing contained in this act shall be so construed as to exempt from execution and sale any town lot, with any improvements thereon, except such as constitute the actual family residence, and such buildings as are necessary appendages thereto.\u201d Gould\u2019s Dig., ch. 68, secs. 29-31. Does the phraseology, \u201c one town or city lot,\u201d used in the act, mean a lot, according to the plat and survey of the town or city, or are we to Understand it in a more comprehensive sense, as meaning the lot, or piece of ground, in a town or city, on which the head of a family has his dwelling house, with the appurtenances, no matter whether it contains more or less than one of such lots? In this respect the terms of the statute are ambiguous, and, consequently, we must resort, in order to ascertain their meaning, to the general spirit and intent of the enactment, keeping in view its known object, and the mischief intended to be remedied.\nIt was an enlightened public policy, looking to the general welfare as well as to that of the individual citizen, which dictated the passage of the homestead act; and the obvious intent of the act is to secure to every householder, or head of a family, a home, a place of residence, which he may improve and make comfortable, and where the family may be sheltered,, and live beyond the reach of those financial misfortunes which even the most prudent and sagacious can not always avoid; and the better to effectuate this intent, and thereby promote the prosperity of the State, as -well as the independence of the citizen, no limitation as to value is fixed upon the homestead. The splendid mansion and the humblest cabin stand upon the same legal footing \u2014 each is the home of the citizen, as he has it, and as such the law protects it. The act, then, being remedial, and such being its spirit and intent, the narrow and literal construction contended for by the counsel for the appellant can not be adopted consistently with the established rules of law applicable in such cases. The Legislature must have known that many persons had erected buildings in towns and cities without regard to the lots indicated by the survey of the particular town or city; and where the dwelling house was on one lot, and the necessary out-buildings on another \u2014 or where, as not unfrequently happens, the dwelling itself stood on the line between the two lots, and was partly on both \u2014 can it be supposed that it was the intention of the Legislature to practically deny the occupant the benefit of the act, or to extend it in such way as to make it necessary, in order to protect the homestead, that he should pull down and rebuild his houses \u2014 to say nothing of appurtenances that could not be removed \u2014 so as to get them all on one of such lots ? Certainly not. A construction which results in a discrimination so unjust, so obviously at war with what we have seen to be the general spirit and object of the act, and for which no good reason can be assigned, should not be adopted. This court, in McKenzie v. Murphy, 24 Ark., 155, decided that an alien domiciled in this State, being a householder, or head of a family, was entitled to the exemption of his homestead from sale on execution, because, according to the intent of the act, the word \u201c citizen \u201d meant an inhabitant, a resident, as contradistinguished from the word \u201c citizen,\u201d when used as implying political or civil privileges. And, in the case now before us, we are clearly of opinion that the phraseology, \u201c one town or city lot,\u201d must be understood within the meaning of the homestead act, as the lot or piece of ground, in a town, or city, on which the head of a family has a house, with the appurtenances, which he uses as a home, no matter whether it contains more or less than one lot, according to the plat and survey of the town or city.\nIt is not deemed necessary to notice the act amendatory of the homestead act, approved 11th of March, 1867, further than to remark that, as to the matter in question, it provides precisely what we have construed the act to mean without the amendment.\nFinding no error in the record, the judgment of the court below must be, in all things, affirmed with costs.",
        "type": "majority",
        "author": "Compton, J."
      }
    ],
    "attorneys": [
      "Farr & Vaughan, for appellant.",
      "Gallagher & Neavton, for appellee."
    ],
    "corrections": "",
    "head_matter": "Wassell v. Tunnah.\nWhere the terms of a statute are ambiguous, the court, in order to ascertain their meaning, must resort to the general spirit and intent of the enactment, keeping in view its known object and the mischief intended to be remedied.\nIn view of the enlightened public policy which dictated the homestead act, and its obvious intent, the phraseology \u201c one town or city lot \u201d must be understood as the lot or piece of ground on which the head of a family has a house, with the appurtenances, which he uses as a home, no matter whether it contains more or less than one lot, according to the plat and survey \u25a0of the town or city.\nAppeal from Pulaski Circuit Court.\nHon. Liberty Bartlett, Circuit Judge.\nFarr & Vaughan, for appellant.\nGallagher & Neavton, for appellee."
  },
  "file_name": "0101-01",
  "first_page_order": 125,
  "last_page_order": 128
}
