{
  "id": 1864522,
  "name": "Hyde, et al., v. Pinkard, surv.",
  "name_abbreviation": "Hyde v. Pinkard",
  "decision_date": "1867-12",
  "docket_number": "",
  "first_page": "163",
  "last_page": "164",
  "citations": [
    {
      "type": "official",
      "cite": "25 Ark. 163"
    }
  ],
  "court": {
    "name_abbreviation": "Ark.",
    "id": 8808,
    "name": "Arkansas Supreme Court"
  },
  "jurisdiction": {
    "id": 34,
    "name_long": "Arkansas",
    "name": "Ark."
  },
  "cites_to": [
    {
      "cite": "11 Ark., 118",
      "category": "reporters:state",
      "reporter": "Ark.",
      "case_ids": [
        8727496
      ],
      "opinion_index": 0,
      "case_paths": [
        "/ark/11/0118-01"
      ]
    }
  ],
  "analysis": {
    "cardinality": 116,
    "char_count": 1116,
    "ocr_confidence": 0.383,
    "pagerank": {
      "raw": 1.2240919645422112e-07,
      "percentile": 0.60062246872308
    },
    "sha256": "8c6d2f49313f9dba33f5af14778c81c58bf3e65f07761eae60bd82923e5cfe85",
    "simhash": "1:43d52711b5178c4c",
    "word_count": 189
  },
  "last_updated": "2024-02-27T17:41:20.671401+00:00",
  "provenance": {
    "date_added": "2019-08-29",
    "source": "Harvard",
    "batch": "2018"
  },
  "casebody": {
    "judges": [],
    "parties": [
      "Hyde, et al., v. Pinkard, surv."
    ],
    "opinions": [
      {
        "text": "Compton, J.\nThe defendants in the court below procured an order of this court, at December term-, 1866, grafting them an appeal in this cause.\nThe bill was filed to enforce a vendor\u2019s lien. The defendants having been served with process of subpoena thirty days before the return thereof, failed to appear; and a final decree was entered against them, at. the return term. This was error. According to section 19, of chapter 28, Gould\u2019s Digest, the decree should have been interlocutory,.not final. See Gordon v. Church, 11 Ark., 118, where sections 19, 20 and 21 of this chapter of the Digest, in reference to interlocutory and final decrees, are remarked upon and construed.\nLet the decree be reversed and the cause remanded, with leave to the defendants to enter their appearance in the court below and to make such defense as they may choose.",
        "type": "majority",
        "author": "Compton, J."
      }
    ],
    "attorneys": [
      "English & Wilsiiire, for appellants. \u2022",
      "Garland & Nash, for appellee."
    ],
    "corrections": "",
    "head_matter": "Hyde, et al., v. Pinkard, surv.\nIt is error to render a final decree on default of appearance at the return term.\nAppeal from Desha Circuit Court in Chancery.\nHon. William M. Harrison, Circuit Judge..\nEnglish & Wilsiiire, for appellants. \u2022\nGarland & Nash, for appellee."
  },
  "file_name": "0163-01",
  "first_page_order": 187,
  "last_page_order": 188
}
