{
  "id": 1524393,
  "name": "Midland Valley Railroad Company v. Hamilton",
  "name_abbreviation": "Midland Valley Railroad v. Hamilton",
  "decision_date": "1907-07-22",
  "docket_number": "",
  "first_page": "81",
  "last_page": "88",
  "citations": [
    {
      "type": "official",
      "cite": "84 Ark. 81"
    }
  ],
  "court": {
    "name_abbreviation": "Ark.",
    "id": 8808,
    "name": "Arkansas Supreme Court"
  },
  "jurisdiction": {
    "id": 34,
    "name_long": "Arkansas",
    "name": "Ark."
  },
  "cites_to": [
    {
      "cite": "75 Ark. 214",
      "category": "reporters:state",
      "reporter": "Ark.",
      "opinion_index": -1
    },
    {
      "cite": "40 Ark. 521",
      "category": "reporters:state",
      "reporter": "Ark.",
      "opinion_index": -1
    },
    {
      "cite": "63 Ark. 120",
      "category": "reporters:state",
      "reporter": "Ark.",
      "opinion_index": -1
    },
    {
      "cite": "74 Ark. 355",
      "category": "reporters:state",
      "reporter": "Ark.",
      "case_ids": [
        8721110
      ],
      "opinion_index": -1,
      "case_paths": [
        "/ark/74/0355-01"
      ]
    },
    {
      "cite": "49 Ark. 439",
      "category": "reporters:state",
      "reporter": "Ark.",
      "case_ids": [
        1309019
      ],
      "opinion_index": -1,
      "case_paths": [
        "/ark/49/0439-01"
      ]
    },
    {
      "cite": "57 Ark. 441",
      "category": "reporters:state",
      "reporter": "Ark.",
      "case_ids": [
        1324632
      ],
      "opinion_index": -1,
      "case_paths": [
        "/ark/57/0441-01"
      ]
    },
    {
      "cite": "67 Ark. 447",
      "category": "reporters:state",
      "reporter": "Ark.",
      "opinion_index": -1
    },
    {
      "cite": "70 Ark. 130",
      "category": "reporters:state",
      "reporter": "Ark.",
      "opinion_index": -1
    },
    {
      "cite": "73 Ark. 377",
      "category": "reporters:state",
      "reporter": "Ark.",
      "case_ids": [
        1504005
      ],
      "opinion_index": -1,
      "case_paths": [
        "/ark/73/0377-01"
      ]
    },
    {
      "cite": "78 Ark. 88",
      "category": "reporters:state",
      "reporter": "Ark.",
      "opinion_index": -1
    },
    {
      "cite": "70 Ark. 79",
      "category": "reporters:state",
      "reporter": "Ark.",
      "case_ids": [
        1509431
      ],
      "opinion_index": -1,
      "case_paths": [
        "/ark/70/0079-01"
      ]
    },
    {
      "cite": "74 Ark. 437",
      "category": "reporters:state",
      "reporter": "Ark.",
      "case_ids": [
        8722202
      ],
      "opinion_index": -1,
      "case_paths": [
        "/ark/74/0437-01"
      ]
    },
    {
      "cite": "70 Ark. 441",
      "category": "reporters:state",
      "reporter": "Ark.",
      "case_ids": [
        1509462
      ],
      "opinion_index": -1,
      "case_paths": [
        "/ark/70/0441-01"
      ]
    },
    {
      "cite": "69 Ark. 130",
      "category": "reporters:state",
      "reporter": "Ark.",
      "case_ids": [
        8720287
      ],
      "opinion_index": -1,
      "case_paths": [
        "/ark/69/0130-01"
      ]
    },
    {
      "cite": "65 Ark. 222",
      "category": "reporters:state",
      "reporter": "Ark.",
      "case_ids": [
        609407
      ],
      "opinion_index": -1,
      "case_paths": [
        "/ark/65/0222-01"
      ]
    },
    {
      "cite": "76 Ark. 599",
      "category": "reporters:state",
      "reporter": "Ark.",
      "case_ids": [
        1501003
      ],
      "opinion_index": -1,
      "case_paths": [
        "/ark/76/0599-01"
      ]
    },
    {
      "cite": "77 Ark. 567",
      "category": "reporters:state",
      "reporter": "Ark.",
      "case_ids": [
        1499134
      ],
      "opinion_index": -1,
      "case_paths": [
        "/ark/77/0567-01"
      ]
    },
    {
      "cite": "63 Ark. 177",
      "category": "reporters:state",
      "reporter": "Ark.",
      "case_ids": [
        8721412
      ],
      "opinion_index": -1,
      "case_paths": [
        "/ark/63/0177-01"
      ]
    },
    {
      "cite": "83 Ark. 379",
      "category": "reporters:state",
      "reporter": "Ark.",
      "case_ids": [
        1527167
      ],
      "opinion_index": 0,
      "case_paths": [
        "/ark/83/0379-01"
      ]
    },
    {
      "cite": "65 Ark. 255",
      "category": "reporters:state",
      "reporter": "Ark.",
      "case_ids": [
        609322
      ],
      "opinion_index": 0,
      "case_paths": [
        "/ark/65/0255-01"
      ]
    },
    {
      "cite": "63 Ark. 108",
      "category": "reporters:state",
      "reporter": "Ark.",
      "case_ids": [
        8720921
      ],
      "opinion_index": 0,
      "case_paths": [
        "/ark/63/0108-01"
      ]
    }
  ],
  "analysis": {
    "cardinality": 716,
    "char_count": 16139,
    "ocr_confidence": 0.689,
    "pagerank": {
      "raw": 3.8657784408846843e-07,
      "percentile": 0.9002393575841681
    },
    "sha256": "a4ab360782abb246e1ac615837cc772a6f52b2fdb42710fefe522c0145b175d3",
    "simhash": "1:92c9cb267fcc17e8",
    "word_count": 2758
  },
  "last_updated": "2024-02-27T18:52:47.659229+00:00",
  "provenance": {
    "date_added": "2019-08-29",
    "source": "Harvard",
    "batch": "2018"
  },
  "casebody": {
    "judges": [],
    "parties": [
      "Midland Valley Railroad Company v. Hamilton."
    ],
    "opinions": [
      {
        "text": "McCulloch, J.\nThis is an action instituted by J. R. Hamilton against the Midland Valley Railroad Company to recover damages for the loss @-f his arm, which was caused by his having been thrown from a moving passenger train on defendant\u2019s road. The plaintiff was a passenger on the train, and negligence of the servants of the company is alleged in prematurely calling the station to which plaintiff was destined, thereby inducing him to go out on the car platform to debark and then in causing the train to suddenly start or jerk, so that he was violently thrown to the ground with his arm under the wheels, and his arm was cut off.\nThe defendant denied each allegation of negligence on the part of its employees, and alleged that plaintiff\u2019s injury was caused by his own contributory negligence in being out on the platform of the car while the train was in motion, that he was intoxicated at the time and fell off the platform while he was wrongfully attempting to set the brakes of the car.\nThe jury' returned a verdict of $1,999.95 damages, and the defendant appealed.\nThe testimony was conflicting upon the issues in the case, and was sufficient to sustain the verdict. Counsel for appellant argue, as the most flagrant error in the record, the rulings of the court in permitting the plaintiff\u2019s attorney to propound leading question to his own witnesses. The record bears out the contention that this was done; but, as that was a matter resting to some extent in the discretion of the court, it affords no grounds for reversal of the judgment, unless we are satisfied that the court abused its discretion and permitted conduct of counsel in the examination of witnesses which resulted prejudicially to the interest of appellant. Wallace v. Bernheim, 63 Ark. 108; 1 Wigmore on Ev. \u00a7 770.\nMr. Wigmore states the correct rule to be as follows: \u201cSo much depends on the circumstances of each case, the demeanor of each witness, apd the tenor of the preceding questions, that it would be unwise, if not impossible, h> attempt in an appellate tribunal to consider each instance adequately. Furthermore, the harm in a single instance, is inconsiderable and more or less speculative, and the counsel\u2019s repetition of an impropriety can be so easily controlled by the trial court, that no favor is shown in the appellate tribunals to objections based merely on the form of the question. From the beginning and continuously it has been declared that the application of the principle is to be left to the discretion of the trial court.\u201d\nError of the court is also assigned in not ordering a postponement of the trial a few hours to enable appellant to secure the attendance of an absent witness. The witness was appellant\u2019s claim agent, who had been in attendance upon the court the day before, but had left town because it was not thought by counsel for appellant that his testimony would be needed. The witness had, as such claim agent, procured the written statement of one of the witnesses to- plaintiff\u2019s injury who denied on the. witness stand having signed the statement, and appellant asked the court to postpone the trial a few hours in order to enable the claim agent to reach the place of trial. This request was made during the progress of the trial, after the other witness had denied having signed the statement. Counsel claimed to have been surprised at this, and asked time to procure the attendance of the claim agent as a witness to impeach the testimony of the other witness. This, too, was a matter within the sound discretion of the trial judge, and we can not say that it was abused. The trial of this case was in progress for two days, and the first witness introduced by plaintiff was the one whom the appellant attempted to impeach by proving a contradictory statement concerning the facts of the case. This witness denied having made or signed the statement, and appellant\u2019s counsel waited until noon of the following day, when the taking of testimony was concluded, before asking the court for a postponement, and then made no showing of diligence in procuring the attendance of the witness. No showing whatever was made as to the whereabouts of the witness or as to what effort had been made to procure his attendance after the necessity for having his testimony had arisen. Counsel contented himself with a statement to the court that the witness could get there in about three hours, and now asks the court to reverse the case on account of the alleged abuse of its discretion by the court in refusing to postpone the case. The assignment of error is not well taken.\nThe giving of the following instruction by the court is claimed *to be error:\n\u201c4. Railway carriers of passengers must be extremely careful not to mislead their passengers into the belief that the halting of the train is meant as an invitation to them to alight, when it is not so intended; and if the conduct of the servants engaged in its management was such as might have reasonably produced that impression, and if you find from the testimony that the plaintiff in this case so understood it, and in the attempt to leave the coach at a place where facilities were provided for his doing so, and while in the exercise of due diligence in doing so, he was injured, the defendant would be liable.\u201d\nEven if it be conceded that this instruction, in the use of the words \u201cmust be extremely careful,\u201d was incorrect, a specific objection to the particular words or terms employed was necessary in order to call the attention of the court to it. A general objection to the instruction as a whole was insufficient for that purpose. St. Louis, I. M. & S. R. Co. v. Barnett, 65 Ark. 255. There was evidence which justified the giving of an instruction on the subject, as the plaintiff and other witnesses testified that the porter came through the train calling the station, and that plaintiff, with other passengers, went out on the platform to debark when the train was started with a sudden jerk. While the sudden movement of the train was the immediate cause of the injury, it was necessary for the plaintiff to show the cause of his premature presence upon the platform of the car, and it was proper for him to prove, and to have submitted to the jury under appropriate instructions, the fact that he was invited out by a negligent, premature call of the station. Appellant also had this question submitted by an instruction given at its request telling the jury that, \u201cin order for plaintiff to recover, the burden of proof is upon him to show by a preponderance of the evidence that, after stopping the train at what plaintiff had reason to believe was Bokoshe Station, the defendant negligently put the train in motion before plaintiff had time to depart therefrom by the exercise of ordinary diligence to do so, and that by putting the train in motion by a sudden motion or jerk he was injured.\u201d No reversible error is found in this.\nComplaint is made of the refusal of the court to give certain -instructions asked by appellant concerning the presence of plaintiff on the platform of the car before it arrived at the station, but we find that this, question was fully and properly submitted on other instructions which were given.\nAppellant requested the court to give the following instructions :\n\u201c16. The allegation of plaintiff\u2019s complaint upon which he seeks to recover is that he was injured by the gross negligence of the defendant company in calling out the station in the manner and at the time in which they did; and as to this, and upon this allegation, you are instructed that plaintiff is not entitled to recover.\n\u201c17. Another allegation is that defendant was guilty of gross negligence in failing to warn plaintiff of the danger; and upon this allegation plaintiff has failed to make out a case.\u201d\nThese instructions were properly refused, because they were calculated to lead the jury to believe that thejr should not consider the negligence of appellant\u2019s servant in prematurely calling the station and in failing to warn the plaintiff before suddenly moving the train after having induced him by a premature call to go out on the platform. These were conditions which it was proper for the jury to consider as, under the circumstances of the case, his right to recover depended upon the existence of those facts. They were properly guarded from being considered sufficient grounds for recovery by other instructions given at appellant\u2019s request, particularly the following one:\n\u201cNo. 9. If the jury believe from the evidence that plaintiff was not thrown from the train by a sudden starting of the train or by a sudden jerk in starting the train after it came to a stop, the jury should find for the defendant.\u201d\nThe refused instruction number eighteen was fully covered by the one just granted, and the refusal to. give it was therefore not prejudicial error.\nInstructions given by the court undertaking to define soberness on the one hand and drunkenness on the other are criticised and assigned as error. It must be confessed that these instructions, to some extent, lacked accuracy; and were of little aid to the jury in determining from the evidence whether the plaintiff was drunk or sober. In fact, it may well be doubted whether these terms are susceptible to any accurate definition for practical purposes. They sufficiently define themselves, and it would have been better to leave it to the jury, without attempt at definition, to determine what the condition of the plaintiff was in this respect. However, there was no prejudicial error in giving the instructions. The question as to plaintiff\u2019s condition cn that occasion was material only in so far as it affected his conduct and contributed to his own injury. Unless his intoxication, if he was intoxicated at all, contributed to the injury, it was not material.\nThe court gave the following instruction at appellant\u2019s request, which properly submitted the question to the jury:\n\u201cNo. 12. If the jury believe from the evidence that the plaintiff was drunk or partially so, that this condition contributed to cause the injury, plaintiff can not recover.\u201d\nThere was some unseemly controversy between the trial judge and counsel for appellant during the progress of the trial concerning the saving of exceptions, but it does not appear to us that any prejudicial effect could have resulted from it, and we are unwilling to set aside a judgment supported by abundant evidence submitted to the jury upon proper instructions, unless we can see that the conduct of the judge tended to preju- ' dice the substantial rights of the appellant in the presentation of the defense. Tuttle v. State, 83 Ark. 379.\nOther rulings of the court are assigned as error, but we do not consider them of sufficient importance to discuss.\nWe find no error in the record which could have operated to appellant\u2019s prejudice, so the judgment is affirmed.",
        "type": "majority",
        "author": "McCulloch, J."
      },
      {
        "text": "Hill, C. J.,\n(dissenting.) Taking the conduct of the trial as a whole, together with the impossible instructions defining drunkenness and sobriety, I am of opinion that the appellant did not obtain a fair and impartial trial, and the judgment should be reversed.",
        "type": "dissent",
        "author": "Hill, C. J.,"
      }
    ],
    "attorneys": [
      "Ira D. Oglesby, for appellant.",
      "Jo Johnson and Prentiss B. Rowe, for appellee."
    ],
    "corrections": "",
    "head_matter": "Midland Valley Railroad Company v. Hamilton.\nOpinion delivered July 22, 1907.\n1. Witnesses \u2014 examination\u2014leading questions. \u2014 Because the trial court permitted plaintiff\u2019s counsel to ask leading questions of his own witnesses will afford no ground for reversal of the judgment in plaintiff\u2019s favor unless the Supreme Court is satisfied that there was an abuse of discretion in so doing. (Page 84.)\n2. Continuance \u2014 showing of diligence. \u2014 It was not error to refuse to postpone a trial for a few hours to permit appellant to secure the attendance of an absent witness where appellant made no showing of diligence in procuring his attendance, nor as to his whereabouts at the time of trial. (Page 84.)\n3. Instruction \u2014 specific objection. \u2014 If it was incorrect to instruct that carriers \u201cmust be extremely careful\u201d not to mislead their passengers into the belief that the halting of a train is meant as an invitation to alight, a specific objection to the particular words employed was necessary in order to call the court\u2019s attention to the particular phraseology employed. (Page 85.)\n4. Carrier \u2014 negligence in calling station \u2014 evidence.\u2014Where plaintiff sued for injuries received while standing on defendant\u2019s platform, it was proper for him to prove, and to have submitted to the jury under appropriate instructions, the facts that he was invited out by a negligently premature call of his station, and that defendant thereafter failed to warn him before suddenly moving the train. (Page 86.)\n5. Instructions \u2014 repetition.\u2014It was 'not error to refuse requests to charge which were fully covered by instructions given.. (Page 87.)\n6. Same \u2014 deeinition oe common terms. \u2014 The terms \u201cdrunk\u201d and \u201csober\u201d sufficiently define themselves. (Page 87.)\n7. Carrier \u2014 drunkenness oe passenger as contributory negligence.\u2014 The fact that a passenger was intoxicated at the time he was injured on defendant\u2019s train was not material unless it contributed to his injury. (Page 87.)\n8. Trial \u2014 misconduct oe judge \u2014 prejudice.\u2014A verdict supported by abundant evidence and submitted to the jury upon proper instructions will not be set aside on account of improper conduct of the trial judge unless it appears that such conduct tended to prejudice the substantial rights of the appellant. (Page 87.)\nAppeal from Sebastian Circuit Court; Styles T. Rowe, Judge;\naffirmed.\nIra D. Oglesby, for appellant.\n1. The conduct of appellee\u2019s attorney in persistently propounding leading questions to the witnesses, in the face of appellant\u2019s objections, and the remarks, attitude and manner of the trial judge toward appellant\u2019s counsel when he objected to such questions and excepted to the rulings of the court thereon, were highly prejudicial to the appellant, indicating bias on the part of the court in favor of the plaintiff and against the defendant which necessarily influenced the jury.\n2. There is no evidence on which to base the court\u2019s fourth instruction that \u201crailway carriers of passengers must be extremely careful not to mislead their passengers into the belief that the halting of the train is meant as an invitation to alight,\u201d etc. It is argumentative, misleading, conflicting, abstract. 63 Ark. 177 ; 77 Ark. 567; 76 Ark. 599; 65 Ark. 222; 69 Ark. 130; 70 Ark. 441; -74 Ark. 437; 70 Ark. 79.\n3. The court erred in giving this instruction: \u201cIf the plaintiff could see, hear, talk and walk with a firm elastic step, then you would be justified in believing he was sober,\u201d and in giving the converse thereof. This attempt judicially to define drunkenness was a clear invasion of the province of the jury. Art. 7, \u00a7 23, Const.; 78 Ark. 88; 73 Ark. 377; 70 Ark. 130; 67 Ark. 447; 57 Ark. 441; 49 Ark. 439.\n4. The trial should have been postponed in order to procure the attendance of the witness, Green, made necessary by the denials of the witness Parrott of the truth of a written statement signed by him in Green\u2019s presence. This denial could not have been foreseen, and the refusal to postpone was an abuse of discretion. The presumption is that error produces prejudice. 116 Ped. 458.\nJo Johnson and Prentiss B. Rowe, for appellee.\n1. General objections to the admission or rejection of evidence are insufficient. They must be made specific. 74 Ark. 355. The rule in regard to asking leading questions is to be understood in a reasonable sense. 1 Greenleaf on Ev. \u00a7 434. And it is within the discretion of the trial court to permit one to ask leading questions, even of his own witnesses. 63 Ark. 120.\n2. The instruction with referenc\\ to drunkenness is not erroneous. 40 Ark. 521. Neither does it invade the province of the jury, since it leaves the jury entirely free to find from the facts whether or not appellee was drunk. See also Proverbs 23: 29, 30; Job 12:25; Ps. 107:27.\n3. The fourth instruction is the law. 75 Ark. 214; Hutchinson on Carriers, (2d Ed.), \u00a7 615.\n4. The instructions as a whole cover every phase of the case, are fair to appellant, and state the law of the case."
  },
  "file_name": "0081-01",
  "first_page_order": 103,
  "last_page_order": 110
}
