{
  "id": 1524373,
  "name": "Larimore v. State",
  "name_abbreviation": "Larimore v. State",
  "decision_date": "1907-12-09",
  "docket_number": "",
  "first_page": "606",
  "last_page": "610",
  "citations": [
    {
      "type": "official",
      "cite": "84 Ark. 606"
    }
  ],
  "court": {
    "name_abbreviation": "Ark.",
    "id": 8808,
    "name": "Arkansas Supreme Court"
  },
  "jurisdiction": {
    "id": 34,
    "name_long": "Arkansas",
    "name": "Ark."
  },
  "cites_to": [
    {
      "cite": "29 Ga. 108",
      "category": "reporters:state",
      "reporter": "Ga.",
      "opinion_index": -1
    },
    {
      "cite": "33 Miss. 347",
      "category": "reporters:state",
      "reporter": "Miss.",
      "case_ids": [
        1652387
      ],
      "opinion_index": -1,
      "case_paths": [
        "/miss/33/0347-01"
      ]
    },
    {
      "cite": "76 Ala. 42",
      "category": "reporters:state",
      "reporter": "Ala.",
      "case_ids": [
        5618884
      ],
      "opinion_index": -1,
      "case_paths": [
        "/ala/76/0042-01"
      ]
    },
    {
      "cite": "43 Ark. 367",
      "category": "reporters:state",
      "reporter": "Ark.",
      "case_ids": [
        1894491
      ],
      "opinion_index": -1,
      "case_paths": [
        "/ark/43/0367-01"
      ]
    },
    {
      "cite": "77 Ark. 321",
      "category": "reporters:state",
      "reporter": "Ark.",
      "case_ids": [
        1499193
      ],
      "opinion_index": -1,
      "case_paths": [
        "/ark/77/0321-01"
      ]
    },
    {
      "cite": "58 Ark. 390",
      "category": "reporters:state",
      "reporter": "Ark.",
      "case_ids": [
        1329181
      ],
      "weight": 2,
      "opinion_index": -1,
      "case_paths": [
        "/ark/58/0390-01"
      ]
    },
    {
      "cite": "37 Ark. 274",
      "category": "reporters:state",
      "reporter": "Ark.",
      "case_ids": [
        1870924
      ],
      "opinion_index": -1,
      "case_paths": [
        "/ark/37/0274-01"
      ]
    },
    {
      "cite": "21 Ark. 212",
      "category": "reporters:state",
      "reporter": "Ark.",
      "case_ids": [
        1868213
      ],
      "opinion_index": -1,
      "case_paths": [
        "/ark/21/0212-01"
      ]
    },
    {
      "cite": "41 Ark. 173",
      "category": "reporters:state",
      "reporter": "Ark.",
      "case_ids": [
        1896149
      ],
      "weight": 2,
      "opinion_index": -1,
      "case_paths": [
        "/ark/41/0173-01"
      ]
    },
    {
      "cite": "54 Ark. 621",
      "category": "reporters:state",
      "reporter": "Ark.",
      "case_ids": [
        1320438
      ],
      "opinion_index": 0,
      "case_paths": [
        "/ark/54/0621-01"
      ]
    }
  ],
  "analysis": {
    "cardinality": 432,
    "char_count": 7622,
    "ocr_confidence": 0.673,
    "pagerank": {
      "raw": 2.535669277179406e-07,
      "percentile": 0.812904343071739
    },
    "sha256": "6c3b6b398d8aa5fc05515624d7392a87824da023725daa8a3843d1574e9746bc",
    "simhash": "1:d5914023ee1c3ea4",
    "word_count": 1277
  },
  "last_updated": "2024-02-27T18:52:47.659229+00:00",
  "provenance": {
    "date_added": "2019-08-29",
    "source": "Harvard",
    "batch": "2018"
  },
  "casebody": {
    "judges": [],
    "parties": [
      "Larimore v. State."
    ],
    "opinions": [
      {
        "text": "\u25a0 McCurroch, J.\nAppellant was convicted under an indictment accusing him of being accessory to the crime of arson. The indictment (omitting caption) is as follows:\n\u201cThe grand jury of Scott County, in the name and by the authority of the State of Arkansas, accuse the defendant, Math Larimore, of the crime of accessory before the fact of arson, committed as follows, to-wit: that Harvey DeFore and Andrew Allen in the county aforesaid, on the 2d day of October, 1904, unlawfully, wilfully, maliciously and feloniously one gin house and mill, the tenements and property of one James Sutton then and there being, did set fire to and burn, and that the said defendant, Math Larimore, in the county aforesaid on the 2d day of October, 1904, before the said arson was committed in manner and form aforesaid, unlawfully, wilfully, maliciously and feloniously did advise and encourage the said Harvey DeFore and Andrew Allen to do and commit the said crime of arson in manner and form aforesaid, against the peace and dignfor of the State of Arkansas.\u201d\nAppellant filed a demurrer to the indictment, which was overruled, on the ground that it failed to allege that he was absent when the crime of arson was committed by the principals.\nThe statutes of the State defining accessory before the fact to the perpetration of crime are as follows:\n\u201cSec. 1560. An accessory is he who stands by, aids, abets or assists, or who, not being present aiding, abetting or assisting, hath advised and encouraged the perpetration of the crime.\n\u201cSec. 1563. All persons being present aiding and abetting, or ready and consenting to aid and abet, in any felony, shall be deemed principal offenders, and indicted and punished as such.\u201d Kirby\u2019s Digest, \u00a7 \u00a7 1560, 1563.\nThe first of the sections just quoted was a part of the Revised Statutes, and the other section was a part of the act of December 17, 1838. These two sections, taken together, constitute persons who, being present, aid and abet in the commission of a felony principals; and those who are not present but who advise and encourage the perpetration of the crime accessories before the fact. Where the accused is indicted as accessory before the fact, it is unnecessary for the indictment to negative his presence at the perpetration of the ' crime. Presence at the perpetration of the crime marks the distinction, under our statute, between principals and accessories before the fact, and it is sufficient in an indictment against an accessory to allege that he advised and encouraged the perpetration of the crime, without specifically alleging that he was not present.\nIt is contended that the evidence is not sufficient to sustain the verdict. The prosecution relied mainly upon the testimony of one Harvey DeFore, who was an accomplice in the commission of the crime. He testified that he and one Andrew Allen set fire to Sutton\u2019s gin, and that appellant gaye them coal oil to use in setting fire to the gin and paid him $10 to do it. Milo Williams testified that about four months before the gin was burned he heard a conversation between appellant and Allen in which appellant said: \u201cWe can burn old man Sutton's gin and get all the work to do;\u201d that Allen said \u201cNo, I would rather give $150 than to burn it,\u201d and appellant replied, \u201cI would rather burn it myself and keep the money.\u201d Appellant and Allen owned a gin in the same locality which was operated' in competition with Sutton\u2019s gin. There was also some proof of ill feeling between appellant and Sutton before the gin was burned. Sutton testified that he went to the gin about sunset (it was burned about one o\u2019clock that night), and examined the furnace to see if it was secure against escape of fire; that he found the fire entirely burned out, and the flue damper turned down so as to shut off every particle of draft.\nWe think'that the testimony of the accomplice, DeFore, was sufficiently corroborated, and that the evidence sustained the verdict.\nAppellant also complains of the refusal of the court to give an instruction to the jury that, \u201cin order to convict on circumstantial evidence, the facts shown by it must be absolutely incompatible with the innocence of the accused upon, any rational theory, and incapable, beyond any reasonable hypothesis, of other explanation,\u201d This was not prejudicial, as the court gave another instruction saying that the evidence must, before a conviction could be had, be sufficient to satisfy the jury beyond a reasonable doubt of the defendant\u2019s guilt. It was unnecessary to give both of these instructions. Reed v. State, 54 Ark. 621.\n' No error is found in the proceedings, and the judgment is affirmed.",
        "type": "majority",
        "author": "\u25a0 McCurroch, J."
      },
      {
        "text": "Hile, C. J., and Hart, J.,\n(dissenting.) The evidence of corroboration of the accomplice is dependent upon vague threats made from four to eight months prior to the fire that the defendant would burn the gin, and some circumstances tending to prove that the fire might have been of incendiary origin. Where the corpus delicti is so insufficiently proved (other than by the accomplice), and the threats were so remote in time from the fire, we do not feel that the statute requiring corroboration is sufficiently met.",
        "type": "dissent",
        "author": "Hile, C. J., and Hart, J.,"
      }
    ],
    "attorneys": [
      "J. P. Roberts and A. G. Leming, for appellant.",
      "William F. Kirby, Attorney General, and Dan\u2019l Taylor, for appellee."
    ],
    "corrections": "",
    "head_matter": "Larimore v. State.\nOpinion delivered December 9, 1907.\n1. Indictment op accessory \u2014 negation op presence op dependant. \u2014 It is unnecessary that an indictment of one as accessory before the fact to a felony should negative his presence at the perpetration of the crime. (Page 608.)\n2. Accomplice \u2014 corroboration.\u2014The testimony of an accomplice implicating defendant in the commission of arson is sufficiently corroborated by evidence of another witness that a few months before the fire he overheard defendant threatening to burn the house, by evidence showing defendant\u2019s ill feeling toward the owner of the house, and by circumstances tending to show that the fire was of incendiary origin. (Page 608.) '\n3. Instruction \u2014 Repetition.\u2014It was not prejudicial error to refuse to instruct the jury- that, \u201cin order to convict on circumstantial evidence, the facts shown by it must be absolutely, incompatible with the innocence of the accused upon any rational theory, and incapable, beyond any reasonable hypothesis, of any other explanation,\u201d if the court instructed the jury to the effect that the evidence must, before a conviction can be had, be sufficient to satisfy the jury beyond a reasonable doubt of defendant\u2019s guilt. (Page 609.)\nAppeal from Sebastian Circuit Court; Daniel Hon, Judge;\naffirmed.\nJ. P. Roberts and A. G. Leming, for appellant.\n1. The demurrer should have been sustained. Absence is necessary to constitute one an accessory before the fact. 41 Ark. 173; Kirby\u2019s Digest, \u00a7 1560; 1 Wharton, Am. Crim. Law, \u00a7 134; 21 Ark. 212. Whatever is necessary to constitute the crime must be alleged. 37 Ark. 274; Kirby\u2019s Digest, \u00a7 2227; 41 Ark. 173; 58 Ark. 390; 77 Ark. 321.\nThe evidence of corroboration was entirely insufficient. Corroboration is not sufficient which merely shows that the offense was committed. Kirby's Digest, \u00a7 2384; 43 Ark. 367. In arson the corpus delicti consists not alone of a building burned, but also of its having been wilfully fired. 76 Ala. 42; 33 Miss. 347; 29 Ga. 108. Burning by accidental causes must be satisfactorily excluded, to constitute sufficient proof of a crime committed. Cases supra.\nWilliam F. Kirby, Attorney General, and Dan\u2019l Taylor, for appellee.\nThe fact that the criminality of the defendant consists in the advising or encouraging of the commission of the crime, in contradistinction to actual participation therein, is all that the law requires the indictment to allege. 58 Ark. 390."
  },
  "file_name": "0606-01",
  "first_page_order": 628,
  "last_page_order": 632
}
