{
  "id": 1376973,
  "name": "Connelly v. Earl Frazier Special School District",
  "name_abbreviation": "Connelly v. Earl Frazier Special School District",
  "decision_date": "1924-12-15",
  "docket_number": "",
  "first_page": "49",
  "last_page": "54",
  "citations": [
    {
      "type": "official",
      "cite": "167 Ark. 49"
    }
  ],
  "court": {
    "name_abbreviation": "Ark.",
    "id": 8808,
    "name": "Arkansas Supreme Court"
  },
  "jurisdiction": {
    "id": 34,
    "name_long": "Arkansas",
    "name": "Ark."
  },
  "cites_to": [
    {
      "cite": "62 S. E. 902",
      "category": "reporters:state_regional",
      "reporter": "S.E.",
      "opinion_index": -1
    },
    {
      "cite": "5 A. L. R. 841",
      "category": "reporters:specialty",
      "reporter": "A.L.R.",
      "opinion_index": -1
    },
    {
      "cite": "182 la. 691",
      "category": "reporters:state",
      "reporter": "Iowa",
      "case_ids": [
        2246643
      ],
      "opinion_index": -1,
      "case_paths": [
        "/iowa/182/0691-01"
      ]
    },
    {
      "cite": "78 Ark. 118",
      "category": "reporters:state",
      "reporter": "Ark.",
      "case_ids": [
        1497258
      ],
      "opinion_index": -1,
      "case_paths": [
        "/ark/78/0118-01"
      ]
    },
    {
      "cite": "115 Ark. 161",
      "category": "reporters:state",
      "reporter": "Ark.",
      "opinion_index": -1
    },
    {
      "cite": "142 Ark. 279",
      "category": "reporters:state",
      "reporter": "Ark.",
      "case_ids": [
        1590501
      ],
      "weight": 2,
      "opinion_index": -1,
      "case_paths": [
        "/ark/142/0279-01"
      ]
    },
    {
      "cite": "105 Ark. 77",
      "category": "reporters:state",
      "reporter": "Ark.",
      "case_ids": [
        1347011
      ],
      "opinion_index": -1,
      "case_paths": [
        "/ark/105/0077-01"
      ]
    },
    {
      "cite": "84 Ark. 29",
      "category": "reporters:state",
      "reporter": "Ark.",
      "case_ids": [
        1524360
      ],
      "opinion_index": -1,
      "case_paths": [
        "/ark/84/0029-01"
      ]
    },
    {
      "cite": "81 S. E. 1001",
      "category": "reporters:state_regional",
      "reporter": "S.E.",
      "opinion_index": -1
    },
    {
      "cite": "133 N. W. 169",
      "category": "reporters:state_regional",
      "reporter": "N.W.",
      "opinion_index": -1
    },
    {
      "cite": "166 N. W. 202",
      "category": "reporters:state_regional",
      "reporter": "N.W.",
      "opinion_index": -1
    },
    {
      "cite": "108 S. E. 84",
      "category": "reporters:state_regional",
      "reporter": "S.E.",
      "case_ids": [
        1969786
      ],
      "opinion_index": -1,
      "case_paths": [
        "/sc/116/0324-01"
      ]
    },
    {
      "cite": "146 Ark. 47",
      "category": "reporters:state",
      "reporter": "Ark.",
      "opinion_index": -1
    },
    {
      "cite": "201 S. W. 116",
      "category": "reporters:state_regional",
      "reporter": "S.W.",
      "opinion_index": -1
    },
    {
      "cite": "78 Ind. 192",
      "category": "reporters:state",
      "reporter": "Ind.",
      "case_ids": [
        1314691
      ],
      "pin_cites": [
        {
          "page": "193"
        }
      ],
      "opinion_index": -1,
      "case_paths": [
        "/ind/78/0192-01"
      ]
    },
    {
      "cite": "155 Ark. 161",
      "category": "reporters:state",
      "reporter": "Ark.",
      "case_ids": [
        1360561
      ],
      "opinion_index": -1,
      "case_paths": [
        "/ark/155/0161-01"
      ]
    },
    {
      "cite": "42 Ark. 279",
      "category": "reporters:state",
      "reporter": "Ark.",
      "opinion_index": -1
    },
    {
      "cite": "152 Ark. 507",
      "category": "reporters:state",
      "reporter": "Ark.",
      "case_ids": [
        1364096
      ],
      "opinion_index": -1,
      "case_paths": [
        "/ark/152/0507-01"
      ]
    }
  ],
  "analysis": {
    "cardinality": 549,
    "char_count": 11504,
    "ocr_confidence": 0.493,
    "pagerank": {
      "raw": 2.093443071590574e-07,
      "percentile": 0.7607005273280412
    },
    "sha256": "a2d233368955ec5d17c2afc45c4393ff369eb2869b2d3ddf7d162a05e3a04f6e",
    "simhash": "1:b326d559aa7c27be",
    "word_count": 2004
  },
  "last_updated": "2024-02-27T22:39:44.897299+00:00",
  "provenance": {
    "date_added": "2019-08-29",
    "source": "Harvard",
    "batch": "2018"
  },
  "casebody": {
    "judges": [
      "Hart, J., concurring."
    ],
    "parties": [
      "Connelly v. Earl Frazier Special School District."
    ],
    "opinions": [
      {
        "text": "Humphreys, J.\nThis is a suit brought by appellants against appellee to enjoin the directors of the Earl Frazier Special School District oh Pulaski County from borrowing money and issuing bonds to build a new schoolhouse in the district, upon two alleged grounds; first, that the act creating the district is void because it contains no authority to borrow money, and because it does not state in whose names the notes and bonds may be executed; second, that, if the act is valid, the directors were about to recklessly expend and waste the school funds in the construction of an unnecessary school building.\nA demurrer was filed to the complaint, upon the alleged ground that it did not state sufficient facts to constitute a cause of action.\nThe demurrer was sustained and the complaint dis.missed, from which judgment an appeal has been duly prosecuted to this court.\n(1). Earl Frazier Special School District of Pulaski County was created by special act of the Legislature, No. 324. Section 4 of the act is as follows: \u201cA majority of said board of directors is hereby authorized to execute a promissory note, or notes, or bonds, in the name of, and for such sums of money as may be required, which shall be similar in form as are like instruments of like kind, and shall have the same force and effect as though it had been the act of an individual; and said directors may mortgage any of the property of said district and pledge the revenues thereof as security for payment of said notes and bonds, and against such instruments said district shall be allowed no defense by virtue of its capacity as a school district, in law or in equity, not accorded to individuals. Said directors shall in no way be personally liable for the payment of said notes or bonds. Nothing in this act shall be so construed as shall prevent or preclude from such school district any right in law or in equity which as a natural person it may claim..\u201d\nThis section clearly authorizes the directors to execute negotiable paper and to mortgage the property of the district to secure same. We think it just as clearly auuionzes rue directors to borrow whatever money may be necessary for school purposes, inducting construction or necessary school buildings, it will ,be observed that the first part of the section provides that the notes and bonds may ,be executed by the directors, \u201cfor such sums of money as may be required.\u201d There is no inhibition in our Constitution against the creation of the special school district in rural territory by the Legislature, and investing it with the same power and authority which may be conferred upon special school districts m cities and towns. Again, we do not think \u00a7 4 of said act is invalid because it does not state in whose name the notes, bonds, and mortgages may be executed. The section clearly indicates that they are to be executed for the benefit of the school district, and not for the benefit of the directors. It is provided in the section that the directors shall not be personally responsible upon them. The clear inference is that the school district shall be responsible for them. It is apparent that the name of the school district was omitted through typographical error.\n(2). The gist of that part of the complaint charging an abuse of the discretion on the part of the directors in attempting to construct a new school building, is that they are about to destroy a practically new building, which is in every way ample for school purposes, and to erect one in its stead at a cost of $58,000, which will result in cutting the school term down to a very short period of time each year; and are about to pay $1,200 for two acres of land worth only $200. These are general allegations of fact, but not so general that they may be characterized as conclusions only. As the allegations are more than mere conclusions, the court should have treated the demurrer as a motion to make the complaint more definite and certain by requiring the appellants to state the accommodations and conveniences afforded by the old building, the number of scholars in the district, the revenues thereof, and the length of time the annual terms of the school district will be cut down, etc., if the new building is constructed. The complaint should specifically set out facts showing a clear abuse of discretion amounting to a reckless expenditure and waste of the school funds, or a shortening of the school term to such an extent-that it would destroy the real purposes for which the school district was created. The main purpose of public schools is to educate the children, and not merely to provide equipment which cannot be used. The law, however, accords to school directors a broad discretion, and courts will not interfere with their discretion unless an arbitrary abuse thereof is contemplated.\nOn account of the error indicated, the decree is reversed, and the cause is remanded, with leave to appellants to amend their complaint if they desire to do so, and for further proceedings not inconsistent with this opinion.\nHart, J., concurring.",
        "type": "majority",
        "author": "Humphreys, J."
      }
    ],
    "attorneys": [
      "J. G. Marshall, for appellant.",
      "Emerson & Donham, for appellee."
    ],
    "corrections": "",
    "head_matter": "Connelly v. Earl Frazier Special School District.\nOpinion delivered December 15, 1924.\n1. Schools and school districts \u2014 authority of district to borrow money. \u2014 Special Acts 1923, No. 324, \u00a7 4, authorizing the directors of a special school district to execute promissory notes or bonds and to mortgage the property of the district to secure same, is sufficient authority to the directors to borrow money.\n2. Schools and school districts \u2014 authority to bind district. \u2014 \u2022 Special Acts 1923, No. 324, \u00a7 4, authorizing the directors of a certain school district to execute negotiable paper and mortgage the district\u2019s property, but providing that the \u201cdirectors shall in no way be personally liable for the payment\u201d thereof, sufficiently indicates that such paper was to be executed in the name of the district.\n3. Injunction- \u2014 sufficiency of complaint on demurrer. \u2014 In a suit to enjoin issuance of school bonds for a new school building, a complaint alleging that the district\u2019s present building is practically new and sufficient, and that the erection of a new building would result in a shortening of the school term, and that the \u25a0directors were paying an excessive price for land to be used, was good against demurrer, but the demurrer should be treated as a motion to make the complaint more specific.\n4. Schools and school districts \u2014 discretion of directors. \u2014 School directors are invested with a large discretion which will not be interfered with unless an arbitrary -abuse thereof -is contemplated.\nAppeal from Pulaski Chancery Court; John E. Martineau, Chancellor;\nreversed.\nJ. G. Marshall, for appellant.\nThis district has no power to borrow money for building a schoolhouse, as a city district might do without a favorable vote of the people. The act of 1909, Acts 1909, p. 947, and the repealing act, 1919, p. 6, provide for forming country special districts with all the powers of city districts except as \u201ctherein provided,\u201d and it is therein provided that they can borrow money to build only by the assent of the people. C. & M. Dig. \u00a7\u00a7 8831-8842. The same may be said of consolidated districts. C. & M. Dig., \u00a7\u00a7 8849-8857. \u201cAll special school districts in the 'State of Arkansas\u201d were authorized by the act of 1905, and are now authorized by the amending act of 1923, C. & M. Digest, \u00a7\u00a7 8977-8, to borrow money to build, and yet this language has never been held to include country special districts. The act of 1917, C. & M. Digest, \u00a7\u00a7 8984-7, which includes the act creating this district, Acts 1923, p. 698, since it authorizes \u201cany special, rural special or consolidated school district in the State\u201d to borrow money to build, limits this power in case of rural districts to cases where the assent of the people is given. The district can have only such power to build as is expressly given or necessarily implied, and all such grants are also limitations of power. 35 Cyc. 925; 152 Ark. 507; 42 Ark. 279; 155 Ark. 161. The same is true of the power to borrow money, and of the power to mortgage school property. 35 Cyc. 976, 988, 924. The special act involved here, see \u00a7 4 thereof, provides neither for borrowing nor building, these words or the equivalent thereof not being used; and neither of these powers can be implied, for there is nothing from which to imply them. The power to execute paper for an indebtedness incurred is not the borrowing power. 78 Ind. 192, 193. The special act must be construed so as to stand with the general law, if possible. 201 S. W. 116 (Ark.); 146 Ark. 47; Id. 32. A special act restricts a prior general act only as to the subject-matter covered by it. If the special act is not incompatible with the general law, both must stand. 26 L. E. A. (N. S.) 207. See also 169 N. T. S. 976; 108 S. E. 84. If the proposed action, of the school board was so clearly unreasonable as to amount to an oppressive and clear abuse of discretion, then it was proper for the court to interfere by injunction. 32 C. J. 252, 254; 166 N. W. 202; 133 N. W. 169; 81 S. E. 1001; 84 Ark. 29; 105 Ark. 77.\nEmerson & Donham, for appellee.\nIt is clear from the language of the act, \u00a7 4, that the notes and bonds should be executed in the name of the school district. That the name of the district was omitted was clearly a typographical error. The act is not invalid because it does not state for what purpose notes or bonds may be executed. Certainly they could only be executed for school purposes, and the directors would then be required to look to the general law to ascertain the purposes for which special school districts may execute notes and bonds. Section 4 of the special act in no way conflicts with the general law on the subject, and, under appellant\u2019s contention and authorities cited, the two acts must stand. This court has clearly distinguished between the powers of a rural special school district established and created under the general law authorizing its creation, and a special school district created by an act of the Legislature. 142 Ark. 279. And this distinction has been made also by the Legislature itself. Act 180, Acts 1917; C. & M. Digest, \u00a7 89\u00a184. It is therefore settled that it was not the intention of the Legislature to require special school districts created by special acts of that body to submit the question of borrowing money for building purposes to the electors of the district, but left it entirely discretionary with the board of directors, and that the act of 1909 as amended by the acts of 1911 and 1919 authorizing the creation of rural special school districts, has no application to special school districts created by special acts of the Legislature. If it be conceded that it was the duty of appellee to procure a favorable vote of the electors before borrowing money and issuing bonds, then appellant is not affected, since the issuance of notes and bonds without first submitting the question to the electors would be ultra vires, and the notes and bonds executed by the board would be void, and appellant would not suffer. 115 Ark. 161; 142 Ark. 279; 78 Ark. 118. In the absence of any allegations in the complaint that the board of directors acted fraudulently or collusively, it merely being charged that the directors were using their discretion unwisely in attempting to erect a school building, there was no ground for interference by injunction. 32 C. J. 252; 24 R. C. L. 575; 182 la. 691; 5 A. L. R. 841; 75 8. E. 166; 62 S. E. 902."
  },
  "file_name": "0049-01",
  "first_page_order": 61,
  "last_page_order": 66
}
