{
  "id": 1407935,
  "name": "Stookberry v. Pigg",
  "name_abbreviation": "Stookberry v. Pigg",
  "decision_date": "1927-01-31",
  "docket_number": "",
  "first_page": "763",
  "last_page": "767",
  "citations": [
    {
      "type": "official",
      "cite": "172 Ark. 763"
    }
  ],
  "court": {
    "name_abbreviation": "Ark.",
    "id": 8808,
    "name": "Arkansas Supreme Court"
  },
  "jurisdiction": {
    "id": 34,
    "name_long": "Arkansas",
    "name": "Ark."
  },
  "cites_to": [
    {
      "cite": "266 S. W. 954",
      "category": "reporters:state_regional",
      "reporter": "S.W.",
      "opinion_index": 0
    },
    {
      "cite": "166 Ark. 520",
      "category": "reporters:state",
      "reporter": "Ark.",
      "case_ids": [
        1378608
      ],
      "opinion_index": 0,
      "case_paths": [
        "/ark/166/0520-01"
      ]
    },
    {
      "cite": "209 S. W. 64",
      "category": "reporters:state_regional",
      "reporter": "S.W.",
      "opinion_index": 0
    },
    {
      "cite": "137 Ark. 407",
      "category": "reporters:state",
      "reporter": "Ark.",
      "case_ids": [
        1568031
      ],
      "opinion_index": 0,
      "case_paths": [
        "/ark/137/0407-01"
      ]
    },
    {
      "cite": "226 S. W. 128",
      "category": "reporters:state_regional",
      "reporter": "S.W.",
      "opinion_index": 0
    },
    {
      "cite": "146 Ark. 532",
      "category": "reporters:state",
      "reporter": "Ark.",
      "case_ids": [
        1584998
      ],
      "opinion_index": 0,
      "case_paths": [
        "/ark/146/0532-01"
      ]
    },
    {
      "cite": "215 S. W. 615",
      "category": "reporters:state_regional",
      "reporter": "S.W.",
      "opinion_index": 0
    },
    {
      "cite": "340 Ark. 252",
      "category": "reporters:state",
      "reporter": "Ark.",
      "opinion_index": 0
    },
    {
      "cite": "48 Ark. 485",
      "category": "reporters:state",
      "reporter": "Ark.",
      "case_ids": [
        1887721
      ],
      "opinion_index": 0,
      "case_paths": [
        "/ark/48/0485-01"
      ]
    },
    {
      "cite": "175 S. W. 486",
      "category": "reporters:state_regional",
      "reporter": "S.W.",
      "case_ids": [
        8271523
      ],
      "opinion_index": 0,
      "case_paths": [
        "/sw/175/0486-01"
      ]
    },
    {
      "cite": "117 Ark. 500",
      "category": "reporters:state",
      "reporter": "Ark.",
      "case_ids": [
        1564903
      ],
      "opinion_index": 0,
      "case_paths": [
        "/ark/117/0500-01"
      ]
    },
    {
      "cite": "167 S. W. 101",
      "category": "reporters:state_regional",
      "reporter": "S.W.",
      "opinion_index": 0
    },
    {
      "cite": "112 Ark. 562",
      "category": "reporters:state",
      "reporter": "Ark.",
      "case_ids": [
        1538785
      ],
      "opinion_index": 0,
      "case_paths": [
        "/ark/112/0562-01"
      ]
    },
    {
      "cite": "271 S. W. 347",
      "category": "reporters:state_regional",
      "reporter": "S.W.",
      "opinion_index": 0
    },
    {
      "cite": "168 Ark. 613",
      "category": "reporters:state",
      "reporter": "Ark.",
      "case_ids": [
        8724198
      ],
      "opinion_index": 0,
      "case_paths": [
        "/ark/168/0613-01"
      ]
    },
    {
      "cite": "260 S. W. 49",
      "category": "reporters:state_regional",
      "reporter": "S.W.",
      "opinion_index": 0
    },
    {
      "cite": "163 Ark. 407",
      "category": "reporters:state",
      "reporter": "Ark.",
      "case_ids": [
        1383817
      ],
      "opinion_index": 0,
      "case_paths": [
        "/ark/163/0407-01"
      ]
    }
  ],
  "analysis": {
    "cardinality": 402,
    "char_count": 9072,
    "ocr_confidence": 0.488,
    "pagerank": {
      "raw": 8.195343800824393e-08,
      "percentile": 0.4758449237774094
    },
    "sha256": "f15e903d46cb7a1d90b6f27564f22008d8d5069d06748bf6692b4abb0bd01ea1",
    "simhash": "1:82c64cbb190c9e88",
    "word_count": 1616
  },
  "last_updated": "2024-02-27T21:19:44.522172+00:00",
  "provenance": {
    "date_added": "2019-08-29",
    "source": "Harvard",
    "batch": "2018"
  },
  "casebody": {
    "judges": [],
    "parties": [
      "Stookberry v. Pigg."
    ],
    "opinions": [
      {
        "text": "Hart, J.,\n(after stating the facts). Under the instructions of the court, to the effect that, if the jury should find that the plaintiff and the defendant entered into an oral agreement for the sale of the land described in the complaint, and the defendant took possession of the land under said oral agreement, the agreement became binding upon the defendant; and, if he failed to comply with the terms of the oral agreement, he was liable to plaintiff for damages for breach' of the contract. This instruction was erroneous.\nThis was an action to recover damages for the breach of an oral contract for the sale of land. No part of the purchase price was paid, but, under the allegations of the complaint, the defendant was in possession of the land under the oral contract. The defendant denied making the contract. Under our system of pleading, this was sufficient to let in the defense of the statute of frauds. Where the pleadings present the issue of an agreement or no agreement, the party relying upon the agreement must prove a valid one. If the defendant had admitted that a verbal agreement for the sale of the land had been made as alleged by the plaintiff, then he must have specifically pleaded the statute of frauds in order to rely upon it. Having denied the oral agreement for the purchase and sale of the land as alleged in the c\u00f3mplaint, the statute of frauds became a question of fact at the trial, and it devolved upon the plaintiff to prove a valid agreement in order to recover. Cook v. Cave, 163 Ark. 407, 260 S. W. 49; and O\u2019Bryan v. Zuber, 168 Ark. 613, 271 S. W. 347.\nAmong other things, \u00a7 4862 of Crawford & Moses\u2019 Digest provides that no action shall be brought to charge any person upon any contract for the sale of lands or to charge any person upon any lease of lands for a longer term than one year.\nIn Phillips v. Grubbs, 112 Ark. 562, 167 S. W. 101, the court held that a contract of lease for a period of five y\u00e9ars is taken out of the statute of frauds when the lessee complies with its terms by paying rent for two, years and making valuable improvements on the land. The court said that this holding is true of an oral agreement to sell lands, and that the same principle controls a contract for the lease of lands.\nIn Storthz v. Watts, 117 Ark. 500, 175 S. W. 486, \u201d whiqh was an action at law, the court said that, in order to take an oral contract for the lease of lands ont of the statute of frauds, there must be substantial expenditures in the way of performance of the contract over and above the mere occupancy of the land and payment of rent for the period actually occupied. In discussing the question, the court said: \u201cThe only item of repairs specified is a trifling amount expended on the fence, which is too insignificant to be treated as a substantial performance of the contract. There is nothing more in the testimony, in the way of part performance, than occupancy for the first year and payment of the rent for that year, which is not sufficient to take the case out of the operation of the statute. There must be substantial expenditures in the way of performance of the contract over and above the mere occupancy and payment for the period actually occupied. There is a difference between substantial part performance of a contract, which takes it out of the operation of the statute, and partial execution, which does not have that effect. Henry & Bro. v. Wells, 48 Ark. 485.\u201d To the same effect is Newton v. Watkins, 340 Ark. 252, 215 S. W. 615.\nIn Beattie v. Smith, 146 Ark. 532, 226 S. W. 128, the court held that, where the vendor of standing- timber received payment and the purchaser entered into possession, this took the contract out of the statute of frauds, though it was oral. This was an action for the breach of an oral contract for the sale of timber.\nIn Carnahan v. Terrall Bros., 137 Ark. 407, 209 S. W. 64, the court held that a contract for the sale of standing timber is within the statute of frauds, and that the doctrine of part performance applicable to oral contracts for the sale of land applies to such contracts.\nIn Dunn v. Turner Hardware Co., 166 Ark. 520, 266 S. W. 954, it was held that mere occupancy of land and payment of the rent for the period occupied were not sufficient to take the case out of the operation of the statute of frauds. There the court had under consideration an oral lease for five years.\nUnder these authorities, an action for damages for the breach of the contract sued on cannot be maintained. As we have already seen, the contract for the sale of the land was an oral one, and no part of the purchase money was paid, and no valuable improvements were made under the contract. The only reliance of the plaintiff as a basis for his action is that the defendant took possession of the land under the oral contract; and, as we have just seen, this was not sufficient to entitle him to maintain an action at law for damages for breach of the contract.\nIt follows that the judgment must be reversed; and, inasmuch as the cause of action seems to have been fully developed, the complaint of the plaintiff will be dismissed here.",
        "type": "majority",
        "author": "Hart, J.,"
      }
    ],
    "attorneys": [
      "Robert A. Rowe, for appellant.",
      "George W. Johnson, for appellee."
    ],
    "corrections": "",
    "head_matter": "Stookberry v. Pigg.\nOpinion delivered January 31, 1927.\n1. Frauds, statute of \u2014 -defense of \u2014 instruction.\u2014In an action for damages for breach of a verbal contract for sale of land, an instruction that, if the alleged purchaser, under verbal agreement took possession of the land, the agreement became binding on him -and that, on failure to comply with the terms thereof,' he was liable for breach of contract, held erroneous.\n2. Frauds, statute of \u2014 when pleaded.- \u2014 In an action for breach of a contract for the sale of land, no part of the purchase price being paid, defendant\u2019s denial of execution of the contract was sufficient to let in the defense of the statute of frauds.\n3. Contracts \u2014 burden of proof. \u2014 Where pleadings present the issue of agreement or no agreement, the party relying upon the agreement must prove a valid one.\n4. Frauds, statute of \u2014 burden of proof. \u2014 Where, in an action on a verbal agreement to sell land, defendant denied the existence such agreement, the burden of proving a valid agreement within the statute of frauds devolved on the plaintiff.\nB. Frauds, statute of \u2014 sufficiency of part performance. \u2014 Where a contract for the sale of land was in parol, the mere fact that the defendant took possession of the land thereunder, without paying anything or making any valuable improvements, was insufficient to enable the vendor to maintain an action for damages for breach of the contract.\nAppeal from Sebastian Circuit Court, Greenwood District; John E. Tatum, Judge;\nreversed.\nSTATEMENT OF FACTS.\nThis is an action at law by J. E. Pigg against A. S. Stooksberry to recover damages fob the breach of an oral contract for the sale of land. According to the allegations of the complaint, in December, 1924, the plaintiff made a verbal contract with the defendant to sell him a certain tract of land for the sum of $1,500. The complaint further alleges that, in part performance of said contract, the plaintiff delivered possession of said land to the defendant and that the defendant, after remaining in possession of the land for a short time under the contract of purchase, moved away from the land, and refused to carry out the contract.\nThe defendant filed a demurrer and answer to the complaint. The answer denies that the oral contract for the sale of the land by the plaintiff to the defendant was made, and denies that the defendant took possession of the land under said contract.\nJ. E. Pigg was a witness for himself. According to his testimony, he is the owner of the land described in the complaint, and, in December, 1924, made an oral contract with the defendant, A. S. Stooksberry, to sell him said land for $1,500. Pigg lived on the land, and moved away after the contract was made, in order that Stooksberry might take possession of the land. Stooksberry moved on the land and stayed a short time, and then moved away. Pigg tendered him a deed, and 'Stooksberry refused to accept it or to pay the purchase price of the land.\nA. S. Stooksberry was a witness for himself. According to his testimony, he did not make any kind of an agreement, verbal or otherwise, to purchase the land in question from Pigg. He only made a verbal agreement with Pigg to purchase the-land in case he sold some land owned by himself to the Standard Oil Company. He moved on the land on the 6th day of January, 1925, and stayed there fourteen days. It was distinctly understood between the parties that, unless Stooksberry sold his land to the Standard Oil Company,-he could not purchase the land of Pigg. The Standard Oil Company did not purchase Stooksberry\u2019s land, and he refused to consider any further his contemplated purchase from Pigg.\nUnder the instructions of the court the jury returned a verdict for the plaintiff in the sum of $200, and, from the judgment rendered, the defendant has duly prosecuted an appealto this court.\nRobert A. Rowe, for appellant.\nGeorge W. Johnson, for appellee."
  },
  "file_name": "0763-01",
  "first_page_order": 781,
  "last_page_order": 785
}
