{
  "id": 1407997,
  "name": "J. I. Porter Lumber Company v. Bonner",
  "name_abbreviation": "J. I. Porter Lumber Co. v. Bonner",
  "decision_date": "1927-02-07",
  "docket_number": "",
  "first_page": "828",
  "last_page": "832",
  "citations": [
    {
      "type": "official",
      "cite": "172 Ark. 828"
    }
  ],
  "court": {
    "name_abbreviation": "Ark.",
    "id": 8808,
    "name": "Arkansas Supreme Court"
  },
  "jurisdiction": {
    "id": 34,
    "name_long": "Arkansas",
    "name": "Ark."
  },
  "cites_to": [
    {
      "cite": "150 S. W. 411",
      "category": "reporters:state_regional",
      "reporter": "S.W.",
      "opinion_index": 0
    },
    {
      "cite": "105 Ark. 152",
      "category": "reporters:state",
      "reporter": "Ark.",
      "case_ids": [
        1347038
      ],
      "opinion_index": 0,
      "case_paths": [
        "/ark/105/0152-01"
      ]
    },
    {
      "cite": "213 S. W. 407",
      "category": "reporters:state_regional",
      "reporter": "S.W.",
      "opinion_index": 0
    },
    {
      "cite": "139 Ark. 218",
      "category": "reporters:state",
      "reporter": "Ark.",
      "case_ids": [
        1596407
      ],
      "opinion_index": 0,
      "case_paths": [
        "/ark/139/0218-01"
      ]
    },
    {
      "cite": "44 Ark. 504",
      "category": "reporters:state",
      "reporter": "Ark.",
      "case_ids": [
        1893436
      ],
      "opinion_index": 0,
      "case_paths": [
        "/ark/44/0504-01"
      ]
    },
    {
      "cite": "246 S. W. 854",
      "category": "reporters:state_regional",
      "reporter": "S.W.",
      "opinion_index": 0
    },
    {
      "cite": "156 Ark. 558",
      "category": "reporters:state",
      "reporter": "Ark.",
      "case_ids": [
        1358432
      ],
      "opinion_index": 0,
      "case_paths": [
        "/ark/156/0558-01"
      ]
    },
    {
      "cite": "165 S. W. 431",
      "category": "reporters:state_regional",
      "reporter": "S.W.",
      "opinion_index": 0
    },
    {
      "cite": "107 Ark. 487",
      "category": "reporters:state",
      "reporter": "Ark.",
      "case_ids": [
        1344011
      ],
      "opinion_index": 0,
      "case_paths": [
        "/ark/107/0487-01"
      ]
    },
    {
      "cite": "103 S. W. 724",
      "category": "reporters:state_regional",
      "reporter": "S.W.",
      "opinion_index": 0
    },
    {
      "cite": "83 Ark. 374",
      "category": "reporters:state",
      "reporter": "Ark.",
      "case_ids": [
        1527164
      ],
      "opinion_index": 0,
      "case_paths": [
        "/ark/83/0374-01"
      ]
    },
    {
      "cite": "88 S. W. 972",
      "category": "reporters:state_regional",
      "reporter": "S.W.",
      "opinion_index": 0
    },
    {
      "cite": "76 Ark. 405",
      "category": "reporters:state",
      "reporter": "Ark.",
      "case_ids": [
        1501123
      ],
      "opinion_index": 0,
      "case_paths": [
        "/ark/76/0405-01"
      ]
    }
  ],
  "analysis": {
    "cardinality": 491,
    "char_count": 8626,
    "ocr_confidence": 0.516,
    "pagerank": {
      "raw": 7.226684795779869e-08,
      "percentile": 0.4314037227653041
    },
    "sha256": "4ef3d65a8847a6d2e0d6e5c17c960ee47e9535d431b5a64630f3d82f9b41cb7d",
    "simhash": "1:2719191c3d84d47c",
    "word_count": 1477
  },
  "last_updated": "2024-02-27T21:19:44.522172+00:00",
  "provenance": {
    "date_added": "2019-08-29",
    "source": "Harvard",
    "batch": "2018"
  },
  "casebody": {
    "judges": [],
    "parties": [
      "J. I. Porter Lumber Company v. Bonner."
    ],
    "opinions": [
      {
        "text": "McCulloch, C. J.\nAppellant, a domestic corporation with its principal place of business at Stuttgart, Arkansas, was the owner of a large body of land in Cleveland County, containing 13,600 acres, and on September 15, 1913, executed to one Blodgett a contract to convey same at a stipulated price to be thereafter paid, and undertaking to execute a deed or deeds upon the payment of the price. The contract contained a stipulation permitting Blodgett to obtain a separate conveyance from appellant, conveying parts of the aggregate acreage, on resale to other parties and payment of the price to appellant. The details of this contract were set forth in a recent decision. Wilms v. Dedman, p. 783.\nBlodgett organized a corporation, of which he was president and manager, known as the Western Land Company, and made a quitclaim deed to that corporation, which operated as a sale of his interest in the contract with appellant. Thereafter, on December 27, 1915, the Western Land Company entered into an executory contract with appellee, Victor E. Bonner, for the sale of one hundred and twenty acres of the land embraced in the Blodgett contract for the total purchase' price of $1,800, payment of $600 of which was acknowledged in the contract and the balance of $1,200 was evidenced by eight equal promissory notes, payable annually, beginning December 27, 1918. These notes were subsequently delivered by the Western Land Company and Blodgett to appellant in settlement of certain indebtedness under the original contract, the notes bearing indorsement of assignments to J: M. Cox, on September 1, 1917, and J. M. Cox\u2019s subsequent assignment to appellant. There were no credits indorsed on the notes, and appellant instituted this action against Bonner on February 16, 1924, in the chancery court of Cleveland County, to recover the amount of the note's and to enforce a lien as vendor of the land embraced in the contract from the Western Land Company to Bonner. Mrs. Bonner, wife of Victor E. Bonner, was made a party defendant at her own request, and both of the defendants joined in an* answer pleading payment, and also pleading bar of the statute of limitation. The court heard the cause on oral testimony and documentary proof evidencing the contract between the parties, and dismissed the complaint of appellant for want of equity. The court made special findings in the decree that the notes had been paid and discharged.\nCounsel for appellees also insist here on the defense of the bar of the statute of limitations against the notes, and we will first dispose of that question. Two 'of the notes, the one falling due on December 27, 1924, and the other December 27, 1925, matured after the commencement of this action, but all of the notes recited that they constituted a series, and each contained an accelerating clause, which made them all due at the option of the holder. The first note, which fell due December 27,1918, was the only one of them which matured more than five years before the commencement of the action, but even that note was not barred as against the vendor of appellee or the holders of the note by assignment from the vendor. Tillar v. Clayton, 76 Ark. 405, 88 S. W. 972; Perry v. Arkadelphia Lumber Co., 83 Ark. 374, 103 S. W. 724; Little Rock & Fort Smith Ry. Co. v. Rankin, 107 Ark. 487, 165 S. W. 431; Wilm v. Dedman, supra.\nNow, as to the plea of payment, we are of the opinion that the trial court erred in its finding, and that the decree should be reversed on that ground. The undisputed testimony shows that the notes were assigned to appellant for the purpose of settling an indebtedness of Blodgett to appellant under the original contract. Blodgett testified to that effect, and it is undisputed. The indorsements show that the assignments were made by the Western Land Company September 1, 1917, which was before maturity of the first note. Appellant was therefore an innocent purchaser for value, even though the assignment was to cover an antecedent indebtedness. Newell Construction Co. v. McConnell, 156 Ark. 558, 246 S. W. 854.\nUnder the assignment, appellant acquired all the rights of the vendor of appellee. Rodman v. Sanders, 44 Ark. 504; Manicuring v. Farmers\u2019 Bank of Commerce, 139 Ark. 218, 213 S. W. 407.\nPayments, if any were \u00a1made at all, were to Blodgett long after the assignments of the notes to appellant, and there is no testimony at all that Blodgett had possession of the notes at the time, or that he was authorized by appellant to make collection. Under those circumstances, appellant was not bound by payment made to Blodgett. Koen v. Miller, 105 Ark. 152, 150 S. W. 411.\nThe testimony very clearly preponderates, we think, against the finding of the trial court that the payments claimed by appellees were made to Blodgett. Bonner and his wife both testified concerning those payments, and that was the only testimony they offered on the subject. Their testimony is inconsistent and inherently weak. They claim to have paid large sums, in the aggregate more than the amount of the indebtedness. They testified to a great many payments in small amounts, from a few dollars to several hundred; then they testified to a cash payment of $1,000, for which they say Blodgett gave them a receipt and afterwards purloined it, but no such receipt was produced. They claim they met Blodgett in Pine Bluff for the purpose of settling; that they called for the notes, and Blodgett assured them he would treat them right; and that they made a payment of- $1,000 in currency, without the production of the notes, merely upon Blodgett\u2019s promise that he would produce the notes and make a deed. This was contradicted by Blodgett, who testified that the payment of $1,000 was not made to him; that the transaction did not occur at all; that nothing had been paid on the notes except a credit of something less than $50 for a fee due to Bonner for acting as auctioneer in the sale of three mules. Mr. Culpepper, the secretary, testified about the notes, and stated that nothing had been paid on them, but there was to be a credit of $28 for auctioneer\u2019s service. E. L. McClendon, circuit clerk, who appears not to have had the slightest interest in the controversy, testified that, just after this action was commenced by appellant against Bonner, the latter stated to him that he had not paid anything on the land except the first payment; that that amounted to no more than the rent would be up to the time of the decree, and that he was not going to contest the suit. The testimony of appellee is, as we have already said, entirely without any corroboration. We have the testimony of Blodgett and Culpepper, which is corroborated by Mr. McClendon\u2019s testimony concerning appellee\u2019s' admission that he owed the debt. With this state of the proof there is no escape from the conclusion that the preponderance of the testimony is clearly in favor of appellant, that no payment has been made on the notes. For each of these reasons there must be a reversal of the judgment, and it is so ordered, with directions to enter a decree in favor of appellant for the recovery on the notes, with interest, and for the enforcement of same as a vendor\u2019s lien on the land described in the complaint.",
        "type": "majority",
        "author": "McCulloch, C. J."
      }
    ],
    "attorneys": [
      "Woodson Mosley, for appellant.",
      "George Brown, for appellee."
    ],
    "corrections": "",
    "head_matter": "J. I. Porter Lumber Company v. Bonner.\nOpinion delivered February 7, 1927.\n1. Limitation op actions \u2014 vendor's lien. \u2014 A note for the purchase price of land, which fell due more than five years before the commencement of an action to enforce a vendor\u2019s lien, the vendee holding under bond for title, was not barred by the statute of limitations as against the holder of the note^by assignment from the vendor.\n2. Bills and notes \u2014 innocent purchaser. \u2014 Qne who takes a negotiable note by assignment for value before its maturity is an innocent purchaser, though the assignment was to cover an antecedent indebtedness.\n3. Vendor and purchaser \u2014 rights op assignee. \u2014 Under assignment of notes given for the purchase\u2019 of land, the assignee acquired all the rights of the vendor.\n4. Vendor and purchaser \u2014 payment to assignor of notes.. \u2014 Where notes were assigned before maturity, the assignee was not bound by subsequent payments to the assignor, where the original holder did not have possession of the notes at the time and was not authorized by the assignee to collect them,\n5. Bills and notes \u2014 payment.\u2014In an action by the assignee of notes against the makers, evidence held not to support a finding that the makers had paid the original holder.\nAppeal from Cleveland Chancery Court; II. R. Lucas, Chancellor;\nreversed.\nWoodson Mosley, for appellant.\nGeorge Brown, for appellee."
  },
  "file_name": "0828-01",
  "first_page_order": 846,
  "last_page_order": 850
}
