{
  "id": 1907372,
  "name": "Bluff City Lumber Company v. Bloom",
  "name_abbreviation": "Bluff City Lumber Co. v. Bloom",
  "decision_date": "1897-12-11",
  "docket_number": "",
  "first_page": "492",
  "last_page": "495",
  "citations": [
    {
      "type": "official",
      "cite": "64 Ark. 492"
    }
  ],
  "court": {
    "name_abbreviation": "Ark.",
    "id": 8808,
    "name": "Arkansas Supreme Court"
  },
  "jurisdiction": {
    "id": 34,
    "name_long": "Arkansas",
    "name": "Ark."
  },
  "cites_to": [
    {
      "cite": "33 Ark. 119",
      "category": "reporters:state",
      "reporter": "Ark.",
      "case_ids": [
        8722120
      ],
      "opinion_index": -1,
      "case_paths": [
        "/ark/33/0119-01"
      ]
    },
    {
      "cite": "55 Ark. 139",
      "category": "reporters:state",
      "reporter": "Ark.",
      "case_ids": [
        1322203
      ],
      "opinion_index": -1,
      "case_paths": [
        "/ark/55/0139-01"
      ]
    },
    {
      "cite": "54 Ark. 81",
      "category": "reporters:state",
      "reporter": "Ark.",
      "case_ids": [
        1320434
      ],
      "opinion_index": -1,
      "case_paths": [
        "/ark/54/0081-01"
      ]
    },
    {
      "cite": "8 Wheat. 75",
      "category": "reporters:scotus_early",
      "reporter": "Wheat.",
      "opinion_index": -1
    },
    {
      "cite": "163 U. S. 118",
      "category": "reporters:federal",
      "reporter": "U.S.",
      "case_ids": [
        468281
      ],
      "opinion_index": -1,
      "case_paths": [
        "/us/163/0118-01"
      ]
    },
    {
      "cite": "56 Ark. 217",
      "category": "reporters:state",
      "reporter": "Ark.",
      "case_ids": [
        1326064
      ],
      "opinion_index": -1,
      "case_paths": [
        "/ark/56/0217-01"
      ]
    },
    {
      "cite": "68 Cal. 262",
      "category": "reporters:state",
      "reporter": "Cal.",
      "case_ids": [
        2208500
      ],
      "opinion_index": -1,
      "case_paths": [
        "/cal/68/0262-01"
      ]
    },
    {
      "cite": "52 Kas. 424",
      "category": "reporters:state",
      "reporter": "Kan.",
      "case_ids": [
        8863200
      ],
      "weight": 2,
      "opinion_index": -1,
      "case_paths": [
        "/kan/52/0424-01"
      ]
    },
    {
      "cite": "128 N. Y. 190",
      "category": "reporters:state",
      "reporter": "N.Y.",
      "case_ids": [
        2241384
      ],
      "opinion_index": -1,
      "case_paths": [
        "/ny/128/0190-01"
      ]
    },
    {
      "cite": "57 Ark. 242",
      "category": "reporters:state",
      "reporter": "Ark.",
      "case_ids": [
        1324593
      ],
      "weight": 2,
      "opinion_index": -1,
      "case_paths": [
        "/ark/57/0242-01"
      ]
    },
    {
      "cite": "60 Ark. 269",
      "category": "reporters:state",
      "reporter": "Ark.",
      "case_ids": [
        1903659
      ],
      "opinion_index": 0,
      "case_paths": [
        "/ark/60/0269-01"
      ]
    },
    {
      "cite": "163 U. S. 118",
      "category": "reporters:federal",
      "reporter": "U.S.",
      "case_ids": [
        468281
      ],
      "opinion_index": 0,
      "case_paths": [
        "/us/163/0118-01"
      ]
    },
    {
      "cite": "52 Kas. 424",
      "category": "reporters:state",
      "reporter": "Kan.",
      "case_ids": [
        8863200
      ],
      "opinion_index": 0,
      "case_paths": [
        "/kan/52/0424-01"
      ]
    },
    {
      "cite": "57 Ark. 242",
      "category": "reporters:state",
      "reporter": "Ark.",
      "case_ids": [
        1324593
      ],
      "opinion_index": 0,
      "case_paths": [
        "/ark/57/0242-01"
      ]
    }
  ],
  "analysis": {
    "cardinality": 408,
    "char_count": 8358,
    "ocr_confidence": 0.482,
    "pagerank": {
      "raw": 1.3103416022669188e-07,
      "percentile": 0.6242184389900723
    },
    "sha256": "cb6ece8f685df20e553e4fc0912be6763f1613b47a94f287f3dfd222d6c6de3f",
    "simhash": "1:35318aa2a127e00b",
    "word_count": 1491
  },
  "last_updated": "2024-02-27T22:00:01.297871+00:00",
  "provenance": {
    "date_added": "2019-08-29",
    "source": "Harvard",
    "batch": "2018"
  },
  "casebody": {
    "judges": [
      "Hughes, J., did not participate in the decision of this case."
    ],
    "parties": [
      "Bluff City Lumber Company v. Bloom."
    ],
    "opinions": [
      {
        "text": "Riddick, J.,\n(after stating the facts.) The question in this case concerns the right of the appellee, Bloomah J. Bloom, to redeem land of one James S. Floyd, sold under an execution upon a judgment against him in favor of the appellant, the Bluff City Lumber Company. The judgment was recovered against Floyd in a proceeding begun by said company to enforce a lien for materials furnished by it to Floyd for the erection of a house upon the land sought to be redeemed.\nAppellee bases her right to redeem upon a mortgage executed by Floyd to her after the lien for materials furnished had attached in favor of the appellant company. Now, as her mortgage was executed and recorded before the commencement of the action of the lumber company against Floyd, if such mortgage had been valid, she would have been a necessary party to said action; and, as she was not made a party, her rights would have remained unaffected by such action and the judgment therein. But, at the time her mortgage was executed, the land mortgaged was the homestead of Floyd, and his wife did not join in the granting clause of the deed, as required by statute in mortgages or other conveyances of a homestead. Sand. & H. Dig., \u00a7 3713. By reason of the failure to comply with the statute in this respect, the mortgage upon the homestead was, to quote the language of this court in a similar case, \u201ca nullity, and left the title as though it had never been made.\u201d Pipkin v. Williams, 57 Ark. 242.\nThe interpretation given to the statute by the above and other decisions has become fixed, and cannot now be changed. The mortgage of appellee being a nullity, she had, at the time the company commenced its action to enforce its lien for price of materials furnished, no interest in the land, and it was unnecessary to make her a party to said action.\nThis action of the lumber company, as has been stated, progressed to trial and judgment; and, on the 14th day of February, tbe land was sold and purchased by the company in satisfaction of its judgment against Floyd. After this purchase by the company, the legislature, on the 13th of April, 1893, passed an act curing conveyances of homesteads defective by reason of the failure to comply with provisions of the statute above referred to; but this curative act could not affect vested rights. At the time this act was passed, the appellant company, by virtue of its judgment against Floyd and its purchase at the sale of the land under the execution issued thereon, had become vested with the right to receive a conveyance of the title to said land if not redeemed within one year. The sheriff offered and sold to said company that interest in the land, and it thus acquired a property right, which could not be affected by a subsequent act of the legislature. Barnitz v. Beverly, 163 U. S. 118; Bank of Harrison v. Gibson, 60 Ark. 269; Greenwood v. Butler, 52 Kas. 424; Cooley, Const. Limitations (6 Ed.), 465.\nThe only effect this curative act of 1893 had upon the rights of the parties to this action was to render the mortgage to appellee valid as to the interest in the land still held by Floyd at the time the act was passed,\u2014and, this was the right to redeem from the sale at which the company purchased within one year from the date thereof. But appellee failed to exercise that right within the time allowed. The year for redemption expired, the sheriff executed his deed conveying the land to the company, and it thus became the absolute owner, of the land.\nThe appellee is said to be a poor woman, not able even to pay for the printing of the brief of her counsel in this ease, and this fact would, if we were allowed any discretion in the matter, incline us to uphold the decree granting her the right to redeem; but, under the law as determined by previous decisions of this court, the property in controversy belongs now to the appellant company, and appellee has no right to redeem against its consent.\nThe judgment in her favor must therefore be reversed, and her action to redeem dismissed for want of equity.\nHughes, J., did not participate in the decision of this case.",
        "type": "majority",
        "author": "Riddick, J.,"
      }
    ],
    "attorneys": [
      "Bridges & Wooldridge, for appellants.",
      "Austin & Tmjlor, for appellee."
    ],
    "corrections": "",
    "head_matter": "Bluff City Lumber Company v. Bloom.\nOpinion delivered December 11, 1897.\nConveyance of Homestead\u2014Wife\u2019s Non-Joinder.\u2014A mortgage of a homestead in which the mortgagor\u2019s wife fails to join in the granting clause is void, under the act of March 18, 1887. (Following Piphm v. Williams, 57 Ark. 242. (Page 494.)\nCurative Act\u2014Effect upon Vested Rights.\u2014A executed to B a mortgage upon his homestead which was void for failure of A\u2019s wife to join in the granting clause. Subsequently a creditor of A enforced a mechanic\u2019s lien upon the land, and bought it in at the sale. Within a year after such sale, an act was passed curing conveyances of homesteads which were defective for such non-joinder of the wife. Held, that the only effect of the curative act was to render B\u2019s mortgage valid as to the interest still held by A, namely, the right to redeem from the sale within one year from the date thereof. (Page 494.) ,\nAppeal from Jefferson Chancery Court.\nJames F. Robinson, Chancellor.\nstatement by the court.\nIn 1892 James Floyd was the owner of a lot in Taylor\u2019s addition to the city of Pine Bluff. In that year he became indebted to the Bluff City Lumber Company for materials furnished him by said company towards the erection of a building upon said lot; and on the 14th day of May, 1892, said company duly filed its lien for the price of said materials, in manner as provided by statute. Afterwards, while said lien existed, Floyd mortgaged the lot to appellee, Bloomah J. Bloom, to secure payment of $300, borrowed money, which is still due and unpaid. At the time the lien for price of materials was filed, and at the time this mortgage was executed, the lot, with improvements thereon, was the homestead of Floyd. His wife, Esther Floyd, relinquished her right of dower in said land to the mortgagee, but did not join in the granting part of the deed. After this mortgage was executed and recorded, the Bluff City Lumber Company brought suit against Floyd, in the Jefferson circuit court, to enforce its lien for materials furnished, and recovered a judgment for the sum of $197.87, and condemning the property to be sold.\nThe lot was sold under an execution upon the judgment, and purchased by the company for the amount of its judgment and in satisfaction of the same. At the expiration of one year from the date of the sale, the land being unredeemed, the sheriff of Jefferson county executed and delivered a deed conveying the lot to said company. The appellee, Bloom, was not made a party to this action enforcing a lien for materials furnished. After the year for redemption had expired, she, in January, 1895, tendered to said company the full amount of the price paid by the company for the land at the sale under the execution, together with penalty, interest, and costs, which tender was refused. Shortly afterwards she brought this action in the Jefferson chancery court, asking to be allowed to redeem the land from the sale under the judgment aforesaid, and to foreclose her mortgage. Her right to redeem was denied and resisted by the appellant company. The chancellor held that, under the facts stated, she was entitled to redeem, and to enforce her mortgage against the land, and decreed accordingly.\nBridges & Wooldridge, for appellants.\nA mortgage of a homestead in which the wife of the grantor does not join in the granting clause is void, and the mortgagee is not a necessary party to a proceeding to foreclose a prior lien. 57 Ark. 242. An act of the legislature, passed after rendition of the decree of foreclosure, curing the defect in the mortgage above referred to, cannot do more than give the mortgagee the mortgagor\u2019s right to redeem in one year. 128 N. Y. 190; 52 Kas. 424; 15 Am. & Eng. Ene. Law, 9; 68 Cal. 262; 56 Ark. 217; 52 Kas. 424; 163 U. S. 118; 8 Wheat. 75; 54 Ark. 81.\nAustin & Tmjlor, for appellee.\nFloyd and wife waived their homestead rights in the property. They had this right. 55 Ark. 139. The judgment fore - closing the lien of appellants does not bind appellee, because she was not made a party. Sand. & H. Dig., \u00a7 4741; 33 Ark. 119; Pomeroy\u2019s Bq. Jur. \u00a7 1376. The act of 1893 cures the alleged defect in the mortgage. The delay in this case was not the fault of appellee, but of appellants."
  },
  "file_name": "0492-01",
  "first_page_order": 510,
  "last_page_order": 513
}
