{
  "id": 1907353,
  "name": "Beene v. Beene",
  "name_abbreviation": "Beene v. Beene",
  "decision_date": "1898-01-08",
  "docket_number": "",
  "first_page": "518",
  "last_page": "522",
  "citations": [
    {
      "type": "official",
      "cite": "64 Ark. 518"
    }
  ],
  "court": {
    "name_abbreviation": "Ark.",
    "id": 8808,
    "name": "Arkansas Supreme Court"
  },
  "jurisdiction": {
    "id": 34,
    "name_long": "Arkansas",
    "name": "Ark."
  },
  "cites_to": [
    {
      "cite": "37 Ark. 30",
      "category": "reporters:state",
      "reporter": "Ark.",
      "opinion_index": -1
    },
    {
      "cite": "38 Ark. 27",
      "category": "reporters:state",
      "reporter": "Ark.",
      "opinion_index": -1
    },
    {
      "cite": "32 Ark. 92",
      "category": "reporters:state",
      "reporter": "Ark.",
      "case_ids": [
        1877132
      ],
      "opinion_index": -1,
      "case_paths": [
        "/ark/32/0092-01"
      ]
    },
    {
      "cite": "57 Ark. 547",
      "category": "reporters:state",
      "reporter": "Ark.",
      "case_ids": [
        1324658
      ],
      "opinion_index": -1,
      "case_paths": [
        "/ark/57/0547-01"
      ]
    },
    {
      "cite": "38 Ark. 324",
      "category": "reporters:state",
      "reporter": "Ark.",
      "case_ids": [
        1900522
      ],
      "weight": 2,
      "opinion_index": -1,
      "case_paths": [
        "/ark/38/0324-01"
      ]
    },
    {
      "cite": "53 Ark. 484",
      "category": "reporters:state",
      "reporter": "Ark.",
      "case_ids": [
        1911644
      ],
      "opinion_index": -1,
      "case_paths": [
        "/ark/53/0484-01"
      ]
    },
    {
      "cite": "42 Ark. 495",
      "category": "reporters:state",
      "reporter": "Ark.",
      "case_ids": [
        8724779
      ],
      "weight": 2,
      "opinion_index": -1,
      "case_paths": [
        "/ark/42/0495-01"
      ]
    },
    {
      "cite": "55 Ala. 431",
      "category": "reporters:state",
      "reporter": "Ala.",
      "weight": 2,
      "opinion_index": -1
    },
    {
      "cite": "24 N. J. Eq. 137",
      "category": "reporters:state",
      "reporter": "N.J. Eq.",
      "case_ids": [
        531046
      ],
      "opinion_index": -1,
      "case_paths": [
        "/nj-eq/24/0137-01"
      ]
    },
    {
      "cite": "4 Johns. Ch. 187",
      "category": "reporters:state",
      "reporter": "Johns. Ch.",
      "case_ids": [
        1978857
      ],
      "opinion_index": -1,
      "case_paths": [
        "/johns-ch/4/0187-01"
      ]
    },
    {
      "cite": "14 Kas. 342",
      "category": "reporters:state",
      "reporter": "Kan.",
      "case_ids": [
        66912
      ],
      "weight": 2,
      "pin_cites": [
        {
          "page": "347"
        }
      ],
      "opinion_index": -1,
      "case_paths": [
        "/kan/14/0342-01"
      ]
    },
    {
      "cite": "15 Wash. 287",
      "category": "reporters:state",
      "reporter": "Wash.",
      "opinion_index": -1
    },
    {
      "cite": "14 Cal. 512",
      "category": "reporters:state",
      "reporter": "Cal.",
      "case_ids": [
        2238301
      ],
      "weight": 4,
      "opinion_index": -1,
      "case_paths": [
        "/cal/14/0512-01"
      ]
    },
    {
      "cite": "55 Ala. 428",
      "category": "reporters:state",
      "reporter": "Ala.",
      "case_ids": [
        8493014
      ],
      "weight": 2,
      "pin_cites": [
        {
          "page": "431"
        }
      ],
      "opinion_index": -1,
      "case_paths": [
        "/ala/55/0428-01"
      ]
    },
    {
      "cite": "54 Kas. 219",
      "category": "reporters:state",
      "reporter": "Kan.",
      "case_ids": [
        1204258
      ],
      "opinion_index": -1,
      "case_paths": [
        "/kan/54/0219-01"
      ]
    },
    {
      "cite": "103 Ind. 569",
      "category": "reporters:state",
      "reporter": "Ind.",
      "case_ids": [
        1362031
      ],
      "opinion_index": -1,
      "case_paths": [
        "/ind/103/0569-01"
      ]
    },
    {
      "cite": "64 Iowa, 71",
      "category": "reporters:state",
      "reporter": "Iowa",
      "case_ids": [
        4375139
      ],
      "opinion_index": -1,
      "case_paths": [
        "/iowa/64/0071-01"
      ]
    },
    {
      "cite": "69 Wis. 419",
      "category": "reporters:state",
      "reporter": "Wis.",
      "case_ids": [
        8705606
      ],
      "weight": 2,
      "opinion_index": -1,
      "case_paths": [
        "/wis/69/0419-01"
      ]
    },
    {
      "cite": "86 Tenn. 372",
      "category": "reporters:state",
      "reporter": "Tenn.",
      "case_ids": [
        8537911
      ],
      "opinion_index": -1,
      "case_paths": [
        "/tenn/86/0372-01"
      ]
    },
    {
      "cite": "63 Minn. 187",
      "category": "reporters:state",
      "reporter": "Minn.",
      "case_ids": [
        1659543
      ],
      "opinion_index": -1,
      "case_paths": [
        "/minn/63/0187-01"
      ]
    },
    {
      "cite": "50 Ark. 451",
      "category": "reporters:state",
      "reporter": "Ark.",
      "opinion_index": -1
    },
    {
      "cite": "26 Mo. 91",
      "category": "reporters:state",
      "reporter": "Mo.",
      "opinion_index": -1
    },
    {
      "cite": "32 N. J. Eq. 738",
      "category": "reporters:state",
      "reporter": "N.J. Eq.",
      "case_ids": [
        743348
      ],
      "pin_cites": [
        {
          "page": "743"
        }
      ],
      "opinion_index": -1,
      "case_paths": [
        "/nj-eq/32/0738-01"
      ]
    },
    {
      "cite": "89 Wis. 416",
      "category": "reporters:state",
      "reporter": "Wis.",
      "case_ids": [
        11282675
      ],
      "opinion_index": -1,
      "case_paths": [
        "/wis/89/0416-01"
      ]
    },
    {
      "cite": "41 Neb. 475",
      "category": "reporters:state",
      "reporter": "Neb.",
      "opinion_index": -1
    },
    {
      "cite": "104 Fed. 227",
      "category": "reporters:federal",
      "reporter": "F.",
      "opinion_index": -1
    },
    {
      "cite": "50 Ark. 351",
      "category": "reporters:state",
      "reporter": "Ark.",
      "case_ids": [
        8722751
      ],
      "weight": 2,
      "opinion_index": -1,
      "case_paths": [
        "/ark/50/0351-01"
      ]
    },
    {
      "cite": "37 Ark. 29",
      "category": "reporters:state",
      "reporter": "Ark.",
      "opinion_index": -1
    },
    {
      "cite": "47 N. E. 123",
      "category": "reporters:state_regional",
      "reporter": "N.E.",
      "opinion_index": -1
    },
    {
      "cite": "9 Ark. 507",
      "category": "reporters:state",
      "reporter": "Ark.",
      "case_ids": [
        8727605
      ],
      "weight": 2,
      "pin_cites": [
        {
          "page": "515"
        }
      ],
      "opinion_index": -1,
      "case_paths": [
        "/ark/9/0507-01"
      ]
    },
    {
      "cite": "2 Gray, 434",
      "category": "reporters:state",
      "reporter": "Gray",
      "case_ids": [
        1998173
      ],
      "weight": 2,
      "pin_cites": [
        {
          "page": "551"
        }
      ],
      "opinion_index": -1,
      "case_paths": [
        "/mass/68/0434-01"
      ]
    },
    {
      "cite": "140 Fed. 70",
      "category": "reporters:federal",
      "reporter": "F.",
      "case_ids": [
        1889587
      ],
      "opinion_index": -1,
      "case_paths": [
        "/f/140/0070-01"
      ]
    },
    {
      "cite": "101 Mich. 102",
      "category": "reporters:state",
      "reporter": "Mich.",
      "case_ids": [
        1521111
      ],
      "opinion_index": -1,
      "case_paths": [
        "/mich/101/0102-01"
      ]
    },
    {
      "cite": "10 Paige, Ch. 20",
      "category": "reporters:state",
      "reporter": "Paige Ch.",
      "case_ids": [
        482500,
        482428
      ],
      "weight": 3,
      "opinion_index": -1,
      "case_paths": [
        "/paige-ch/10/0020-02",
        "/paige-ch/10/0020-01"
      ]
    },
    {
      "cite": "48 Neb. 794",
      "category": "reporters:state",
      "reporter": "Neb.",
      "case_ids": [
        8550306
      ],
      "opinion_index": -1,
      "case_paths": [
        "/neb/48/0794-01"
      ]
    },
    {
      "cite": "27 Wis. 252",
      "category": "reporters:state",
      "reporter": "Wis.",
      "case_ids": [
        11284553
      ],
      "weight": 2,
      "opinion_index": -1,
      "case_paths": [
        "/wis/27/0252-01"
      ]
    },
    {
      "cite": "20 Ala. 629",
      "category": "reporters:state",
      "reporter": "Ala.",
      "case_ids": [
        8498894
      ],
      "opinion_index": -1,
      "case_paths": [
        "/ala/20/0629-01"
      ]
    },
    {
      "cite": "25 Yt. 678",
      "category": "reporters:state",
      "reporter": "Vt.",
      "case_ids": [
        737695
      ],
      "weight": 2,
      "opinion_index": -1,
      "case_paths": [
        "/vt/25/0678-01"
      ]
    },
    {
      "cite": "4 Barb. 217",
      "category": "reporters:state",
      "reporter": "Barb.",
      "case_ids": [
        5778445
      ],
      "opinion_index": -1,
      "case_paths": [
        "/barb/4/0217-01"
      ]
    }
  ],
  "analysis": {
    "cardinality": 586,
    "char_count": 9222,
    "ocr_confidence": 0.475,
    "pagerank": {
      "raw": 6.218720574715452e-07,
      "percentile": 0.95718476250932
    },
    "sha256": "fcfff471ecaf394bceae4518a2857aed12648562979a323ed29f0cf7ad045250",
    "simhash": "1:fe04253b7bd5fa55",
    "word_count": 1652
  },
  "last_updated": "2024-02-27T22:00:01.297871+00:00",
  "provenance": {
    "date_added": "2019-08-29",
    "source": "Harvard",
    "batch": "2018"
  },
  "casebody": {
    "judges": [],
    "parties": [
      "Beene v. Beene."
    ],
    "opinions": [
      {
        "text": "Bunn, C. J.\nThis is a bill by the wife against the husband for divorce, for alimony, and for the custody of the children.\nThe defendant filed his answer and cross-bill, and the prayer of plaintiff for divorce was granted. Alimony was allowed to the extent of one-third of the ascertained value of defendant\u2019s estate, after deducting his indebtedness; and, of the four children, the plaintiff was awarded the custody of the two girls, Lena A. Beene and Mary Grade Beene, aged at the time of the hearing, respectively, six years and one year; and the defendant was awarded the custody of the two boys, W. Ray Beene and Morgan Beene, aged at the time, respectively, eight and four years. And the court ordered that \u201cboth plaintiff and defendant should permit the other to visit and see the children, respectively awarded to them, at all reasonable times.\u201d And the cross-bill of defendant was dismissed.\nFrom this decree as to alimony, and the awarding the cus - tody of the two boys to defendant, the plaintiff appealed; and the defendant took a cross-appeal from the decree dismissing his cross-bill, and on the question of alimony, and awarding the custody of the two girls to the plaintiff. This cross-appeal was dismissed, on motion of appellee, before submission.\nThe evidence adduced in the case is certainly not very complimentary to either party in respect to their treatment of, and deportment toward, each other, showing an almost total absence of that love and affection which should characterize those sustaining the marital relation to each other; and yet there is little to aid \u00fcs in determining what has been, or what probably will be, the conduct of either in the treatment of their children. There is little from which we could infer any unusual presence or absence of parental love and affection for the children, on the part of either. The consequence is, the proper disposition of their children can only be determined from circumstances such as the physical condition and ability of the parents to care for their children, and the superior qualification for such duties which nature has conferred upon the one or the other.\nThe father (the defendant) is shown to be in most wretched physical health, and consequently laboring under the usual infirmity belonging to such state of health,\u2014irritability and impatience. The mother, on the other hand, appears to be the very opposite. The elder of the boys, now about nine years old, has probably arrived at that age when a father\u2019s peculiar charaeu\u00abi- of oversight and control may begin to be more necessary than the mother\u2019s, and for that reason we do not desire to disturb the directions of the chancellor as to him; but the younger of the boys, not yet five years old, it seems to us, is in special need, of a mother\u2019s care and control,\u2014that care and control which \u00bf father is ill suited by nature to exercise. We think the mother should have the present custody of this little boy; but, whatever orders are made in this regard, they should be expressly temporary in ther operation, and subject at all times to be revoked or modified, to the end that the care and control of the child may be under the strict supervision of the court.\nAs to the question of alimony, that is settled by statute. See section 2517, Sand. & H. Dig. The legislature seems to have enacted that statute for the purpose of putting an end to all after controversies as to dower rights, and to settle the matter when a divorce is granted dissolving the marital bonds. Hence the allowance to the divorced wife, who is entitled at all, is exactly or substantially the same as would be her dower interest in case of the death of her husband; that is to say, one-third for life of all the real estate of which he has been seized of an estate of inheritance at any time during the marriage, except such as she has relinquished in due form. The court therefore erred in decreeing her only one-third of the remainder of his estate after deducting the amount of his debts, and should have alloted her one-third the value of his personalty absolutely, without taking his indebtedness into consideration, and should have given her one-third of his realty for her natural life,, and ordered otherwise as the statute provides.\nFor these errors the decree is reversed, and the cause remanded, with directions to modify the decree appealed from as herein indicated.",
        "type": "majority",
        "author": "Bunn, C. J."
      }
    ],
    "attorneys": [
      "W. G. Rodgers, for appellant.",
      "J. D. Shaver and W. S. & Farrar L. McOain, for appellees."
    ],
    "corrections": "",
    "head_matter": "Beene v. Beene.\nOpinion delivered January 8, 1898.\nDivorce\u2014Custody of Children.\u2014In a suit for divorce the lower court awarded to the father the custody of two boys, aged eight and four years respectively; and to the mother the custody of two girls aged six and one years respectively. The evidence did not show that either parent was more affectionate toward the children than the other, but it was shown that the father was irritable and impatient, owing to ill-health. Held, on appeal, that the custody of the youngest son should be temporarily transferred to the mother, this order being subject to modification or revocation by the court at anytime. (Page 521.)\nSame\u2014Alimony.\u2014Under Sand. & H. Dig., ? 2517, providing th,at a wife granted a divorce against her husband \u201c shall be entitled to one-third of the husband\u2019s personal property absolutely, and one-third part of all the lands whereof her husband was seized of an estate of inheritance at any time during the marriage for her life, unless the same shall have been relinquished by her in legal form, \u201d it is error, where a wife is granted a divorce, to decree her as alimony one-third of the remainder of her husband\u2019s estate after deducting the amount of his debts. (Page 522.)\nAppeal from Pike Circuit Court iu Chancery\nWill P. Feazel, Judge.\nW. G. Rodgers, for appellant.\nThe wife\u2019s returning to the husband was not a condonement of his mistreatment of her. The forgiveness is conditional, and revives on the repetition of the treatment. 4 Barb. 217; 25 Yt. 678; 20 Ala. 629; 1 Hag. Ecc. 736; 27 Wis. 252; 48 Neb. 794; 10 Paige, Ch. 20; 4 Paige, 462; 20 111. App. 253; 101 Mich. 102. The wife is not held to be so strictly barred by condonement as is the husband. 140 Fed. 70; 1 Hag. Ecc. 735; \u00cd&.773; 2 Paige, Ch.108; 2 Gray, 434, 551; 1 Hag. Ecc. 789. The injured party need not wait for an absolute repetition of cruelty. 27 Wis. 252; 2 Gray, 434; 10 Paige, Ch. 20; 1 Hagg. Con. 439; 9 Ark. 507, 515; 83 Ya. 806; 1 Hagg. Con. 35. Subsequent acts of cruelty revive condoned cruelty. Such acts may even be such as do not, of themselves, entitle one to a divorce. 10 Paige, Ch. 20; 47 N. E. 123; 25 Yt. 678. The father is not entitled to the custody of the child, when his conduct is such as to forbid it. 37 Ark. 29; 35 W.Ya. 698; 50 Ark. 351; 104 Fed. 227; 41 Neb. 475; 89 Wis. 416. Courts will regard the welfare of the child. 32 N. J. Eq. 738, 743; 26 Mo. 91; 50 Ark. 451; 63 Minn. 187; 83 Ya. 306; 86 Tenn. 372; 69 Wis. 419; 64 Iowa, 71; 103 Ind. 569; 54 Kas. 219. The modern tendency is to award the custody of young children to the mother. 55 Ala. 428; 2 Bland, Oh. 544, 563; 14 Cal. 512; 15 Wash. 287; 14 Kas. 342. A divorce granted to wife for cruelty of husband prima facie gives her the care of the children. 4 Johns. Ch. 187; 24 N. J. Eq. 137; 14 Cal. 512; 55 Ala. 428, 431; 69 Wis. 419; 5 Binney (Pa.) 520; 2 Bland, Ch. 544, 563; 55 Ala. 431; 14 Cal. 512. The paramount right of the father is destroyed by divorce. 55 Ala. 431; 14 Cal. 512. When the father, by misconduct, forfeits his right to the custody of the children, he should be required to provide for their support. 42 Ark. 495; 2 Bland, Ch. 544, 581; 14 Kas. 342, 347. It was error to decree'that plaintiff was entitled to alimony only out of the property possessed by defendant after deducting his debts. Acts 1893, pp. 176, 177. She was entitled absolutely to one-third of the personalty, and to one-third of the realty for life. Ib.\nJ. D. Shaver and W. S. & Farrar L. McOain, for appellees.\nThe testimony shows that appellant was to blame equally with appellee, and hence she is not entitled to a decree. 53 Ark. 484; 9 Ark. 507; 38 Ark. 324. This being true, if plaintiff was entitled to any alimony, it cannot be contended that it is the full statutory amount. Since in cases of divorce there are often children to support, and the husband has to support them, it cannot be that the law intended to give the divorced wife one-third of the husband\u2019s property, regardless of his debts. The cross-appeal of defendant is jurisdictional (57 Ark. 547), and without it this court will not change the decree, except to reverse it entirely. If there was any error, it is in appellant\u2019s favor. The authority of chancery to control the custody of children is a common-law jurisdiction, and the statute is only cumulative. 32 Ark. 92; 38 Ark. 27. Nor is a proceeding for divorce a necessary condition precedent to the exercise of this jurisdiction. 38 Ark. 324. The chancery court makes such decree in this behalf as seems to it reasonable, independently of the divorce proceeding. Sand. & EL Dig., \u00a7 2514. The father is the natural guardian of the child, and is to be preferred to the mother in decreeing custody. 37 Ark. 30. The welfare of the child should be considered. 50 Ark. 351; 42 Ark. 495."
  },
  "file_name": "0518-01",
  "first_page_order": 536,
  "last_page_order": 540
}
