{
  "id": 1327699,
  "name": "Jones v. Hoard",
  "name_abbreviation": "Jones v. Hoard",
  "decision_date": "1894-04-14",
  "docket_number": "",
  "first_page": "42",
  "last_page": "47",
  "citations": [
    {
      "type": "official",
      "cite": "59 Ark. 42"
    }
  ],
  "court": {
    "name_abbreviation": "Ark.",
    "id": 8808,
    "name": "Arkansas Supreme Court"
  },
  "jurisdiction": {
    "id": 34,
    "name_long": "Arkansas",
    "name": "Ark."
  },
  "cites_to": [
    {
      "cite": "23 Ark. 9",
      "category": "reporters:state",
      "reporter": "Ark.",
      "case_ids": [
        1866031
      ],
      "opinion_index": -1,
      "case_paths": [
        "/ark/23/0009-01"
      ]
    },
    {
      "cite": "27 Ark. 108",
      "category": "reporters:state",
      "reporter": "Ark.",
      "case_ids": [
        1885720
      ],
      "opinion_index": -1,
      "case_paths": [
        "/ark/27/0108-01"
      ]
    },
    {
      "cite": "2 Wall. 219",
      "category": "reporters:scotus_early",
      "reporter": "Wall.",
      "case_ids": [
        8300047
      ],
      "opinion_index": -1,
      "case_paths": [
        "/us/69/0219-01"
      ]
    },
    {
      "cite": "1 How. 104",
      "category": "reporters:scotus_early",
      "reporter": "How.",
      "case_ids": [
        3325649
      ],
      "opinion_index": -1,
      "case_paths": [
        "/us/42/0104-01"
      ]
    },
    {
      "cite": "2 Penn. St. 191",
      "category": "reporters:state",
      "reporter": "Pa.",
      "case_ids": [
        951147
      ],
      "opinion_index": -1,
      "case_paths": [
        "/pa/2/0191-01"
      ]
    },
    {
      "cite": "18 Vt. 466",
      "category": "reporters:state",
      "reporter": "Vt.",
      "case_ids": [
        733682
      ],
      "opinion_index": -1,
      "case_paths": [
        "/vt/18/0466-01"
      ]
    },
    {
      "cite": "35 Ark. 225",
      "category": "reporters:state",
      "reporter": "Ark.",
      "case_ids": [
        1873834
      ],
      "opinion_index": -1,
      "case_paths": [
        "/ark/35/0225-01"
      ]
    },
    {
      "cite": "78 Ala. 111",
      "category": "reporters:state",
      "reporter": "Ala.",
      "case_ids": [
        5569940
      ],
      "opinion_index": -1,
      "case_paths": [
        "/ala/78/0111-01"
      ]
    },
    {
      "cite": "46 Ark. 174",
      "category": "reporters:state",
      "reporter": "Ark.",
      "opinion_index": -1
    },
    {
      "cite": "49 Ark. 429",
      "category": "reporters:state",
      "reporter": "Ark.",
      "opinion_index": -1
    },
    {
      "cite": "6 Ore. 193",
      "category": "reporters:state",
      "reporter": "Or.",
      "case_ids": [
        2296816
      ],
      "opinion_index": -1,
      "case_paths": [
        "/or/6/0193-01"
      ]
    },
    {
      "cite": "24 Wis. 496",
      "category": "reporters:state",
      "reporter": "Wis.",
      "case_ids": [
        8709385
      ],
      "opinion_index": -1,
      "case_paths": [
        "/wis/24/0496-01"
      ]
    },
    {
      "cite": "56 Iowa, 611",
      "category": "reporters:state",
      "reporter": "Iowa",
      "case_ids": [
        2314232
      ],
      "opinion_index": -1,
      "case_paths": [
        "/iowa/56/0611-01"
      ]
    },
    {
      "cite": "21 Ala. 252",
      "category": "reporters:state",
      "reporter": "Ala.",
      "case_ids": [
        8496763
      ],
      "opinion_index": -1,
      "case_paths": [
        "/ala/21/0252-01"
      ]
    },
    {
      "cite": "54 Wis. 311",
      "category": "reporters:state",
      "reporter": "Wis.",
      "case_ids": [
        11284150
      ],
      "opinion_index": -1,
      "case_paths": [
        "/wis/54/0311-01"
      ]
    },
    {
      "cite": "8 Cow. 71",
      "category": "reporters:state",
      "reporter": "Cow.",
      "case_ids": [
        2037422
      ],
      "opinion_index": 0,
      "case_paths": [
        "/cow/8/0070-01"
      ]
    }
  ],
  "analysis": {
    "cardinality": 491,
    "char_count": 8019,
    "ocr_confidence": 0.596,
    "pagerank": {
      "raw": 2.195309252673287e-07,
      "percentile": 0.7745019111152812
    },
    "sha256": "9480d720bd5510f5b9a0d3dbbba6ba1990edbd2a196d44cac14a8f4a124cf757",
    "simhash": "1:7bf4a1d9140b63ce",
    "word_count": 1453
  },
  "last_updated": "2024-02-27T17:45:42.297647+00:00",
  "provenance": {
    "date_added": "2019-08-29",
    "source": "Harvard",
    "batch": "2018"
  },
  "casebody": {
    "judges": [],
    "parties": [
      "Jones v. Hoard."
    ],
    "opinions": [
      {
        "text": "BatteE, J.\nThis action was brought in the Pulaski chancery court by Jackson Hoard against George E. Jones to cancel a lease by which Hoard demised to Jones a certain town lot in the city of Little Rock, for three years from the first day of May, 1888, at the annual rent of $24, payable quarterly ; and to restrain the lessee from erecting costly improvements on the demised premises.\nThe lease was executed in duplicate, and each party retained a counterpart. By the terms of it the lessee was permitted to build five fences and dig a well on the lot, and the lessor ag-reed that one-half of the rent should be appropriated to the payment of the expense of building the fences until it was paid in full. The lessor was to pay all taxes and assessments on the lot and improvements ; and at the end of the term was to pay for the improvements at their value at that time, or continue the lease at the same rate until he should pay for them.\nDuring the term of the lease, Jones, the lessee, erected two small frame houses on the lot, and was erecting a third, of brick, when this action was instituted.\nThe main contention in this action grows out of the-clause: \u201c The lessee is allowed to build three houses.\u2019\u2019' This clause appears in the counterpart of the lease which was retained by Jones, but is not in the one held by Hoard. As originally written, nothing was said in the lease about houses. Hoard insists that the clause was inserted after the execution of the lease, without his consent or knowledge, and Jones says it was inserted by him by permission of Hoard, and that the lease was. thereafter acknowledged before a justice of the peace by both parties.\nAs to the first two houses erected by Jones, there is no controversy. The parties agree that they were built by Jones under an agreement that Hoard would pay the value of the same to Jones when the possession of the lot. was delivered according to the terms of the lease, and that the lease should continue in force, at the annual rent of $24, until such payment should be made. As to-the third house, Hoard says that he protested against the erection of it at the time Jones commenced to build it, but Jones insists that plaintiff requested him to build a store-house, and, after he commenced to do so, objected to the kind of building he was putting up, but told him, \u201cif it wouldn\u2019t cost more than $500, to go ahead and build it.\u201d It appears, however, that it cost $1150 or more.\nAt the hearing both parties adduced evidence in support of their respective contentions. The appraisement of the buildings by persons selected by the parties, showing the value thereof to be $1550, was introduced and read as evidence. .\nThe court decreed that Hoax'd should pay to Jones the sum of $1550 for the three houses ; that Jones should surrender possession on the payment to him of that amount, and of the sum of $36.75 due him- for fenciug, less the sum of $14 due Hoard for rent of the lot from the first day of October, 1890, until May 1, 1891, the date of the expiration of the lease ; and that Jones pay to Hoard for the use of the lot the sum of ten dollars a month from the 1st of May, 1891, until the improvements are paid for, and pay all the taxes, present and future, and retain possession of the lot until the amounts due him under the decree are paid ; and that each party pay one-half of the costs. Both parties have appealed.\nAs to the alteration of the counterpart retained by Jones, it is sufficient to say, we find from the evidence that it was made by Jones, without the consent or knowledge of Hoard, after the execution of the lease. But this does not affect the rights of Jones under the contract actually made by the parties, for, the lease being executed in duplicate, there were two leases, and both were originals. Although the alteration of the lease held by Jones annulled that, the lease retained by Hoard was sufficient to sustain the contract of the parties. Lewis v. Payn, 8 Cow. 71; 1 Taylor on Landlord and Tenant (8th Bd.), sec. 165; 1 Wood on Landlord and Tenant (2nd Bd.), sec. 222 axxd notes.\nAs to the third house, which was in the course of construction when this action was brought, it being erected, as we find from the evidence, without the consent of Hoard, and against his protest, Jones is entitled to nothing; and as to the other houses he.is entitled to \u25a0the payment of a sum of money equal to their value at the time when he shall deliver the possession of them to Hoard; and he is entitled to hold the lot and improvements, he paying annually $24, as rent, until the first two houses and the fences built and well dug on the lot shall be fully paid for by Hoard.\nThe decree of the chancery court is, therefore, reversed, and the cause is remanded for proceedings consistent with this opinion.",
        "type": "majority",
        "author": "BatteE, J."
      }
    ],
    "attorneys": [
      "W. G. Whipple for appellant.",
      "Ratcliffe & Fletcher for appellee."
    ],
    "corrections": "",
    "head_matter": "Jones v. Hoard.\nOpinion delivered April 14, 1894.\n1. Contract executed in duplicate\u2014Alteration of copy.\nWhere a lease is executed in duplicate, the lessor retaining one copy and the lessee the other, a fraudulent alteration by the latter of the copy held by him will not annul the lease, as both copies are originals, and the contract can be proved by the copy retained by the lessor.\n2. Landlord and tenant\u2014Improvements.\nA tenant who has constructed a house on leased land without the consent and against the protest of the landlord is entitled to recover nothing therefor.\nAppeal from Pulaski Chancery Court.\nDavid W. Carrole, Chancellor.\nW. G. Whipple for appellant.\n1. The court erred in reforming the lease. Courts of equity cannot make contracts for parties\u2014they can only remodel them, where it is clear that the intention of the parties was different from that expressed in the writing. Courts will reform only for mistake, inadvertence or fraud. 20 Am. & Eng. Enc. Daw, p. 713 ; ib. p. 720; 54 Wis. 311; 5 Abb. (N. Y.), 246; 21 Ala. 252; 56 Iowa, 611 ; 1 Humph. (Tenn.), 431; 7 Paige (N. Y.), 137; 24 Wis. 496; 1 Pet. (U. S.), p. 1; 6 Ore. 193; 49 Ark. 429; Bisph. Eq. sec. 469; 46 Ark. 174-5; ib. 487.\n2. There is no misunderstanding or disagreement as to the rent.\n3. The evidence is against Hoard on the question that Jones fraudulently inserted the clause authorising him to build three houses in his copy of the lease. An alteration before delivery will not avoid. 1 Am. & Eng. Enc. Law, p. 503. When altered by consent, the law presumes a re-execution. 4 Johns. (N. Y.), 54. Interlineations, made before or concurrently by a party, do not affect the validity of a writing. 78 Ala. 111. Parties who consent to an alteration will not be permitted to withdraw it after obligations or rights have accrued under the instrument as altered. 35 Ark. 225.\nRatcliffe & Fletcher for appellee.\n1. The lease was evidently changed by Jones, with a design to injure and defraud, and the lease should be cancelled. He forfeits all rights under it. Wood, Land. & Ten. sec. 226; 18 Vt. 466; 2 Penn. St. 191; 8 Cow. (N. Y.), 71; Wharton, Ev. sec. 622, note 2, etc. A lease is invalidated by an unauthorized or fraudulent erasure, interlineation or alteration therein in any material respect. lb.\n2. The burden of proof as to the interlineations was upon Jones. Wood, Landlord & Ten. p. 345 and note; 1 How. 104; 2 Wall. 219; Tied. Real Prop. sec. 790; 27 Ark. 108 ; 1 Greenl. Ev. sec. 564.\n3. But if the lease was not altered, the stipulation as to building three houses, not being specific, must be construed by the surroundings at the time of its execution. Certainly ruinous, extravagant buildings, which Hoard, a poor man, could never pay for, were not contemplated, but only small, cheap frame cottages. 23 Ark. 9; 34 id. 253; 1 Gr. Ev. sec. 277 and note; Wood, Land. & T. 469. See also Gear, Land. & T. sec. 112, p. 364; Wood, Land. & T. p. 672 (2d ed.), 939 and note 6. The brick building was erected against Hoard\u2019s protest, and without his consent and against his persistent objections. He cannot be made to pay for it. The lease was unconscionable, and the court had poiver to reform it, but erred in its judgment."
  },
  "file_name": "0042-01",
  "first_page_order": 58,
  "last_page_order": 63
}
