{
  "id": 1327656,
  "name": "Crook v. State",
  "name_abbreviation": "Crook v. State",
  "decision_date": "1894-06-23",
  "docket_number": "",
  "first_page": "326",
  "last_page": "328",
  "citations": [
    {
      "type": "official",
      "cite": "59 Ark. 326"
    }
  ],
  "court": {
    "name_abbreviation": "Ark.",
    "id": 8808,
    "name": "Arkansas Supreme Court"
  },
  "jurisdiction": {
    "id": 34,
    "name_long": "Arkansas",
    "name": "Ark."
  },
  "cites_to": [
    {
      "cite": "33 Ark. 517",
      "category": "reporters:state",
      "reporter": "Ark.",
      "case_ids": [
        8724889
      ],
      "weight": 2,
      "opinion_index": -1,
      "case_paths": [
        "/ark/33/0517-01"
      ]
    },
    {
      "cite": "47 N. Y. 330",
      "category": "reporters:state",
      "reporter": "N.Y.",
      "case_ids": [
        509414
      ],
      "opinion_index": -1,
      "case_paths": [
        "/ny/47/0330-01"
      ]
    },
    {
      "cite": "10 Ark. 591",
      "category": "reporters:state",
      "reporter": "Ark.",
      "opinion_index": -1
    },
    {
      "cite": "33 Ark. 316",
      "category": "reporters:state",
      "reporter": "Ark.",
      "case_ids": [
        8723800
      ],
      "opinion_index": -1,
      "case_paths": [
        "/ark/33/0316-01"
      ]
    },
    {
      "cite": "10 Ark. 590",
      "category": "reporters:state",
      "reporter": "Ark.",
      "weight": 2,
      "opinion_index": -1
    },
    {
      "cite": "37 Ark. 370",
      "category": "reporters:state",
      "reporter": "Ark.",
      "case_ids": [
        1870994
      ],
      "opinion_index": 0,
      "case_paths": [
        "/ark/37/0370-01"
      ]
    },
    {
      "cite": "35 Ark. 395",
      "category": "reporters:state",
      "reporter": "Ark.",
      "case_ids": [
        1873828
      ],
      "opinion_index": 0,
      "case_paths": [
        "/ark/35/0395-01"
      ]
    },
    {
      "cite": "33 Ark. 517",
      "category": "reporters:state",
      "reporter": "Ark.",
      "case_ids": [
        8724889
      ],
      "opinion_index": 0,
      "case_paths": [
        "/ark/33/0517-01"
      ]
    }
  ],
  "analysis": {
    "cardinality": 312,
    "char_count": 3961,
    "ocr_confidence": 0.596,
    "pagerank": {
      "raw": 1.3378938137526446e-07,
      "percentile": 0.6304956389349341
    },
    "sha256": "7ebba88a50be4d41e818b6918855539008da9830bcf8ebfa4bfdb99957e6763f",
    "simhash": "1:8a97e1068f4a1df8",
    "word_count": 687
  },
  "last_updated": "2024-02-27T17:45:42.297647+00:00",
  "provenance": {
    "date_added": "2019-08-29",
    "source": "Harvard",
    "batch": "2018"
  },
  "casebody": {
    "judges": [],
    "parties": [
      "Crook v. State."
    ],
    "opinions": [
      {
        "text": "BATTLE, J.\nAppellant was charged with burglary and latxeny in one indictment. He demurred to the indictment, because he was accused of two offenses. His demurrer was overruled, and he was tried and convicted of both charges.\nThe only question in the case is, can larceny, when committed jointly with burglary, be charged by different counts in the same indictment ?\nSection 5 of article two in chapter 44 of the Revised Statutes is as follows : \u201c Por larceny committed jointly with burglary the offender shall be held to restitution, as in other cases of larceny, and the offender may be indicted for such offenses either separately or jointly in different counts of the same indictment.\u201d\nSection 125 of the Code of Practice in Criminal Cases, which was enacted subsequently to the Revised Statutes, provides: \u201cAn indictment, exceft in cases mentioned in the next section, must charge but one offense, but, if it may have been committed in different modes, and by different means, the indictment may allege the modes and means in the alternative.\u201d And section 126, the next section, says : \u201cThe offense named in each of the subdivisions of this section may be charged in one indictment:\nFirst. Larceny and knowingly receiving stolen property.\nSecond. Larceny and obtaining money or property on false pretense.\nThird. Larceny and embezzlement.\nFourth. Robbery and burglary.\nFifth. Robbery and an assault with intent to rob.\nSixth. Passing, or attempting to pass, counterfeit money or bank notes, knowing them to be such, and having in possession counterfeit money or bank notes, knowing them to be such, with the intention of circulating the same.\u201d\nThe effect of these two sections of the Code was the repeal of section five of article two in chapter forty-four of the Revised Statutes. But, notwithstanding this repeal, section five was brought forward and made section 1351 of Gantt\u2019s Digest; and this court has held, in Dodd v. State, 33 Ark. 517, Toliver v. State, 35 Ark. 395, and Watkins v. Siate, 37 Ark. 370, that \u201cburglary and grand larceny, if the one was connected with the other, might be charged in one indictment,\u201d and cited section 1351 of Gantt\u2019s Digest to sustain its decision. No mention is made in these cases of sections 125 and 126 of the Code. The court was doubtless misled by Gantt\u2019s Digest.\nThe cases of Dodd v. State, Tolliver v. State and Watkins v. State, so far as they are inconsistent with this opinion, are overruled.\nThe judgment of the circuit court is reversed, and the cause is remanded with instructions to the court to sustain the demurrer, and for proceedings consistent with this opinion.",
        "type": "majority",
        "author": "BATTLE, J."
      }
    ],
    "attorneys": [
      "F. T. Vaughan for appellant.",
      "James P. Clarke, Attorney General, and Charles T'.. Coleman for appellee."
    ],
    "corrections": "",
    "head_matter": "Crook v. State.\nOpinion delivered June 23, 1894.\nIndictment\u2014Joinder oj offenses.\nThe offenses of burglary aud larceny cannot be joined in one indictment, under Cr. Code, secs. 12S-6.\nAppeal from Pulaski Circuit Court.\nRobert J. Lea, Judge.\nF. T. Vaughan for appellant.\n'Sec. 1621, Mansf. Dig., is clearly repealed by Cr\u201e Code. See Mansf. Dig. secs. 2108-9. The legislature undertook to cover the whole ground, and all inconsistent statutes are repealed. 10 Ark. 590 ; 24 id. 479 27 id. 418; 30 id. 560; 31 id. 17; 33 id. 316; 41 id. 152; 47 id. 491; 48 id. 354; Endl. Int. Stat. sec. 182, note 6- and 4, also secs. 187-196, 199, note (c) and note A and C, also secs. 200-1-2-6-8, 216, and 241, etc.; Bish. St. Cr_ sec. 159; 33 Ark. 316 ; 57 id. 508.\nJames P. Clarke, Attorney General, and Charles T'.. Coleman for appellee.\n1. There are some exceptions to the rule laid down in 10 Ark. 591. Where the legislature did not intend a. repeal, it will not be so held. Smith\u2019s Com. sec. 788 r. 47 N. Y. 330.\n2. The judicial interpretation put upon a statute becomes part of it and should not be changed. Our court has held that the two offenses may be joined. 33 Ark. 517 ; 35 id. 395 ; 37 id. 370. Exfressio unius, etc., is too general and subject to too many exceptions to govern in the construction of criminal statutes. 7 La. An. 379."
  },
  "file_name": "0326-01",
  "first_page_order": 342,
  "last_page_order": 344
}
