{
  "id": 1327675,
  "name": "Eaton v. Sims",
  "name_abbreviation": "Eaton v. Sims",
  "decision_date": "1894-11-17",
  "docket_number": "",
  "first_page": "611",
  "last_page": "613",
  "citations": [
    {
      "type": "official",
      "cite": "59 Ark. 611"
    }
  ],
  "court": {
    "name_abbreviation": "Ark.",
    "id": 8808,
    "name": "Arkansas Supreme Court"
  },
  "jurisdiction": {
    "id": 34,
    "name_long": "Arkansas",
    "name": "Ark."
  },
  "cites_to": [
    {
      "cite": "127 N. Y. 631",
      "category": "reporters:state",
      "reporter": "N.Y.",
      "case_ids": [
        2239550
      ],
      "opinion_index": -1,
      "case_paths": [
        "/ny/127/0631-01"
      ]
    },
    {
      "cite": "10 N. Y. 309",
      "category": "reporters:state",
      "reporter": "N.Y.",
      "case_ids": [
        2013343
      ],
      "opinion_index": -1,
      "case_paths": [
        "/ny/10/0309-01"
      ]
    },
    {
      "cite": "6 Ark. 109",
      "category": "reporters:state",
      "reporter": "Ark.",
      "case_ids": [
        8726686
      ],
      "opinion_index": -1,
      "case_paths": [
        "/ark/6/0109-01"
      ]
    },
    {
      "cite": "5 Pa. St. 143",
      "category": "reporters:state",
      "reporter": "Pa.",
      "opinion_index": 0
    },
    {
      "cite": "63 Pa. St. 63",
      "category": "reporters:state",
      "reporter": "Pa.",
      "opinion_index": 0
    },
    {
      "cite": "6 Ark. 109",
      "category": "reporters:state",
      "reporter": "Ark.",
      "case_ids": [
        8726686
      ],
      "opinion_index": 0,
      "case_paths": [
        "/ark/6/0109-01"
      ]
    }
  ],
  "analysis": {
    "cardinality": 310,
    "char_count": 4167,
    "ocr_confidence": 0.586,
    "pagerank": {
      "raw": 5.991307135117226e-08,
      "percentile": 0.37236263581390266
    },
    "sha256": "1f681745420b0df37be4eb087f51585eca1e44ec1041372b4614103027419f2f",
    "simhash": "1:840f631bec6a794e",
    "word_count": 741
  },
  "last_updated": "2024-02-27T17:45:42.297647+00:00",
  "provenance": {
    "date_added": "2019-08-29",
    "source": "Harvard",
    "batch": "2018"
  },
  "casebody": {
    "judges": [
      "Hughes, J., dissents."
    ],
    "parties": [
      "Eaton v. Sims."
    ],
    "opinions": [
      {
        "text": "Wood, J.,\n(after stating the facts). The sole issue was the ownership of the property. Appellant offered to prove that Atherton, after the day of the alleged .sale and delivery, claimed the mule as his own, fixed a price upon her, and offered a number of times to sell her. This testimony was rejected, and the ruling of the court in that regard is the only question for our consideration.\nThe general rule that the declarations of the grantor cannot be admitted to impeach the title of the grantee is well understood, and has been recognized by this court in a number of cases. Gullett v. Lamberton, 6 Ark. 109; Brown v. Wright, 17 id. 9; Clinton v. Estes, 20 id. 216; Finn v. Hempstead, 24 id. 111; Smith v. Hamlet, 43 id. 321. But where there has been no change of possession, and the transfer is alleged or shown to be fraudulent, or where there is such doubt of the delivery of the property as would justify a jury in saying there was no completed sale, in such cases the after-declaration's of the vendor in possession are admissible. These are well settled exceptions to the general rule. See Bowden v. Spellman, ante, p. 251, and authorities there cited (where fraud was charged and shown). See also Pier v. Duff, 63 Pa. St. 63, where it is said : \u201cThe possession is a fact, and how it is held is a fact, and this may be shown on the same grounds upon which mere hearsay is permitted, when it forms a part of t-he res gestee.\u201d Helfrich v. Stern, 5 Pa. St. 143; 1 Greenleaf, Ev. sec. 109; 2 Whart. Ev. sec. 1166.\nThe testimony offered tended to characterize the transaction between appellee and Atherton. It was material to the issue. Its rejection was prejudicial to appellant, and for this error he is entitled to have the judgment reversed and cause remanded. So ordered.\nHughes, J., dissents.",
        "type": "majority",
        "author": "Wood, J.,"
      }
    ],
    "attorneys": [
      "J. H. Harrod and Geo. Sibley for appellant."
    ],
    "corrections": "",
    "head_matter": "Eaton v. Sims.\nOpinion delivered Nov. 17, 1894.\nEvidence\u2014Declarations of vendor.\nThe rule that the declarations of a vendor, made after the sale, are inadmissible to impeach his vendee\u2019s title is subject to the exception that such evidence is admissible where there has been no change of possession, and there is such doubt as to the delivery of the property as would justify a jury in finding that there was no completed sale.\nAppeal from Prairie Circuit Court, Southern District.\nGrant Green, Jr., Judge.\nSTATEMENT BY THE COURT.\nAppellee brought replevin for a mule, under the following claim of title: \u201cThis is to certify that I have this day sold my Fanny mare\u2019s mule colt for thirty-three dollars, to be delivered on the 10th day of September, 1890, all right and in good order ; provided, I fail to pay \\a certain note given by me for thirty-three dollars, dated March 14, 1890\u201d (signed) \u201cC. R. Atherton.\u201d Appellee testified that, on the 10th of September, 1890, Atherton eame to appellee\u2019s house riding the mare, the colt following, and, as he rode up, said: \u201cHere is the mule. I will have to let you have her. I cannot raise the money to redeem her.\u201d Whereupon he told Atherton to keep the mule until he called for her, and that he would pay him for keeping her. The mule colt remained in the possession of Atherton until she was taken by Haton, the appellant. After the mule was taken, appellee and Atherton had a settlement, and in the settlement appellee allowed Atherton twenty-five dollars for keeping the mule. There was no change in the actual possession of the mule, and the proof does' not show that the note for thirty-three dollars was ever surrendered.\nAppellant had taken possession of the mule, claiming same by virtue of a mortgage executed by Atherton. Atherton had sent appellant word to come and take the property mentioned in the mortgage, and appellant took possession of the mule without objection from Atherton. Appellant, however, was informed by Atherton at the time that Sims claimed the mule, and had told him to tell appellant not to take her.\nJ. H. Harrod and Geo. Sibley for appellant.\nThe rule laid down in 6 Ark. 109, 17 id. 9, and 43 id. 321, is subject to this exception, that when the vendor retains possession of the property, his acts and declarations are admissible. 3 Carr. & Payne, 395; 10 N. Y. 309; 127 N. Y. 631."
  },
  "file_name": "0611-01",
  "first_page_order": 627,
  "last_page_order": 629
}
