{
  "id": 1894548,
  "name": "Stephens v. Shannon",
  "name_abbreviation": "Stephens v. Shannon",
  "decision_date": "1884-11",
  "docket_number": "",
  "first_page": "464",
  "last_page": "468",
  "citations": [
    {
      "type": "official",
      "cite": "43 Ark. 464"
    }
  ],
  "court": {
    "name_abbreviation": "Ark.",
    "id": 8808,
    "name": "Arkansas Supreme Court"
  },
  "jurisdiction": {
    "id": 34,
    "name_long": "Arkansas",
    "name": "Ark."
  },
  "cites_to": [
    {
      "cite": "34 Ark., 312",
      "category": "reporters:state",
      "reporter": "Ark.",
      "case_ids": [
        1875622
      ],
      "weight": 2,
      "opinion_index": -1,
      "case_paths": [
        "/ark/34/0312-01"
      ]
    },
    {
      "cite": "35 Ark., 100",
      "category": "reporters:state",
      "reporter": "Ark.",
      "case_ids": [
        1873799
      ],
      "weight": 2,
      "opinion_index": -1,
      "case_paths": [
        "/ark/35/0100-01"
      ]
    },
    {
      "cite": "35 Ark., 483",
      "category": "reporters:state",
      "reporter": "Ark.",
      "case_ids": [
        1873888
      ],
      "opinion_index": -1,
      "case_paths": [
        "/ark/35/0483-01"
      ]
    },
    {
      "cite": "34 Ark., 534",
      "category": "reporters:state",
      "reporter": "Ark.",
      "case_ids": [
        1875674
      ],
      "weight": 2,
      "opinion_index": -1,
      "case_paths": [
        "/ark/34/0534-01"
      ]
    },
    {
      "cite": "32 Ark., 410",
      "category": "reporters:state",
      "reporter": "Ark.",
      "case_ids": [
        1877147
      ],
      "opinion_index": 0,
      "case_paths": [
        "/ark/32/0410-01"
      ]
    },
    {
      "cite": "32 Tex., 231",
      "category": "reporters:state",
      "reporter": "Tex.",
      "case_ids": [
        2143273
      ],
      "opinion_index": 0,
      "case_paths": [
        "/tex/32/0231-01"
      ]
    },
    {
      "cite": "18 Cal., 482",
      "category": "reporters:state",
      "reporter": "Cal.",
      "case_ids": [
        2300959
      ],
      "weight": 2,
      "pin_cites": [
        {
          "page": "495"
        }
      ],
      "opinion_index": 0,
      "case_paths": [
        "/cal/18/0482-01"
      ]
    },
    {
      "cite": "34 Iowa, 380",
      "category": "reporters:state",
      "reporter": "Iowa",
      "case_ids": [
        110975
      ],
      "opinion_index": 0,
      "case_paths": [
        "/iowa/34/0380-01"
      ]
    },
    {
      "cite": "26 Am. Rep,, 765",
      "category": "reporters:state_regional",
      "reporter": "Am. Rep.",
      "opinion_index": 0
    },
    {
      "cite": "18 Kans., 104",
      "category": "reporters:state",
      "reporter": "Kan.",
      "case_ids": [
        48324
      ],
      "opinion_index": 0,
      "case_paths": [
        "/kan/18/0104-01"
      ]
    },
    {
      "cite": "108 U. S., 143",
      "category": "reporters:federal",
      "reporter": "U.S.",
      "case_ids": [
        3503408
      ],
      "opinion_index": 0,
      "case_paths": [
        "/us/108/0143-01"
      ]
    },
    {
      "cite": "60 Ala., 281",
      "category": "reporters:state",
      "reporter": "Ala.",
      "case_ids": [
        5613588
      ],
      "opinion_index": 0,
      "case_paths": [
        "/ala/60/0281-01"
      ]
    },
    {
      "cite": "31 Am. Rep., 41",
      "category": "reporters:state_regional",
      "reporter": "Am. Rep.",
      "opinion_index": 0
    },
    {
      "cite": "27 Miss., 772",
      "category": "reporters:state",
      "reporter": "Miss.",
      "case_ids": [
        1659001
      ],
      "opinion_index": 0,
      "case_paths": [
        "/miss/27/0772-01"
      ]
    },
    {
      "cite": "15 N. Y., 505",
      "category": "reporters:state",
      "reporter": "N.Y.",
      "case_ids": [
        2018070
      ],
      "opinion_index": 0,
      "case_paths": [
        "/ny/15/0505-01"
      ]
    },
    {
      "cite": "28 Ark., 267",
      "category": "reporters:state",
      "reporter": "Ark.",
      "case_ids": [
        1884372
      ],
      "opinion_index": 0,
      "case_paths": [
        "/ark/28/0267-01"
      ]
    },
    {
      "cite": "29 Ark., 650",
      "category": "reporters:state",
      "reporter": "Ark.",
      "case_ids": [
        1882904
      ],
      "opinion_index": 0,
      "case_paths": [
        "/ark/29/0650-01"
      ]
    },
    {
      "cite": "18 Ark., 142",
      "category": "reporters:state",
      "reporter": "Ark.",
      "case_ids": [
        8725467
      ],
      "weight": 2,
      "pin_cites": [
        {
          "page": "292"
        }
      ],
      "opinion_index": 0,
      "case_paths": [
        "/ark/18/0142-01"
      ]
    }
  ],
  "analysis": {
    "cardinality": 516,
    "char_count": 7924,
    "ocr_confidence": 0.483,
    "pagerank": {
      "raw": 6.309872261506587e-07,
      "percentile": 0.9583417797717164
    },
    "sha256": "71b37ccbe86d2be5faa01017c1cd3eb34fe5ed3aaa44d96dff6667d2af63c26d",
    "simhash": "1:2ec65a37f280dd8d",
    "word_count": 1397
  },
  "last_updated": "2024-02-27T17:37:53.305059+00:00",
  "provenance": {
    "date_added": "2019-08-29",
    "source": "Harvard",
    "batch": "2018"
  },
  "casebody": {
    "judges": [],
    "parties": [
      "Stephens v. Shannon."
    ],
    "opinions": [
      {
        "text": "Smith, J.\nShannon, on the first of January, 1870, sold and conveyed to Winfrey three hundred and twenty acres ot land in Arkansas county for $5,000, of which $4,000 'were paid, and for the remainder Winfrey made his promissory note under seal, payable on the first of April, 1870, and secured by a lieu reserved on the face of his deed. Several payments were made on this note, the last being on the 6th of November, 1871. Winfrey afterward, sold and conveyed the land to Ivey, and Ivey on the 20th of January, 1872, sold and conveyed one hundred and sixty acres of it to Stephens.\nShannon, on the 23d day of May, 1881, filed his bill against Winirey,Tvey and Stephens, to subject the land to the payment of the balance due on the note.\nWe need not notice the proceedings relating to other defendants, as they have not appealed. But Stephens\u2019 defence was that all remedy against the land in his hands was barred by the statute of limitations, he having held possession under a deed for more than seven years without any recognition of the alleged lien.\nThe decree was for the plaintiff.\nA vendor of land, who has parted with the legal title, has, nevertheless, in equity, a lien for the purchase money against the vendee and his privies, including subsequent purchasers with notice. Shall. v. Biscoe, 18 Ark., 142; Chapman v. Liggett, 41 Id., 292, and cases therein cited.\nThe deed of Shannon, which' contains the reservation the lien, was not placed on record. But Stephens was affected with notice of all recitals in the title-deeds of his vendor, whether they were of record or not. Stidham v. Matthews, 29 Ark., 650; Stephens v. Anthony, 37 Id., 571.\nThis equitable lien of the vendor is not, however, an estate in the land itself, but is a charge, or right which has inception only on bill filed. Bispham\u2019s Principles of Eq., 3rd Ed., Sec. 854; Gillmore v. Brown, 1 Mason, 191.\nFrom the fact that it is a mere remedy or security, and not a right of property, it results that the lien cannot be enforced after the bar of the statute of limitations has attached to the debt. Linthicum v. Tapscott, 28 Ark., 267; Waddell v. Carlock, 41 Id., 523; Boust v. Covey, 15 N. Y., 505; Trotter v. Erwin, 27 Miss., 772.\nWe are aware that a different view has been taken by the courts of Maryland and Alabama. See the cases collected in a note in 31 Am. Rep., 41 to the case of Bizzell v. Nix, 60 Ala., 281. But this seems to be a mistake. For, undoubtedly, the debtis in such cases the principal thing and the lien an incident; and the accessary necessarily falls along with its principal.\nThat the barring of the debt bars also a foreclosure of the mortgage intended to secure it, is a logical sequence in those states where a mortgage is regarded merely as a pledge, the title remaining in the mortgagor until foreclosure, and the rights and remedies of the mortgagee being equally equitable. Ewell v. Daggs, 108 U. S., 143; Schmucker v. Sibert, 18 Kans., 104; S. C., 26 Am. Rep,, 765; Day v. Baldwin, 34 Iowa, 380; Lord v. Morris, 18 Cal., 482; McCarthy v. White, 21 Id., 495; Eborn v. Cannon\u2019s Ad., 32 Tex., 231.\nThe solution of this controversy then, depends not on the length of -time that Stephens has had adverse possession; for, Shannon having no right to the possession, nor any interest in the land, the character of that possession becomes unimportant; but it depends on the fact whether the note was barred at the institution of the suit.\nThe instrument having been executed while the constitution & \u00b0f 1868, which abolished private seals, was in force, the gcrojj ag}xecj to the maker\u2019s name added nothing to its dignity, and did not raise its grade. And no payment having been made later than November 6th, 1871, the bar would have become complete on November 5th, 1876, had that constitution remained in force. But in 1874, another constitution was adopted. And section 1, of the schedule to it, contains this extraordinary provision : \u201cUntil otherwise provided by law, no distinction shall exist between sealed and unsealed instruments, concerning contracts between individuals, executed since the adoption of the constitution of 1868. Provided that the statutes of limitation concerning sealed and unsealed contracts in force at the time, continue to apply to all instruments afterwards executed, until altered or repealed.\u201d\nIn Dyer v. Gill, 32 Ark., 410, it was decided that the Constitutional Conventiou had- the power, and it was their intention to restore the limitation of ten years to actions upon writings obligatory executed after the adoption of the constitution of 1878, leaving it to the Legislature to alter or repeal the provision. The Legislature has never taken any action in the matter, so far as we are advised : and the case above quoted governs this. The suit was not barred and the decree below is affirmed.",
        "type": "majority",
        "author": "Smith, J."
      }
    ],
    "attorneys": [
      "Gibson <P Primell, for appellant.",
      "E. L. Johnson and Robert P. Holt, contra."
    ],
    "corrections": "",
    "head_matter": "Stephens v. Shannon.\n1. VENDOR and Vendee: Lien for furcha.se money \u2014 Notice to subvendee.\nA vendor of land who has parted with the legal title, has, in equity, a lien on the land for the unpaid purchase money, as against the vendee and his privies, including subsequent purchasers with notice; and a subsequent purchaser is affected with notice of all recitals in the title deeds of his vendor, whether recorded or not. ^\n2. Vendor\u2019s Lien: Its nature and inception.\nA vendor\u2019s lien upon land is not an estate in the land, but is a charge or right which has its inception only on bill filed.\n3. Statute oe Limitations: On vendor's lien.\nThe statute bar to the enforcement of a vendor\u2019s equitable lien, depends, not upon the length of time of adverse possession of the land, but on the fact whether the debt is barred at the institution of the suit: after that it cannot be enforced.\n4 Staute of Limitations: On sealed instruments.\nThe statute of limitations of ten years applies to sealed instruments concerning contracts between individuals executed while the constitution of 1868 was in force.\nAPPEAL from Arkansas Circuit Court in Chancery.\nHon. R. PI. Crockett, Special^Judge.\nGibson <P Primell, for appellant.\nThe appellant was an innocent purchaser for value without .notice; he went into possession at once, occupied and cultivated the land all the time from the date of his purchase to the commencement of the suit, more than eight years, and the statutes of limitations, which he pleads, was a good defence. Gantt\u2019s Digest, See. 4113; 34 Ark., 534; 38 Id., 181 \u2014 193. The deed from Shannon to Winfrey was not on record. The appellant stated that he had no knowledge of any lien, and there is no evidence to show that he had any such knowledge.\nE. L. Johnson and Robert P. Holt, contra.\n1. Argue from the testimony that there was collusion in the matter of the alleged deed from Ivey to appellant concocted and schemed at and before the time the same was acknowledged, to defeat the suit of Drake v. Ivey & Ferguson, and Shannon, and that the fraud vitiated the sale from Fry to Stephens, and operates as a complete estoppel of the plea of limitation of seven years adverse possession, &c. 3 Greenl. Bo., Sec. 254; 35 Ark., 483; 34 Id., 63; 32 Id., 251; 3 Wash. R. P.,p. 147, Seo. 30.\n2. Appellant was bound to take notice of what title his vendor and his vendor\u2019s vendor had. The lien was reserved in the face of the deed, and had the effect of a mortgage, and it matters not whether the deed was recorded or not: the purchase money had not been paid and the lien existed. Appellee stands in no better attitude than Ivey, who was not an innocent purchaser. The answer fails to set up statements sufficient to avail in his plea of seven years adverse, continuous and uninterrupted possession. 35 Ark., 100; 31 Id., 85 ; 37 Id., 571; 29 Id., 568.\nSeven years is not the period of limitation between a mortgagor and his mortgagee or his vendee. 34 Ark., 312. This is an action in rem and seven years limitation is no defence. 3 Wash, on Seal JEst., p. 147, Seo. 30; 34 Ark., 312."
  },
  "file_name": "0464-01",
  "first_page_order": 488,
  "last_page_order": 492
}
