{
  "id": 8728481,
  "name": "Carter, Ex'r of Ellis, vs. Menifee",
  "name_abbreviation": "Carter v. Menifee",
  "decision_date": "1842-01",
  "docket_number": "",
  "first_page": "152",
  "last_page": "153",
  "citations": [
    {
      "type": "official",
      "cite": "4 Ark. 152"
    }
  ],
  "court": {
    "name_abbreviation": "Ark.",
    "id": 8808,
    "name": "Arkansas Supreme Court"
  },
  "jurisdiction": {
    "id": 34,
    "name_long": "Arkansas",
    "name": "Ark."
  },
  "cites_to": [],
  "analysis": {
    "cardinality": 186,
    "char_count": 2764,
    "ocr_confidence": 0.557,
    "pagerank": {
      "raw": 9.505882454708161e-08,
      "percentile": 0.5231841701967953
    },
    "sha256": "540a0c71f16291e3e550611e635896b0510fc6929407ecb202be0bbec9b42e80",
    "simhash": "1:98f7f0e064a2bf19",
    "word_count": 473
  },
  "last_updated": "2023-07-14T19:55:34.553089+00:00",
  "provenance": {
    "date_added": "2019-08-29",
    "source": "Harvard",
    "batch": "2018"
  },
  "casebody": {
    "judges": [],
    "parties": [
      "Carter, Ex\u2019r of Ellis, vs. Menifee."
    ],
    "opinions": [
      {
        "text": "By the Court,\nRingo, C. J.\nWe are at a loss to conceive upon what ground the demurrer was sustained; because, not only the letters testamentary, granted and issued, in proper form, to the plaintiff, by the clerk of the Probate Court of the county of Perry, in this State, but also a duly authenticated transcript of the will of the testatrix, was given and filed on oyer, and the fornier set out in the demurrer of the defendant; thus making the letters, if not the copy of the will, parcel of the plaintiff\u2019s pleading, and showing in him a legal right to maintain the action. The letters thus shown were duly authenticated, and appear to have been granted by competent authority; and they contain intrinsic evidence that the will had been proven and admitted to record in the county of Perry. These facts show in the plaintiffs a legal right to the debt mentioned in the declaration, which cannot be impeached without showing a legal revocation of the letters testamentary granted to him, or such facts as are sufficient in law to prove that the original grant thereof was void. No such thing was ever attempted to be shown, and therefore we entertain no doubt that the Court erred in sustaining the demurrer to the declaration.\nJudgment reversed.",
        "type": "majority",
        "author": "Ringo, C. J."
      }
    ],
    "attorneys": [
      "Ashley & Watkins, for the plaintiff."
    ],
    "corrections": "",
    "head_matter": "Carter, Ex\u2019r of Ellis, vs. Menifee.\nWhere oyer is craved of the letters testamentary of an executor, who sues, if he exhibits-letters, granted by the clerk of probate, in vacation, and duly authenticated, the plaintiffs legal right to the debt sued for cannot be impeached, without showing a legal revocation of the letters, or such facts as are sufficient to prove that the grant of them was void.\nDebt, determined in Conway Circuit Court, in October, A. D. 1841, before the Hon. Richard C. S. Brown, one of the Circuit Judges. William Carter, as executor of the last will of Jane Ellis,, .sued Nimrod Menifee.\nThe declaration was in every respect sufficient, and contained a profert of the letters testamentary, granted to the plaintiff as executor of the last will and testament of Jane Ellis, deceased. The defendant appeared, and prayed oyer of the letters testamentary, which being granted by filing them with a copy of the will, he demurred to the declaration, and set forth specially, as causes of demurrer, 1st, that, by the plaintiff\u2019s own showing, he had no right to maintain this action; 2d, by the showing of the plaintiff, the last will and testament of Jane Ellis had never been duly proven, and probate thereof taken; and, 3d, the letters testamentary were altogether insufficient, in law, to authorize the plaintiff to maintain his action. The plaintiff joined in the demurrer, and the Court sustained it, and entered up a final judgment against the plaintiff.\nAshley & Watkins, for the plaintiff."
  },
  "file_name": "0152-01",
  "first_page_order": 152,
  "last_page_order": 153
}
