{
  "id": 8728865,
  "name": "Ringgold and Others vs. Randolph",
  "name_abbreviation": "Ringgold v. Randolph",
  "decision_date": "1842-07",
  "docket_number": "",
  "first_page": "428",
  "last_page": "429",
  "citations": [
    {
      "type": "official",
      "cite": "4 Ark. 428"
    }
  ],
  "court": {
    "name_abbreviation": "Ark.",
    "id": 8808,
    "name": "Arkansas Supreme Court"
  },
  "jurisdiction": {
    "id": 34,
    "name_long": "Arkansas",
    "name": "Ark."
  },
  "cites_to": [],
  "analysis": {
    "cardinality": 166,
    "char_count": 2118,
    "ocr_confidence": 0.467,
    "pagerank": {
      "raw": 2.682778466256318e-07,
      "percentile": 0.826813455147385
    },
    "sha256": "7d0b35b73c8b0aac92a283f1c727b78f96511ab15655ecd613e575261ebd2f61",
    "simhash": "1:c6ef64ec318ca1d8",
    "word_count": 378
  },
  "last_updated": "2023-07-14T19:55:34.553089+00:00",
  "provenance": {
    "date_added": "2019-08-29",
    "source": "Harvard",
    "batch": "2018"
  },
  "casebody": {
    "judges": [],
    "parties": [
      "Ringgold and Others vs. Randolph."
    ],
    "opinions": [
      {
        "text": "By the Court,\nRingo, C. J.\nThe return, as to Owens, is manifestly defective, in not showing, as required by the statute, that the writ was executed upon the defendant, Owens, in any manner prescribed by law. When such process is executed otherwise than by reading the writ to the defendant, the officer must deliver him a copy thereof, or leave \u201c a copy thereof at his usual place of abode, with some white person of the family, over fifteen years of age;\u201d and in making out his return, the officer is required to \u201c set out how, and in what manner, he executed the same.\u201d Rev. Stat., Chap. 116, sec. 13, 20. The return before us omits to state, that the copy of the writ, left for the defendant, at his usual place of abode, was left with a white person of the family \u201c over fifteen years of age,\u201d as required by law, and therefore, said defendant was under no legal obligation to appear and answer the action, and was not legally in default in failing to do so. Consequent^, the Court erred in giving judgment against him by default.\nJudgment reversed, and case remanded. Case to proceed as if Owens had been served with process.",
        "type": "majority",
        "author": "Ringo, C. J."
      }
    ],
    "attorneys": [],
    "corrections": "",
    "head_matter": "Ringgold and Others vs. Randolph.\nWhere a summons is served by leaving a e.opy with a member of the family of the defendant, the return must show that such member of the family was vihite, and over fifteen years of age. If it does not. judgment by default is erroneous.\nThis was an action of assumpsit, determined in the Pulaski Circuit-Court, in March, 1841, before the Mon. John J. Clendenin, one of the Circuit Judges. Randolph sued Ringgold, Owens, Palmer, and McFarland, without any allegation in the declaration as to their respective places of residence, and issued writs to three several counties, each against all of the defendants. McFarland was not served. The return, as to Owens, was u executed on the 8th day of February, 1841, by delivering a true copy of the within, to a white member of the family of the within named Elisha Owens, at the usual place of abode of the said Owens, in Conway county.\u201d Discontinued as to McFarland, and judgment by default as to the others."
  },
  "file_name": "0428-01",
  "first_page_order": 428,
  "last_page_order": 429
}
