{
  "id": 8728919,
  "name": "Blevins vs. Blevins",
  "name_abbreviation": "Blevins v. Blevins",
  "decision_date": "1842-07",
  "docket_number": "",
  "first_page": "441",
  "last_page": "442",
  "citations": [
    {
      "type": "official",
      "cite": "4 Ark. 441"
    }
  ],
  "court": {
    "name_abbreviation": "Ark.",
    "id": 8808,
    "name": "Arkansas Supreme Court"
  },
  "jurisdiction": {
    "id": 34,
    "name_long": "Arkansas",
    "name": "Ark."
  },
  "cites_to": [
    {
      "cite": "4 Bibb, 252",
      "category": "reporters:state",
      "reporter": "Bibb",
      "case_ids": [
        6402745,
        6402575
      ],
      "opinion_index": -1,
      "case_paths": [
        "/ky/7/0252-02",
        "/ky/7/0252-01"
      ]
    },
    {
      "cite": "1 Bibb, 352",
      "category": "reporters:state",
      "reporter": "Bibb",
      "case_ids": [
        6685933
      ],
      "opinion_index": -1,
      "case_paths": [
        "/ky/4/0352-01"
      ]
    }
  ],
  "analysis": {
    "cardinality": 218,
    "char_count": 3419,
    "ocr_confidence": 0.52,
    "pagerank": {
      "raw": 3.1868067485450314e-07,
      "percentile": 0.8648898063168934
    },
    "sha256": "14a9d5d99e700f1e8a46a17d0145b0b358c1c2f4ce8911ee529f453291470791",
    "simhash": "1:a96668a31d28d620",
    "word_count": 611
  },
  "last_updated": "2024-02-27T21:24:25.647823+00:00",
  "provenance": {
    "date_added": "2019-08-29",
    "source": "Harvard",
    "batch": "2018"
  },
  "casebody": {
    "judges": [],
    "parties": [
      "Blevins vs. Blevins."
    ],
    "opinions": [
      {
        "text": "By the Court,\nDickinson, J.\nIt has been ruled, in this Court, that petition and summons will only lie for the direct payment of money. This is certainly not a note of that character.' The whole of the agreement must be taken and construed together, for it is one entire contract. It is simply an acknowledgment of a debt due, to be paid out of a particular fund, placed in the hands of the creditor for that purpose. The legal definition of a note is, \u201c the agreement for the direct payment of money.\u201d \u201c The payment,\u201d says Chitty on Bills, at page 152, \u201c must be absolute, and not contingent, either as to the amount, credit, fund, or person.\u201d The principle here stated decides the point before this Court. The fund being contingent, out of which the debt was to be paid, the plaintiff had no right of recovery, unless he averred and showed that the fund had failed, or was inadequate to the payment. The demurrer to the declaration was, therefore, improperly overruled; and, for this reason, the judgment .must be reversed, with costs.",
        "type": "majority",
        "author": "Dickinson, J."
      }
    ],
    "attorneys": [
      "Trimble, for the plaintiff, in error."
    ],
    "corrections": "",
    "head_matter": "Blevins vs. Blevins.\nThe action by petition and summons will only lie on instruments for the direct pay. ment of money.\nIt will not lie on an instrument acknowledging a debt to be due, and stating that it is to be paid out of the proceeds of a particular security, placed in the hands of the creditor.\nA note must be for the direct payment of money. The payment must be absolute, and not contingent, either as to the amount, credit, fund, or person.\nThis was a petition in debt, determined in the Hempstead Circuit Court, in April, 1842, before the Hon. William Conway B., one of the Circuit Judges. Hugh A. Blevins sued on the following instrument of writing:\n\u201c Due H. A. Bl\u00e9vins, five hundred and twelve dollars. I have left with him one note on Johnson, for five hundred dollars; one on Gib-bins, for two hundred dollars. He is to collect and pay himself, and pay Blackburn fifty dollars, and settle with Trapnall.\nDillon Blevins.\u201d\nD. Blevins appeared, and filed his demurrer to the petition, in which he set out his causes of demurrer. The Court overruled the ' demurrer, and rendered judgment for the plaintiff. The case came up on error.\nTrimble, for the plaintiff, in error.\nA suit by petition and summons, cannot, under the statute, be maintained on the instrument of writing exhibited in the petition. The statute is: \u201c any person, being the owner or holder of any bond, bill, or note,\u201d &c. See Rev. St. 152. The words bond, bill, or note, are technical words, and refer to bonds, bills, or notes, as recognized by the common law, enlarged only in the circumstance that they may be for money or property, but in no other respect. This is nota note. See Chitty on Bills, 150. The instrument sued on is an acknowledgment of a debt, with a contract that it should be liquidated in a particular manner, and out of particular \u25a0 funds; and the plaintiff' was bound to aver and prove that the particular fund had failed before he had a right to resort to a different mode of payment than that specified in the contract. See Chitty on Bills, 152; 1 Bibb, 352. 4 Bibb, 252.\nThis was a debt acknowledged; but the subsequent part shows a contract between the parties that it should be paid in a particular manner, or out of a particular fund. The plaintiff agreed to receive it in that fund; and, until he shows that that fund failed, he has no right of action on the acknowledgment."
  },
  "file_name": "0441-01",
  "first_page_order": 441,
  "last_page_order": 442
}
