{
  "id": 8728945,
  "name": "Fulcher vs. Lyon",
  "name_abbreviation": "Fulcher v. Lyon",
  "decision_date": "1842-07",
  "docket_number": "",
  "first_page": "445",
  "last_page": "447",
  "citations": [
    {
      "type": "official",
      "cite": "4 Ark. 445"
    }
  ],
  "court": {
    "name_abbreviation": "Ark.",
    "id": 8808,
    "name": "Arkansas Supreme Court"
  },
  "jurisdiction": {
    "id": 34,
    "name_long": "Arkansas",
    "name": "Ark."
  },
  "cites_to": [
    {
      "cite": "3 Ark. 339",
      "category": "reporters:state",
      "reporter": "Ark.",
      "case_ids": [
        8728521
      ],
      "opinion_index": -1,
      "case_paths": [
        "/ark/3/0339-01"
      ]
    }
  ],
  "analysis": {
    "cardinality": 226,
    "char_count": 3145,
    "ocr_confidence": 0.489,
    "pagerank": {
      "raw": 9.74720926565351e-08,
      "percentile": 0.5309558588164792
    },
    "sha256": "48b868dd2d10cc6d9c66c0efdcf7eb2f44aa912810beaa0c730b502256207a43",
    "simhash": "1:1de50d0c1f7ee66a",
    "word_count": 536
  },
  "last_updated": "2024-02-27T21:24:25.647823+00:00",
  "provenance": {
    "date_added": "2019-08-29",
    "source": "Harvard",
    "batch": "2018"
  },
  "casebody": {
    "judges": [],
    "parties": [
      "Fulcher vs. Lyon."
    ],
    "opinions": [
      {
        "text": "By the Court,\nDickinson, J.\nThe plea in abatement renders an inquiry into the previous proceeding\u2019unnecessary, except as to the cause of abatement pleaded, viz:- variance between the writ and declaration. The latter states the damages at $300; the former at but $70. The demurrer to this plea was unquestionably well sustained; for we consider it wholly immaterial, under our statute, at what amount the damages were stated in the writ. But the judgment, upon its face, is erroneous, for it ought to have been an interlocutory judgment of respondeat ouster. It is_also erroneous, because the writing obligatory sued on, bears ten per cent, interest per annum, from maturity. There is no breach in the declaration, alleging the non-payment of interest, yet judgment is rendered for the amount of debt claimed, and six per cent, interest from the date of the writing. The transcript presents another error, fatal to the whole proceedings, and shows that there was no cause of action existing. The suit was instituted on the 19th of September, 1840, upon a writing obligatory, dated on the 6th of September, 1840, payable twelve months after date. Consequently, it was not due until the 6th of Sept., 1841.\nJudgment reversed, with leave for the parties to amend the pleadings, if leave be asked.",
        "type": "majority",
        "author": "Dickinson, J."
      }
    ],
    "attorneys": [
      "Fowler, for the appellant."
    ],
    "corrections": "",
    "head_matter": "Fulcher vs. Lyon.\nIn debt, a variance between the writ and declaration, as to the amount of the ad dam. num, is immaterial, and no ground of abatement.\nOn demurrer to plea in abatement sustained, \u25a0 the judgment should be respondeat ouster.\nWhere a n<Jte bears interest from maturity, at the rate of ten per centum per annum, and the breach in the declaration does not negative the p'ayment of the interest, judgment for the debt, and six per cent, interest from the date of the note, is erroneous-\nTins was an action of debt, determined in the Jackson Circuit Court, in May, 1842, before the lion. Samuel H. Hempstead, Special Judge. Lyon sued Fulcher, on the 19th of September, 1840, on a bond,'dated Sept. 6, 1840, for $927 61, due at 12 months from date, with interest at ten per cent, per annum, after maturity. The breach was silent as to the interest. Capias issued, to which the defendant pleaded an abatement, for variance between the writ and declaration, as to the amount of the ad damnum. Demurrer to the plea sustained, add the defendant failing to\u2019plead further, and saying nothing further, &c., judgment final for the debt, and interest at six per cent, per annum from 6th Sept., 1840, till paid, and costs. Ful-cher appealed.\nFowler, for the appellant.\nThe suit was instituted nearly twelve months before the note fell due. This objection is, of course, fatal, on demurrer, arrest of judgment, or error. Bell vs. Bullion, 2 Yerger, 479. 1 Tidd Pr. 368. Garth. 113. Doug. 61. IT. R. 474. 3 J. R. 42..\nThe declaration sets out a contract for conventional interest, The breach should have extended to such interest. So repeatedly decided by this Court.\nThe plea in abatement ought to have been sustained. Renner vs. Reed, 3 Ark. 339. And, if overruled, the judgment should have been respondeat ouster, ib\u2022 McLain & Badgett vs. Smith, ante."
  },
  "file_name": "0445-01",
  "first_page_order": 445,
  "last_page_order": 447
}
