{
  "id": 8729015,
  "name": "Bennett & Young vs. Brickey",
  "name_abbreviation": "Bennett v. Brickey",
  "decision_date": "1842-07",
  "docket_number": "",
  "first_page": "460",
  "last_page": "460",
  "citations": [
    {
      "type": "official",
      "cite": "4 Ark. 460"
    }
  ],
  "court": {
    "name_abbreviation": "Ark.",
    "id": 8808,
    "name": "Arkansas Supreme Court"
  },
  "jurisdiction": {
    "id": 34,
    "name_long": "Arkansas",
    "name": "Ark."
  },
  "cites_to": [],
  "analysis": {
    "cardinality": 36,
    "char_count": 253,
    "ocr_confidence": 0.509,
    "sha256": "e068c0301331193ff70081f0358715d067f148951e7c549b4c744feb7a3b57f0",
    "simhash": "1:f5aaf2fa977a2de7",
    "word_count": 44
  },
  "last_updated": "2023-07-14T19:55:34.553089+00:00",
  "provenance": {
    "date_added": "2019-08-29",
    "source": "Harvard",
    "batch": "2018"
  },
  "casebody": {
    "judges": [],
    "parties": [
      "Bennett & Young vs. Brickey."
    ],
    "opinions": [
      {
        "text": "Held, that where a bail bond is adjudged insufficient, there must be entered of record a rule upon the defendant, or notice, to perfect the bond; and that, until this is done, the sheriff cannot be joined as a co-defendant.",
        "type": "majority",
        "author": null
      }
    ],
    "attorneys": [],
    "corrections": "",
    "head_matter": "Bennett & Young vs. Brickey."
  },
  "file_name": "0460-01",
  "first_page_order": 460,
  "last_page_order": 460
}
