{
  "id": 8726250,
  "name": "Buchanan as adm'r. etc. v. Nixon",
  "name_abbreviation": "Buchanan v. Nixon",
  "decision_date": "1870-12",
  "docket_number": "",
  "first_page": "47",
  "last_page": "47",
  "citations": [
    {
      "type": "official",
      "cite": "26 Ark. 47"
    }
  ],
  "court": {
    "name_abbreviation": "Ark.",
    "id": 8808,
    "name": "Arkansas Supreme Court"
  },
  "jurisdiction": {
    "id": 34,
    "name_long": "Arkansas",
    "name": "Ark."
  },
  "cites_to": [
    {
      "cite": "25 Ark. 265",
      "category": "reporters:state",
      "reporter": "Ark.",
      "opinion_index": 0
    }
  ],
  "analysis": {
    "cardinality": 134,
    "char_count": 1380,
    "ocr_confidence": 0.421,
    "sha256": "d1c765e995a765625e197aafd2494b57217864603f1e0606f117f18e895698b7",
    "simhash": "1:d380e49ac8ee8c66",
    "word_count": 240
  },
  "last_updated": "2024-02-27T21:42:48.018640+00:00",
  "provenance": {
    "date_added": "2019-08-29",
    "source": "Harvard",
    "batch": "2018"
  },
  "casebody": {
    "judges": [],
    "parties": [
      "Buchanan as adm\u2019r. etc. v. Nixon."
    ],
    "opinions": [
      {
        "text": "GrREGG-, J.\nThe appellant presented a claim against the estate of the deceased for $1520, founded upon a promissory note, which claim was allowed, duly classed and ordered to be paid.\nThe appellant then filed his bill in equity and prayed an injunction against the collection of the claim, and that the order and judgment of the probate court be declared void, upon the ground that the only consideration for the note was certain negro slaves, sold in the year 1859, by the appellee to the deceased, in his life-time.\nThe appellee answered, made a feeble attempt to show that he had received pay for the slaves and then loaned part of the money.\nUpon the hearing in the circuit court, the chancellor dismissed the bill for want of equity, and decreed costs against the appellant, from which decree he appealed to this court.\nThe only question involved in this case was decided by this court in the case of Jacoway v. Denton, 25 Ark. 265. That case determined the validity of the notes given for slave pro-, perty before the attempted secession of the State.\nThe decree of the circuit court is in all things affirmed with costs.",
        "type": "majority",
        "author": "GrREGG-, J."
      },
      {
        "text": "McClure, J.,\ndissenting, says:\nI dissent on the grounds given in Kaufman v. Barb.",
        "type": "dissent",
        "author": "McClure, J.,"
      }
    ],
    "attorneys": [
      "Garland <f* Nash, for appellant.",
      "Clark Williams, for appellees."
    ],
    "corrections": "",
    "head_matter": "Buchanan as adm\u2019r. etc. v. Nixon.\nAppeal from Franklin Circuit Court.\nHon. William N. May, Circuit Judge.\nGarland <f* Nash, for appellant.\nClark Williams, for appellees."
  },
  "file_name": "0047-01",
  "first_page_order": 63,
  "last_page_order": 63
}
