{
  "id": 8727007,
  "name": "Bogan's Adm'r. v. Otey, et al.",
  "name_abbreviation": "Bogan's Adm'r v. Otey",
  "decision_date": "1870-12",
  "docket_number": "",
  "first_page": "397",
  "last_page": "397",
  "citations": [
    {
      "type": "official",
      "cite": "26 Ark. 397"
    }
  ],
  "court": {
    "name_abbreviation": "Ark.",
    "id": 8808,
    "name": "Arkansas Supreme Court"
  },
  "jurisdiction": {
    "id": 34,
    "name_long": "Arkansas",
    "name": "Ark."
  },
  "cites_to": [],
  "analysis": {
    "cardinality": 69,
    "char_count": 524,
    "ocr_confidence": 0.436,
    "sha256": "b56b09f7f63df22d25c49a11a4b9b1a8e408fd585557d3b3c21af251067792e9",
    "simhash": "1:542b8e9787621ef2",
    "word_count": 92
  },
  "last_updated": "2023-07-14T20:17:12.742099+00:00",
  "provenance": {
    "date_added": "2019-08-29",
    "source": "Harvard",
    "batch": "2018"
  },
  "casebody": {
    "judges": [
      "Bennett, J. did not sit in this case.",
      "Hon. S. R. HaRRINGTON, Special Supreme Judge."
    ],
    "parties": [
      "Bogan\u2019s Adm\u2019r. v. Otey, et al."
    ],
    "opinions": [
      {
        "text": "(3-Regg, J.\nAll the questions presented in this case have been determined in the case of these appellants against W. E. & C. L. Moore, as administrators of James T. Moore, dec\u2019d.\nThe decree of the court below is affirmed.\nBennett, J. did not sit in this case.\nHon. S. R. HaRRINGTON, Special Supreme Judge.",
        "type": "majority",
        "author": "(3-Regg, J."
      }
    ],
    "attorneys": [
      "Adams f Dixon and Pike f Pike, for appellant.",
      "Palmer $ Sanders, Watkins f Pose and Garland f Nash, for appellees."
    ],
    "corrections": "",
    "head_matter": "Bogan\u2019s Adm\u2019r. v. Otey, et al.\nAppeal from Phillips Circuit Court.\nHon. John T. Bennett, Circuit Judge.\nAdams f Dixon and Pike f Pike, for appellant.\nPalmer $ Sanders, Watkins f Pose and Garland f Nash, for appellees."
  },
  "file_name": "0397-01",
  "first_page_order": 413,
  "last_page_order": 413
}
