{
  "id": 12456871,
  "name": "State, Respondent, v. Hernandez, Petitioner",
  "name_abbreviation": "State v. Hernandez",
  "decision_date": "2016-03-02",
  "docket_number": "No. 91508-3",
  "first_page": "1002",
  "last_page": "1002",
  "citations": [
    {
      "type": "official",
      "cite": "185 Wash. 2d 1002"
    }
  ],
  "court": {
    "name_abbreviation": "Wash.",
    "id": 9029,
    "name": "Washington Supreme Court"
  },
  "jurisdiction": {
    "id": 38,
    "name_long": "Washington",
    "name": "Wash."
  },
  "cites_to": [
    {
      "cite": "185 Wn. App. 680",
      "category": "reporters:state",
      "reporter": "Wash. App.",
      "case_ids": [
        4359079
      ],
      "opinion_index": 0,
      "case_paths": [
        "/wash-app/185/0680-01"
      ]
    }
  ],
  "analysis": {
    "cardinality": 28,
    "char_count": 192,
    "ocr_confidence": 0.846,
    "pagerank": {
      "raw": 4.03580807328026e-08,
      "percentile": 0.25740979493399035
    },
    "sha256": "e6fc3de282384f7835f8349afad2e92b20398dfd7d78bfc27da9e374a40054fa",
    "simhash": "1:31f1ccab371d4676",
    "word_count": 31
  },
  "last_updated": "2024-02-28T00:06:59.447104+00:00",
  "provenance": {
    "date_added": "2019-05-22",
    "source": "Harvard",
    "batch": "2018"
  },
  "casebody": {
    "judges": [],
    "parties": [
      "State, Respondent, v. Hernandez, Petitioner,"
    ],
    "opinions": [
      {
        "text": "Petition for review of a decision of the Court of Appeals, No. 31595-9-III, February 3, 2015, 185 Wn. App. 680. Denied March 2, 2016.",
        "type": "majority",
        "author": null
      }
    ],
    "attorneys": [],
    "corrections": "",
    "head_matter": "State, Respondent, v. Hernandez, Petitioner,\nNo. 91508-3."
  },
  "file_name": "1002-07",
  "first_page_order": 954,
  "last_page_order": 954
}
