{
  "id": 12456889,
  "name": "Heritage Restoration, Inc., Respondent, v. Radabaugh et al., Petitioners",
  "name_abbreviation": "Heritage Restoration, Inc. v. Radabaugh",
  "decision_date": "2016-03-02",
  "docket_number": "No. 92292-6",
  "first_page": "1005",
  "last_page": "1005",
  "citations": [
    {
      "type": "official",
      "cite": "185 Wash. 2d 1005"
    }
  ],
  "court": {
    "name_abbreviation": "Wash.",
    "id": 9029,
    "name": "Washington Supreme Court"
  },
  "jurisdiction": {
    "id": 38,
    "name_long": "Washington",
    "name": "Wash."
  },
  "cites_to": [
    {
      "cite": "189 Wn. App. 1046",
      "category": "reporters:state",
      "reporter": "Wash. App.",
      "case_ids": [
        6786434,
        6786476,
        6786518,
        6786396
      ],
      "opinion_index": 0,
      "case_paths": [
        "/wash-app/189/1046-02",
        "/wash-app/189/1046-03",
        "/wash-app/189/1046-04",
        "/wash-app/189/1046-01"
      ]
    }
  ],
  "analysis": {
    "cardinality": 32,
    "char_count": 220,
    "ocr_confidence": 0.866,
    "sha256": "a790a4849448ae612c8615d0219c4e8e70693e377073c574ce617fc2396df215",
    "simhash": "1:a997ea300955ec4f",
    "word_count": 35
  },
  "last_updated": "2024-02-28T00:06:59.447104+00:00",
  "provenance": {
    "date_added": "2019-05-22",
    "source": "Harvard",
    "batch": "2018"
  },
  "casebody": {
    "judges": [],
    "parties": [
      "Heritage Restoration, Inc., Respondent, v. Radabaugh et al., Petitioners,"
    ],
    "opinions": [
      {
        "text": "Petition for review of a decision of the Court of Appeals, No. 45925-6-II, August 26, 2015, 189 Wn. App. 1046. Denied March 2, 2016.",
        "type": "majority",
        "author": null
      }
    ],
    "attorneys": [],
    "corrections": "",
    "head_matter": "Heritage Restoration, Inc., Respondent, v. Radabaugh et al., Petitioners,\nNo. 92292-6."
  },
  "file_name": "1005-01",
  "first_page_order": 957,
  "last_page_order": 957
}
