{
  "id": 12456898,
  "name": "Sage Grp. 1, LLC, et al., Petitioners, v. Kotter et al., Respondents",
  "name_abbreviation": "Sage Grp. 1, LLC v. Kotter",
  "decision_date": "2016-03-02",
  "docket_number": "No. 92306-0",
  "first_page": "1006",
  "last_page": "1006",
  "citations": [
    {
      "type": "official",
      "cite": "185 Wash. 2d 1006"
    }
  ],
  "court": {
    "name_abbreviation": "Wash.",
    "id": 9029,
    "name": "Washington Supreme Court"
  },
  "jurisdiction": {
    "id": 38,
    "name_long": "Washington",
    "name": "Wash."
  },
  "cites_to": [
    {
      "cite": "189 Wn. App. 1040",
      "category": "reporters:state",
      "reporter": "Wash. App.",
      "case_ids": [
        6785730,
        6785683,
        6785636,
        6785758
      ],
      "opinion_index": 0,
      "case_paths": [
        "/wash-app/189/1040-03",
        "/wash-app/189/1040-02",
        "/wash-app/189/1040-01",
        "/wash-app/189/1040-04"
      ]
    }
  ],
  "analysis": {
    "cardinality": 33,
    "char_count": 215,
    "ocr_confidence": 0.855,
    "sha256": "dee4f3f73c2a0e89e291de4bfce9130ee4caff49a8fa3f6ea5f435dd70733362",
    "simhash": "1:2ddfcaba5d914e69",
    "word_count": 38
  },
  "last_updated": "2024-02-28T00:06:59.447104+00:00",
  "provenance": {
    "date_added": "2019-05-22",
    "source": "Harvard",
    "batch": "2018"
  },
  "casebody": {
    "judges": [],
    "parties": [
      "Sage Grp. 1, LLC, et al., Petitioners, v. Kotter et al., Respondents,"
    ],
    "opinions": [
      {
        "text": "Petition for review of a decision of the Court of Appeals, No. 71405-8-I, August 24, 2015, 189 Wn. App. 1040. Denied March 2, 2016.",
        "type": "majority",
        "author": null
      }
    ],
    "attorneys": [],
    "corrections": "",
    "head_matter": "Sage Grp. 1, LLC, et al., Petitioners, v. Kotter et al., Respondents,\nNo. 92306-0."
  },
  "file_name": "1006-01",
  "first_page_order": 958,
  "last_page_order": 958
}
