{
  "id": 12456903,
  "name": "In re Marriage of McCarthy",
  "name_abbreviation": "In re Marriage of McCarthy",
  "decision_date": "2016-03-02",
  "docket_number": "No. 92328-1",
  "first_page": "1006",
  "last_page": "1006",
  "citations": [
    {
      "type": "official",
      "cite": "185 Wash. 2d 1006"
    }
  ],
  "court": {
    "name_abbreviation": "Wash.",
    "id": 9029,
    "name": "Washington Supreme Court"
  },
  "jurisdiction": {
    "id": 38,
    "name_long": "Washington",
    "name": "Wash."
  },
  "cites_to": [
    {
      "cite": "189 Wn. App. 1048",
      "category": "reporters:state",
      "reporter": "Wash. App.",
      "case_ids": [
        6786728,
        6786706,
        6786756,
        6786685
      ],
      "opinion_index": 0,
      "case_paths": [
        "/wash-app/189/1048-03",
        "/wash-app/189/1048-02",
        "/wash-app/189/1048-04",
        "/wash-app/189/1048-01"
      ]
    }
  ],
  "analysis": {
    "cardinality": 27,
    "char_count": 176,
    "ocr_confidence": 0.87,
    "sha256": "1ec9d5ea964fcef7d3a2a6b67f6cc6a1b100ccc86e5ff81f684ea943d6957f29",
    "simhash": "1:08df5e325183ceed",
    "word_count": 31
  },
  "last_updated": "2024-02-28T00:06:59.447104+00:00",
  "provenance": {
    "date_added": "2019-05-22",
    "source": "Harvard",
    "batch": "2018"
  },
  "casebody": {
    "judges": [],
    "parties": [
      "In re Marriage of McCarthy,"
    ],
    "opinions": [
      {
        "text": "Petition for review of a decision of the Court of Appeals, No. 45956-6-II, September 1, 2015, 189 Wn. App. 1048. Denied March 2, 2016.",
        "type": "majority",
        "author": null
      }
    ],
    "attorneys": [],
    "corrections": "",
    "head_matter": "In re Marriage of McCarthy,\nNo. 92328-1."
  },
  "file_name": "1006-06",
  "first_page_order": 958,
  "last_page_order": 958
}
