{
  "id": 12456913,
  "name": "Aaseby et al., Petitioners, v. Miller, Respondent",
  "name_abbreviation": "Aaseby v. Miller",
  "decision_date": "2016-03-02",
  "docket_number": "No. 92360-4",
  "first_page": "1007",
  "last_page": "1007",
  "citations": [
    {
      "type": "official",
      "cite": "185 Wash. 2d 1007"
    }
  ],
  "court": {
    "name_abbreviation": "Wash.",
    "id": 9029,
    "name": "Washington Supreme Court"
  },
  "jurisdiction": {
    "id": 38,
    "name_long": "Washington",
    "name": "Wash."
  },
  "cites_to": [
    {
      "cite": "189 Wn. App. 1053",
      "category": "reporters:state",
      "reporter": "Wash. App.",
      "case_ids": [
        6787224,
        6787202,
        6787149,
        6787181
      ],
      "opinion_index": 0,
      "case_paths": [
        "/wash-app/189/1053-04",
        "/wash-app/189/1053-03",
        "/wash-app/189/1053-01",
        "/wash-app/189/1053-02"
      ]
    }
  ],
  "analysis": {
    "cardinality": 30,
    "char_count": 200,
    "ocr_confidence": 0.874,
    "sha256": "e3a24f81213cb737d2fe032d5bd087afc2adf892dc38f2f0d1bab5ada162f1a8",
    "simhash": "1:019dc233039144ec",
    "word_count": 33
  },
  "last_updated": "2024-02-28T00:06:59.447104+00:00",
  "provenance": {
    "date_added": "2019-05-22",
    "source": "Harvard",
    "batch": "2018"
  },
  "casebody": {
    "judges": [],
    "parties": [
      "Aaseby et al., Petitioners, v. Miller, Respondent,"
    ],
    "opinions": [
      {
        "text": "Petition for review of a decision of the Court of Appeals, No. 32471-1-III, September 3, 2015, 189 Wn. App. 1053. Denied March 2, 2016.",
        "type": "majority",
        "author": null
      }
    ],
    "attorneys": [],
    "corrections": "",
    "head_matter": "Aaseby et al., Petitioners, v. Miller, Respondent,\nNo. 92360-4."
  },
  "file_name": "1007-08",
  "first_page_order": 959,
  "last_page_order": 959
}
