{
  "id": 12456935,
  "name": "In re Marriage of Develle",
  "name_abbreviation": "In re Marriage of Develle",
  "decision_date": "2016-03-30",
  "docket_number": "No. 92330-2",
  "first_page": "1010",
  "last_page": "1010",
  "citations": [
    {
      "type": "official",
      "cite": "185 Wash. 2d 1010"
    }
  ],
  "court": {
    "name_abbreviation": "Wash.",
    "id": 9029,
    "name": "Washington Supreme Court"
  },
  "jurisdiction": {
    "id": 38,
    "name_long": "Washington",
    "name": "Wash."
  },
  "cites_to": [
    {
      "cite": "187 Wn. App. 1036",
      "category": "reporters:state",
      "reporter": "Wash. App.",
      "case_ids": [
        4235911,
        4235335,
        4237919
      ],
      "opinion_index": 0,
      "case_paths": [
        "/wash-app/187/1036-01",
        "/wash-app/187/1036-03",
        "/wash-app/187/1036-02"
      ]
    }
  ],
  "analysis": {
    "cardinality": 30,
    "char_count": 187,
    "ocr_confidence": 0.855,
    "sha256": "9a0234a4865ea2446863253f2ff556ec11abf36a4f1f6fabb3b5f0132f482ed6",
    "simhash": "1:8cd978bc7187459d",
    "word_count": 33
  },
  "last_updated": "2024-02-28T00:06:59.447104+00:00",
  "provenance": {
    "date_added": "2019-05-22",
    "source": "Harvard",
    "batch": "2018"
  },
  "casebody": {
    "judges": [],
    "parties": [
      "In re Marriage of Develle,"
    ],
    "opinions": [
      {
        "text": "Petition for review of a decision of the Court of Appeals, Nos. 44484-4-II and 44614-6-II, May 27, 2015, 187 Wn. App. 1036. Denied March 30, 2016.",
        "type": "majority",
        "author": null
      }
    ],
    "attorneys": [],
    "corrections": "",
    "head_matter": "In re Marriage of Develle,\nNo. 92330-2."
  },
  "file_name": "1010-08",
  "first_page_order": 962,
  "last_page_order": 962
}
