{
  "id": 12456942,
  "name": "State, Respondent, v. Scribner, Petitioner",
  "name_abbreviation": "State v. Scribner",
  "decision_date": "2016-03-30",
  "docket_number": "No. 92388-4",
  "first_page": "1011",
  "last_page": "1011",
  "citations": [
    {
      "type": "official",
      "cite": "185 Wash. 2d 1011"
    }
  ],
  "court": {
    "name_abbreviation": "Wash.",
    "id": 9029,
    "name": "Washington Supreme Court"
  },
  "jurisdiction": {
    "id": 38,
    "name_long": "Washington",
    "name": "Wash."
  },
  "cites_to": [
    {
      "cite": "188 Wn. App. 1056",
      "category": "reporters:state",
      "reporter": "Wash. App.",
      "case_ids": [
        4281088,
        4278779,
        4279391
      ],
      "opinion_index": 0,
      "case_paths": [
        "/wash-app/188/1056-02",
        "/wash-app/188/1056-01",
        "/wash-app/188/1056-03"
      ]
    }
  ],
  "analysis": {
    "cardinality": 31,
    "char_count": 207,
    "ocr_confidence": 0.855,
    "sha256": "623419aa41ea1e826901b87ef35b1c9e69c76068d2c27731b5912d11e1649b89",
    "simhash": "1:899128e4056140c1",
    "word_count": 33
  },
  "last_updated": "2024-02-28T00:06:59.447104+00:00",
  "provenance": {
    "date_added": "2019-05-22",
    "source": "Harvard",
    "batch": "2018"
  },
  "casebody": {
    "judges": [],
    "parties": [
      "State, Respondent, v. Scribner, Petitioner,"
    ],
    "opinions": [
      {
        "text": "Petition for review of a decision of the Court of Appeals, Nos. 31792-7-III and 32576-8-III, July 16, 2015, 188 Wn. App. 1056. Denied March 30, 2016.",
        "type": "majority",
        "author": null
      }
    ],
    "attorneys": [],
    "corrections": "",
    "head_matter": "State, Respondent, v. Scribner, Petitioner,\nNo. 92388-4."
  },
  "file_name": "1011-07",
  "first_page_order": 963,
  "last_page_order": 963
}
