{
  "id": 12456996,
  "name": "Nieves, Petitioner, v. Wal-Mart Stores, Respondent",
  "name_abbreviation": "Nieves v. Wal-Mart Stores",
  "decision_date": "2016-04-27",
  "docket_number": "No. 92468-6",
  "first_page": "1018",
  "last_page": "1018",
  "citations": [
    {
      "type": "official",
      "cite": "185 Wash. 2d 1018"
    }
  ],
  "court": {
    "name_abbreviation": "Wash.",
    "id": 9029,
    "name": "Washington Supreme Court"
  },
  "jurisdiction": {
    "id": 38,
    "name_long": "Washington",
    "name": "Wash."
  },
  "cites_to": [
    {
      "cite": "189 Wn. App. 1051",
      "category": "reporters:state",
      "reporter": "Wash. App.",
      "case_ids": [
        6786932,
        6787018,
        6787044,
        6787000
      ],
      "opinion_index": 0,
      "case_paths": [
        "/wash-app/189/1051-01",
        "/wash-app/189/1051-03",
        "/wash-app/189/1051-04",
        "/wash-app/189/1051-02"
      ]
    }
  ],
  "analysis": {
    "cardinality": 29,
    "char_count": 202,
    "ocr_confidence": 0.872,
    "sha256": "9d359e4c34cf8d81505ae80b9321718bc0f3116c4007ac67abde8d363940ca51",
    "simhash": "1:0b8086097581e5a1",
    "word_count": 32
  },
  "last_updated": "2024-02-28T00:06:59.447104+00:00",
  "provenance": {
    "date_added": "2019-05-22",
    "source": "Harvard",
    "batch": "2018"
  },
  "casebody": {
    "judges": [],
    "parties": [
      "Nieves, Petitioner, v. Wal-Mart Stores, Respondent,"
    ],
    "opinions": [
      {
        "text": "Petition for review of a decision of the Court of Appeals, No. 32510-5-III, September 1, 2015, 189 Wn. App. 1051. Denied April 27, 2016.",
        "type": "majority",
        "author": null
      }
    ],
    "attorneys": [],
    "corrections": "",
    "head_matter": "Nieves, Petitioner, v. Wal-Mart Stores, Respondent,\nNo. 92468-6."
  },
  "file_name": "1018-07",
  "first_page_order": 970,
  "last_page_order": 970
}
