{
  "id": 12456994,
  "name": "Payne, Petitioner, v. Medtronic, Inc., et al., Respondents",
  "name_abbreviation": "Payne v. Medtronic, Inc.",
  "decision_date": "2016-04-27",
  "docket_number": "No. 92416-3",
  "first_page": "1018",
  "last_page": "1018",
  "citations": [
    {
      "type": "official",
      "cite": "185 Wash. 2d 1018"
    }
  ],
  "court": {
    "name_abbreviation": "Wash.",
    "id": 9029,
    "name": "Washington Supreme Court"
  },
  "jurisdiction": {
    "id": 38,
    "name_long": "Washington",
    "name": "Wash."
  },
  "cites_to": [
    {
      "cite": "190 Wn. App. 383",
      "category": "reporters:state",
      "reporter": "Wash. App.",
      "case_ids": [
        12453876
      ],
      "opinion_index": 0,
      "case_paths": [
        "/wash-app/190/0383-01"
      ]
    }
  ],
  "analysis": {
    "cardinality": 31,
    "char_count": 208,
    "ocr_confidence": 0.869,
    "pagerank": {
      "raw": 4.03580807328026e-08,
      "percentile": 0.2574157798389018
    },
    "sha256": "c2a3aaddcac7a6cb5992c299b212e01c173b5329abf728cc50c6ce622cdd1e8f",
    "simhash": "1:a8939cf30c122455",
    "word_count": 34
  },
  "last_updated": "2024-02-28T00:06:59.447104+00:00",
  "provenance": {
    "date_added": "2019-05-22",
    "source": "Harvard",
    "batch": "2018"
  },
  "casebody": {
    "judges": [],
    "parties": [
      "Payne, Petitioner, v. Medtronic, Inc., et al., Respondents,"
    ],
    "opinions": [
      {
        "text": "Petition for review of a decision of the Court of Appeals, No. 71411-2-I, September 28, 2015, 190 Wn. App. 383. Denied April 27, 2016.",
        "type": "majority",
        "author": null
      }
    ],
    "attorneys": [],
    "corrections": "",
    "head_matter": "Payne, Petitioner, v. Medtronic, Inc., et al., Respondents,\nNo. 92416-3."
  },
  "file_name": "1018-05",
  "first_page_order": 970,
  "last_page_order": 970
}
