{
  "id": 12456997,
  "name": "State, Respondent, v. Bailey, Petitioner",
  "name_abbreviation": "State v. Bailey",
  "decision_date": "2016-04-27",
  "docket_number": "No. 92508-9",
  "first_page": "1018",
  "last_page": "1018",
  "citations": [
    {
      "type": "official",
      "cite": "185 Wash. 2d 1018"
    }
  ],
  "court": {
    "name_abbreviation": "Wash.",
    "id": 9029,
    "name": "Washington Supreme Court"
  },
  "jurisdiction": {
    "id": 38,
    "name_long": "Washington",
    "name": "Wash."
  },
  "cites_to": [
    {
      "cite": "190 Wn. App. 1033",
      "category": "reporters:state",
      "reporter": "Wash. App.",
      "case_ids": [
        12454028,
        12454029,
        12454030,
        12454031
      ],
      "opinion_index": 0,
      "case_paths": [
        "/wash-app/190/1033-01",
        "/wash-app/190/1033-02",
        "/wash-app/190/1033-03",
        "/wash-app/190/1033-04"
      ]
    }
  ],
  "analysis": {
    "cardinality": 28,
    "char_count": 191,
    "ocr_confidence": 0.847,
    "sha256": "ef59e107892a3ce107582473e20a0346f666d65f4342531a51ae59e3a4977893",
    "simhash": "1:01f8cc010d256195",
    "word_count": 31
  },
  "last_updated": "2024-02-28T00:06:59.447104+00:00",
  "provenance": {
    "date_added": "2019-05-22",
    "source": "Harvard",
    "batch": "2018"
  },
  "casebody": {
    "judges": [],
    "parties": [
      "State, Respondent, v. Bailey, Petitioner,"
    ],
    "opinions": [
      {
        "text": "Petition for review of a decision of the Court of Appeals, No. 32545-8-III, October 13, 2015, 190 Wn. App. 1033. Denied April 27, 2016.",
        "type": "majority",
        "author": null
      }
    ],
    "attorneys": [],
    "corrections": "",
    "head_matter": "State, Respondent, v. Bailey, Petitioner,\nNo. 92508-9."
  },
  "file_name": "1018-08",
  "first_page_order": 970,
  "last_page_order": 970
}
