{
  "id": 12457004,
  "name": "State, Respondent, v. Clark, Petitioner",
  "name_abbreviation": "State v. Clark",
  "decision_date": "2016-04-27",
  "docket_number": "No. 92558-5",
  "first_page": "1019",
  "last_page": "1019",
  "citations": [
    {
      "type": "official",
      "cite": "185 Wash. 2d 1019"
    }
  ],
  "court": {
    "name_abbreviation": "Wash.",
    "id": 9029,
    "name": "Washington Supreme Court"
  },
  "jurisdiction": {
    "id": 38,
    "name_long": "Washington",
    "name": "Wash."
  },
  "cites_to": [
    {
      "cite": "191 Wn. App. 1001",
      "category": "reporters:state",
      "reporter": "Wash. App.",
      "case_ids": [
        12460984,
        12460985
      ],
      "opinion_index": 0,
      "case_paths": [
        "/wash-app/191/1001-01",
        "/wash-app/191/1001-02"
      ]
    }
  ],
  "analysis": {
    "cardinality": 28,
    "char_count": 189,
    "ocr_confidence": 0.855,
    "sha256": "3096f8cf75c1b9e24d0d099f6c3619c96c8b8324269254410b1ce5361ab3d69a",
    "simhash": "1:8498e49a21637115",
    "word_count": 31
  },
  "last_updated": "2024-02-28T00:06:59.447104+00:00",
  "provenance": {
    "date_added": "2019-05-22",
    "source": "Harvard",
    "batch": "2018"
  },
  "casebody": {
    "judges": [],
    "parties": [
      "State, Respondent, v. Clark, Petitioner,"
    ],
    "opinions": [
      {
        "text": "Petition for review of a decision of the Court of Appeals, No. 45203-1-II, November 3, 2015, 191 Wn. App. 1001. Denied April 27, 2016.",
        "type": "majority",
        "author": null
      }
    ],
    "attorneys": [],
    "corrections": "",
    "head_matter": "State, Respondent, v. Clark, Petitioner,\nNo. 92558-5."
  },
  "file_name": "1019-07",
  "first_page_order": 971,
  "last_page_order": 971
}
