{
  "id": 12457000,
  "name": "State, Respondent, v. Burks, Petitioner",
  "name_abbreviation": "State v. Burks",
  "decision_date": "2016-04-27",
  "docket_number": "No. 92549-6",
  "first_page": "1019",
  "last_page": "1019",
  "citations": [
    {
      "type": "official",
      "cite": "185 Wash. 2d 1019"
    }
  ],
  "court": {
    "name_abbreviation": "Wash.",
    "id": 9029,
    "name": "Washington Supreme Court"
  },
  "jurisdiction": {
    "id": 38,
    "name_long": "Washington",
    "name": "Wash."
  },
  "cites_to": [
    {
      "cite": "191 Wn. App. 1003",
      "category": "reporters:state",
      "reporter": "Wash. App.",
      "case_ids": [
        12460992,
        12460989,
        12460990,
        12460991
      ],
      "opinion_index": 0,
      "case_paths": [
        "/wash-app/191/1003-04",
        "/wash-app/191/1003-01",
        "/wash-app/191/1003-02",
        "/wash-app/191/1003-03"
      ]
    }
  ],
  "analysis": {
    "cardinality": 28,
    "char_count": 189,
    "ocr_confidence": 0.851,
    "sha256": "0aa102caadb3f5bb02768a4d7e9bf30f260db8643a6fe3618544310aa4dcdcee",
    "simhash": "1:a679c4a965c15c55",
    "word_count": 31
  },
  "last_updated": "2024-02-28T00:06:59.447104+00:00",
  "provenance": {
    "date_added": "2019-05-22",
    "source": "Harvard",
    "batch": "2018"
  },
  "casebody": {
    "judges": [],
    "parties": [
      "State, Respondent, v. Burks, Petitioner,"
    ],
    "opinions": [
      {
        "text": "Petition for review of a decision of the Court of Appeals, No. 46512-4-II, November 3, 2015, 191 Wn. App. 1003. Denied April 27, 2016.",
        "type": "majority",
        "author": null
      }
    ],
    "attorneys": [],
    "corrections": "",
    "head_matter": "State, Respondent, v. Burks, Petitioner,\nNo. 92549-6."
  },
  "file_name": "1019-03",
  "first_page_order": 971,
  "last_page_order": 971
}
