{
  "id": 12457005,
  "name": "Lowe, Petitioner, v. Lowe, Respondent",
  "name_abbreviation": "Lowe v. Lowe",
  "decision_date": "2016-04-27",
  "docket_number": "No. 92562-3",
  "first_page": "1019",
  "last_page": "1019",
  "citations": [
    {
      "type": "official",
      "cite": "185 Wash. 2d 1019"
    }
  ],
  "court": {
    "name_abbreviation": "Wash.",
    "id": 9029,
    "name": "Washington Supreme Court"
  },
  "jurisdiction": {
    "id": 38,
    "name_long": "Washington",
    "name": "Wash."
  },
  "cites_to": [
    {
      "cite": "191 Wn. App. 216",
      "category": "reporters:state",
      "reporter": "Wash. App.",
      "case_ids": [
        12460947
      ],
      "opinion_index": 0,
      "case_paths": [
        "/wash-app/191/0216-01"
      ]
    }
  ],
  "analysis": {
    "cardinality": 27,
    "char_count": 188,
    "ocr_confidence": 0.86,
    "pagerank": {
      "raw": 4.03580807328026e-08,
      "percentile": 0.25741616596179934
    },
    "sha256": "af9a0713f56414ad3e281cf71395a52a29b5c286a4ae44070eca0d84d43fa4d1",
    "simhash": "1:dc55c4bb474564a5",
    "word_count": 31
  },
  "last_updated": "2024-02-28T00:06:59.447104+00:00",
  "provenance": {
    "date_added": "2019-05-22",
    "source": "Harvard",
    "batch": "2018"
  },
  "casebody": {
    "judges": [],
    "parties": [
      "Lowe, Petitioner, v. Lowe, Respondent,"
    ],
    "opinions": [
      {
        "text": "Petition for review of a decision of the Court of Appeals, No. 32192-4-III, November 10, 2015, 191 Wn. App. 216. Denied April 27, 2016.",
        "type": "majority",
        "author": null
      }
    ],
    "attorneys": [],
    "corrections": "",
    "head_matter": "Lowe, Petitioner, v. Lowe, Respondent,\nNo. 92562-3."
  },
  "file_name": "1019-08",
  "first_page_order": 971,
  "last_page_order": 971
}
