{
  "id": 12457013,
  "name": "Innerspace Floor Coverings, Inc., Respondent, v. Hill, Petitioner",
  "name_abbreviation": "Innerspace Floor Coverings, Inc. v. Hill",
  "decision_date": "2016-04-27",
  "docket_number": "No. 92577-1",
  "first_page": "1020",
  "last_page": "1020",
  "citations": [
    {
      "type": "official",
      "cite": "185 Wash. 2d 1020"
    }
  ],
  "court": {
    "name_abbreviation": "Wash.",
    "id": 9029,
    "name": "Washington Supreme Court"
  },
  "jurisdiction": {
    "id": 38,
    "name_long": "Washington",
    "name": "Wash."
  },
  "cites_to": [
    {
      "cite": "190 Wn. App. 897",
      "category": "reporters:state",
      "reporter": "Wash. App.",
      "case_ids": [
        12453904
      ],
      "opinion_index": 0,
      "case_paths": [
        "/wash-app/190/0897-01"
      ]
    }
  ],
  "analysis": {
    "cardinality": 31,
    "char_count": 213,
    "ocr_confidence": 0.879,
    "pagerank": {
      "raw": 4.03580807328026e-08,
      "percentile": 0.2574167451461456
    },
    "sha256": "39d24b5b4a69623cc547ddb832470b9e2601b0b9798e69dcfa29d83cd3eade41",
    "simhash": "1:a913f03274e16efd",
    "word_count": 34
  },
  "last_updated": "2024-02-28T00:06:59.447104+00:00",
  "provenance": {
    "date_added": "2019-05-22",
    "source": "Harvard",
    "batch": "2018"
  },
  "casebody": {
    "judges": [],
    "parties": [
      "Innerspace Floor Coverings, Inc., Respondent, v. Hill, Petitioner,"
    ],
    "opinions": [
      {
        "text": "Petition for review of a decision of the Court of Appeals, No. 71500-3-I, November 2, 2015, 190 Wn. App. 897. Denied April 27, 2016.",
        "type": "majority",
        "author": null
      }
    ],
    "attorneys": [],
    "corrections": "",
    "head_matter": "Innerspace Floor Coverings, Inc., Respondent, v. Hill, Petitioner,\nNo. 92577-1."
  },
  "file_name": "1020-08",
  "first_page_order": 972,
  "last_page_order": 972
}
