{
  "id": 12457007,
  "name": "In re Marriage of Mekuria",
  "name_abbreviation": "In re Marriage of Mekuria",
  "decision_date": "2016-04-27",
  "docket_number": "No. 92564-0",
  "first_page": "1020",
  "last_page": "1020",
  "citations": [
    {
      "type": "official",
      "cite": "185 Wash. 2d 1020"
    }
  ],
  "court": {
    "name_abbreviation": "Wash.",
    "id": 9029,
    "name": "Washington Supreme Court"
  },
  "jurisdiction": {
    "id": 38,
    "name_long": "Washington",
    "name": "Wash."
  },
  "cites_to": [
    {
      "cite": "190 Wn. App. 1020",
      "category": "reporters:state",
      "reporter": "Wash. App.",
      "case_ids": [
        12453978,
        12453979,
        12453980
      ],
      "opinion_index": 0,
      "case_paths": [
        "/wash-app/190/1020-01",
        "/wash-app/190/1020-02",
        "/wash-app/190/1020-03"
      ]
    }
  ],
  "analysis": {
    "cardinality": 27,
    "char_count": 176,
    "ocr_confidence": 0.869,
    "sha256": "ca5a4977f0f2b357abaa9223a8c6f4c15b7659df9b19f2a7e7035c83d98abce6",
    "simhash": "1:89b9f5aa4f130145",
    "word_count": 31
  },
  "last_updated": "2024-02-28T00:06:59.447104+00:00",
  "provenance": {
    "date_added": "2019-05-22",
    "source": "Harvard",
    "batch": "2018"
  },
  "casebody": {
    "judges": [],
    "parties": [
      "In re Marriage of Mekuria,"
    ],
    "opinions": [
      {
        "text": "Petition for review of a decision of the Court of Appeals, No. 72562-9-I, September 28, 2015, 190 Wn. App. 1020. Denied April 27, 2016.",
        "type": "majority",
        "author": null
      }
    ],
    "attorneys": [],
    "corrections": "",
    "head_matter": "In re Marriage of Mekuria,\nNo. 92564-0."
  },
  "file_name": "1020-02",
  "first_page_order": 972,
  "last_page_order": 972
}
