{
  "id": 12457016,
  "name": "State, Respondent, v. Robles, Petitioner",
  "name_abbreviation": "State v. Robles",
  "decision_date": "2016-04-27",
  "docket_number": "No. 92586-1",
  "first_page": "1021",
  "last_page": "1021",
  "citations": [
    {
      "type": "official",
      "cite": "185 Wash. 2d 1021"
    }
  ],
  "court": {
    "name_abbreviation": "Wash.",
    "id": 9029,
    "name": "Washington Supreme Court"
  },
  "jurisdiction": {
    "id": 38,
    "name_long": "Washington",
    "name": "Wash."
  },
  "cites_to": [
    {
      "cite": "191 Wn. App. 1011",
      "category": "reporters:state",
      "reporter": "Wash. App.",
      "case_ids": [
        12461020,
        12461021,
        12461022
      ],
      "opinion_index": 0,
      "case_paths": [
        "/wash-app/191/1011-01",
        "/wash-app/191/1011-02",
        "/wash-app/191/1011-03"
      ]
    }
  ],
  "analysis": {
    "cardinality": 28,
    "char_count": 189,
    "ocr_confidence": 0.877,
    "sha256": "8a8520d3232232fe01c93ba0e8a5acc9d5e3673de0c015f491f4210f8aa863ab",
    "simhash": "1:8491c49a7cc94d61",
    "word_count": 31
  },
  "last_updated": "2024-02-28T00:06:59.447104+00:00",
  "provenance": {
    "date_added": "2019-05-22",
    "source": "Harvard",
    "batch": "2018"
  },
  "casebody": {
    "judges": [],
    "parties": [
      "State, Respondent, v. Robles, Petitioner,"
    ],
    "opinions": [
      {
        "text": "Petition for review of a decision of the Court of Appeals, No. 73934-4-I, November 9, 2015, 191 Wn. App. 1011. Denied April 27, 2016.",
        "type": "majority",
        "author": null
      }
    ],
    "attorneys": [],
    "corrections": "",
    "head_matter": "State, Respondent, v. Robles, Petitioner,\nNo. 92586-1."
  },
  "file_name": "1021-03",
  "first_page_order": 973,
  "last_page_order": 973
}
