{
  "id": 12457031,
  "name": "Goodeill, Respondent, v. Madison Real Estate, Petitioner",
  "name_abbreviation": "Goodeill v. Madison Real Estate",
  "decision_date": "2016-04-27",
  "docket_number": "No. 92647-6",
  "first_page": "1023",
  "last_page": "1023",
  "citations": [
    {
      "type": "official",
      "cite": "185 Wash. 2d 1023"
    }
  ],
  "court": {
    "name_abbreviation": "Wash.",
    "id": 9029,
    "name": "Washington Supreme Court"
  },
  "jurisdiction": {
    "id": 38,
    "name_long": "Washington",
    "name": "Wash."
  },
  "cites_to": [
    {
      "cite": "191 Wn. App. 88",
      "category": "reporters:state",
      "reporter": "Wash. App.",
      "case_ids": [
        12460941
      ],
      "opinion_index": 0,
      "case_paths": [
        "/wash-app/191/0088-01"
      ]
    }
  ],
  "analysis": {
    "cardinality": 30,
    "char_count": 205,
    "ocr_confidence": 0.882,
    "pagerank": {
      "raw": 4.03580807328026e-08,
      "percentile": 0.25741771045338935
    },
    "sha256": "b72b1617114f70a6d7cf7c1ea44d0c2463eb632fe95007cd0b9babacc7fc749b",
    "simhash": "1:4069d6aa7c806544",
    "word_count": 33
  },
  "last_updated": "2024-02-28T00:06:59.447104+00:00",
  "provenance": {
    "date_added": "2019-05-22",
    "source": "Harvard",
    "batch": "2018"
  },
  "casebody": {
    "judges": [],
    "parties": [
      "Goodeill, Respondent, v. Madison Real Estate, Petitioner,"
    ],
    "opinions": [
      {
        "text": "Petition for review of a decision of the Court of Appeals, No. 32442-7-III, November 3, 2015, 191 Wn. App. 88. Denied April 27, 2016.",
        "type": "majority",
        "author": null
      }
    ],
    "attorneys": [],
    "corrections": "",
    "head_matter": "Goodeill, Respondent, v. Madison Real Estate, Petitioner,\nNo. 92647-6."
  },
  "file_name": "1023-02",
  "first_page_order": 975,
  "last_page_order": 975
}
