{
  "id": 12457100,
  "name": "State, Respondent, v. Harris, Petitioner",
  "name_abbreviation": "State v. Harris",
  "decision_date": "2016-06-01",
  "docket_number": "No. 92758-8",
  "first_page": "1032",
  "last_page": "1032",
  "citations": [
    {
      "type": "official",
      "cite": "185 Wash. 2d 1032"
    }
  ],
  "court": {
    "name_abbreviation": "Wash.",
    "id": 9029,
    "name": "Washington Supreme Court"
  },
  "jurisdiction": {
    "id": 38,
    "name_long": "Washington",
    "name": "Wash."
  },
  "cites_to": [],
  "analysis": {
    "cardinality": 24,
    "char_count": 170,
    "ocr_confidence": 0.891,
    "sha256": "3608df5c052a8301ec29af4270458d3711ae3814e76ff411562a38cc9652e911",
    "simhash": "1:04f8ce87550d46b5",
    "word_count": 27
  },
  "last_updated": "2023-07-14T23:00:48.670033+00:00",
  "provenance": {
    "date_added": "2019-05-22",
    "source": "Harvard",
    "batch": "2018"
  },
  "casebody": {
    "judges": [],
    "parties": [
      "State, Respondent, v. Harris, Petitioner,"
    ],
    "opinions": [
      {
        "text": "Petition for review of a decision of the Court of Appeals, No. 46629-5-II, December 14, 2015. Denied June 1, 2016.",
        "type": "majority",
        "author": null
      }
    ],
    "attorneys": [],
    "corrections": "",
    "head_matter": "State, Respondent, v. Harris, Petitioner,\nNo. 92758-8."
  },
  "file_name": "1032-02",
  "first_page_order": 984,
  "last_page_order": 984
}
