{
  "id": 12457105,
  "name": "State, Respondent, v. Houston-Sconiers et al., Petitioners",
  "name_abbreviation": "State v. Houston-Sconiers",
  "decision_date": "2016-06-29",
  "docket_number": "No. 92605-1",
  "first_page": "1032",
  "last_page": "1032",
  "citations": [
    {
      "type": "official",
      "cite": "185 Wash. 2d 1032"
    }
  ],
  "court": {
    "name_abbreviation": "Wash.",
    "id": 9029,
    "name": "Washington Supreme Court"
  },
  "jurisdiction": {
    "id": 38,
    "name_long": "Washington",
    "name": "Wash."
  },
  "cites_to": [
    {
      "cite": "191 Wn. App. 436",
      "category": "reporters:state",
      "reporter": "Wash. App.",
      "case_ids": [
        12460958
      ],
      "opinion_index": 0,
      "case_paths": [
        "/wash-app/191/0436-01"
      ]
    }
  ],
  "analysis": {
    "cardinality": 34,
    "char_count": 238,
    "ocr_confidence": 0.868,
    "pagerank": {
      "raw": 4.03580807328026e-08,
      "percentile": 0.2574229231125058
    },
    "sha256": "4b29f5734996e5ee7a51dc270cd30bc9e53e66502316673a3c5428a0dc772f4d",
    "simhash": "1:85a86c98edf96dfd",
    "word_count": 36
  },
  "last_updated": "2024-02-28T00:06:59.447104+00:00",
  "provenance": {
    "date_added": "2019-05-22",
    "source": "Harvard",
    "batch": "2018"
  },
  "casebody": {
    "judges": [],
    "parties": [
      "State, Respondent, v. Houston-Sconiers et al., Petitioners,"
    ],
    "opinions": [
      {
        "text": "Petitions for review of a decision of the Court of Appeals, Nos. 45374-6-II, 47085-3-II, and 45414-9-II, November 24, 2015, 191 Wn. App. 436. Granted June 29, 2016.",
        "type": "majority",
        "author": null
      }
    ],
    "attorneys": [],
    "corrections": "",
    "head_matter": "State, Respondent, v. Houston-Sconiers et al., Petitioners,\nNo. 92605-1."
  },
  "file_name": "1032-07",
  "first_page_order": 984,
  "last_page_order": 984
}
