{
  "id": 12457106,
  "name": "State, Respondent, v. Highsmith, Petitioner",
  "name_abbreviation": "State v. Highsmith",
  "decision_date": "2016-06-29",
  "docket_number": "No. 92827-4",
  "first_page": "1033",
  "last_page": "1033",
  "citations": [
    {
      "type": "official",
      "cite": "185 Wash. 2d 1033"
    }
  ],
  "court": {
    "name_abbreviation": "Wash.",
    "id": 9029,
    "name": "Washington Supreme Court"
  },
  "jurisdiction": {
    "id": 38,
    "name_long": "Washington",
    "name": "Wash."
  },
  "cites_to": [
    {
      "cite": "192 Wn. App. 1022",
      "category": "reporters:state",
      "reporter": "Wash. App.",
      "case_ids": [
        12456179,
        12456180,
        12456181
      ],
      "opinion_index": 0,
      "case_paths": [
        "/wash-app/192/1022-01",
        "/wash-app/192/1022-02",
        "/wash-app/192/1022-03"
      ]
    }
  ],
  "analysis": {
    "cardinality": 34,
    "char_count": 248,
    "ocr_confidence": 0.853,
    "sha256": "4b6253a94baa3c2d131ac411dc0aeccee47a796a8672ce70e41f33a411023285",
    "simhash": "1:0511ce351dc323e1",
    "word_count": 41
  },
  "last_updated": "2024-02-28T00:06:59.447104+00:00",
  "provenance": {
    "date_added": "2019-05-22",
    "source": "Harvard",
    "batch": "2018"
  },
  "casebody": {
    "judges": [],
    "parties": [
      "State, Respondent, v. Highsmith, Petitioner,"
    ],
    "opinions": [
      {
        "text": "Petition for review of a decision of the Court of Appeals, No. 46382-2-II, January 19, 2016, 192 Wn. App. 1022. Granted on a specific issue and remanded to the superior court June 29, 2016.",
        "type": "majority",
        "author": null
      }
    ],
    "attorneys": [],
    "corrections": "",
    "head_matter": "State, Respondent, v. Highsmith, Petitioner,\nNo. 92827-4."
  },
  "file_name": "1033-01",
  "first_page_order": 985,
  "last_page_order": 985
}
