{
  "id": 12457124,
  "name": "State, Respondent, v. Bakke, Petitioner",
  "name_abbreviation": "State v. Bakke",
  "decision_date": "2016-06-29",
  "docket_number": "No. 92831-2",
  "first_page": "1035",
  "last_page": "1035",
  "citations": [
    {
      "type": "official",
      "cite": "185 Wash. 2d 1035"
    }
  ],
  "court": {
    "name_abbreviation": "Wash.",
    "id": 9029,
    "name": "Washington Supreme Court"
  },
  "jurisdiction": {
    "id": 38,
    "name_long": "Washington",
    "name": "Wash."
  },
  "cites_to": [
    {
      "cite": "192 Wn. App. 1037",
      "category": "reporters:state",
      "reporter": "Wash. App.",
      "case_ids": [
        12456234,
        12456235,
        12456236,
        12456237
      ],
      "opinion_index": 0,
      "case_paths": [
        "/wash-app/192/1037-01",
        "/wash-app/192/1037-02",
        "/wash-app/192/1037-03",
        "/wash-app/192/1037-04"
      ]
    }
  ],
  "analysis": {
    "cardinality": 27,
    "char_count": 188,
    "ocr_confidence": 0.867,
    "sha256": "a2545b12dfd50aafd27c768d6bea4de4b7128d0bcdee2dd6796622dc48fa6bfa",
    "simhash": "1:11d9629b79c552b4",
    "word_count": 31
  },
  "last_updated": "2024-02-28T00:06:59.447104+00:00",
  "provenance": {
    "date_added": "2019-05-22",
    "source": "Harvard",
    "batch": "2018"
  },
  "casebody": {
    "judges": [],
    "parties": [
      "State, Respondent, v. Bakke, Petitioner,"
    ],
    "opinions": [
      {
        "text": "Petition for review of a decision of the Court of Appeals, No. 46696-1-II, February 9, 2016, 192 Wn. App. 1037. Denied June 29, 2016.",
        "type": "majority",
        "author": null
      }
    ],
    "attorneys": [],
    "corrections": "",
    "head_matter": "State, Respondent, v. Bakke, Petitioner,\nNo. 92831-2."
  },
  "file_name": "1035-04",
  "first_page_order": 987,
  "last_page_order": 987
}
