{
  "id": 12457165,
  "name": "Faciszewski et al., Respondents, v. Brown et al., Petitioners",
  "name_abbreviation": "Faciszewski v. Brown",
  "decision_date": "2016-08-03",
  "docket_number": "No. 92978-5",
  "first_page": "1040",
  "last_page": "1040",
  "citations": [
    {
      "type": "official",
      "cite": "185 Wash. 2d 1040"
    }
  ],
  "court": {
    "name_abbreviation": "Wash.",
    "id": 9029,
    "name": "Washington Supreme Court"
  },
  "jurisdiction": {
    "id": 38,
    "name_long": "Washington",
    "name": "Wash."
  },
  "cites_to": [
    {
      "cite": "192 Wn. App. 441",
      "category": "reporters:state",
      "reporter": "Wash. App.",
      "case_ids": [
        12456068
      ],
      "opinion_index": 0,
      "case_paths": [
        "/wash-app/192/0441-01"
      ]
    }
  ],
  "analysis": {
    "cardinality": 32,
    "char_count": 230,
    "ocr_confidence": 0.856,
    "pagerank": {
      "raw": 4.03580807328026e-08,
      "percentile": 0.2574260120956859
    },
    "sha256": "5de164f6936bf4a89cefe2cd037b0dbd8d0fd6a5cacface3f4dc30e1d8b5a627",
    "simhash": "1:0d917a0979406509",
    "word_count": 39
  },
  "last_updated": "2024-02-28T00:06:59.447104+00:00",
  "provenance": {
    "date_added": "2019-05-22",
    "source": "Harvard",
    "batch": "2018"
  },
  "casebody": {
    "judges": [],
    "parties": [
      "Faciszewski et al., Respondents, v. Brown et al., Petitioners,"
    ],
    "opinions": [
      {
        "text": "Petition for review of a decision of the Court of Appeals, No. 72611-1-I, February 1, 2016, 192 Wn. App. 441. Granted on a specific issue August 3, 2016.",
        "type": "majority",
        "author": null
      }
    ],
    "attorneys": [],
    "corrections": "",
    "head_matter": "Faciszewski et al., Respondents, v. Brown et al., Petitioners,\nNo. 92978-5."
  },
  "file_name": "1040-05",
  "first_page_order": 992,
  "last_page_order": 992
}
