{
  "id": 12457174,
  "name": "State, Respondent, v. Bardwell, Petitioner",
  "name_abbreviation": "State v. Bardwell",
  "decision_date": "2016-08-03",
  "docket_number": "No. 92968-8",
  "first_page": "1041",
  "last_page": "1041",
  "citations": [
    {
      "type": "official",
      "cite": "185 Wash. 2d 1041"
    }
  ],
  "court": {
    "name_abbreviation": "Wash.",
    "id": 9029,
    "name": "Washington Supreme Court"
  },
  "jurisdiction": {
    "id": 38,
    "name_long": "Washington",
    "name": "Wash."
  },
  "cites_to": [
    {
      "cite": "192 Wn. App. 1033",
      "category": "reporters:state",
      "reporter": "Wash. App.",
      "case_ids": [
        12456219,
        12456220,
        12456221,
        12456222
      ],
      "opinion_index": 0,
      "case_paths": [
        "/wash-app/192/1033-01",
        "/wash-app/192/1033-02",
        "/wash-app/192/1033-03",
        "/wash-app/192/1033-04"
      ]
    }
  ],
  "analysis": {
    "cardinality": 27,
    "char_count": 191,
    "ocr_confidence": 0.841,
    "sha256": "71f92d83e81e7624c354638bf1001499b74d65ba9a079fd38695a42befe176ee",
    "simhash": "1:8a5946193843c2ee",
    "word_count": 31
  },
  "last_updated": "2024-02-28T00:06:59.447104+00:00",
  "provenance": {
    "date_added": "2019-05-22",
    "source": "Harvard",
    "batch": "2018"
  },
  "casebody": {
    "judges": [],
    "parties": [
      "State, Respondent, v. Bardwell, Petitioner,"
    ],
    "opinions": [
      {
        "text": "Petition for review of a decision of the Court of Appeals, No. 72356-1-1, February 8, 2016, 192 Wn. App. 1033. Denied August 3, 2016.",
        "type": "majority",
        "author": null
      }
    ],
    "attorneys": [],
    "corrections": "",
    "head_matter": "State, Respondent, v. Bardwell, Petitioner,\nNo. 92968-8."
  },
  "file_name": "1041-06",
  "first_page_order": 993,
  "last_page_order": 993
}
