{
  "id": 12457185,
  "name": "Potelco, Inc., Petitioner, v. Dep't of Labor & Indus., Respondent",
  "name_abbreviation": "Potelco, Inc. v. Dep't of Labor & Indus.",
  "decision_date": "2016-08-03",
  "docket_number": "No. 92998-0",
  "first_page": "1043",
  "last_page": "1043",
  "citations": [
    {
      "type": "official",
      "cite": "185 Wash. 2d 1043"
    }
  ],
  "court": {
    "name_abbreviation": "Wash.",
    "id": 9029,
    "name": "Washington Supreme Court"
  },
  "jurisdiction": {
    "id": 38,
    "name_long": "Washington",
    "name": "Wash."
  },
  "cites_to": [
    {
      "cite": "192 Wn. App. 1065",
      "category": "reporters:state",
      "reporter": "Wash. App.",
      "case_ids": [
        12456344,
        12456341,
        12456342,
        12456343
      ],
      "opinion_index": 0,
      "case_paths": [
        "/wash-app/192/1065-04",
        "/wash-app/192/1065-01",
        "/wash-app/192/1065-02",
        "/wash-app/192/1065-03"
      ]
    }
  ],
  "analysis": {
    "cardinality": 30,
    "char_count": 211,
    "ocr_confidence": 0.844,
    "sha256": "f4063afac615f545489d33426e6d265e031a873946393097d296c3993359085c",
    "simhash": "1:c299527e716fe62d",
    "word_count": 35
  },
  "last_updated": "2024-02-28T00:06:59.447104+00:00",
  "provenance": {
    "date_added": "2019-05-22",
    "source": "Harvard",
    "batch": "2018"
  },
  "casebody": {
    "judges": [],
    "parties": [
      "Potelco, Inc., Petitioner, v. Dep\u2019t of Labor & Indus., Respondent,"
    ],
    "opinions": [
      {
        "text": "Petition for review of a decision of the Court of Appeals, No. 73735-0-I, March 7, 2016, 192 Wn. App. 1065. Denied August 3, 2016.",
        "type": "majority",
        "author": null
      }
    ],
    "attorneys": [],
    "corrections": "",
    "head_matter": "Potelco, Inc., Petitioner, v. Dep\u2019t of Labor & Indus., Respondent,\nNo. 92998-0."
  },
  "file_name": "1043-01",
  "first_page_order": 995,
  "last_page_order": 995
}
