{
  "id": 8727493,
  "name": "Newton Ex'r vs. Cocke Ex'r",
  "name_abbreviation": "Newton v. Cocke",
  "decision_date": "1849-07",
  "docket_number": "",
  "first_page": "169",
  "last_page": "177",
  "citations": [
    {
      "type": "official",
      "cite": "10 Ark. 169"
    }
  ],
  "court": {
    "name_abbreviation": "Ark.",
    "id": 8808,
    "name": "Arkansas Supreme Court"
  },
  "jurisdiction": {
    "id": 34,
    "name_long": "Arkansas",
    "name": "Ark."
  },
  "cites_to": [
    {
      "cite": "10 Wend. 75",
      "category": "reporters:state",
      "reporter": "Wend.",
      "case_ids": [
        2012862
      ],
      "opinion_index": -1,
      "case_paths": [
        "/wend/10/0075-01"
      ]
    },
    {
      "cite": "3 Bibb. 371",
      "category": "reporters:state",
      "reporter": "Bibb",
      "case_ids": [
        6405177
      ],
      "opinion_index": -1,
      "case_paths": [
        "/ky/6/0371-01"
      ]
    },
    {
      "cite": "2 Marsh. 609",
      "category": "reporters:state",
      "reporter": "Marsh.",
      "opinion_index": -1
    },
    {
      "cite": "1 Rawle 386",
      "category": "reporters:state",
      "reporter": "Rawle",
      "case_ids": [
        1819227
      ],
      "opinion_index": -1,
      "case_paths": [
        "/rawle/1/0386-01"
      ]
    },
    {
      "cite": "2 Blackf. 82",
      "category": "reporters:state",
      "reporter": "Blackf.",
      "case_ids": [
        1385324
      ],
      "opinion_index": -1,
      "case_paths": [
        "/blackf/2/0082-01"
      ]
    },
    {
      "cite": "3 Dana Rep. 497",
      "category": "reporters:state",
      "reporter": "Dana",
      "opinion_index": -1
    },
    {
      "cite": "4 Wend. 482",
      "category": "reporters:state",
      "reporter": "Wend.",
      "opinion_index": -1
    },
    {
      "cite": "2 Conn. 18",
      "category": "reporters:state",
      "reporter": "Conn.",
      "case_ids": [
        6753967
      ],
      "opinion_index": -1,
      "case_paths": [
        "/conn/2/0018-01"
      ]
    },
    {
      "cite": "8 Mass. 99",
      "category": "reporters:state",
      "reporter": "Mass.",
      "case_ids": [
        2028486
      ],
      "weight": 2,
      "opinion_index": -1,
      "case_paths": [
        "/mass/8/0086-01"
      ]
    },
    {
      "cite": "4 Conn. Rep. 517",
      "category": "reporters:state",
      "reporter": "Conn.",
      "case_ids": [
        12134077
      ],
      "opinion_index": -1,
      "case_paths": [
        "/conn/4/0517-01"
      ]
    },
    {
      "cite": "9 Pick. 112",
      "category": "reporters:state",
      "reporter": "Pick.",
      "case_ids": [
        2058482
      ],
      "opinion_index": -1,
      "case_paths": [
        "/mass/26/0113-01"
      ]
    },
    {
      "cite": "6 Pet. Rep. 673",
      "category": "reporters:scotus_early",
      "reporter": "Pet.",
      "opinion_index": -1
    },
    {
      "cite": "3 Mass. 314",
      "category": "reporters:state",
      "reporter": "Mass.",
      "opinion_index": -1
    },
    {
      "cite": "5 Ark. 140",
      "category": "reporters:state",
      "reporter": "Ark.",
      "case_ids": [
        8726631
      ],
      "opinion_index": 0,
      "case_paths": [
        "/ark/5/0140-01"
      ]
    }
  ],
  "analysis": {
    "cardinality": 801,
    "char_count": 18902,
    "ocr_confidence": 0.465,
    "pagerank": {
      "raw": 1.2087471711204354e-07,
      "percentile": 0.5953837463110784
    },
    "sha256": "5a94c4e608ccc929b155552e75814325bce159b1482a7cb9064a34a5810edf8d",
    "simhash": "1:22670798ffa60898",
    "word_count": 3405
  },
  "last_updated": "2024-02-27T20:48:31.121532+00:00",
  "provenance": {
    "date_added": "2019-08-29",
    "source": "Harvard",
    "batch": "2018"
  },
  "casebody": {
    "judges": [],
    "parties": [
      "Newton Ex\u2019r vs. Cocke Ex\u2019r."
    ],
    "opinions": [
      {
        "text": "Mr. Justice Scott\ndelivered the opinion of the court.\nTo support the issue on the plea of ne unques executor, it was incumbent on the plaintiff below to prove his title to sue as Executor. And to do this he read in evidence a certified copy of the last will and testament of John Pope, deceased, appointing him and Daniel Ringo executors, and also read (whether as an original paper or copy does not appear) a writing which is as follows, to wit:\n\u201cWashington County Court,! August Term, 1845. )\nThis last will and testament was produced in Court together with codicils thereto annexed; the will was proven by the oaths of Hugh McElroy, James B. Plughes and Richard J. Brown, the first codicil proven by the oath of R. J. Brown, and the second by the oaths of James B. Hughes and Hugh McElroy, and thereupon ordered to record, which is dun in Will Bk. H.\nGiven under my hand this 25th day of August, 1845.\nW. B. BOOKER, Clerk.\u201d\nThis writing followed next after the copy of the will, and then followed a certificate \u201cthat the above and foregoing six pages contained a true copy of the last will and testament of John Pope, deceased,\u201d over the hand of the clerk and the seal of the county court. And he then proved by Daniel Ringo, one of the executors named in the will, that he had never qualified, or in any manner acted, under this appointment, but offered no further testimony.\nThe first question that we have to examine is, whether or not this was sufficient proof to establish the plaintiff\u2019s representative character. And as this is a case of a foreign executor, deriving his authority from Kentucky, and suing in a court of this State under authority of our statute, this question must be determined by the laws of Kentucky, of whose local laws we have no judicial knowledge beyond this, that hers and ours were derived from a common source, incident to our common origin \u2014 the common law of England, including such of the canon law as had been infused into it by immemorial usage or recognized in our tribunals of justice at the time of our revolution. (Goodwin vs. Griffin, 3 Stewart's R. 166. Meines vs. Bank of Georgia, 2 Ala. R. (N. S.) 294. Sheperd vs. Nabers, 6 Ala. R. 631.) And in the absence of any proof to the contrary, we must presume that that body of laws without any modifications other than such as was-produced by our revolution, and by our political institutions in general, still prevail in that State. Such modifications as may have been made by her legislative acts cannot be judicially known to us, and must be shown by proof; and for this our statute of evidence has made convenient provision. (Digest 490, Sec. 2.) Then we have to look to this source for the solution o\u00ed the question we are now to examine.\nWhen this case was before this court at the January term, 1846, (1 Eng. 404,) it was held that an executor could not -declare before the probate of the will. There seem to have been but two forms of probate known to the laws of England. The one, the common form, where the executor named in the will, without notice to the parties in. interest, went forward with a witness and propounded it, there being no objection made. The other, the solemn form, where the executor gave notice to all the parties in interest, propounded it, and established by the witness. In this State we have adopted the common form subject to the solemn form at any time in five years at the instance of any party in interest. In England, previously to the granting of probate of a will, it was required of the executor to swear \u201cthat the writing contains the true last will and testament of the deceased so far as the deponent knows or believes, and that he will truly perform the same,\u201d &c. (Toller on Executors 58.) And \u201cif the executor be infirm, or live at a distance, it was usual to grant a commission or requisition to the Archbishop or Bishop of England or Ireland, (as the case might be,) or if in Scotland, the West Indies, or other foreign parts, to a magistrate or other competent authority to administer the oath to be taken previous to the granting probate of the will.\u201d (Toller on Executors 65, sec. 8.) And in Williams on Executors 201, when remarking on the manner of obtaining probate, it is said: \u201cThe person alone by whom a testament can be proven, is the executor named in the will, whom the ordinary or other person having authority for the probate of testaments, may cite, to the intent to prove the testament and take on himself the execution thereof or else refuse the same.\u201d And in 1 Salkeld 300 it is said that the reason why an executor of an executor, who has died before obtaining probate of the will, cannot be the executor of the first testator, as he would be in case the first executor had obtained the probate, is that no one except the executor named in a will can obtain its probate. And in 3 Salkeld (Evidence 153) it is said \u201c upon an issue joined, whether executor or not, the plaintiff, to prove himself executor, produces the probate of the will. The defendant may plead that the seal was forged, or that there was a repeal, or. that the testator had bona notabilia, but he cannot give in evidence that this was not his will, or that another is executor, or that the testator was non compos, because the ordinary is judge of these things, and his acts are conclusive, and the party is estopped to falsify them, as he would do if this should be admitted to be evidence.\u201d And, in 1 Phillips Ev. 344, it is said: \u201c A- probate is the only legitimate evidence of personal prop\u00e9rty being vested in an executor, or of the appointment of tbe executor and, in 2 Greenleaf Ev., sec. 339, it is said: \u201c The probate itself is the only legitimate ground of the executor\u2019s right to sue for the personalty, and it is conclusive evidence of his appointment and of the contents of the willand, in Toller on Ex. 75, Sec. 10, it is said : \u201c The probate thus passed, although it does not confer, yet authenticates the right of the executor, for courts of law and equity take no judicial notice of any executor until he has proved the will.\u201d In the case of Cox vs. Allingham, Eng. Cond. Ch. Rep. 242, Jacobs 514, where the question was whether the Book of Acts from Doctors\u2019 Common could be read in evidence to prove the probate of the will without first accounting for the non-production of the certificate of probate, the Master of the Rolls says: \u201c In the cases cited from Levinz it is said that title was made to a term as administrator, but no letters of administration were produced. It does not say they were lost; and the book of the ecclesiastical court was received. That case is in point. The book produced was like this; the one in which the grant was entered. It cannot possibly make any difference whether it is the case of an executor or administrator, for all that is wanted in either cas\u00e9 is to show that the ecclesiastical court gave authority to the person in question to administer.\u201d\nAnd the form in which the entry of the grant of probate or administration was made will appear from the following extract from the registry of the prerogative court of Canterbery made when administration was granted on the estate of Sir Edward Williams in October, 1804: \u201cAdministration of the' goods and chattels and credits of Sir Edward Williams, Bart., late of Lang-ford Castle in the county of Brecon and of Clifton in the county of Gloucester, deceased, was granted to Dame Elizabeth Williams widow, the relict of the said deceased, having been first sworn by commissioners duly to administer.\u201d And the substance of the certificate of probate of a will and testament will appear from the following remarks of the Master of Rolls in the case of Cox vs. Allingham, before cited, that is to say, \u201cThe thing, which is required to be proven, is to whom the ecclesiastical court has granted the power of administering the property. The ordinary evidence is the probate which is a copy of the will with a certificate under seal of the court that probate has been granted to the executor.\u201d\nWe have thus thrown together all these authorities without remark, they being perhaps their own best expositors. And in their light it seems manifest that the probate of a will and testament in the ecclesiastical courts was far more than the mere proof of its execution by the testator. For it was not only a judicial ascertainment of the authenticity of the will, but it was at the same time both an authentication of the right of 'the executor to administer and also a grant to him of further authority in the administration of the estate, while at the same time it created the only evidence that either a court of law or equity would recognize to prove his representative character, when that had to be shown or was called in question in either of these coutts. And the mode of proof was either by a certified copy of the will accompanied with a certificate under the seal of the court that probate thereof had been granted to him, which\u2019 was the usual mode, or else the Book of Acts itself was produced, from which the entry of the grant of probate to-him was read as evidence. In either form however the thing to be proven was the act of the ecclesiastical court by and through which the probate of the will had been granted to him.\nIn this country where an oath of office and the giving of bonds are made essential by statute to his right to act, those also must be proven. 2 Greenl. Ev. 339. In England the oath of office was administered as the first step in procuring probate or administrar tion and was therefore included in it.\nNow in the case before us, if the evidence offered was really any evidence at all, it fell far short of proving that the probate of the will in question had ever been granted to any one. If it proved any thing it was only that the authenticity of the will had been proven sufficiently to the satisfaction of the court in Kentucky to produce an act of that court ordering it to record, but it proved no act granting its probate to any one. There was clear ly then no evidence before the court below of the representative character of the plaintiff in which he sued.\nThe testimony of Daniel Ringo was improperly admitted. It was clearly incompetent as all the authorities show. In 1 Williams' Ex. 166, that author says \u201cwith regard to the mode of refusal by the executor it is laid down that the refusal cannot be verbal, but it must be by some act entered or recorded in the spiritual courts, and therefore must be done before some judge spiritual, and not before the neighbors in the country:\u201d and to the same effect is Toller on Ex\u2019rs. 40. This, however, is not the uniform rule in all the States of this Union. In Virginia it may be evidenced by acts in pais, or presumed from circumstances, and need not, as in England, be matter of record. 3 Mun. 345. 4 Mun. 322. The most usual mode however in that State is either by refusal in court or by writing which is proven in court and recorded. 1 Tucker's Lec. 394.\nAs to striking out the 3d and 4th pleas of the defendant, there was no error: they both present matter in abatement, and were out of time. Sillivant & Thorn vs. Reardon, 5 Ark. 140, and other cases in this court since decided.\nBut as there was no sufficient evidence before the court below sitting as a jury to establish the representative character of the plaintiff below, and as incompetent testimony was admitted on the part of the plaintiff below, over the objection of the defendant below, a new trial ought to have been granted on the motion of the defendant below; and as the overruling of this motion was therefore error, the judgment of the court below must be reversed and the cause remanded.\nRingo & Trapnall, for deft., filed a petition for reconsideration, which, by Johnson, C. J. & Walker, J., was overruled.",
        "type": "majority",
        "author": "Mr. Justice Scott"
      }
    ],
    "attorneys": [
      "Watkins & Ctjeean, for the plaintiff."
    ],
    "corrections": "",
    "head_matter": "Newton Ex\u2019r vs. Cocke Ex\u2019r.\nWhere an executor, appointed in another State, sues in this State \u2014 by virtue of our special statute granting such right \u2014 questions as to the sufficiency of his authority, arising under the plea of roe unqu.es executor, must be determined by the laws of the State in which he claims to hare been appointed.\nThe courts of this State have no judicial knowledge of the local laws of Kentucky, other than that hers and ours were derived from a common source, incident to a common origin \u2014 the common law of England including such of the canon law as had been infused into it by immemorial usage, or recognized in the American courts at the time of the revolution \u2014 In the absence of proof to the contrary, the courts of this State will presume that that body of laws, without any modification other than such as was produced by the revolution and our political institutions in general, still prevail in that State. Such modifications as' may have been made by her legislative acts, cannot he judicially noticed here, but must be shown by proof.\nThe probate of a will in the English ecclesiastical courts was something more than mere proof of its execution. It also constituted the grant of authority for an executor to act, and was the only evidence of his representative character; therefore proof that a will had been proven and admitted to record in Kentucky, without showing that probate had been granted to any one, is not sufficient where the representative character of an executor is called in question.\nWhere there are two or more executors named, the renunciation or refusal of one to join or take upon himself the execution of a will, cannot be evidenced by acts in pais, but must be shown by matter of record.\nThe non-joinder of a co-executor as plaintiff, is matter in abatement, and cannot be pleaded in bar.\nThe failure of an executor appointed in another State to file a bond for cost in an abtion brought by him in this State, should be pleaded in abatement.\nWrit of Error to Pulaski Circuit Court.\nThis was an action of debt brought in the Pulaski Circuit Court by John W. Cocke, as executor of John Pope, deceased, against Ebenezer Walters, founded upon a writing obligatory executed by defendant to plaintiff\u2019s testator. In December, 1845, a demurrer was sustained to the declaration, plaintiff brought error, and this court reversed the judgment of the Circuit Court. See Coche, Ex\u2019r of Pope vs. Walters, 1 Eng. R. 404.\nAfter the cause was remanded (at May term, 1846) the defendant craved oyer of plaintiff\u2019s letters testamentary, and plaintiff, as grant of oyer, filed a copy of the will of John Pope, with the certificate of probate thereon, (copied in the opinion of this court,)- authenticated by the certificates of the clerk and presiding judge of the county court of Washington county, in the State of Kentucky, where the will was probated.\nDefendant then moved the court for a rule upon plaintiff requiring him to grant oyer of the letters testamentary mentioned in the declaration, which motion the court, overruled.\nAfter demurrer to declaration overruled, defendant filed four pleas:\n1. Payment.\n2. That John W. Cocke was not, nor ever had been, executor of the last will, &c., of said John Pope, deceased, in manner and form as alleged, &c.\n3. That said Cocke and one Daniel Ringo were jointly executors of the last will, &c., of said Rope, abscjue hoc that Cocke was sole executor, &c.\n4. Protesting that Cocke was not executor of Pope, nevertheless that his authority to sue as such, was conferred by, and he was appointed and qualified as such executor under, the laws of the State of Kentucky, and not by or under the laws of Arkansas, and that no bond for the costs of this suit was filed before its institution, as required by law, &c.\nTo the first and second pleas plaintiff replied, and defendant took issue. Plaintiff moved to strike from the record the third and fourth pleas, on thee grounds that' they presented matter in abatement, which was waived by the pleas in bar, the court sustained the motion, and defendant excepted.\nThe issues to the first and second pleas were submitted to the court sitting as a jury, and finding and judgment for plaintiff for $5,350 debt, and $772 77 damages. Defendant moved for a new trial on the grounds that the court, against the objections of defendant, permitted the plaintiff to introduce, under the plea of ne tinques executor, a copy of the will of Pope, with the testimony of Daniel Ringo, as sufficient proof to maintain the action upon that issue; and that the verdict was contrary to law and evidence, &e. The court overruled the motion, and defendant excepted and set out the evidence, &c.\nFrom the bill of exceptions it appears that plaintiff offered in evidence the\u2019 certified copy of the will of Pope, with the certificate of probate thereon, above referred to, and, in connection therewith, proved, by Daniel Ringo, one of the persons named in said will as executor with Cocke, that he had never qualified, or in any manner acted under said appointment, to which evidence the defendant objected, and moved the court to exclude the same, but the court permitted said testimony to be given in evidence. This, with the instrument sued on, and proof of some payments made by defendant, was all the evidence.\nThe cause was determined before the Hon. John J. Clendenin, then one of the circuit judges.\nDefendant brought error; his death was afterwards suggested in this court, and Newton, his executor, made party.\nWatkins & Ctjeean, for the plaintiff.\nA foreign executor would have no authority to sue, or do any act in his representative character, in this State, except by special statute. (Doe vs. McFarland. 3 Cond. Rep. 317. 1 ib. 310. Chaplin's ex. vs. Tilley et ah, $ Day's Ch. R. 303. 4 Mason C. C. R. 16. Toller\u2019s Law of Executors 71-72. 3 Mass. 314. 11 ib. 257. 9 ib. 337. 1 Pick. R. 82.) He must comply with the provisions of the Statute before he can sue; and as there is a proviso in the Statute {Dig. Ch. 7, Sec. 2,) that he shall execute a bond, as other non-residents, the failure to do so may be pleaded in bar.\nThe mere appointment of an executor, in this State, does not authorize him to sue as such; he must obtain letters testamentary from the Probate Court. If the law of Kentucky is different, the plaintiff below should have proved it: for the courts of this State are not bound, ex officio, to take notice of the laws of another State. Strother vs. Lucas, 6 Pet. Rep. 673. 1 Bald. C. C. Rep. 615. 9 Pick. 112. 3 ib.. 293.- 4 Conn. Rep. 517. 1 John. Gas. 238. 8 Mass. 99. 2 Conn. 18. 4 Wend. 482. 2 ib. 64. 6 Cowan 14. 5 Yerger 396. 3 Dana Rep. 497. 2 Blackf. 82. 1 Rawle 386. 2 Marsh. 609. 3 Bibb. 371. 5 Gill & John. 508.\nWhere no proof is given as to the laws of another State, the Court will decide according to the law of its own State. Allen vs. Watson, 2 Hill\u2019s Rep. 319. 1 Gowen 103. 8 Mass. 99. 10 Wend. 75.' Breese Rep. 16. 1 Hen. & John. 710.\nThe renunciation of one executor can only be shown by matter of record. Toller''s law of Executors 40."
  },
  "file_name": "0169-01",
  "first_page_order": 169,
  "last_page_order": 177
}
