{
  "id": 8727847,
  "name": "Calvert vs. Stone",
  "name_abbreviation": "Calvert v. Stone",
  "decision_date": "1850-01",
  "docket_number": "",
  "first_page": "491",
  "last_page": "494",
  "citations": [
    {
      "type": "official",
      "cite": "10 Ark. 491"
    }
  ],
  "court": {
    "name_abbreviation": "Ark.",
    "id": 8808,
    "name": "Arkansas Supreme Court"
  },
  "jurisdiction": {
    "id": 34,
    "name_long": "Arkansas",
    "name": "Ark."
  },
  "cites_to": [],
  "analysis": {
    "cardinality": 330,
    "char_count": 5216,
    "ocr_confidence": 0.512,
    "pagerank": {
      "raw": 2.6592178326316255e-07,
      "percentile": 0.8247420988636789
    },
    "sha256": "a87acc7938cb37da0f163ecce5b7d82b74799a58d8515df88a07820a1ee91dde",
    "simhash": "1:026b620c3883dd4b",
    "word_count": 909
  },
  "last_updated": "2023-07-14T17:05:49.060068+00:00",
  "provenance": {
    "date_added": "2019-08-29",
    "source": "Harvard",
    "batch": "2018"
  },
  "casebody": {
    "judges": [],
    "parties": [
      "Calvert vs. Stone."
    ],
    "opinions": [
      {
        "text": "Mr. Justice Scott\ndelivered the opinion of the Court.\nThe verdict and judgment in this case do not fail to shock a reasonable sense of justice at first blush; and, .so far from this impression being effaced by a scrutiny of the testimony, it is the rather more firmly fixed.\nAt a regular, open, and fair sheriff\u2019s sale, under execution, Calvert, by his agent, purchased four of Stone\u2019s negroes, at sums which, in the aggregate, did not satisfy the execution by several hundred dollars, nor did subsequent payments satisfy it by two or three hundred dollars. One of the negroes so purchased was taken home by Calvert, and the other three left with Stone, with the express understanding that if, within one year, Stone would pay the sum for which the three negroes were purchased, and also wholly satisfy the judgment by paying the residue, that Stone might have the three negroes, but, if he failed to do so, Calvert was to take away the negroes. At the expiration of the year, several hundred dollars still remaining unpaid on the judgment, Calvert went to Stone\u2019s residence for the three negroes, saying, when he had arrived there, that it was \u201c a hard case, and a security debt,\u201d and he \u201cintended to act liberally\u201d with Stone. After an interview between them, (but what transpired at this interview is in no way shown by the testimony,) Calvert, through the witness\u2019 assistance, made a bill of sale for the \u201cold negro, Ben\u201d to a son of Stone, expressing therein the receipt of $150 as a consideration, and, at the same time, took away with him the other two slaves: both parties, at that time, \u201c expressing themselves satisfied with each other\u2019s conduct.\u201d\nNow, if the hypothesis be indulged that Calvert gratuitously gave to the son of Stone the old negro, Ben, in obedience to the promptings of a generous nature, and as a mitigation of any supposed harshness of his conduct in having had Stone\u2019s four negroes seized and sold under execution the year before, and this is not improbable from his liberality, in proof, in permitting three of the four negroes, that he had fairly purchased, to remain with Stone one year, (under the understanding in proof,) to the end that Stone might have a reasonable chance to regain them, it will at once be perceived that there will not remain in the proofs a shadow of a shade of testimony to sustain the verdict and judgment.\nIf Calvert\u2019s generosity had gone beyond the gift of the old slave to Stone\u2019s son, and to the whole extent of a gratuitous surrender of all claim to the residue of the judgment, would not the same prudence that suggested the bill of sale as an evidence of title, have also suggested some tangible evidence of the satisfaction of the judgment; and, especially so, had this residue been actually paid in any thing o\u00ed value ?\nBut we prefer to place the reversal of this judgment upon another ground.\nThe testimony that was allowed to be produced over the objection of Calvert, going to show that the negroes purchased by him were actually worth more money than he gave for them, and which must have had some influence in moulding the verdict, was wholly inadmissible in the absence of any proof going to show an agreement of Calvert with Stone to allow him more for the negroes than the prices respectively at which he purchased them: because, unconnected with such an agreement, and none such is in proof, or can be reasonably deduced from the testimony, this evidence was altogether irrelevant, and neither proved or tended to prove the plea of payment. The admission of this testimony, then, over the objection of Calvert, was error; and, as it was calculated to have influence in mould-ing the finding of the Court, the new trial ought to have been granted. Let the judgment be reversed, a new trial awarded, and the cause remanded to be proceeded with.",
        "type": "majority",
        "author": "Mr. Justice Scott"
      }
    ],
    "attorneys": [
      "Fowler, for the appellant."
    ],
    "corrections": "",
    "head_matter": "Calvert vs. Stone.\nWhere the verdict shocks a reasonable sense of justice at first blush, a new trial should be granted.\nScire facias to revive a judgment: plea of payment, and issue. On the trial, it was proven that, at a fair, open, and regular sale, of defendant\u2019s negroes, under a fi.fa. upon the judgment, plaintiff purchased four of them at prices which did not satisfy the judgment: Held, incompetent, under the issue, for defendant to prove that plaintiff purchased the slaves at such sale for less than their value.\nAppeal from, the Jackson Circuit Court.\nScire facias to revive a judgment of the Jackson Circuit Court, recovered by Edward Calvert against Rufus Stone. Plea of payment, issue, trial, verdict and judgment for defendant. Motion for new trial, by plaintiff, overruled, and bill of exceptions setting out the evidence, &c.\nThe cause was tried before the Hon. William C. Scott, Judge, in May, 1849. Appeal by plaintiff.\nThe evidence, &c., is sufficiently stated in the opinion of this Court.\nFowler, for the appellant.\nThe Court erred in receiving evidence that the negroes were worth more than they were purchased for at the sale; and as the evidence was prejudicial to the plaintiff, (2 Hill\u2019s R. 448. 8 Mo. R. 437,) and the finding of the Court shocks our sense of justice at first blush, (2 Ark. R. 364. 5 ib. 407. 1 Eng. 89, 430,) a new trial should have been granted."
  },
  "file_name": "0491-01",
  "first_page_order": 491,
  "last_page_order": 494
}
