{
  "id": 1326089,
  "name": "Watson v. Crutcher",
  "name_abbreviation": "Watson v. Crutcher",
  "decision_date": "1892-04-09",
  "docket_number": "",
  "first_page": "44",
  "last_page": "45",
  "citations": [
    {
      "type": "official",
      "cite": "56 Ark. 44"
    }
  ],
  "court": {
    "name_abbreviation": "Ark.",
    "id": 8808,
    "name": "Arkansas Supreme Court"
  },
  "jurisdiction": {
    "id": 34,
    "name_long": "Arkansas",
    "name": "Ark."
  },
  "cites_to": [
    {
      "cite": "30 Ark. 640",
      "category": "reporters:state",
      "reporter": "Ark.",
      "case_ids": [
        1881183
      ],
      "opinion_index": 0,
      "case_paths": [
        "/ark/30/0640-01"
      ]
    },
    {
      "cite": "45 Ark. 17",
      "category": "reporters:state",
      "reporter": "Ark.",
      "case_ids": [
        1892047
      ],
      "opinion_index": 0,
      "case_paths": [
        "/ark/45/0017-01"
      ]
    }
  ],
  "analysis": {
    "cardinality": 182,
    "char_count": 2562,
    "ocr_confidence": 0.519,
    "pagerank": {
      "raw": 2.5496082030417934e-07,
      "percentile": 0.8142044188676637
    },
    "sha256": "243390e8ab2a06ab4cbb967095bb71bfc778e8bf8004a54445155fe17b623326",
    "simhash": "1:8a067025a56bd0fc",
    "word_count": 445
  },
  "last_updated": "2024-02-27T20:56:43.385332+00:00",
  "provenance": {
    "date_added": "2019-08-29",
    "source": "Harvard",
    "batch": "2018"
  },
  "casebody": {
    "judges": [],
    "parties": [
      "Watson v. Crutcher."
    ],
    "opinions": [
      {
        "text": "Cockriee, C. J.\nThe appellant concedes the appellee\u2019s right to a specific performance. There is no con- . troversy as to the quantity of land he should convey\u2014 the location of twenty-five acres of it in the north half of the southeast quarter gives rise to the only controversy. The appellant maintains and undertook to prove that it should be laid off in an irregular form. The description, as given in the written obligation to convey, after the call for other tracts by legal subdivisions, is as follows\u2019: North half of southeast quarter of section three, in a given township and range, \u201cless twenty-five acres off the south side.\u201d\nAs to whether parol proof was admissible to explain or vary this description, in the absence of proof of a mistake, we need not determine. Prima facie, at least, it manifests the intention to lay the twenty-five acres off in a parallelogram with the whole of the south line of the north half of the quarter section in question as its base. That is the effect of the decision of Beidler v. Railway, 45 Ark. 17. If the appellant could raise an ambiguity out of the description so as to let in parol proof of a different intention, or if there was a mistake which he desired to correct, the burden was upon him to prove his contention by a clear preponderance of the testimony. Mooney v. Cooledge, 30 Ark. 640. In that he has failed, and the judgment should be affirmed.",
        "type": "majority",
        "author": "Cockriee, C. J."
      }
    ],
    "attorneys": [
      "J. N. Cyfert for appellant.",
      "J. W. House for appellee."
    ],
    "corrections": "",
    "head_matter": "Watson v. Crutcher.\nOpinion delivered April 9, 1892.\nConveyance \u2014 Description of land.\nAn agreement to convey the north half of a certain quarter section of land, \u201cless twenty-five acres off the south side,\u201d manifests, prima facie at least, the intention that the land reserved should be laid off in a parallelogram with the whole of the south line of the north half of the quarter section in question as its base.\nAppeal from Woodruff Circuit Court in Chancery.\nCrutcher brought suit against Watson to \u2022 compel specific performance of a written contract to convey, among other lands, the north half of the southeast quarter of section three in township six north, range three west, less twenty-five acres off the south side thereof. The decree of the court was in plaintiff\u2019s favor, adjudging that the title to the lands described in the complaint be vested in plaintiff, and that the line cutting off the said twenty-five acres be run parallel with the south boundary line of the north half of the northeast quarter of section three, township six north and range three west. The defendant has appealed.\nJ. N. Cyfert for appellant.\nJ. W. House for appellee."
  },
  "file_name": "0044-01",
  "first_page_order": 66,
  "last_page_order": 67
}
