{
  "id": 1326115,
  "name": "Baucum v. Cole",
  "name_abbreviation": "Baucum v. Cole",
  "decision_date": "1892-05-21",
  "docket_number": "",
  "first_page": "259",
  "last_page": "262",
  "citations": [
    {
      "type": "official",
      "cite": "56 Ark. 259"
    }
  ],
  "court": {
    "name_abbreviation": "Ark.",
    "id": 8808,
    "name": "Arkansas Supreme Court"
  },
  "jurisdiction": {
    "id": 34,
    "name_long": "Arkansas",
    "name": "Ark."
  },
  "cites_to": [
    {
      "cite": "33 Ark. 414",
      "category": "reporters:state",
      "reporter": "Ark.",
      "case_ids": [
        8724298
      ],
      "weight": 3,
      "opinion_index": -1,
      "case_paths": [
        "/ark/33/0414-01"
      ]
    },
    {
      "cite": "8 N. Y. 110",
      "category": "reporters:state",
      "reporter": "N.Y.",
      "case_ids": [
        2010494
      ],
      "weight": 2,
      "opinion_index": -1,
      "case_paths": [
        "/ny/8/0110-01"
      ]
    },
    {
      "cite": "55 Md. 42",
      "category": "reporters:state",
      "reporter": "Md.",
      "case_ids": [
        1834066
      ],
      "opinion_index": -1,
      "case_paths": [
        "/md/55/0042-01"
      ]
    },
    {
      "cite": "16 Iowa, 578",
      "category": "reporters:state",
      "reporter": "Iowa",
      "case_ids": [
        2291668
      ],
      "opinion_index": -1,
      "case_paths": [
        "/iowa/16/0578-01"
      ]
    },
    {
      "cite": "31 Ark. 580",
      "category": "reporters:state",
      "reporter": "Ark.",
      "case_ids": [
        1879225
      ],
      "opinion_index": -1,
      "case_paths": [
        "/ark/31/0580-01"
      ]
    },
    {
      "cite": "46 Ark. 542",
      "category": "reporters:state",
      "reporter": "Ark.",
      "case_ids": [
        1890442
      ],
      "opinion_index": 0,
      "case_paths": [
        "/ark/46/0542-01"
      ]
    }
  ],
  "analysis": {
    "cardinality": 419,
    "char_count": 6887,
    "ocr_confidence": 0.519,
    "pagerank": {
      "raw": 1.0770421916973477e-07,
      "percentile": 0.5614931604120549
    },
    "sha256": "061837c413eaa06edd3569e8d71b18caefc3e930cde3b4a668dd3ce54e74ac93",
    "simhash": "1:8e0c4050856ef9ce",
    "word_count": 1225
  },
  "last_updated": "2024-02-27T20:56:43.385332+00:00",
  "provenance": {
    "date_added": "2019-08-29",
    "source": "Harvard",
    "batch": "2018"
  },
  "casebody": {
    "judges": [],
    "parties": [
      "Baucum v. Cole."
    ],
    "opinions": [
      {
        "text": "fe Hbmingway, J.\nThe court below found that the plaintiffs\u2019 allegation of fraud was not proved, and accordingly dissolved the attachment. The order, which was' the legal consequence of the finding, was correct, unless there was something in one of two transactions hereafter considered to constitute fraud.\nThe court found specifically that there was no fraud upon creditors in the sale of the mule at Hot Springs ; the burden was upon the plaintiff to show that there was, and we do not find that such proof was made.\nThe court found that the debt attached was to be paid to M. E. Cole, the wif\u00e9 of the defendant, in consideration of her having joined him in the conveyance of' their homestead and relinquished her dower in it. That the relinquishment of dower is a valuable consideration to support a transfer of property by the husband to the wife, was settled in Hershy v. Latham, 46 Ark. 542 ; as the husband cannot convey his homestead unless his wife joins in the conveyance, it would follow that her joining in such conveyance was an additional consideration to support a settlement by the husband. We cannot say that the transfer to the wife of $510 of the proceeds of sale of a homestead worth $2,000 was so out of proportion to the consideration as to evidence fraud; the court below having found there was no fraud, such must be accepted as the fact. Other circumstances are referred to as indicating fraud, but they do not warrant us in disturbing the verdict. It follows that the court did not err in dissolving the attachment or in awarding to Mrs. Cole the debt attached.\nIf is ar\u00a7'ue(l that the court erred in trying the issue upon the traverse of the attachment and the interplea, before the return term of the action. Without deciding what the proper practice is, it is sufficient to say that the plaintiff is in no position to urge the objection. The issues were tried without objection, and the implication is that the parties consented. It is true the plaintiff demurred to the traverse and the interplea, but a demurrer questions the sufficiency of the pleading and presents no objection to the order fixing the time for trial. If it is pertinent to such an order, it is as tendering an issue and invoking the court\u2019s judgment upon it.\nAffirm.",
        "type": "majority",
        "author": "fe Hbmingway, J."
      }
    ],
    "attorneys": [
      "Robert J. Lea, Judge.",
      "W. J. Terry for appellants.",
      "Vaughan & Collins for appellees."
    ],
    "corrections": "",
    "head_matter": "Baucum v. Cole.\nOpinion delivered May 21, 1892.\n1. Fraud \u2014 Consideration\u2014Release of homestead by wife.\nThe transfer by a husband to his wife of $510 out of the proceeds of his homestead, which was sold for $2,000, in. consideration of her joining in the deed and relinquishing dower, is not so out of proportion to the consideration as to evidence fraud.\n2. Practice \u2014 Time of trial of attachment \u2014 Waiver.\nIf it is error to set down the attachment branch of a cause, and an interplea therein, for trial before the return term of the action, the error is waived by going to trial without objection.\nAppeal from Pulaski Circuit Court.\nRobert J. Lea, Judge.\nG. R. Baucum & Co. brought suit against J. J. Cole by attachment in the Pulaski circuit court December 6, 1890, returnable at the following March term, charging the defendant with fraud in disposing of his property, and with attempting to so dispose of it. Plaintiffs garnished $510 in the hands of Wallace & Lorance in Pulaski county, and attached personal property in Lonoke county valued at more than $400.\nOn the 12th day of December, 1890, defendant, having given the required notices, filed his schedule claiming a portion of the property attached in Lonoke county as exempt; also a traverse of the grounds of attachment, together with a motion that the attachment be at once discharged. At the same time his wife, M. Eh Cole, who was allowed to intervene, claimed the money garnished and some of the property attached in Lonoke county, and asked that the issues be at once tried. Plaintiffs demurred to these several proceedings, but the court overruled their demurrer and proceeded to try all the issues forthwith. Plaintiffs introduced evidence to show fraud on defendant\u2019s part in disposing of a mule at Hot Springs and in transferring a portion of the proceeds of his homestead to intervener, his wife.\nThe court found in substance that defendant, in December, 1890, sold his homestead of 80 acres to Wallace & Lorance for $2000; that, after paying certain debts for which the grantees became responsible, there would be left the sum of $510 due defendant; that M. Eh Cole refused to relinquish her dower in the homestead unless this sum was paid to her for her dower interest therein, which was agreed to by defendant and Wallace & Lorance, and she then signed the deed relinquishing her dower.\nUpon these facts the court declared the law to be \u201c, that a* debtor in failing circumstances has the right to sell his homestead to pay such debts as he may choose, and no creditor has a right to complain, even though he may not be paid, as that property, while used as such, is beyond his reach, and cannot be subject to the payment of his debts; and that, as a matter of law, there was no fraud in the transaction of Cole of which the plaintiffs could complain. \u2019 \u2019 As to the intervention of M. Eh Cole, the court declared the law to be \u201c that a married woman has the right to refuse to relinquish her inchoate dower interest in the homestead unless a part of the purchase money therefor be paid to her; and if, by reason of her refusing to relinquish her dower interest, the husband in good faith accedes\u2019to her demand, in. order to enable him to make a sale, and allows such part of the purchase money to go to her as would be in proportion to the value of said dower interest, this would not be a fraud upon his creditors.\u201d The court held that the facts \u25a0 failed to establish legal fraud, and dissolved the attachment ; and held that the property claimed by the intervener belonged to her, and sustained the intervention. Judgments were accordingly rendered for defendant and intervener. Plaintiffs have appealed.\nW. J. Terry for appellants.\n1. The court erred in trying the issues at the October term. Mansf. Dig. secs. 356, 358, 383, 5125.\n2. The court erred in declaring the law to be that a wife could exact of her husband a certain pro rata of the purchase money equal to her dower interest in the homestead, and that his giving her this would not be a fraud on creditors. 31 Ark. 580 ; 1 Wash. R. P. (5th ed.) p. '312 ; 18 W. Ya. 522 ; 16 Iowa, 578 ; 55 Md. 42 ; 13 Allen (Mass.), 60 ; 8 N. Y. 110.\n3. Actual fraud is shown in the disposition of Cole\u2019s property.\nVaughan & Collins for appellees.\n1. As to property which is exempt there can be no fraudulent disposition on the part of the debtor. 1 Wade, Att. sec. 213 ; 2 id. sec. 419; Waples, Att. 534 ; 33 Ark. 414 ; 37 id. 614 ; 44 id. 180 ; 49 id. 219.\n2. No objection was made to the trial of the cause \u2014it is too late to object here for the first time that the cause was prematurely tried."
  },
  "file_name": "0259-01",
  "first_page_order": 281,
  "last_page_order": 284
}
