{
  "id": 1326110,
  "name": "Heard v. Knights of Honor",
  "name_abbreviation": "Heard v. Knights of Honor",
  "decision_date": "1892-05-21",
  "docket_number": "",
  "first_page": "263",
  "last_page": "267",
  "citations": [
    {
      "type": "official",
      "cite": "56 Ark. 263"
    }
  ],
  "court": {
    "name_abbreviation": "Ark.",
    "id": 8808,
    "name": "Arkansas Supreme Court"
  },
  "jurisdiction": {
    "id": 34,
    "name_long": "Arkansas",
    "name": "Ark."
  },
  "cites_to": [
    {
      "cite": "42 Wis. 437",
      "category": "reporters:state",
      "reporter": "Wis.",
      "case_ids": [
        11284901
      ],
      "opinion_index": -1,
      "case_paths": [
        "/wis/42/0437-01"
      ]
    },
    {
      "cite": "26 Ark. 314",
      "category": "reporters:state",
      "reporter": "Ark.",
      "opinion_index": -1
    },
    {
      "cite": "26 Wis. 585",
      "category": "reporters:state",
      "reporter": "Wis.",
      "case_ids": [
        11285698
      ],
      "opinion_index": -1,
      "case_paths": [
        "/wis/26/0585-01"
      ]
    },
    {
      "cite": "41 Barb. 420",
      "category": "reporters:state",
      "reporter": "Barb.",
      "case_ids": [
        5108682
      ],
      "opinion_index": -1,
      "case_paths": [
        "/barb/41/0420-01"
      ]
    },
    {
      "cite": "15 Ark. 286",
      "category": "reporters:state",
      "reporter": "Ark.",
      "case_ids": [
        8728222
      ],
      "weight": 2,
      "opinion_index": -1,
      "case_paths": [
        "/ark/15/0286-01"
      ]
    },
    {
      "cite": "47 Ark. 339",
      "category": "reporters:state",
      "reporter": "Ark.",
      "weight": 2,
      "opinion_index": -1
    },
    {
      "cite": "47 Ark. 293",
      "category": "reporters:state",
      "reporter": "Ark.",
      "case_ids": [
        1888719
      ],
      "opinion_index": -1,
      "case_paths": [
        "/ark/47/0293-01"
      ]
    },
    {
      "cite": "40 Ark. 422",
      "category": "reporters:state",
      "reporter": "Ark.",
      "opinion_index": -1
    },
    {
      "cite": "21 Ark. 588",
      "category": "reporters:state",
      "reporter": "Ark.",
      "opinion_index": -1
    },
    {
      "cite": "11 Ark. 75",
      "category": "reporters:state",
      "reporter": "Ark.",
      "opinion_index": -1
    },
    {
      "cite": "17 Ga. 267",
      "category": "reporters:state",
      "reporter": "Ga.",
      "case_ids": [
        1381354
      ],
      "opinion_index": -1,
      "case_paths": [
        "/ga/17/0267-01"
      ]
    },
    {
      "cite": "63 Am. Dec. 241",
      "category": "reporters:federal",
      "reporter": "Am. Dec.",
      "opinion_index": -1
    },
    {
      "cite": "14 Ohio, 308",
      "category": "reporters:state",
      "reporter": "Ohio",
      "opinion_index": -1
    },
    {
      "cite": "6 Barb. 98",
      "category": "reporters:state",
      "reporter": "Barb.",
      "case_ids": [
        4873615
      ],
      "opinion_index": -1,
      "case_paths": [
        "/barb/6/0098-01"
      ]
    },
    {
      "cite": "1 Ark. 391",
      "category": "reporters:state",
      "reporter": "Ark.",
      "case_ids": [
        8728757
      ],
      "opinion_index": -1,
      "case_paths": [
        "/ark/1/0391-01"
      ]
    },
    {
      "cite": "45 Ark. 17",
      "category": "reporters:state",
      "reporter": "Ark.",
      "case_ids": [
        1892047
      ],
      "opinion_index": -1,
      "case_paths": [
        "/ark/45/0017-01"
      ]
    },
    {
      "cite": "21 Barb. 381",
      "category": "reporters:state",
      "reporter": "Barb.",
      "case_ids": [
        2421923
      ],
      "opinion_index": -1,
      "case_paths": [
        "/barb/21/0381-01"
      ]
    },
    {
      "cite": "104 Mass. 407",
      "category": "reporters:state",
      "reporter": "Mass.",
      "case_ids": [
        2147683
      ],
      "opinion_index": -1,
      "case_paths": [
        "/mass/104/0407-01"
      ]
    },
    {
      "cite": "38 Ark. 31",
      "category": "reporters:state",
      "reporter": "Ark.",
      "case_ids": [
        1900491
      ],
      "opinion_index": -1,
      "case_paths": [
        "/ark/38/0031-01"
      ]
    },
    {
      "cite": "21 Ark. 235",
      "category": "reporters:state",
      "reporter": "Ark.",
      "case_ids": [
        1868332
      ],
      "weight": 3,
      "opinion_index": -1,
      "case_paths": [
        "/ark/21/0235-01"
      ]
    },
    {
      "cite": "14 S. W. 864",
      "category": "reporters:state_regional",
      "reporter": "S.W.",
      "opinion_index": -1
    }
  ],
  "analysis": {
    "cardinality": 501,
    "char_count": 8153,
    "ocr_confidence": 0.557,
    "pagerank": {
      "raw": 2.0212448997884791e-07,
      "percentile": 0.7454442324629738
    },
    "sha256": "8b89713a7f1421387ca609e7aebf58c20c10a04d88e0123df14a1f5bb2d9fcc1",
    "simhash": "1:8b7286049c8090eb",
    "word_count": 1479
  },
  "last_updated": "2024-02-27T20:56:43.385332+00:00",
  "provenance": {
    "date_added": "2019-08-29",
    "source": "Harvard",
    "batch": "2018"
  },
  "casebody": {
    "judges": [],
    "parties": [
      "Heard v. Knights of Honor."
    ],
    "opinions": [
      {
        "text": "Hemingway, J.\nThe defendant admitted in his answer that he contracted to buy the land at the price claimed in the complaint, and the only ground relied upon to defeat a recovery was that the plaintiff\u2019s title was encumbered. In our opinion the defense is unavailing. When the contract was made, the plaintiff prepared and tendered a deed which the defendant agreed to accept, and which, under the contract, was deposited as an escrow, beyond plaintiff\u2019s control, to be delivered to the defendant when he paid the stipulated price. The plaintiff satisfied the terms of the contract when he made the escrow, and the defendant was bound to pay the stipulated price for the title it passed ; the contract was so far executed that the defendant entered into possession and used and enjoyed the land, and the only thing needed to complete its execution was the payment of the purchase money, whereby the escrow would become operative as a deed. Such being the case, the defendant cannot refuse to comply with his part of the contract merely because the deed would pass an encumbered title. If he wished a title free from encumbrances, he should have satisfied himself in that regard before he approved the escrow and took possession of the land; having taken possession and agreed to pay for that deed, he is liable upon his promise, and must look to the covenants of the deed for indemnity against prior liens. He certainly has no cause to complain of the decree which postpones, joro tanto, the collection of the price until the lien is satisfied.\nHe argues here that no recovery can be had because the contract was within the statute of frauds. That defense was not set up or in any way relied upon below; the answer admitted that the contract was made, and sought to avoid payment only because there was a defect in plaintiff\u2019s title. That precludes a reliance upon the statute of frauds here, and relieves us of the necessity of considering the questions urged with reference to it.\nAffirm.",
        "type": "majority",
        "author": "Hemingway, J."
      }
    ],
    "attorneys": [
      "Jeremiah G. Waeeace, Judge.",
      "Moose & Reid for appellant.",
      "Ratcliffe & Fletcher for appellee."
    ],
    "corrections": "",
    "head_matter": "Heard v. Knights of Honor.\nOpinion delivered May 21, 1892.\n1. Vendor and vendee \u2014 Defense to action for price.\nIn an action for the purchase price of land where the deed was deposited in escrow till the money should be paid, and the vendee entered into possession, he cannot resist payment on the ground that the title was encumbered, but must look to the covenants in the deed for indemnity against prior liens.\n2. Statute of frauds \u2014 How availed of.\nThe defense of the statute of frauds cannot be insisted upon on appeal where it was not set up or relied upon in the lower court.\nAppeal.from Conway Circuit Court in Chancery.\nJeremiah G. Waeeace, Judge.\nThis was an action by the Morning Star Lodge of Knights of Honor against George M. Heard for the purchase money of a tract of land, the deed for which, as alleged in the complaint, had, in pursuance of the sale, been delivered to W. J. Stowers as an escrow, subject to the orders of Heard upon payment of the purchase money, which he agreed to pay on January 1, 1891.\nHeard, in his answer, admitted that he had agreed to purchase the land, and that a deed had been prepared and delivered to Stowers, as stated. But he alleged that, at the time of making- the contract, there was a legal and valid mortgage upon said land, which was duly recorded, and which is now a lien upon the land ; that he had offered to pay the amount of the purchase money for the land immediately upon the satisfaction of the mortgage and accept and receive the deed ; that appellee neglected and refused to remove said lien, and still refuses to do so; that for this reason, and this alone, had he refused to pay the purchase money.\nThe case was tried on oral testimony before the court sitting as a jury. The court, on its own motion, after hearing the evidence and'argument of counsel, transferred the case to the equity docket, and 'rendered a decree, reciting the facts as follows :\n\u201c Plaintiff, on the 13th day of September, 1890, sold to defendant the following described lands, situated in Conway county (describing the lands), for the sum of $828, and on same day the plaintiff executed a deed conveying said land to said defendant with the usual covenant of warranty, which deed was, by. agreement of parties, deposited with W. J. Stowers in escrow to be delivered to defendant on the payment of the purchase money, which defendant verbally agreed to pay January 1, 1891. Defendant went into possession of said land, cut about forty cords of wood thereon and plowed up about three acres of said land. At the time of said purchase and sale, there was an unsatisfied mortgage of record which was frima facie a lien on said land, which defendant had no actual knowledge of and which he did not contemplate paying, the sum above mentioned being the full value of said land. The amount that now appears to be due upon said mortgage debt is $305; on or before the 1st of February, 1891, defendant offered to pay the amount of said purchase money to said plaintiff, less the amount of said mortgage debt; and, upon plaintiff\u2019s refusal to accept the same, defendant declined to carry out his contract to purchase the same. Upon these facts it is by the court ordered and decreed that the plaintiff do have and recover of and from the defendant the said sum of $828, and a lien is hereby declared on said land for said sum, but the execution of said judgment, to the extent of the amount of said mortgage debt, to-wit, $335, is hereby postponed until plaintiff shall procure the legal satisfaction of the same, whereupon said amount shall be due and payable and its payment may be.enforced, as hereinafter provided, for the residue of this decree. It is further ordered and decreed that if the sum of $495, with six per cent interest from January 1, 1891, be not paid within twenty days, said land may be sold.\u201d\nCosts were adjudged against the plaintiff. Defendant appealed, and plaintiff has taken a cross-appeal.\nMoose & Reid for appellant.\n1. Appellant should not be compelled to accept an encumbered title, pay the purchase price and be compelled to trust to a suit to recover on the warranty in the deed. The contract was executory, and the Dodge could not have specific performance, without performing its part of the contract, and convey a good title. 14 S. W. 864; Suth. on Dam. 192, et seq. : 2 Png. 153; 21 Ark. 235; 23 id. 582 ; ib. 639t; 38 id. 128 ; 44 id. 145,192; 19 Vesey, 220; Waterman, Sp. Perp secs. 502, et seq. : 13 Yes. 81; 38 Ark. 31; 104 Mass. 407; 21 Barb. 381; 45 Ark. 17.\n2. The contract for sale was verbal and within the statute of frauds. Pom. Sp. Perf. sec. 30 ; Pry on Sp. Perf. secs. 384, 388 ; 1 Ark. 391; Waterman, Sp. Perf. sec. 260; 6 Barb. 98; Wood, St. Prauds, sec. 482.\nRatcliffe & Fletcher for appellee.\n1. The contract was executed. On payment of the purchase money the deed would take effect without delivery. 3 Wash. Real Pr. (4th ed.), pp. 299, 303-4; 14 Ohio, 308 ; 63 Am. Dec. 241; 17 Ga. 267; 11 Ark. 75; 22 id. 284; ib. 435. In case of defect of title, the remedy is at law on the covenants in the deed. 21 Ark. 588-9; 40 Ark. 422 ; 47 Ark. 293.\n2. The mortgage was of record, and defendant can not now be heard to plead want of knowledge or to ask relief by reason of a supposed defect of title. 47 Ark. 339 ; ib. 164 ; 46 id. 347 ; 27 id. 250; 26 id. 30.\n3. Appellant is in no condition to offer to rescind. He does not offer to surrender possession or pay for the wood cut or for rent. 15 Ark. 286; 20 id. 438 ; 17 id. 603; 25 id. 204; 30 id. 545-6 ; 2. Suth. Dam. 202-3; 41 Barb. 420 ; 26 Wis. 585. But if he had offered to rescind, this is not a case for rescission. It is only a case of partial failure of consideration, easily compensated in damages. 26 Ark. 314 ; 13 id. 522; 2 Suth. Dam. 203.\n4. Appellant gained all he contended for, and has no reason to complain.\n5. The question of the statute of frauds was not raised nor relied on below. When the deed was executed and delivered as an escrow, this was sufficient. 42 Wis. 437 ; Wood, St. Fr. p. 338. A purchaser in possession cannot plead the statute of frauds. Wood, St. Fr. sec. 237; 2 Suth. Dam. 204; 5 Porter, 94."
  },
  "file_name": "0263-01",
  "first_page_order": 285,
  "last_page_order": 289
}
