{
  "id": 1361213,
  "name": "Echols & Helton v. Lincoln County",
  "name_abbreviation": "Echols & Helton v. Lincoln County",
  "decision_date": "1922-06-12",
  "docket_number": "",
  "first_page": "142",
  "last_page": "145",
  "citations": [
    {
      "type": "official",
      "cite": "154 Ark. 142"
    }
  ],
  "court": {
    "name_abbreviation": "Ark.",
    "id": 8808,
    "name": "Arkansas Supreme Court"
  },
  "jurisdiction": {
    "id": 34,
    "name_long": "Arkansas",
    "name": "Ark."
  },
  "cites_to": [
    {
      "cite": "120 Ark. 476",
      "category": "reporters:state",
      "reporter": "Ark.",
      "case_ids": [
        1561066
      ],
      "opinion_index": -1,
      "case_paths": [
        "/ark/120/0476-01"
      ]
    },
    {
      "cite": "139 Ark. 502",
      "category": "reporters:state",
      "reporter": "Ark.",
      "case_ids": [
        1596374
      ],
      "opinion_index": -1,
      "case_paths": [
        "/ark/139/0502-01"
      ]
    },
    {
      "cite": "136 Ark. 209",
      "category": "reporters:state",
      "reporter": "Ark.",
      "case_ids": [
        1569961
      ],
      "opinion_index": -1,
      "case_paths": [
        "/ark/136/0209-01"
      ]
    },
    {
      "cite": "131 Ark. 211",
      "category": "reporters:state",
      "reporter": "Ark.",
      "case_ids": [
        1578663
      ],
      "opinion_index": -1,
      "case_paths": [
        "/ark/131/0211-01"
      ]
    },
    {
      "cite": "84 Ark. 329",
      "category": "reporters:state",
      "reporter": "Ark.",
      "case_ids": [
        1524504
      ],
      "opinion_index": -1,
      "case_paths": [
        "/ark/84/0329-01"
      ]
    },
    {
      "cite": "127 Ark. 470",
      "category": "reporters:state",
      "reporter": "Ark.",
      "case_ids": [
        1550233
      ],
      "opinion_index": -1,
      "case_paths": [
        "/ark/127/0470-01"
      ]
    },
    {
      "cite": "103 Ark. 468",
      "category": "reporters:state",
      "reporter": "Ark.",
      "case_ids": [
        1351938
      ],
      "opinion_index": -1,
      "case_paths": [
        "/ark/103/0468-01"
      ]
    },
    {
      "cite": "122 Ark. 557",
      "category": "reporters:state",
      "reporter": "Ark.",
      "case_ids": [
        1558170
      ],
      "opinion_index": -1,
      "case_paths": [
        "/ark/122/0557-01"
      ]
    },
    {
      "cite": "122 Ark. 114",
      "category": "reporters:state",
      "reporter": "Ark.",
      "case_ids": [
        1558141
      ],
      "opinion_index": -1,
      "case_paths": [
        "/ark/122/0114-01"
      ]
    },
    {
      "cite": "117 Ark. 334",
      "category": "reporters:state",
      "reporter": "Ark.",
      "case_ids": [
        1564911
      ],
      "opinion_index": -1,
      "case_paths": [
        "/ark/117/0334-01"
      ]
    },
    {
      "cite": "72 Ark. 330",
      "category": "reporters:state",
      "reporter": "Ark.",
      "case_ids": [
        1505586
      ],
      "opinion_index": -1,
      "case_paths": [
        "/ark/72/0330-01"
      ]
    },
    {
      "cite": "107 Ark. 292",
      "category": "reporters:state",
      "reporter": "Ark.",
      "case_ids": [
        1344051
      ],
      "opinion_index": 0,
      "case_paths": [
        "/ark/107/0292-01"
      ]
    }
  ],
  "analysis": {
    "cardinality": 324,
    "char_count": 5946,
    "ocr_confidence": 0.479,
    "pagerank": {
      "raw": 8.490011498157265e-08,
      "percentile": 0.4859989906747459
    },
    "sha256": "9b5b26bbc8e1ab94fab435b9984cd75e9cc2c8a2d2810eab4dde3688b6f2f8a6",
    "simhash": "1:8ef99cdfc653e476",
    "word_count": 1022
  },
  "last_updated": "2024-02-27T20:29:53.333711+00:00",
  "provenance": {
    "date_added": "2019-08-29",
    "source": "Harvard",
    "batch": "2018"
  },
  "casebody": {
    "judges": [],
    "parties": [
      "Echols & Helton v. Lincoln County."
    ],
    "opinions": [
      {
        "text": "McCulloch, C. J.\nThis is an appeal from a judgment on a \u2022claim of appellants against Lincoln County. The claim was presented to the country court and was allowed, hut an appeal was prosecuted by A. J. Johnson, a citizen and taxpayer, and on the trial in the circuit court a judgment was rendered disallowing the claim.\nAppellants were awarded a contract for the construction of a certain road in Lincoln County by a road improvement district created for that purpose. There was a written contract between appellants and the road district, specifying the price for the work, and a bond was given by appellants to the district and signed by certain citizens of that county as sureties. After the execution of the contract, and before the completion of the work, appellants threatened to abandon the contract, whereupon the county judge entered into an oral agreement with them to the effect that if they would go ahead and complete the construction of the'improvement in accordance with their contract with the road district, the county would pay towards the cost of construction \u201c whatever sum it might be able to pay.\u201d\nAppellants completed the construction of the road in accordance with their contract with the district, and then presented to the county court; for allowance, their claim against the county in the sum of $7,008.38, and asked that that sum be paid to them by the county in excess of the contract price paid by the road district. The county allowed the claim, but, as before stated, A. J. Johnson, a citizen and taxpayer, appealed to the circuit court.\nUnder the Constitution and statutes of this State a taxpayer of a county may appeal from an order of allowance against the county, whether he has previously made himself a party to the .proceedings or not. Van Hook v. McNeil Monument Co., 107 Ark. 292.\nIn the trial of the ease below, the fasts were undisputed, and the county judge testified that he made an oral agreement with appellants that if they would perform their contract for the completion of the improvement he \u201cwould allow them all he could in the way of building culverts and bridges. \u2019 \u2019 The judge stated that his reason for making this promise was that he knew that the contractors could not complete the road for the amount of their bid, and he concluded that, inasmuch as citizens of the county were sureties on the bond, it would be espe dient and in the interest of harmony to pay the contractors all that he could out of the county funds.\nThere were no elements of a valid contract in the oral agreement between appellants and the county judge. It was too indefinite to constitute a contract, because the only undertaking on the part of the judge was to \u201cpay what he could,\u201d or pay \u201cwhatever sum the county might be able to pay.\u201d There was at that time no contractual relations between the county and appellants; on the contrary, appellants were under contract with the road district to construct the improvement for a stipulated price. The promise of the county judge was merely gratuitous. The first act of the county court which could operate with any binding force was the subsequent allowance of appellants\u2019 claim, and this is the judgment from which the citizen has prosecuted an appeal, which he had a right to do.\nThe appeal brings up the question whether or not there was a valid claim against the county, and it is not difficult to reach the conclusion that there was no valid claim, for the county was not liable for the payment of any of the cost of the improvement. Of course, the county court has absolute control over the distribution of the road fund in the repair and maintenance of public roads, but that is not what is involved in the present controversy, for, as before stated, the appellants were under contract with the road district to construct the improvement, and the allowance from the county was a mere gratuity.\nThe circuit court was correct in refusing to allow the claim, and the judgment is therefore affirmed.",
        "type": "majority",
        "author": "McCulloch, C. J."
      }
    ],
    "attorneys": [
      "Harry T. Wooldridge, for appellant.",
      "Arthur J. Johnson and Henry W. Smith, for appellee."
    ],
    "corrections": "",
    "head_matter": "Echols & Helton v. Lincoln County.\nOpinion delivered June 12, 1922.\n1. Counties \u2014 right op taxpayer to appeal prom allowance.' \u2014 Under the Constitution and statutes, a taxpayer of a county may appeal from an order of allowance against the county, whether he has previously been made a party to the proceedings or not.\n2. Highways \u2014 promise op county judge to make allowance.\u2014 Where contractors for construction of a road being built by a road improvement district were orally promised by the county judge, on their threatening to abandon the contract, that if they would perform it he would allow them all he could out of the county funds, such promise was indefinite and gratuitous and not binding on the county.\nAppeal from Lincoln Circuit Court; W. B. Sorrels', Judge;\naffirmed.\nHarry T. Wooldridge, for appellant.\nThe county courts have exclusive original jurisdiction in all matters relating to county taxes,, roads, bridges, ferries, etc. Art. 7, sec. 28, Const.\nThe act of the county court in ordering the warrant issued for the amount of plaintiff\u2019s claims amounted to a ratification of the unauthorized act of the county judge. 72 Ark. 330; 117 Ark. 334; 122 Ark. 114; 122 Ark. 557; 103 Ark. 468; 127 Ark. 470.\nThe Constitution confers upon county courts exclusive original jurisdiction in the matter of allowing claims and disbursing money for county purposes. Art. 7, sec. 28, Const.; 84 Ark. 329; 131 Ark. 211.\nArthur J. Johnson and Henry W. Smith, for appellee.\nThe county court had no jurisdiction or authority to allow the claims. The Legislature has provided the ways and means for building roads by these districts. C. & M. Digest, sec. 5412.\nThe county court had no authority to enter into such a contract without an appropriation having first been made therefor. C. & M. Digest, see. 1976; 136 Ark. 209; 139 Ark. 502; 120 Ark. 476.\nThe levying court had no authority to appropriate money to help an individual. C. & M. Digest, sec. 1982 sixth."
  },
  "file_name": "0142-01",
  "first_page_order": 166,
  "last_page_order": 169
}
