{
  "id": 1361244,
  "name": "Burns v. State",
  "name_abbreviation": "Burns v. State",
  "decision_date": "1922-06-12",
  "docket_number": "",
  "first_page": "215",
  "last_page": "218",
  "citations": [
    {
      "type": "official",
      "cite": "154 Ark. 215"
    }
  ],
  "court": {
    "name_abbreviation": "Ark.",
    "id": 8808,
    "name": "Arkansas Supreme Court"
  },
  "jurisdiction": {
    "id": 34,
    "name_long": "Arkansas",
    "name": "Ark."
  },
  "cites_to": [
    {
      "cite": "150 Ark. 486",
      "category": "reporters:state",
      "reporter": "Ark.",
      "case_ids": [
        1367891
      ],
      "opinion_index": 0,
      "case_paths": [
        "/ark/150/0486-01"
      ]
    }
  ],
  "analysis": {
    "cardinality": 331,
    "char_count": 5848,
    "ocr_confidence": 0.466,
    "pagerank": {
      "raw": 8.685371297493976e-08,
      "percentile": 0.4925262051957469
    },
    "sha256": "bc1ee5a1a27eada589ede989bdc21180713e7b935087e6df39b2cada4a3a316c",
    "simhash": "1:bceef981cb018b6b",
    "word_count": 1024
  },
  "last_updated": "2024-02-27T20:29:53.333711+00:00",
  "provenance": {
    "date_added": "2019-08-29",
    "source": "Harvard",
    "batch": "2018"
  },
  "casebody": {
    "judges": [],
    "parties": [
      "Burns v. State."
    ],
    "opinions": [
      {
        "text": "Smith, J.\nAppellant was indicted and convicted for having made \u00e1 \u201cmash, wort, or wash fit for and to be used in the distillation of alcoholic, vinous, malt, spirituous, and fermented liquors,\u201d and has appealed. No brief was filed on behalf of appellant; but the Attorney General has set out and discussed all the assignments of error contained in the motion for a new trial. These are, chiefly, that the evidence is not sufficient to sustain a conviction; and that error was committed in admitting testimony. These assignments of error will be discussed together.\nThe sheriff, accompanied by three deputies, went to appellant\u2019s home to serve a search warrant. They arrived after dark, and were told by appellant that his wife had retired for the night, and the officers consented to delay the search until appellant\u2019s wife had dressed. After waiting some time the officers discovered that appellant\u2019s wife was busilv engaged in emptying some vessels through a hole in the kitchen floor; so they shoved the door of the kitchen open and found appellant\u2019s wife in the act of pouring a mash.into .a garbage can on the outside. Some of the mash had also been poured through a hole in the kitchen floor. Several bottles and a jug were found, all smelling\u2019 of whiskey. \u2022 Three barrels of mash were found, which had been made of chops and water and sweetened with molasses,. One barrel of the mash was sweetened with silgar; The' mash was 'in-a state of \u2022fermentation, and-was just; suck mash as witnesses had seen used in making whiskey. Pieces of Irish potatoes were found in some of the mash, and one of the officers, who testified that he was familiar with the process of making whiskey, stated that the potatoes were \u25a0 used to hasten fermentation.\nThe sheriff and the other officers found a gallon of white whiskey and several empty vessels which had contained whiskey. They searched the premises, and on a little branch, about a hundred yards from the house, down a pathway leading from appellant\u2019s house, they found a trough upon a rack, and the trough had a pipe through it, and there had been a fire under the trough. The next morning the officers found a little mound in a cornfield, into which they dug and found a still. The officers had seen similar stills used in making whiskey, and the still which they found showed that it had had a fire under it and smelled of the mash which had been boiled in it. Tracks were found leading from appellant\u2019s house to the trough and to the mound in the field. A worm was found in the trough in the branch. The officers testified that they tasted the mash and that it was in a state of fermentation, and that it tasted and smelled like whiskey. One of the officers saw appellant\u2019s wife pouring whiskey out of a fruit jar at a window. The officer, who was familiar with the process of manufacturing whiskey, testified that the different barrels of mash would not all make the same kind of liquor; that some would make whiskey; and other barrels would make rum; while the barrel which contained the chops, sugar and potatoes would make what the witness called a \u201cDuke\u2019s mixture,\u201d but he testified that it would all be alcoholic and intoxicating.\nAppellant admitted that he made the mash, but; testified that he made it for, and fed it to, his hogs, and that he had made no whiskey. Appellant owned a sow and seven small pigs, and he testified that he fed them sour \u25a0mash, and that the mash on hand had been prepared for that purpose.\nAn exception was saved to the action of the court in permitting a witness named Burns to testify that on another occasion he had found a slop which resembled the mash in question at appellant\u2019s house.\nOn his cross-examination appellant was asked, over his objections and exceptions, about the whiskey in his house at the time it was raided. He did not deny having whiskey in his possession, but he did deny having made it or having made a mash to be used for that purpose. Some of the barrels of mash found in his house were- covered with cloths. He explained that this had been done to keep the dust out of it.\nWe think the testimony set out was competent; and that it is sufficient to sustain the conviction. Appellant was accused of having made a mash, wort or wash fit for distillation; and the testimony objected to tended to show that he had committed that crime. In the case of Logan v. State, 150 Ark. 486, we defined the phrase, \u201cfit for distillation,\u201d contained in the statute under which appellant was convicted, as meaning that the mash was intended for use in making alcoholic liquors, and not as meaning merely that it was adapted to or capable of being used for such purposes. Appellant testified that he had made the mash for a lawful purpose, to-wit: as feed for his hogs. The testimony objected to tended to show that the mash had been made for use in making whiskey, and it was therefore competent, and, as we have said, is sufficient to support the judgment, which must therefore be affirmed. It is so ordered.",
        "type": "majority",
        "author": "Smith, J."
      }
    ],
    "attorneys": [
      "No brief for appellant.",
      "J. 8. Utley, Attorney General; Elbert Godwin and Wm. T. Hammock, Assistants, for appellee."
    ],
    "corrections": "",
    "head_matter": "Burns v. State.\nOpinion delivered June 12, 1922.\nIntoxicating liquors \u2014 making mash for distillation \u2014 evidence.\u2014 ' In a prosecution for making mash, wort or wash fit' for distillation \u25a0 of intoxicating liquors, where defendant testified that \u25a0 he made mash to feed-hogs, proof by the ofiicers searching the premises that \"his .wife emptied vessels .through the.kitchen floor- Into a garbage can and that they found several bottles and a jug \u2022 smelling of whiskey, four 'barrels of mash in a state of fermentation, a trough with worm- and pipe, under, which there had been a fire, a still, etc., was competent and sufficient to support a finding of guilt.\nAppeal from Lafayette Circuit Court; George R. Haynie, Judge;\naffirmed.\nNo brief for appellant.\nJ. 8. Utley, Attorney General; Elbert Godwin and Wm. T. Hammock, Assistants, for appellee."
  },
  "file_name": "0215-01",
  "first_page_order": 239,
  "last_page_order": 242
}
