{
  "id": 1898651,
  "name": "Haley et al. v. Taylor",
  "name_abbreviation": "Haley v. Taylor",
  "decision_date": "1882-11",
  "docket_number": "",
  "first_page": "104",
  "last_page": "106",
  "citations": [
    {
      "type": "official",
      "cite": "39 Ark. 104"
    }
  ],
  "court": {
    "name_abbreviation": "Ark.",
    "id": 8808,
    "name": "Arkansas Supreme Court"
  },
  "jurisdiction": {
    "id": 34,
    "name_long": "Arkansas",
    "name": "Ark."
  },
  "cites_to": [
    {
      "cite": "57 Ala., 614",
      "category": "reporters:state",
      "reporter": "Ala.",
      "case_ids": [
        3179316
      ],
      "opinion_index": 0,
      "case_paths": [
        "/ala/57/0614-01"
      ]
    },
    {
      "cite": "39 Mo., 565",
      "category": "reporters:state",
      "reporter": "Mo.",
      "opinion_index": 0
    }
  ],
  "analysis": {
    "cardinality": 278,
    "char_count": 4900,
    "ocr_confidence": 0.401,
    "pagerank": {
      "raw": 2.982590470668387e-07,
      "percentile": 0.8511405491208175
    },
    "sha256": "499f23f17fe2302870e41455d17b7373a1d7156ce7d6fdf7f9a5f60a4c87d91a",
    "simhash": "1:c924771d77d1a151",
    "word_count": 885
  },
  "last_updated": "2024-02-27T19:39:57.501261+00:00",
  "provenance": {
    "date_added": "2019-08-29",
    "source": "Harvard",
    "batch": "2018"
  },
  "casebody": {
    "judges": [],
    "parties": [
      "Haley et al. v. Taylor."
    ],
    "opinions": [
      {
        "text": "STATEMENT.\nEnslxsh, O. J.\nIn January, 1876, Amanda J. McBride, then the wife of Archie McBride, sold a tract of land to J. C. Seerest, gave him a bond for title, and took from him three notes for the purchase-money. She was living apart from her husband at the time she made the contract of sale (who, it seems, had abandoned he.r), and afterwards obtained a divorce from him, and intermarried with J. \u2019W. Haley.\nAfter this marriage, she and her husband indorsed and delivered two of the notes which she had taken from Secrest (the other having been paid), to Mrs. Q-. A. Young, who afterwards became Taylor, the plaintiff in this suit. They also placed in her hands a deed, not properly acknowledged by Mrs. Haley, to be delivered to Secrest on payment of the notes. Secrest refused to pay the notes, because the deed tendered him was not properly acknowledged, and Mrs. Taylor filed the bill in this case against him and Haley and wife, to subject the land to the payment of the two notes.\nAfter the service of process on Mrs. Haley, she died, leaving three minor children, Mittie Trammell (a daughter by her first husband), and James and Archie, children by McBride, her second husband.\nThe death of Mrs. Haley was suggested, and there was no order reviving the suit against her heirs, and no process issued to or served upon them. It seems from a record entry that upon the suggestion of the death of Mrs. Haley, J. W. Haley, guardian of Mittie Trammell, entered her appearance, and John McBride, guardian of James and Archie McBride,- entered their appearance, with leave to answer at the next term.\nJ. W. Haley answered for himself; Secrest also answered. John McBride filed an answer as guardian of James and Archie McBride, and no answer was filed for Mittie Trammell.\nOn the final hearing, the court rendered a decree in favor of Mrs. Taylor against Secrest for the sum due on the two notes, declared the debt a lien on the land, and condemned it to be sold to satisfy the decree. The decree provided that if Secrest should pay the debt and codts by a day named, the title to the land should vest in him; and, if not, in the purchaser at the sale. In either event, the effect of the decree was to deprive the minor heirs at law of Mrs. Haley of title to the land.\nJ. \"W. ITaley, John McBride, as guardian of James and Archie McBride, and Secrest appealed.\nOPINION.\n1- The suit involving Mrs, Haley\u2019s title to the land, upon her death it should have been revived against her heirs at law, and they being minors, the order of revivor should have been served upon them in the same manner as a summons is served on minors. Gantt\u2019s Digest, secs. 4766, 4782, 4493-4, J\u00a1\u00f121.\nJohn McBride had no power, as the guardian of the two minor heirs, James and Archie McBride, to enter their appearance to the suit, and answer for' them, until they were served with process, and it was error to render a decree against them on such appearance and answer by him. Gibson v. Chouteau\u2019s Heirs, 39 Mo., 565; Irwin et al. v. Irwin, 57 Ala., 614.\nIt was also error to render a decree against the minor, Mittie Trammel], without service of process on her, and a defense by guardian. Gantt\u2019s Digest, see. 4493.\nWhether the title-bond made by Mrs. Haley to Secrest while she was the wife of McBride was void, and if so, whether her heirs can recover the land from him without restoring to- him so much of the purchase-money as he paid to her, are questions not proper to he decided on this appeal, inasmuch as the court below did not properly acquire jurisdiction of the heirs, and they are not regularly before this court on appeal; and, hence, their rights should not be adjudicated here.\nReversed and remanded to the court below,-and if appellee shall elect further to prosecute her suit, she must cause it t^ be revived against the heirs at law of Mrs. Haley, and cause them to be served with copies of the order of revivor as directed by the statute.",
        "type": "majority",
        "author": "Enslxsh, O. J."
      }
    ],
    "attorneys": [
      "J. W. Van Gilder, for McBride heirs:"
    ],
    "corrections": "",
    "head_matter": "Haley et al. v. Taylor.\n1. Chancery Practice: Revivor against inf ant heirs, etc.\nUpon the death of a defendant whose interest in land is involved, the suit must be revived against the heirs at law, and if they are minors, the order of revivor must be served upon them in the same manner as a summons is served on minors ; \u2019 and, until then, their guardian has no power to enter their appearance to the suit and answer for them, and it is error to render a decree against them on such appearance and answer.\n2. Same: No decree against minor-until service and defense.\nA decree against a minor without service of process upon him, and defense by guardian, is error.\nAPPEAL from Ashley Circuit Court in Chancery.\nHon. T. E. Sorrells, Circuit Judge.\nJ. W. Van Gilder, for McBride heirs:\n1. The court had no jurisdiction of the minor heirs of Mrs. Haley. The appearance of the guardian did not give jurisdiction. Gantt\u2019s Digest, sec. J\u00a1\u00a381.\nArgues upon the merits."
  },
  "file_name": "0104-01",
  "first_page_order": 100,
  "last_page_order": 102
}
