{
  "id": 1898634,
  "name": "Hare et al. v. Carnall et al.",
  "name_abbreviation": "Hare v. Carnall",
  "decision_date": "1882-11",
  "docket_number": "",
  "first_page": "196",
  "last_page": "204",
  "citations": [
    {
      "type": "official",
      "cite": "39 Ark. 196"
    }
  ],
  "court": {
    "name_abbreviation": "Ark.",
    "id": 8808,
    "name": "Arkansas Supreme Court"
  },
  "jurisdiction": {
    "id": 34,
    "name_long": "Arkansas",
    "name": "Ark."
  },
  "cites_to": [
    {
      "cite": "1 Pet., 1",
      "category": "reporters:scotus_early",
      "reporter": "Pet.",
      "case_ids": [
        1432370
      ],
      "opinion_index": -1,
      "case_paths": [
        "/us/26/0001-01"
      ]
    },
    {
      "cite": "7 Cow., 88",
      "category": "reporters:state",
      "reporter": "Cow.",
      "case_ids": [
        2034881
      ],
      "opinion_index": -1,
      "case_paths": [
        "/cow/7/0088-01"
      ]
    },
    {
      "cite": "28 Wis., 583",
      "category": "reporters:state",
      "reporter": "Wis.",
      "case_ids": [
        8708886
      ],
      "opinion_index": -1,
      "case_paths": [
        "/wis/28/0583-01"
      ]
    },
    {
      "cite": "5 Mo., 157",
      "category": "reporters:state",
      "reporter": "Mo.",
      "weight": 2,
      "opinion_index": -1
    },
    {
      "cite": "27 Ark., 414",
      "category": "reporters:state",
      "reporter": "Ark.",
      "case_ids": [
        1885805
      ],
      "opinion_index": -1,
      "case_paths": [
        "/ark/27/0414-01"
      ]
    },
    {
      "cite": "27 Ark., 685",
      "category": "reporters:state",
      "reporter": "Ark.",
      "opinion_index": -1
    },
    {
      "cite": "17 Mich., 837",
      "category": "reporters:state",
      "reporter": "Mich.",
      "opinion_index": -1
    },
    {
      "cite": "3 Ohio, 87",
      "category": "reporters:state",
      "reporter": "Ohio",
      "opinion_index": -1
    },
    {
      "cite": "19 Ark., 189",
      "category": "reporters:state",
      "reporter": "Ark.",
      "opinion_index": -1
    },
    {
      "cite": "43 Cal., 83",
      "category": "reporters:state",
      "reporter": "Cal.",
      "case_ids": [
        1935284
      ],
      "opinion_index": -1,
      "case_paths": [
        "/cal/43/0083-01"
      ]
    },
    {
      "cite": "21 Conn., 488",
      "category": "reporters:state",
      "reporter": "Conn.",
      "case_ids": [
        12128779
      ],
      "opinion_index": -1,
      "case_paths": [
        "/conn/21/0488-01"
      ]
    },
    {
      "cite": "9 Wis., 405",
      "category": "reporters:state",
      "reporter": "Wis.",
      "opinion_index": -1
    },
    {
      "cite": "82 Ark., 152",
      "category": "reporters:state",
      "reporter": "Ark.",
      "opinion_index": -1
    },
    {
      "cite": "35 Ark., 509",
      "category": "reporters:state",
      "reporter": "Ark.",
      "opinion_index": -1
    },
    {
      "cite": "27 Ark., 678",
      "category": "reporters:state",
      "reporter": "Ark.",
      "opinion_index": -1
    },
    {
      "cite": "37 Penn. St, 31",
      "category": "reporters:state",
      "reporter": "Pa.",
      "case_ids": [
        418902
      ],
      "opinion_index": -1,
      "case_paths": [
        "/pa/37/0031-01"
      ]
    },
    {
      "cite": "36 Barb., 38",
      "category": "reporters:state",
      "reporter": "Barb.",
      "case_ids": [
        2430628
      ],
      "opinion_index": -1,
      "case_paths": [
        "/barb/36/0038-01"
      ]
    },
    {
      "cite": "22 Mich., 354",
      "category": "reporters:state",
      "reporter": "Mich.",
      "case_ids": [
        1314135
      ],
      "opinion_index": -1,
      "case_paths": [
        "/mich/22/0354-01"
      ]
    },
    {
      "cite": "15 Ohio, 643",
      "category": "reporters:state",
      "reporter": "Ohio",
      "opinion_index": -1
    },
    {
      "cite": "44 Miss., 654",
      "category": "reporters:state",
      "reporter": "Miss.",
      "case_ids": [
        9515749
      ],
      "opinion_index": -1,
      "case_paths": [
        "/miss/44/0654-01"
      ]
    },
    {
      "cite": "11 Ala., 295",
      "category": "reporters:state",
      "reporter": "Ala.",
      "case_ids": [
        11256108
      ],
      "opinion_index": -1,
      "case_paths": [
        "/ala/11/0295-01"
      ]
    },
    {
      "cite": "60 Barb., 617",
      "category": "reporters:state",
      "reporter": "Barb.",
      "case_ids": [
        2260090
      ],
      "opinion_index": -1,
      "case_paths": [
        "/barb/60/0617-01"
      ]
    },
    {
      "cite": "26 Ark., 48",
      "category": "reporters:state",
      "reporter": "Ark.",
      "case_ids": [
        8726272
      ],
      "opinion_index": -1,
      "case_paths": [
        "/ark/26/0048-01"
      ]
    },
    {
      "cite": "32 Ark., 703",
      "category": "reporters:state",
      "reporter": "Ark.",
      "weight": 2,
      "opinion_index": -1
    },
    {
      "cite": "32 Ark., 152",
      "category": "reporters:state",
      "reporter": "Ark.",
      "opinion_index": -1
    },
    {
      "cite": "27 Ark., 414",
      "category": "reporters:state",
      "reporter": "Ark.",
      "case_ids": [
        1885805
      ],
      "opinion_index": 0,
      "case_paths": [
        "/ark/27/0414-01"
      ]
    }
  ],
  "analysis": {
    "cardinality": 789,
    "char_count": 14981,
    "ocr_confidence": 0.406,
    "pagerank": {
      "raw": 4.943258137248818e-07,
      "percentile": 0.9347533389012255
    },
    "sha256": "7f5b3651e0e78998ed712ad5eb2fd755f5ddd40d233331f6b0734288da64cedb",
    "simhash": "1:474d8a0f989290b9",
    "word_count": 2675
  },
  "last_updated": "2024-02-27T19:39:57.501261+00:00",
  "provenance": {
    "date_added": "2019-08-29",
    "source": "Harvard",
    "batch": "2018"
  },
  "casebody": {
    "judges": [],
    "parties": [
      "Hare et al. v. Carnall et al."
    ],
    "opinions": [
      {
        "text": "Eakin, J.\nComplainants, Carnall, and Lizzie Grimes, owners of certain lands which had been sold in 1878, for delinquent taxes of 1877, filed this bill before the time for redemption had expired. The assessment, listing and sale of the lands had been regular, save that neither the collector nor his deputy, after visiting the different townships, had attended at the county site at Fort Smith, in which district the lands lie, to receive taxes, until the twentieth day of April, as required by section 5105 of Gantt\u2019s Digest.\nIt is also alleged that John Hare, who purchased the lands, was the deputy collector, and, therefore incompetent to bid; but that after the purchase he had pretended that he had made the bid for defendant, Mrs. Miles, who was his sister-in-law; had caused his own name to be erased from the sales list, and her\u2019s substituted; and had procured the certificates of purchase to be issued in her name. To dispose of this point in limine, it suffices to say that the allegation is denied, and sustained by no sufficient evidence. Hare was Deputy Sheriff, but is not shown to have had any control of the collections for taxes, or of the sales. He might bid as any other bystander. If he could not for himself, he could not as agent for another, and would have taken no vantage-ground by the change of names. Rut as the proof fails, any further consideration of the point may be pretei\u2019mitted.\nThe sale was made on the tenth day of June, 1878. The bill was filed upon the thix\u2019tieth day of March, 1880, without any tender of taxes, apparently on the theoxy that the sale was void, and that they could not be required to redeem. It sought to have the sale annulled, the certificates of purchase canceled, and the clerk enjoined from executing a deed at the expiration of the time. Hare answered, denying that he was deputy collector, or that there was any fraud in changing the name of the purchaser, claiming to have acted in Mrs. Miles\u2019 name,, and as her agent. She answered separately, reiterating in effect, the denials of fraud, and setting up, by way of defense, that complainants, before beginning suit, had not filed in the clerk\u2019s office an affidavit that they had tendered the amount of taxes first paid, and costs, with 100 per cent, interest, and 25 percent, oix all costs and taxes paid thereafter.\nThe Chancellor refused an interlocutory injunction, and, on the twenty-sixth day of June, 1880, complainants filed an amended bill, reiterating, and making more specific, the charges of fraud in the purchase by Hare, and stating, further, that the tax sale had begun at half-past 9 o\u2019clock. Also, that on the tenth day of June, 1880, pending the suit, Carnall, for the purpose of redeeming, had applied to the Circuit Clex'k to make out a certificate of the amount of taxes, penalty and costs due, which he refused. Aftervvax\u2019ds, by subsequent amendment, they set up that on the twentieth of November, 1880, he did tender Elax\u2019e the sum of $75.45 in money, the amount, as he believes, of all taxes, penalties and 'costs ; and offering to pay more if that be not sufficient. There were proper answers to the amendments, putting in issue all material allegations, save as to the failure of the collector or his deputy to attend at l^brt Smith. This was not denied.\nUpon hearing, the court held that, on account of such failure, the sale was void; ascertained the amount of taxes, penalties and costs to be, with interest at 10 per cent., $76, and ordered that complainants pay the same in five days. Upon this being done, it was ordered that the certificates of purchase be delivered up to be canceled, and that the clerk be enjoined from executing a deed. But, if not, it was ordered that the suit be dismissed; and the decree closes as follows: \u201c And that the said defendants have, and recover of the said plaintiffs, all their costs in this behalf laid out and expended.\u201d There is no other determination as to the costs, and although, in one view, the expression may seem confined to the alternative of dismissal' because of failure to pay in the money, we, upon the whole decree; construe it to be intended as an adjudication of the whole matter, and to impose the costs, in any case, upon the complainants. The defendants appeal.\nBy section 5165 of Gantt\u2019s Digest, 'the collector, after attending the several townships, upon appointed days, to receive taxes, was required, thereafter, to \u201cattend at his office at the county seat, until the twentieth day of April, in each year, to receive taxes from persons wishing to pay the same.\u201d\nThis provision was evidently intended for the benefit of taxpayers. This is plain from its nature and expressions. All the authorities, everywhere, are uniform in holding that all such provisions are mandatory, and the observance of them is a condition precedent to any valid sale of lands for taxes.\nNeither the Sheriff nor his deputy so attended at Port Smith, but did, as it seems, at Greenwood. By the Constitution the county of Sebastian is anomalous. It may have two districts and two county seats, at which County, Probate and Circuit Courts shall be held, as may be provided by law, each district paying its own expenses. (Article 18, section 5.) This was to meet a condition of things existing at the time, the county having, previously been divided, for' many purposes, into two districts. By section A of an act of February 3, 1875, Greenwood and Port Smith were designated as the places for holding the courts of their respective districts.\nBy section 5 of the act, the treasurer of the countv was required to keep his accounts for the two districts sepa- . rate; the assessor was required to make separate assessments of property, in separate books; and the collector was required \u201c to collect and keep separate the taxes stated upon the tax-books for each of said districts, and, in every particular, proceed in the collection of taxes for each of said districts, as if said districts were separate counties.\u201d In other words, Port Smith was made the county site for so much of Sebastian County as lay within that district, and the collector should have attended there. The sale was unauthorized, and such as a court of chancery might, upon proper application, and equitable terms, amend. If a deed upon it were executed, it would give such prima facie evidence of title in the purchaser, as would require evidence to remove; and the jurisdiction to avert a cloud, when there is no other remedy, is a corollary of the conceded power to remove it.\nThis ease does not come within the purview of section 2 of act of January 10,1857. (See section 7 of chapter 106, of u Gould\u2019s Digest.) The effect of that section is, that before any suit for the recovery or possession of lands held by virtue of a purchase at tax sale, and in some other cases, the claimant shall file, in the office of the clerk of the. proper court, an affidavit to the effect that he had tendered the full amount of all taxes and costs paid on account of said lands, with interest on the same at the rate of one hundred per cent, upon the amount first paid for said lands, and twenty-five per cent, upon all taxes and costs paid thereafter, etc. This is neither an action for the recovery nor possession of land. The provisions of the law are severe, and will not he extended beyond the letter. See Chaplin v. Holmes, 27 Ark., 414.\nThe original bill did not show a complete equity, however, inasmuch as it did not show that the complainants had done all on their part which equity required. The taxes were a lien upon the lands in favor of the State, which had been discharged by the purchaser. He had bought at a sale properly advertised, and can not be put in the position of an officious intermeddler. He had paid the taxes in good faith, and, as to so much, was certainly entitled to remuneration before he could be required to abandon his purchase. Whether or not he might be entitled to the penalty also, might be seriously questioned, but that is not necessary now. By the subsequent tenders of the complainants, he was made whole as to all.\nBesides, the offer to redeem was made to the clerk in time. It was on the second anniversary of the sale, and within two years, counting the days of the sale, and of the offer, one inclusive and the other exclusive.\nThe complainants were not wholly blameless. They should at least have offered to remunerate defendants for the taxes, with interest, if not for penalties and costs of sale, before vexing them with a suit. But they have, pending the suit, done fully all that could have been required, and, as we understand the same, have been decreed to pay all costs. They do not appeal, and the defendants below should be satisfied to come harmless out of a purchase which gave them no title, nor claim to the land. The ambiguity of the decree with regard to cost, might have been corrected at the time, if the attention of the Chancellor had been called to it, and there was no necessity for an appeal. Substantial justice has been done in the matter.\nAffirmed.",
        "type": "majority",
        "author": "Eakin, J."
      }
    ],
    "attorneys": [
      "Du Val \u00a7 Cravens, for appellants:",
      "James A. Yantis, for appellees:",
      "Compton, Battle $ Compton, also, for appellees:"
    ],
    "corrections": "",
    "head_matter": "Hare et al. v. Carnall et al.\n1. Tax Sales: Deputy Sheriff: Purchaser.\nA Deputy Sheriff, having no control of the collection of taxes, may bid and purchase lands at tax sale as any other person.\n2. Same : Collector must attend at county site to receive taxes for the \u2022 requisite time.\nBefore the collector of Sebastian County could make a legal sale of lands in the Port Smith district for taxes, he or his deputy must have attended at Port Smith for the receipt of taxes, until the twentieth day of April, as provided by section 5165 of Gantt\u2019s Digest. The statute is mandatory and must be observed.\n3. Chancery Jurisdiction: To avert a cloud upon title: Injunction.\nChancery has jurisdiction to avert, as well as to remove a cloud from title, and will enjoin the execution of a-deed for land illegally sold for taxes, where it would be such prima facie evidence of title as would require evidence to remove.\n4. Tax Sales: Statute, section 4111 Gantt\u2019s Digest, construed.\nThe statute, Gantt\u2019s Digest, section 411T, applies only to actions for the recovery, or for the possession, of lands purchased at tax sale, and not to actions to enjoin the execution of deeds on illegal tax sales.\n5. Same : Return of taxes to purchaser.\nA purchaser of land at tax sale, who is ignorant of the irregularity of the sale, and pays the taxes in good faith, is entitled to a return of the taxes and interest (and probably the penalty) before he can be required to abandon his purchase; and a decree vacating the sale should so protect him.\n6. Same : Time for redemption, how estimated.\nThe last day given for the redemption of land sold for taxes, where two years from the sale day are given, is the.second anniversary of the sale. The sale day is excluded.\nAPPEAL from Sebastian Circuit Court.\nHon. J. H. Rogers, Circuit Judge.\nDu Val \u00a7 Cravens, for appellants:\n1. The suit was premature. C. F. B. Co. v. Parks, 32 Ark., 152.\n2. Plaintiffs did not put themselves in a position to receive any benefit from the omission of the collector to attend at Port Smith (Cooley on Taxation, 216), and no injury resulted to them. They had ample opportunity to pay the taxes, but failed. They had two years to redeem (sec. 17, act of March 5, 1875; sec. 5197 Gantt\u2019s Digest), and \u201cwhen certain number of days are required to intervene between two acts, the day of one only of the acts may be counted.\u201d (Sec. 5648 of Gantt\u2019s Digest.) The two years had elapsed when the application to redeem was made. Holland v. Clark, 32 Ark., 703; Cooley on Taxation, 364\u2022\n3. Plaintiffs failed to show that defendant\u2019s title was prima facie good, and there was no cloud on their title. No title vests until execution and delivery of collector\u2019s deed. (Stephens v. Holmes, 26 Ark., 48.) A cloud is a title or incumbrance apparently valid, but, in fact, invalid (Bis-sell v. Kellogg, 60 Barb., 617-629), and a remedy lies to remove, because it embarrasses the owner and tends to impede free disposition of land. Lryon v. Hunt, 11 Ala., 295; Anderson v. Hooks, 9 ib., 704; Huntington v. Allen, 44 Miss., 654; 4\u00ae Bid., 44; Conn., 488; Lock v. May,l\u00a1S Cal., 83.\nA bill which states only a pretended title, and prays relief against it on the ground of an apprehended injury, can not be maintained. 15 Ohio, 643; 22 Mich., 354; 36 Barb., 38; 44 166; 37 Penn. St, 31.\nThe remedy at law was complete. 48 N. T., 173.\nJames A. Yantis, for appellees:\n1. Sebastian County is, for many purposes, * * * two counties (Const. 1874, P- 44, sec\u2022 A\u2019 Acts 1874-5, pp. 86-9, 135-8 and 265), especially as to revenues. \u201cIt shall be the duty, * * * and, in every particular, proceed in the collection of taxes for each district, as if said districts were separate counties. Sec. 5, p. 137.\n2. The sale was void for the failure of the collector to attend at Eort Smith. Sec. 5165 Q-antfs Digest; 27 Ark., 678; Cooley on Tax., 212 to 221.\nThe offer to redeem was in ample time. (32 Ark., 703.) There was no liability for the penaly. 35 Ark., 509.\n8. This suit was not premature. 82 Ark., 152, not applicable. This was a suit to declare a sale void, and quiet title, by the owner of the land.\n4. It was not necessary to wait until the collector\u2019s deed was made. (9 Wis., 405.) The certificates of purchase cast a cloud upon appellees\u2019 title. They were regular on their face; gave purchaser at least a lien for taxes, penalty and costs, and devolve upon appellees the burden dehors the certificates, to rebut their validity. Wis., 44%l 88 ib., 477-479; 29 ib., 57-59; 26 ib., 70; 25 ib., 490; 9 ib., 405; 21 Conn., 488; 86 III., 550; 56 ib., 291; 43 Cal., 83; 19 Ark., 189; 3 Ohio, 87; 17 Mich., 837; 14 ib., 414; 1 John. Ch., 517; 35 Qa.,817; 4^R%d.,49; Blackwell Tax Titles, p. 556 (note a), 561, 565 (note 1); High on Injunction, 269, 270, 861; Story Bq. Jur., 700; 27 Ark., 685.\n5. No affidavit of tender was necessary. 27 Ark., 414~\n6. It was a matter of discretion with the court to allow the tender after time for redemption expired. J-5 Mo., 157.\n7. Carnall offered to redeem on the tenth of June, and the refusal of the clerk could not prejudice his right. Note to Blackwell, p. 499.\nCompton, Battle $ Compton, also, for appellees:\n1. A certificate of purchase is a cloud, and the owner need not wait until his own title is attacked to commence suit. 9 Wis., 1\u00a1,02; Overing v. Foote, J\u00a13 N. Y., 290; Pettit v. Shepperd, 5 Paige, 501; Fox v. Lake, 28 Wis., 583.\n2. The sale was void for the failure of the collector to attend at Eort Smith. Gantt\u2019s Digest, sec. 5165; Parker v. Pules, Lessee, 9 Craneh, 61\u00a1,; Jackson v. Shepherd, 7 Cow., 88; Cooley on Tax, 326; Blackwell on Tax Titles, marg. p. 261\u00a1.-5, etc.\n3. The delivery to the clerk of the check, etc., on the last day was a substantial redemption, especially when followed by the subsequent \u2018tender and payment into court, and the court properly decreed the relief. ^5 Mo., 157; 11 Ohio, lf.80; 8 Wheat., 17J\u00a1,, and 1 Pet., 1."
  },
  "file_name": "0196-01",
  "first_page_order": 192,
  "last_page_order": 200
}
