{
  "id": 1898636,
  "name": "Nevill et al. v. Rentzell et al.",
  "name_abbreviation": "Nevill v. Rentzell",
  "decision_date": "1882-11",
  "docket_number": "",
  "first_page": "289",
  "last_page": "291",
  "citations": [
    {
      "type": "official",
      "cite": "39 Ark. 289"
    }
  ],
  "court": {
    "name_abbreviation": "Ark.",
    "id": 8808,
    "name": "Arkansas Supreme Court"
  },
  "jurisdiction": {
    "id": 34,
    "name_long": "Arkansas",
    "name": "Ark."
  },
  "cites_to": [],
  "analysis": {
    "cardinality": 187,
    "char_count": 2370,
    "ocr_confidence": 0.433,
    "pagerank": {
      "raw": 7.317852702137001e-08,
      "percentile": 0.43785004453927623
    },
    "sha256": "dde7e28f29a732a9b29934496a46d1e45386b336594027f28403f26183db5f55",
    "simhash": "1:40bc2881b2457902",
    "word_count": 412
  },
  "last_updated": "2023-07-14T15:58:33.403188+00:00",
  "provenance": {
    "date_added": "2019-08-29",
    "source": "Harvard",
    "batch": "2018"
  },
  "casebody": {
    "judges": [],
    "parties": [
      "Nevill et al. v. Rentzell et al."
    ],
    "opinions": [
      {
        "text": "Eakin, J.\nThis suit was begun in 1858, by Birnie against the administrators cum testamento, etc., with the widow and heirs of James Nevill, to obtain specific performance of a title bond from Nevill to Birnie for a small tract of land near Font Smith. The defenses set up were that the title bond was not executed by Nevill. Second \u2014 That, if it were, it was only in the nature of a mortgage.\nPending the suit the death of Birnie was suggested, and it was revived in the name of his administrators. Neither the court nor any attorney upon either side objected to this, and the court proceeded to render a decree vesting the title in the administrators for the uses of the estate.\nThis was wholly inadmissible. The equitable title of Birnie, if he had any, descended to his heirs, whose presence was absolutely essential to a continuance of the litigation, unless it had been shown that the lands had been devised, and then the devisee would have been just as essential. The personal representative is often a proper party in such cases, by virtue of his right to have lands subjected to debts, but the heirs or devisees are positively necessary.\n\"We regret, without pronouncing upon the merits, to remand a case which has already been pending a quarter of a century, but the essential rules of pleading, and forms of procedure must be observed. .\nReverse the decree and remand the cause, with directions to the court below to set aside all orders after the revival in the name of Birnie\u2019s administrators, and for further proceedings in accordance with law and this opinion.",
        "type": "majority",
        "author": "Eakin, J."
      }
    ],
    "attorneys": [
      "Da Val Cravens, for appellant:"
    ],
    "corrections": "",
    "head_matter": "Nevill et al. v. Rentzell et al.\nParties : In suit to enforce performance of title bond.\nIn a suit against the obligor for specific performance of a title bond the heirs of the obligee are, upon his death, necessary parties plaintiffs; and if it be revived only in the name of his administrator, all subsequent orders in the cause, will, upon appeal, be set aside, and the cause remanded for proper parties to be made, etc.\nAPPEAL from Sebastian Circuit Court.\nHon. J. Brizzolari, Special Judge.\nDa Val Cravens, for appellant:\n1. It was error to render a decree vesting the title to the land in the administrators.\n2. The whole proceedings, from beginning to end, are erroneous, even if Nevill executed the bond. Heirs are not bound by obligations of their ancestor, beyond the estate descended."
  },
  "file_name": "0289-01",
  "first_page_order": 285,
  "last_page_order": 287
}
