{
  "id": 1875701,
  "name": "Sigment vs. The State",
  "name_abbreviation": "Sigment v. State",
  "decision_date": "1879-11",
  "docket_number": "",
  "first_page": "420",
  "last_page": "420",
  "citations": [
    {
      "type": "official",
      "cite": "34 Ark. 420"
    }
  ],
  "court": {
    "name_abbreviation": "Ark.",
    "id": 8808,
    "name": "Arkansas Supreme Court"
  },
  "jurisdiction": {
    "id": 34,
    "name_long": "Arkansas",
    "name": "Ark."
  },
  "cites_to": [],
  "analysis": {
    "cardinality": 94,
    "char_count": 1102,
    "ocr_confidence": 0.393,
    "pagerank": {
      "raw": 4.621887471290392e-08,
      "percentile": 0.2902893180258772
    },
    "sha256": "d0d09ea92a9e85806a78e67bef792ff58ba6bf0bf1242c0d048d82aecb82e028",
    "simhash": "1:4ca8187d21d41522",
    "word_count": 193
  },
  "last_updated": "2023-07-14T18:09:16.201435+00:00",
  "provenance": {
    "date_added": "2019-08-29",
    "source": "Harvard",
    "batch": "2018"
  },
  "casebody": {
    "judges": [],
    "parties": [
      "Sigment vs. The State."
    ],
    "opinions": [
      {
        "text": "English, C. J.\nJoseph Sigment and Mary Sigment were indicted in the circuit court of Hot Springs county for selling ardent spirits, etc., on Sunday.\nThey were tried on the plea of not guilty, the jury found Joseph guilty, assessed a fine against him of ten dollars, and acquitted Mary.\nIt seems that he moved for a new trial, which was refused, and he took a bill of exceptions,-setting out the evidence and instructions of the court, but in the bill of exceptions there is no reference to the motion for a new trial, and no exception to the decision of the court overruling it. There is, therefore, no question of law reserved for this court to decide on this appeal.\nAffirmed.",
        "type": "majority",
        "author": "English, C. J."
      }
    ],
    "attorneys": [
      "Kimball, for appellant.",
      "Henderson, Attorney General, contra."
    ],
    "corrections": "",
    "head_matter": "Sigment vs. The State.\n1. Practice in Supreme Court: Bill of exceptions.\nWhen the bill of exceptions contains no reference to the motion for new trial, and no exception to the decision of the court overruling it, there is no question of law before the supreme court to decide, on the appeal.\nAPPEAL from Garland Circuit Court.\nI-Ion. J. M. Smith, Circuit Judge.\nKimball, for appellant.\nHenderson, Attorney General, contra."
  },
  "file_name": "0420-01",
  "first_page_order": 422,
  "last_page_order": 422
}
