{
  "id": 8727883,
  "name": "Lane vs. Farmer",
  "name_abbreviation": "Lane v. Farmer",
  "decision_date": "1852-01",
  "docket_number": "",
  "first_page": "63",
  "last_page": "65",
  "citations": [
    {
      "type": "official",
      "cite": "13 Ark. 63"
    }
  ],
  "court": {
    "name_abbreviation": "Ark.",
    "id": 8808,
    "name": "Arkansas Supreme Court"
  },
  "jurisdiction": {
    "id": 34,
    "name_long": "Arkansas",
    "name": "Ark."
  },
  "cites_to": [],
  "analysis": {
    "cardinality": 208,
    "char_count": 3138,
    "ocr_confidence": 0.516,
    "pagerank": {
      "raw": 1.541777053617447e-07,
      "percentile": 0.6730158785319144
    },
    "sha256": "34b4b7fe2f16cbf4b9740ad6f91cf84afe4e3ee831c994f1dd39794c2bf3a64e",
    "simhash": "1:86a616d1e9edf784",
    "word_count": 562
  },
  "last_updated": "2023-07-14T15:39:42.022134+00:00",
  "provenance": {
    "date_added": "2019-08-29",
    "source": "Harvard",
    "batch": "2018"
  },
  "casebody": {
    "judges": [],
    "parties": [
      "Lane vs. Farmer."
    ],
    "opinions": [
      {
        "text": "Mr. Justice Scott\ndelivered the opinion of the Court.\nProof of execution of the order in question wras an indispensable pre-requisite to its being read in evidence. Had this been done, then its possession by the debtor on whom it was drawn, was \u2022prima facie evidence that he had paid it according to its tenor. (2 Greenl. Ev., p. 492, sec. 518.)\nThe judgment must be reversed, and the cause remanded.",
        "type": "majority",
        "author": "Mr. Justice Scott"
      }
    ],
    "attorneys": [
      "ByeRS & PatteesoN, for the plaintiff."
    ],
    "corrections": "",
    "head_matter": "Lane vs. Farmer.\nPossession of an order by the maker of a note, drawn upon him by the payee of the note, is prima facie evidence that he has paid the order according to its tenor, but he must prove its execution before he can introduce it in evidence.\nWrit of Error to Marion Circuit Court.\nTins was a suit brought by Lane against Farmer, upon the following bond, before a Justice of the Peace:\n\u201cTwelve months after date, we or either of us promise to pay Josiah Lane, administrator of Baker Tyler, deceased the sum of sixteen dollars and 43|- cents, without discount or defalcation, for value received of him; as witness our hands and seals, this July 18th day, 1844.\nJ. B. EVERETT, [Seal.]\nJAMES FARMER, [Seal.]\u00bb\nFarmer appeared before the Justice and filed the following paper as a set-off:\n\u201c Mr. J. B. Everett, Sir: Please let the bearer have what lumber he wants, and it will be good on the note I hold on you. I would send you the note but I hain\u2019t it with me, and by so doing you wil\u00ed oblige yours & so forth; this 3d day of May, 1848.\nJOSIAH LANE.\u201d\nJudgment was entered by the justice against Lane, and he appealed to the Circuit Court.\nIn the Circuit Court the case was tried before a jury. Lane read the bond sued on as evidence, without objection, and rested his case.\nThe defendant offered to read the above paper, filed as an offset, to the jury as evidence in his behalf, to which the plaintiff objected, without the executionpf it was first proved. The court overruled the objection and permitted it to be read to the jury as evidence to which the plaintiff excepted.\nThe said bond offered and read as evidence by the plaintiff and the said paper offered and read as evidence by the defendant, was all the evidence offered in the case.\nThe defendant then moved the court to instruct the jury: \u201cThe Court instructs the jury in this case that the order offered in evidence by the defendant in this case, is prima facie evidence of the payment of the note sued upon, and is good until rebutted by the plaintiff.\u201d\nTo the giving of which the plaintiff objected, but the court overruled the objection, and gave the instruction, and the plaintiff excepted.\nThe jury found for the defendant, and judgment was rendered against the plaintiff for costs.\nThe plaintiff moved for a new 'trial, and assigned as cause:\n1st. The court erred in permitting the defendant to read as evidence the paper without proof of its execution:\n2d. The court erred in permitting said instrument to be read as evidence to the jury:\n3d. Because the court erred in instructing the jury:\n4th. Because the jury found -against the law and the evidence.\nThe motion was overruled-by the court, and the plaintiff excepted.\nByeRS & PatteesoN, for the plaintiff."
  },
  "file_name": "0063-01",
  "first_page_order": 63,
  "last_page_order": 65
}
