{
  "id": 8728040,
  "name": "Pope's Exr. v. Ashley's Exr.",
  "name_abbreviation": "Pope's Exr. v. Ashley's Exr.",
  "decision_date": "1853-01",
  "docket_number": "",
  "first_page": "262",
  "last_page": "269",
  "citations": [
    {
      "type": "official",
      "cite": "13 Ark. 262"
    }
  ],
  "court": {
    "name_abbreviation": "Ark.",
    "id": 8808,
    "name": "Arkansas Supreme Court"
  },
  "jurisdiction": {
    "id": 34,
    "name_long": "Arkansas",
    "name": "Ark."
  },
  "cites_to": [
    {
      "cite": "3 Peters 289",
      "category": "reporters:scotus_early",
      "reporter": "Pet.",
      "opinion_index": -1
    },
    {
      "cite": "1 Hill 324",
      "category": "reporters:state",
      "reporter": "Hill",
      "weight": 2,
      "opinion_index": -1
    },
    {
      "cite": "4 Yeates 392",
      "category": "reporters:state",
      "reporter": "Yeates",
      "case_ids": [
        6774653
      ],
      "opinion_index": -1,
      "case_paths": [
        "/yeates/4/0392-01"
      ]
    },
    {
      "cite": "5 Howard 285",
      "category": "reporters:state",
      "reporter": "Howard",
      "case_ids": [
        8840449
      ],
      "opinion_index": -1,
      "case_paths": [
        "/miss/6/0285-01"
      ]
    },
    {
      "cite": "4 Wheaton 207",
      "category": "reporters:scotus_early",
      "reporter": "Wheat.",
      "opinion_index": -1
    },
    {
      "cite": "8 Mass. R. 430",
      "category": "reporters:state",
      "reporter": "Mass.",
      "opinion_index": 0
    },
    {
      "cite": "5 Ark. 359",
      "category": "reporters:state",
      "reporter": "Ark.",
      "opinion_index": 0
    },
    {
      "cite": "1 Ala. 612",
      "category": "reporters:state",
      "reporter": "Ala.",
      "case_ids": [
        902261
      ],
      "opinion_index": 0,
      "case_paths": [
        "/ala/1/0612-01"
      ]
    }
  ],
  "analysis": {
    "cardinality": 802,
    "char_count": 15914,
    "ocr_confidence": 0.537,
    "pagerank": {
      "raw": 1.8676946961095473e-07,
      "percentile": 0.7257710777732601
    },
    "sha256": "b473987eafff2eac36a3767728a59f17def7294deb44d7c09536a57d4860759c",
    "simhash": "1:b96ad3e438dccc6d",
    "word_count": 2727
  },
  "last_updated": "2024-02-27T18:22:40.367180+00:00",
  "provenance": {
    "date_added": "2019-08-29",
    "source": "Harvard",
    "batch": "2018"
  },
  "casebody": {
    "judges": [
      "Mr. Chief Justice Watkins did not sit in this case."
    ],
    "parties": [
      "Pope\u2019s Exr. v. Ashley\u2019s Exr."
    ],
    "opinions": [
      {
        "text": "Mr. Justice Scott\ndelivered the opinion of the Court.\nOn the 7th day of December, 1844, Chester Ashley commenced this action, against John Pope, upon a cause of action, on which the statute of limitations of three years began to run on the 26th of March, 1839; and, consequently, the bar of the statute would have been perfect in March, 1842, but for a provision in the 20th section of the statute that \u201cif after such cause of action shall have accrued, such person depart from- and reside out of the State, the time of his absence shall not be deemed or taken as any part of the time limited for the commencement of such action.\u201d\nTo this action, after the death of Gov. Pope, his executor interposed the plea of the statute of limitations; to which Ashley replied Gov. Pope\u2019s absence from the State after the accruel of the cause of action, so as to get the benefit of the provision of this section of the statute, and a demurrer was interposed.-\nIn the meantime, however, on the \u00cd4th day of December, 1844, (within seven days after the commencement of this suit) our Legislature had, by express enactment, repealed this 20th section of the statute.\nUpon this state of facts the question that is presented is, as to the effect of this enactment of repeal upon this cause of action, not as to its validity in general; because an act of the Legislature may be in operative as to one person, or for one purpose, though not as to another person, for another purpose.\nIt will be observed thatthis is not a case where the rights, either perfect or imperfect, claimed by the plaintiffbelow grew out of the repealed statute, or were in any way incident to it; on the contrary, the repealed law, together with the entire limitation act, of which it was a part, was enacted expressly but to number-the years in which these rights might be asserted in a court of justice, their vitality springing from quite another source wholly independant. But it is a case, practically, where the Legislature have attempted to close the courts instanter against a party having legal rights in full life. Because although at first a given period had been allowed within which to commence an action under pain of closing the courts, before the expiration of that period, the legislature, by the operation of this statute of repeal, if valid, cut down that period! to- a point of time already elapsed,, and thereby instanter closed the courts against this cause of action.\nIt is contended that the Legislature had the authority to do this, because this was a statute of limitations, and that it is known that laws of limitations operate not upon the right, but upon- the remedy. This may be conceded, and nevertheless we think it by no means follows that the Legislature had the power in question; because, for this to be so, it would have to be first shown that the power of the Legislature over the remedy was without limit, a task, we apprehend, not easily accomplised, because the people of this country, in constructing their government, have thought proper to reserve many rights to themselves, and thus have necessarily imposed corresponding limitation upon the powers of the government they have created.\nDuring the present term ofthis court in the proceeding of Martin v. The Swamp Land Commissioners, we have had occasion to develope one of these limitations upon the Legislative authority, and this case, alm\u00f3stas a sequence,mustresultin another, andthattoo upon the same primitive foundation\u2014the citizen\u2019s inherent and indefeasible right to acquire, possess and protect property\u2014having its roots in the social compact deeper than the government. A right, in which, in the language of Judge Green, in the case in 6 Randolph R. 245, \u201cLiberty itself essentially consists,\u201d and \u201cwhich our ancestors in framing our constitution intended to secure effectually and forever;\u201d and which we have held, in the case just cited, to be \u201ca limitation imposed by the people upon the government of their own creation, designed to protect the weak against the strong, the minorty, against the majority.\u201d.\nThus blended with liberty itself, priceless in its value, and\u2018indefeasible in its nature, the barriers for its protection inviolate are in this country three-fold, and cannot be easily broken.\n\u201c1st. The Bill of rights and written constitutions both of the Federal and State Governments, which being certain and defined, form a limitation upon power which cannot be transcended without usurpation.\n2d. The right of bearing arms\u2014which with us is not limited and restrained by any arbitrary system of game laws as in England, but is practically enjoyed by every citizen, and is among his most valuable privilages, since it furnishes the means of resisting, as a freeman ought, the inroads of usurpation.\n3d. The right of applying to the courts of justice for the redress of grievances, (1 Tucker\u2019s Lee. p., 43), a right that has been so enlarged by the constitution and laws of this State, that now, in the estimation of justice all men are equal, whether the citizen complains of the government, or the government complain of the citizen. (The State et al. v. Curran, 7 Eng. R. 321.)\nWith the exception of the bill of rights, which is beyond its control, (Eason v. The State, 6 Eng. R. 481), all these meansfor thejpro tection of personal security, personal liberty and private property are within the limited scope of competent Legislative powei\u2019s. Thus, the constitution may be amended within the great landmarks of freedom in accordance with the exigencies of enlightened progress. The right of bearing arms may be regulated, as by prohibiting the carrying of arms concealed about the person. (The State v. Buzzard, 4 Ark. R. 19. The State v. Reid, 1 Ala. 612. The State v. Mitchell, 3 Blackf. R. 229. And the right of applying to the courts of justice for the redress of grievances, may be regulated in a variety of modes touching the process for the administration of justice, and the time within which suits shall he commenced. But upon no pretence of regulating these rights, can they be destroyed, without the usurpation of powers by the Legislature which have been reserved to the citizen, and declared by them to be indefeasible; unless it could be supposed that powers that bad been entrusted to the legislature for bene-ficfent sway, could be rightfully perverted to destructive, capricious, and arbitrary rule, which would be absurd.\nAnd no less vain would be the right in the citizen to \u201cacquire, possess and protect property,\u201d if the courts of the country could be capriciously and arbitrarily closed against him through laws retrospective, .than by laws that would openly declare it to be the purpose of the Legislature to deny justice to all men, or to a particular class of citizens upon whose rights they had deemed it their province to sit in judgment. Of this latter class of enactments, .was the act of the Legislature, passed some years ago, denying to a defendant, sued upon a change ticket, any stay of execution, or right of appeal, certiorai, writ of error, or injunction, touching which the right of the citizen in question in this case, was properly vindicated by this court, in the case of Anthony Ex parte, (5 Ark. 359,) by declaring the act unconstitutional: and was again remarked upon by us in the case of Carroll v. Crawford county, (at page 619, of 6 Eng. R.) when construing a statute authorizing appeals in certain cases.\nWe are aware that there are several of the most respectable authorities, which maintain that statutes of limitations, which create the bar instanter, or which do not allow a reasonable time after the passage of the law for the commencement of suits on existing demands, are unconstitutional, and that, for the most part, this opinion is rested upon the ground that such Legislajb on \u201cimpairs the obligation of the contract; within the meaning of the Federal Constitution, (Proprs. Ken. Purchase v. Labosee et. al., 2 Greenl. R. 292. Call v. Haggen, 8 Mass. R. 430. Somely vs. Wheeler, 2 Gall. R. 143 Slarges v. Crowninshield,4 Wheaton, 3 Peters R. 290,) but we have not feltfully convinced from the reasoning employed that this conclusion is altogether warranted,unless we suppose, which we incline to do, that statutes of limitation legally import something more than mere remedy. We have therefore in this case placed the nullity of this statute of repeal, quoad the case before us, upon the ground of its unconstitutional invasion of the right of private property, which to us seems altogether.clear.\nThe other question in this case, as to the necessity of the affidavit prescribed by our statute, (Dig., p., 127 see. 93,) was correctly ruled by the court below. The affidavit is not required either by the letter or spirit of the statute in suits which are pending and undetermined at the time of the death of the defendant.\nFinding no error in the record, the judgment must be affirmed,\nMr. Chief Justice Watkins did not sit in this case.",
        "type": "majority",
        "author": "Mr. Justice Scott"
      }
    ],
    "attorneys": [
      "F. W. & P\u2018. Traps all, for the plaintiff.",
      "Watkins & Cubran, contra."
    ],
    "corrections": "",
    "head_matter": "Pope\u2019s Exr. v. Ashley\u2019s Exr.\nOn the 7th December, 1844, Ashley sued Pope, on a cause of action on which the statute of limitation commenced running March 20th, 1839, and which \u2022would have been barred after 20th March, 1842, but for the fact that Pope was, in the meantime, residing out of the State, and by the 20th sec. of chapter 91, of ,the Revised Statutes, such absence from the State prevented the bar from attaching in his favor; and this section was relied on by the plaintiff to take the case out of the statute. But, on the 14th December, 1844, after Ashley commenced \u00a1his suit against Pope, the 20th section of the chapter of the Revised Statutes .aforesaid, was repealed without reservation: Held, That such repeal did not cut Ashley off from the benefit of said 20th section, because he had acquired a right under it, which the Legislature had not the constitutional power to invade; that the Legislature may regulate and limit remedies, but cannot cut them off instantly, so as to deprive a party of existing rights.\nThe 93d section of chapter 4, Digest, requiring the plaintiff in an action against an executor or administrator to produce an affidavit authenticating the claim sued on, made before suit brought, <Sic., does not apply to actions pending and undetermined at the time of the death of a party.\nWrit of Error to Pulaski Circuit Court.\nOn tRe 7th December, 1844, Chester Ashley commenced an action of assumpsit against John Pope, upon an instrument executed, by Pope, to one Collins, in these words: \u201cBorrowed to-day, May 20th, 1834, of Lt. Collins, one hundred and fifty dollars and forty cents,\u201d which was assigned by Collins to Ashley.\nAt the return term, (May, 1845,) defendant Pope filed the plea \u2022of non-assumpsit, and the case was continued.\nAt November term, 1845, Pope\u2019s death was suggested, and John W. Cocke, his executor, substituted as defendant, and the case continued. It was again continued at the May term, 1846, on the application of plaintiff-.\nAt the November term, 1846, Cocke filed the plea of the statute of limitation \u2014 three years \u2014 gave notice that, on the trial, he would move to non-suit the plaintiff-, unless he produced such affidavit as was required by law for authenticating claims against deceased persons, made prior to the revival of said suit against Cocke, as executor of Pope.\nPlaintiff filed two replications to the plea of limitations:\n1st. \u201cThat the cause of action accrued to the plaintiff in the State of Arkansas, at a time when both plaintiff and John Pope resided within said State: that within three years next after' the cause of action accrued, said Pope, departed from, and resided out of said State, and continued to reside and be absent from said State until such time, so that said Pope did not remain within said State for three years after the said cause of action accrued, and before the commencement of this suit,\u201d &c.\n2d. \u201cThat, at the time the cause of action accrued, said Pope was out of the State of Arkansas, and that this suit was commenced within three years next after the return of said Pope into said State,\u201d\nAfter demurrer overruled to the first replication, defendant took issue to both of said replications, and the issues were submitted to the court setting as a jury. After the plaintiff had introduced evidence, delendant moved the court to non-suit him for want of the affidavit referred to in the above notice; which motion the court overruled.\nThe evidence as to the residence of Pope was, that, in the spring of 1835, he removed from this State to the State of Kentucky, where he resided until his death. That he visited this State twice after his removal; once in fall of 1835, when he did not remain more than two months; and again in 1844, when he remained three months.\nThe court found, and rendered judgment, in favor of plaintiff for the amount of the instrument sued on. Defendant excepted, and brought error.\nAshley departed this life, and his executrix was substituted defendant in- error,\nF. W. & P\u2018. Traps all, for the plaintiff.\nThe court ought to have sustained the motion for a non-suit, because the affidavit required by the statute was notproduced. The 91 stsec.ch. 4, Dig., is peremptory in its terms that if the affidavit be not produced \u201cthe court shall, on motion, enter judgment of non-suit.\u201d The object of the statute being to guard against imposition on the estates of deceased persons, the same reason for the policy extends to actions revived against the administrator or executor as to these originlly brought against them; and when the suit is revived, it is, in the language of the statute, \u201can action\u201d or \u201csuit.\u201d\nThe replications to the plea of the statute of limitations, were both immateral. The 20th sec. of the Act, upon which they were founded, had been repealed, and unless the plaintiff had a vested right in the law, these exceptions had ceased to exist.\nThe remedy is always in the discretion of the Legislature. Sturgis v. Crowningshield, 4 Wheaton 207. 10 Shepley 318. 1 Mc-Lain, 35. 5 Howard 285. 3 Peters, 289.\nJudicial proceedings commenced under an act, and notfinished when it is repealed, fall with it. Meller's case, W. Bl. 451. 4 Yeates 392. Butler v. Palmer, 1 Hill 324. Newton v. Tibbatts, 2 Eng. 150.\nThe act of 1844 relates alone to the remedy, and laws of imprisonment and limitation, which stand on the same ground, are no part of the contract. 4 Cond. Rep. 414. Without impairing the contract, the remedy may certainly be modified as the wisdom of the Legislature may direct. Id. 6 Ed. 537,\nThe Legislature ai\u2019e prohibited by the constitution from depriving a party of all remedies for the recovery of his debt, for that would be impairing the obligation of the contract; but any repeal, change or modification of the remedy, that does not amount to a total denial, and within this prohibition, is within their power. Jackson v. Lampkin, 3 Peters 289, 3 Story's Com. 249. The Legislature gave the bar from motives of public policy; it forms no part of the contract, it does not effect the right of the parties, they certainly can take it away when they thank proper without impairing the obligation of the contract.\nWatkins & Cubran, contra.\nThe 93d sec. of ch. 4, Dig., does not apply to a suit commenced against a party in Ms lifetime, and revived after Ms death against his representative; because it ordains that \u201cthe affidavit must appear to have been made prior to the commencement if the action.\u201d As this suit was instituted against Pope in his lifetime, how could Ashley produce an affidavit appearing, \u201cto have been made prior to the commencement of the suit,\u201d\nAs to the plea of limitation, and the replication in avoidenc\u00e9\u2014 conceding that the Legislature may change or even revive a remedy barred, they cannot by \u00e1 new law, operating in present\u00ed, abolish all remedy,particularly after action brought; if all existing remedies are abolished, the obligation is impaired."
  },
  "file_name": "0262-01",
  "first_page_order": 262,
  "last_page_order": 269
}
