{
  "id": 8728065,
  "name": "Mains vs. State",
  "name_abbreviation": "Mains v. State",
  "decision_date": "1853-01",
  "docket_number": "",
  "first_page": "285",
  "last_page": "286",
  "citations": [
    {
      "type": "official",
      "cite": "13 Ark. 285"
    }
  ],
  "court": {
    "name_abbreviation": "Ark.",
    "id": 8808,
    "name": "Arkansas Supreme Court"
  },
  "jurisdiction": {
    "id": 34,
    "name_long": "Arkansas",
    "name": "Ark."
  },
  "cites_to": [],
  "analysis": {
    "cardinality": 173,
    "char_count": 2083,
    "ocr_confidence": 0.525,
    "pagerank": {
      "raw": 2.060198575774721e-07,
      "percentile": 0.7564132117355105
    },
    "sha256": "fc5f1b8b575638b282bfa3262d7698678a5ceb2503df124ce2cfb6bc32975a42",
    "simhash": "1:da952fe36c191e7c",
    "word_count": 378
  },
  "last_updated": "2023-07-14T15:39:42.022134+00:00",
  "provenance": {
    "date_added": "2019-08-29",
    "source": "Harvard",
    "batch": "2018"
  },
  "casebody": {
    "judges": [],
    "parties": [
      "Mains vs. State."
    ],
    "opinions": [
      {
        "text": "Mr. Justice Walker\ndelivered the opinion of the Court.\nThe defendant was indicted, tried and convicted of an assault with a deadly weapon with intent to inflict great bodily injury. A motion was made for a new trial upon the sole ground that the verdict of the jury was contrary to evidence.\nThe counsel contends that this is not a case in which there is a conflict of evidence, but where there is a total lack of evidence to prove that an assault was in fact committed. In this, we think the'counsel mistaken. It is very true that most of the witnesses deposed that the gun was held in a position parallel with the defendant\u2019s body, but one of them stated that the defendant caught the rifle in both hands, and held it -pointing in the direction to where Trammell (the person assaulted) stood. Witness could not say it was at Trammell, but in the direction to him, and he said that if Trammell did not immediately ipake him a deed to land, that he would make a hole through Trammell\u2019s body. The gun was cocked, with a cap on the tube.\nUnder this state of case, it was for the jury to say, to which of these witnesses they would give credit, and to determine whether an assault was or not committed. And we have looked into the evidence, not to compare opinions with them as to the weight of evidence, but to see whether there was such total lack of evidence as was supposed to exist by the counsel; and finding this not to be the case, we do not hesitate to affirm the decision of the circuit court in refusing a new trial.\nLet the judgment of the circuit court be affirmed.",
        "type": "majority",
        "author": "Mr. Justice Walker"
      }
    ],
    "attorneys": [
      "Pike & Cummins, for appellant.",
      "Clenpenin, Attorney General, contra."
    ],
    "corrections": "",
    "head_matter": "Mains vs. State.\nWhere the statements of witnesses .are contradictory, it is tlje province of tjie jnryto determine which of them is entitled to credit, and to find accordingly; and this court will not review the evidence for the purpose of passing upon the correctness of their conclusion as to the weigt of .evidence. It is sufficient that there is not a total want of evidence to support the verdipt.\nAppeal from, Ashley Circuit Court,\nPike & Cummins, for appellant.\nClenpenin, Attorney General, contra."
  },
  "file_name": "0285-01",
  "first_page_order": 285,
  "last_page_order": 286
}
