{
  "id": 8728280,
  "name": "Walker, ad. et al. vs. Johnson et al.",
  "name_abbreviation": "Walker v. Johnson",
  "decision_date": "1853-01",
  "docket_number": "",
  "first_page": "522",
  "last_page": "533",
  "citations": [
    {
      "type": "official",
      "cite": "13 Ark. 522"
    }
  ],
  "court": {
    "name_abbreviation": "Ark.",
    "id": 8808,
    "name": "Arkansas Supreme Court"
  },
  "jurisdiction": {
    "id": 34,
    "name_long": "Arkansas",
    "name": "Ark."
  },
  "cites_to": [
    {
      "cite": "2 Dana 276",
      "category": "reporters:state",
      "reporter": "Dana",
      "case_ids": [
        5546769
      ],
      "opinion_index": -1,
      "case_paths": [
        "/ky/32/0276-01"
      ]
    },
    {
      "cite": "2 J. J. Marsh. 239",
      "category": "reporters:state",
      "reporter": "J.J. Marsh.",
      "opinion_index": -1
    },
    {
      "cite": "7 Mon. 198",
      "category": "reporters:state",
      "reporter": "Mon.",
      "opinion_index": -1
    },
    {
      "cite": "3 J. J. Marsh. 701",
      "category": "reporters:state",
      "reporter": "J.J. Marsh.",
      "case_ids": [
        8523836,
        8523879
      ],
      "opinion_index": -1,
      "case_paths": [
        "/ky/26/0701-01",
        "/ky/26/0701-02"
      ]
    },
    {
      "cite": "1 Dana 305",
      "category": "reporters:state",
      "reporter": "Dana",
      "opinion_index": -1
    },
    {
      "cite": "7 Cranch 456",
      "category": "reporters:scotus_early",
      "reporter": "Cranch",
      "case_ids": [
        572736
      ],
      "opinion_index": -1,
      "case_paths": [
        "/us/11/0456-01"
      ]
    },
    {
      "cite": "2 Rand. 120",
      "category": "reporters:state",
      "reporter": "Rand.",
      "case_ids": [
        6714442
      ],
      "opinion_index": -1,
      "case_paths": [
        "/va/23/0249-01"
      ]
    },
    {
      "cite": "2 J. J. Marsh. 489",
      "category": "reporters:state",
      "reporter": "J.J. Marsh.",
      "case_ids": [
        8521274
      ],
      "opinion_index": -1,
      "case_paths": [
        "/ky/25/0489-01"
      ]
    },
    {
      "cite": "5 Mon. 230",
      "category": "reporters:state",
      "reporter": "Mon.",
      "opinion_index": -1
    },
    {
      "cite": "3 Bibb 317",
      "category": "reporters:state",
      "reporter": "Bibb",
      "case_ids": [
        6402422
      ],
      "opinion_index": -1,
      "case_paths": [
        "/ky/6/0317-01"
      ]
    },
    {
      "cite": "2 A. K. Marsh. 488",
      "category": "reporters:state",
      "reporter": "A.K. Marsh.",
      "case_ids": [
        12149525
      ],
      "opinion_index": -1,
      "case_paths": [
        "/ky/9/0488-01"
      ]
    },
    {
      "cite": "1 Munf. 533",
      "category": "reporters:state",
      "reporter": "Munf.",
      "case_ids": [
        2094021
      ],
      "opinion_index": -1,
      "case_paths": [
        "/va/15/0210-01"
      ]
    },
    {
      "cite": "1 Rand. 247",
      "category": "reporters:state",
      "reporter": "Rand.",
      "opinion_index": -1
    },
    {
      "cite": "1 Ark. 31",
      "category": "reporters:state",
      "reporter": "Ark.",
      "case_ids": [
        8728276
      ],
      "opinion_index": -1,
      "case_paths": [
        "/ark/1/0031-01"
      ]
    },
    {
      "cite": "15 Mass. 319",
      "category": "reporters:state",
      "reporter": "Mass.",
      "case_ids": [
        2055239
      ],
      "opinion_index": -1,
      "case_paths": [
        "/mass/15/0290-01"
      ]
    },
    {
      "cite": "5 Ark. Rep. 541",
      "category": "reporters:state",
      "reporter": "Ark.",
      "opinion_index": 0
    },
    {
      "cite": "1 Ark. 222",
      "category": "reporters:state",
      "reporter": "Ark.",
      "opinion_index": 0
    }
  ],
  "analysis": {
    "cardinality": 940,
    "char_count": 24339,
    "ocr_confidence": 0.507,
    "pagerank": {
      "raw": 2.7958027179798555e-07,
      "percentile": 0.8363802291176049
    },
    "sha256": "6ca894afd8ce3bb96fc69ee9feaba40cc683eee92109d6451eab493d28c54fa7",
    "simhash": "1:62d8c687003edee6",
    "word_count": 4336
  },
  "last_updated": "2024-02-27T18:22:40.367180+00:00",
  "provenance": {
    "date_added": "2019-08-29",
    "source": "Harvard",
    "batch": "2018"
  },
  "casebody": {
    "judges": [],
    "parties": [
      "Walker, ad. et al. vs. Johnson et al."
    ],
    "opinions": [
      {
        "text": "Mr. Chief Justice Watkins\ndelivered the opinion of the Court\nThis cause was before this court, and decided at October term, 1845. The allegations in the bill, and the answer of Alexander, .are stated in the report of the case in 1 Eng. 302. Upon the remanding of the cause, the death of Morse was suggested, and his administrator substituted as defendant, who answered, admitting the sale and conveyance of the three tracts of land, by his intestate to the complainants, with warranty of title, and for the consideration as stated in their bill, and that one of the tracts, as stated in the bill, was held by Saugrain, by virtue of his having entered it at the land office at Fayetteville, previous to the sale and conveyance from Morse to the complainants; denying that Morse, his intestate, had represented to the complainants that he had a good and valid title to the several tracts of land referred to, or that he had a right to convey the same, alleging, upon information and belief, that, at the time Morse made the conveyance to the complainants, they knew of the previous entry of one of the tracts by Saugrain, and of the contest between that entry and the one subsequently made by Morse, at the land office at Clarksville, made enquiries concerning it, knew that the matter was undergoing an investigation before the Commissioner of the General Land Office, and was convinced that Saugrain\u2019s entry would be set aside. The answer further alleged that, after the entry made by Morse had been set aside by the Commissioner of the General Land Office, the complainants applied at the land office for the purchase money of the tract which had been entered by Saugrain to be refunded, and the money, amounting to $150, waspaidto them, and that they applied for and obtained the money upon the ground that Morse had conveyed t'he tract of land in question to them. The answer further stated that, after the filing of the bill, and after the death of Morse, the defendant, as administrator, had sued the complainants upon another note for the residue of the purchase money due by the complainants, for the lands of Morse, and that by agreement he\"took of the complainants a lot in the town of Clarksville, worth $40, in satisfaction of the demand. The cause was submitted upon the bill, answers, replications, and depositions.\nThe only facts in evidence are, that, at the time of the conveyance by Morse to the complainants, the tract of land which Saugrain had entered (the one to which the title failed) was worth $1,200, and that, at the time of the filing of the bill in August 1843, Morse (the intestate) was in failing circumstances, and af-terwards became insolvent. And, by agreement of parties, the fact was admitted on the hearing, that, in 1844, after the commencement of the suit, the complainants had applied to the Register and Receiver of the Clarksville land office for the entrance money ($150) paid by Morse for tbe tract in question which Sau-grain held by virtue of his prior entry, and it was paid over to them by the land officers. That they applied for this money by virtue of the conveyance executed to them by Morse, and appropriated it to their own use.\nThe court below decreed a perpetual injunction of the judgment obtained by Alexander.\nUpon the facts presented, there can be no question, as between the complainants and Morse or his administrator, but that they would be entitled to relief either by way of compensation or deduction to the amount of $1,200, the value of the tract of which they were evicted, with interest from the time of the sale; and in this view of the case, it would be immaterial what representations were made by Morse, or what knowledge the complainants had of any defect in his title. His covenant of warranty was a positive contract, and upon eviction from all or any of the tracts, the complainants, as against their grantor, would be entitled to compensation to the extent of the injury sustained, and to that extent could have defeated any recovery of the unpaid purchase money by him. Their right to this relief would not require a re-scision of the contract, but would rest upon the ground of a partial failure of consideration, and this would have been available to them in equity if not at law. Wheat, use, &c. vs. Dotson, 7 Eng. 699.\nBut the administrator of Alexander insists that a different rule would apply in a contest between him and the complainants; and the question is presented, whether and to what extent the equitable defences which the maker of a bond or note may have against the payee, are available to him as against the assignee.\n' There is no proof as to the circumstances attending the sale and conveyance of the land \u2014 whether Morse represented his title to be good, or the complainants knew it to be defective as to this tract. The answers as to this, being upon information, cannot be evidence for the defendants. And so of the affirmative allegation in the answer of the administrator of Morse, that since the filing of the bill, the complainants had paid $40, in satisfaction of his claim for another portion of the purchase money of the land, there is no proof, and being new matter not responsive to any allegation in the bill, must be disregarded. The presumption is therefore that the sale was a fair one for a fair price, Morse believing that he was conveying, and the complainants that they were accepting, a good title.\nOn the other hand, it may be fairly stated that Alexander, the assignee of Morse, became an innocent holder of the obligation for $600, for value received, and without notice of any subsisting equity between the complainants and Morse, and it is urged, upon the supposition that a loss in consequence of the insolvency of Morse, must fall upon one of two innocent parties, that the complainants should bear that loss, inasmuch as, by the intrusting Morse with their negotiable note under seal, for the payment of money, they nut it in his power to raise money upon it, and defraud or injure any one who might give value for it as a valid security. Such would be the doctrine of the law merchant as to negotiable paper before due; and the enquiry presents itself, to what extent have we adopted or does the law merchant prevail in this State ?\nBy the Missouri territorial statute enacted in 1807, and in force in this State until 1837, bonds, bills and promissory notes for money or property, were assignable so as to authorize the assignee to sue in his own name as the original holder could do, and recover the amount actually due at the time of the assignment, and which the assignor could not release, with the proviso that nothing in the act should be so construed as to change the nature of the defence in law that any defendant might have against the as-signee or the original assignor. (Ter. Dig. 74.) This court, in commenting upon this statute, in the case of Gamblin et al. vs. Walker, (1 Ark. 222,) considered \u201c that this act did not profess to be declaratory of what was the law, but plainly imported to be the introduction of a new rule.\u201d It did indeed abrogate the common law of maintainance as to all such choses in action, but the assignable quality given to them was the adoption of a rule altogether diiferent from the law merchant. Such an assignment ordinarily implied that the assignor had title to the instrument, that it was a bona fide and valid security for the amount it purported, and that he would be responsible in case of the insolvency of the maker, where the assignee, after using due diligence, had failed to enforce payment by suit against him. This, in general terms, may be said to have been the law not only in Missouri and Arkansas, but of most of the western States. And they have adhered, though with various modifications to what appears to have been the leading feature in this system, doubtless congenial to the wants or to the prejudices of an agricultural people, viz : that the contract should be enforced according to the rights as they subsisted between the original parties to it, so that the maker of a bond or note should never be required to pay any more than what was really and jus tty due upon it.\nIn Block vs. Walker, (2 Ark. R. 8,) the point decided was, that, under the statute, the assignee must sue in his own name, because he had acquired the legal title, and he would not be allowed, by suing in the name of the assignor, to his use, to deprive the defendant of any supposed defence he might have against the assignee. The court, however, deemed it necessary to construe the whole statute, and, in doing so, they declared that an assignment according to the statute, is an agreement or contract in writing, entered into between the assignor and assi-gnee, for a valuable consideration; that it was equivalent to drawing a new bill in favor of the assignee on the original obli-gor, but with the marked difference from the law merchant, that \u201cthe assignee stands in precisely the same relation to the obligor after the assignment as the assignor did before the transfer was made;\u201d and after quoting the clause of the statute reserving to the defendant any defence which he might have in law against the assignee or the original obligor, the court say, \u201cthe statute is express and peremptory on these points, and it leaves no room for doubt or construction in regard to them.\u201d\nin Small vs. Strong, (2 Ark. R. 199,) the case was that Small made his note to Knight & Bell, who assigned it to Strong ; but previous to the assignment to Strong, a note, made by Knight & Bell, to one Harrison, had been assigned by him to Small, and the question was whether, in a suit by Strong, Small was entitled to off-set the demand which he had so acquired against Knight & BelL The court, in an elaborate opinion, decided that he was not entitled to the set-off, for the reason that the territorial statute only contemplated a reservation to the maker of the bond or note of such defqnces as were connected with or sprung out of the obligation or contract itself, differing in this respect from the statutes of Virginia and Kentucky, which expressly allowed all discounts or off-sets, and because the defendant Small was not aided by the territorial statute of set-off, which required the debts to be mutual and by a privity of contract between the plaintiff and defendant. The whole reasoning of the case, however, would make it a strong authority to the extent of the equity set up by the complainants in the case now under consideration, because their defence is one connected with or growing out of the original contract.\nThe statute of assignments adopted in 1837, (Dig-, chap. 15,) and governing this transaction, adopted the territorial statute as far as it went; but it goes farther, and as if manifesting the intention of the law-makers and obviating the difficulty suggested in Small vs. Strong, provided that nothing contained in the act should change the nature of the defence, or prevent the allowance of discounts or off-sets either in law or equity, that any defendant may have against the original assignpr previous to the assignment, of against the plaintiff or assignee after the assignment. But this statute contains a further and very important feature, introductory of a new rule, by which the whole character of the contract, as between the assignor and assignee, or endorser and endorsee, might be materially changed. By the 9th section of this act, the holder of any bond,' bill or note for the payment of money alone, by using due diligence in demanding payment of the maker or acceptor, and giving due notice of nonpayment to the endorsers or assignors, may make them/equally liable with the original obligor, maker or payee of such instrument, and all the prior parties may be sued together or separately. So far as the endorser or assignor is concerned, the equities reserved to the original maker or obligor can have no application, and it would seem to be a qualified adoption of the law merchant, indeed an extension of it to writings obligatory as well as bills and notes. Qualified in as much as we conceive the equities of the maker or party primarily liable are reserved to him, differing materially in this respect from the law merchant, the marked characteristic of which is that the consideration of a bill or note, in the hands of a bona fide holder in the usual course of business, cannot be enquired into or impeached, unless the consideration be so illegal as to avoid the security. On the other hand, it seems to be the intention and effect of this statute to make the liability of all the subsequent parties to a negotiable instrument conditional, as at the law merchant, upon due presentment and notice, leaving their liability, where the holder did not choose to fix it by demand and notice, as it previously existed under our law. So that, even the original maker, or party primarily liable could, in any case, successfully resist payment on the ground of fraud, failure of consideration, or equitable discount existing between him and his obligee or payee, yet the subsequent assignors or endorsers, upon receiving due notice of presentment and refusal, would remain liable to any holder, as under the law merchant, upon their contracts of endorsement. Thus, in the case now before the court, if Morse had been duly notified of demand and refusal, there can be no doubt he would have become primarily liable to his assignee Alexander, notwithstanding the consideration of the obligation as between the obligors and himself, had wholly failed, and without regard to any equitable defence or discount as between them.\nThe law merchant being thus and to this extent introduced by the act of 1837, the application of it has come before this court in several cases, where it was, as we conceive, properly held that, by analogy to the law merchant, its rules respecting the rights and remedies of the holder, the manner of making the endorsement, the time and mode of presentment and notice are applicable as if expressly adopted, which, was done by the act of 1838, (Dig., ch. 25,) as to days of grace, presentment and notice in the case of all bills of exchange, and of bonds and notes payable in Bank. (Buckner vs. R. E. Bank, 5 Ark. Rep. 541. Buckner vs. Greenwood, 1 Eng. 207. Sterling & Snapp vs. Bender, 2 Eng. 202. Ruddell & McGuire vs. Walker, ib. 459. Jones vs. Robinson, 3 Eng. 485. Feimster vs. Smith, 5 Eng. 496. Jones vs. Robinson, 6 Eng. 510.) In the latter case, it was held that an endorsement of a note after due, is equivalent, so far as the contract of endorsement is concerned, to drawing a new bill or note payable on demand, and a corresponding degree of diligence as at the law merchant is required on the part of the holder to fix the liability of the endorser. But in none of these cases was the question raised or decided as to what equities the statute reserved to the defendant; yet the very adoption and extension of the law merchant, as we have seen, and the discussion of its rules in the courts, are calculated to create the idea of confusion in the law; and it is not strange that an innocent holder of a negotiable security, as if under the law merchant, should now claim the protection of that law to the full extent.\nBut the equities reserved by the statute to the original obligor, appear to have been always regarded and protected by the court. When this cause was up before, the court, (1 Eng. 308,) as a reason for requiring the answer of Morse to be in before the injunction was dissolved, held that the rights and liabilities of the makers were not changed by the assignment; they were not deprived of any defence against the note, either in law or equity, which they possessed against the assignor before the assignment, and that, by the assignment, Alexander acquired all the rights and interest of Morse created by the note, and became subject to the same defences as the assignor would be. In the case of Black vs. Bowman Trammell, (4 Eng. 505,) the question now under consideration was expressly decided, and the court say of the statute that it was intended, as it expresses, to protect the maker of the note, and afibrd him the full benefit of his defence either in law or equity, and although the note, on its face, may give no indication of the defence to be offered, the assignee is understood to take it subject to all and every defence which the maker could offer at the time of the assignment. In that case, Trammell rested his claim upon the ground that he was an innocent holder of the note assigned to him for value and before due. To the same effect is the case of Smith vs. Capers, decided at January term, 1852.\nWe must, therefore, take it as the law of this State, that the caveat does not rest upon the maker of negotiable paper, to beware how he becomes instrumental in causing it to be putin circulation, to make due enquiry, and to be cautious in protecting himself against loss or injury, but that the holder takes it at his peril, and with the risk of any latent equity that the maker could set up in any suit against the payee or obligee. And the grounds and reasons of this decision are thus fully stated, because the law affecting negotiable paper is, as we have seen, in many respects, anomalous. And because, if any reform is needed by the growing wealth and commerce of the State, in aid of credit and public confidence in such securities, it may be understood that the duty of such reform devolves upon the legislature and not upon the courts.\nThe only remaining point to be considered is, as to what effect had the act of the complainants in demanding and receiving the entrance money of the tract previously entered by Saugrain. This was done long after the rights of the parties had become fixed, and indeed after the filing of the bill; whether, with the consent of Morse or not, does not appear; and we do not see how it can aid the equity of Alexander. If admissible for any purpose, it would only be to raise a presumption that the complainants knew of the defect in the title, and intended to abide by such title as Morse had. But as the law is understood by the court, the express warranty of Morse was a positive contract which negatives any such presumption, and would entitle the complainants to relief against Morse, no matter what the verbal agreement or understanding of the parties may have been. It may be that this money belongs to the estate of Morse, and should go to his general creditors; yet Alexander has no cause in this proceeding to complain of the act, unless it had occurred prior to his purchase of the writing obligatory, and was calculated to mislead him. Because, if the obligor does#any act of commission or omission calculated to deceive the assignee, or whereby the assignee is induced to become the purchaser of the paper, he would be estopped from asserting any equity of which he was cognizant, or ought reasonably to have been cognizant of at the time as against the assignee. But this principle can have no application here; and we are bound to conclude that the demand and receipt of this money was an effort on the part of the complainants to save themselves against the insolvency of Morse, and.;this amount, together with the judgment by Alexander, would not be sufficient to indemnify them against the value of the tract to which the title failed, and interest on the amount from the time of the sale.\nSeeing no error in the decree, the judgment of the court is, that it be in all things affirmed.",
        "type": "majority",
        "author": "Mr. Chief Justice Watkins"
      }
    ],
    "attorneys": [
      "Pike & Cummins, for the appellants.",
      "P. W. & P. Teapnall, for the appellees."
    ],
    "corrections": "",
    "head_matter": "Walker, ad. et al. vs. Johnson et al.\nWhere a vendor sells to his vendee several tracts of land, and conveys them to him hy deed with general covenants of warranty, and afterwards the vendee is evicted from, one of the tracts, by a person holding a paramount title to that of the vendor, the vendee may defeat the recovery of the unpaid purchase money, as against the vendor, to the extent of the value of the tract of land from which he has been evicted.\nThe right of the vendee to this relief would not require a rescisi\u00f3n of the contract, but would rest upon the ground of a partial failure of consideration, of which he might avail himself in equity, or at law, as held in Wheat, use, S\u00a1c. vs. Dotson, 7 Eng. 699.\nAnd the vendee having executed an obligation to the vendor for the purchase money, may, under our statute, avail himself of this defence as against an assignee of the obligation as well as against the vendor.\nThe assignee of a note or bond, under our statute, takes it at his peril, and with the risk of any latent equity that the maker could set up in any suit as against the payee or obligee. \u2022 .\nThe vendee having after he was evicted, and after the assignment of his obligation for the purchase money, received back from the land office the entrance money paid by his vendor for the land, by way of indemnifying himself, to that extent, against the insolvency of the vendor, did not thereby waive his defence, as against the assignee, of such partial failure of consideration, though it might have been otherwise had he so availed himself of the entrance money, with the knowledge of the assignee, before the assignment of the obligation to him.\nAppeal from the Chancery side of Yell Circuit Court.\nPike & Cummins, for the appellants.\nA purchaser of land buys at his peril, and must look to the title and competency of the vendor. Murray vs. Ballore, J. C. R. 566.\nA purchaser cannot rescind in part, (Gale vs. Nixon, 6 Cowen 446;) nor where the parties cannot be restored to their previous rights. Griffiths vs. Frederic Co. Bk., 6 Gill Sf John. 424. Conner vs. Henderson, 15 Mass. 319.\nBut this is a suit for compensation \u2014 to keep part of the land and off-set the damages on account of failure of title to the other part. The damages are unliquidated, and cannot be set-off any more in equity than they can at law. Duncan vs. Lyon, 3 J. C. R. 351. Livingston vs. Livingston, 4 id. 292. Dugan vs. Cure-ton, 1 Ark. 31.\nAs the complainants knew, when they made the purchase, of Saugrain\u2019s entry, their attempt to prevent Alexander from collecting, is a gross fraud. But if otherwise, the law is well settled that one who purchases negotiable paper without notice of any equity between the parties to it, is not affected by such equity. (Lomax vs. Picot, 1 Rand. 247. 2 J. KC. R. 479. 1 Munf. 533.) A bona fide holder of a negotiable instrument assigned before due, for value, takes it clear of all equities; nor is the law changed by our statute of assignments.\nThe complainants knew of Saugrain\u2019s entry, and bought knowing it \u2014 they do not seek to rescind the contract, but remain in possession of the larger part of the land, and cannot be allowed to defeat the collection of the bond in question after putting it in circulation, when they knew of the opposing title, and must be supposed to have obtained the lands for a less price in consequence of it.\nP. W. & P. Teapnall, for the appellees.\nFrom the 3d sec., 15th ch., Dig., it is clear that the assignee took the instrument subject to the same equities as in the hands of the assignor.\nOn a contract for the sale of land, if the vendor can convey title to but a part, the vendee may elect to r\u00e9ceive a conveyance of such part, and recover damages for the residue; or he may refuse to take such part and recover damages for the whole. McConnell\u2019s heirs vs. Dunlap\u2019s devisees, Hardin Rep. 41. Rankin vs. Maxwell\u2019s heirs, 2 A. K. Marsh. 488. 3 Bibb 317. 5 Mon. 230. 2 J. J. Marsh. 489. 2 Rand. 120. 7 Cranch 456.\nChancery will grant an injunction against a judgment at law, even in favor of an assignee for the balance of the purchase, where there is a failure of title in whole or in part; and decree a rescisi\u00f3n of the contract on the election of the purchaser, and the return of his purchase money; or if the title be doubtful, will restrain the enforcement of the payment until the doubt upon the title is removed. 6 Monroe Rep. 225. 1 Dana 305. 3 J. J. Marsh. 701. Payne vs. Cabell, 7 Mon. 198. 2 J. J. Marsh. 239. 2 Dana 276.\nAt the time of the sale, the vendor had no title to one of the tracts of land, which was the inducement to the purchase; and the vendee has been evicted; the vendor died insolvent, and the vendee has no remedy except the court of equity shall restrain the collection of the judgment injoined in this case."
  },
  "file_name": "0522-01",
  "first_page_order": 522,
  "last_page_order": 533
}
