{
  "id": 8728462,
  "name": "Bennett vs. The State",
  "name_abbreviation": "Bennett v. State",
  "decision_date": "1853-07",
  "docket_number": "",
  "first_page": "694",
  "last_page": "695",
  "citations": [
    {
      "type": "official",
      "cite": "13 Ark. 694"
    }
  ],
  "court": {
    "name_abbreviation": "Ark.",
    "id": 8808,
    "name": "Arkansas Supreme Court"
  },
  "jurisdiction": {
    "id": 34,
    "name_long": "Arkansas",
    "name": "Ark."
  },
  "cites_to": [
    {
      "cite": "1 Phil. 195",
      "category": "reporters:state",
      "reporter": "Phil.",
      "case_ids": [
        2090105
      ],
      "pin_cites": [
        {
          "page": "197"
        }
      ],
      "opinion_index": -1,
      "case_paths": [
        "/nc/61/0195-01"
      ]
    },
    {
      "cite": "9 Pet. 691",
      "category": "reporters:scotus_early",
      "reporter": "Pet.",
      "opinion_index": -1
    },
    {
      "cite": "2 Dana 330",
      "category": "reporters:state",
      "reporter": "Dana",
      "case_ids": [
        5548462
      ],
      "opinion_index": -1,
      "case_paths": [
        "/ky/32/0330-01"
      ]
    }
  ],
  "analysis": {
    "cardinality": 241,
    "char_count": 3343,
    "ocr_confidence": 0.515,
    "pagerank": {
      "raw": 4.6864590260185266e-08,
      "percentile": 0.29360186636363744
    },
    "sha256": "d91763d81f56216832358e85ba63ffb8411dafdd53320c469fd41ec9e4f08512",
    "simhash": "1:46800c986bbf0304",
    "word_count": 597
  },
  "last_updated": "2024-02-27T18:22:40.367180+00:00",
  "provenance": {
    "date_added": "2019-08-29",
    "source": "Harvard",
    "batch": "2018"
  },
  "casebody": {
    "judges": [],
    "parties": [
      "Bennett vs. The State."
    ],
    "opinions": [
      {
        "text": "Chief Justice Watkins\ndelivered the opinion of the Court.\nThe defendant was indicted under the statute against Sabbath-breaking. The count to which the evidence applied, was that for retailing goods on Sunday. The jury found the defendant guilty, and he excepted to the overruling of his motion for new trial, setting out the evidence. No question of law was raised in the court below, and the only point made or argued here is, that the evidence was not sufficient to warrant the verdict of the jury.\nIf it were the province of this court, sitting as a jury, to pass upon the sufficiency of the evidence, we might hesitate, according to our impressions of it, as contained in the bill of exceptions, to find the appellant guilty of the offence charged. The substance of the testimony was, that the witness came into the appellant\u2019s store, by the back door, on Sunday, and applied to him to buy goods, which the appellant refused to sell him on account of its being Sunday. The witness then helped himself to the' goods, without being prohibited or permitted by the appellant,who did not charge them in his account against the witness, nor did he at any time demand pay, but on a subsequent day received pay for the same from the witness.\nThe jury had to enquire whether the act of the witness was a trespass, or did the appellant intend to give away the goods-, or did he intend at the time that the transaction was a sale of them to the witness. The jury must have found that the appellant considered it a sale, and we cannot say that there is a want or failure of evidence necessary to uphold such conclusion. There-is no reason, nor any rule of law, which would authorize the court of errors to disturb-the verdict; and, according to Hubbard v. The State, (5 Eng. 378,) and Bivens v. State, (6 ib. 463,) the judgment will be affirmed.",
        "type": "majority",
        "author": "Chief Justice Watkins"
      }
    ],
    "attorneys": [
      "Fairchild, for the appellant,",
      "Clendenin, Att. Gen., contra."
    ],
    "corrections": "",
    "head_matter": "Bennett vs. The State.\nThe defendant was indicted for breaking the Sabbath, by retailing goods. The testimony on the trial was, that the witness came into the defendant\u2019s store, by the back door, on Sunday, and applied to him to buy goods, which the defendant refused to sell him on account of its being Sunday. The witness then helped himself to the goods, without being prohibited or permitted by the defendant, who did not charge them in his account against the witness, nor did he at any time demand pay, but on a subsequent day received pay from the witness for the goods. Defendant was convicted, and the court refused him a new trial: Held, That it was the province of the jury to determine the fact whether the defendant intended the transaction to be a sale, and they having found against him, .and there not being a total want or failure of evidence to sustain the verdict, this .court affirms the judgment of the court below refusing a new trial.\nAppeal from Lawrence Circuit Court.\nFairchild, for the appellant,\ncontended that the facts proven in the case are \u201cactually insufficient to support the verdict and judgment,\u201d which \u201cmust be taken to be without evidence in every essential ingredient of the finding;\u201d that in criminal cases, the evi.dence of guilt should be conclusive. 1 Stark. Ev. 7 Am. Ed. 543, 545, 578, 588. Swiff\u2019s Ev. 151. Com. vs. Welch, 2 Dana 330. U. S. vs. Brig Bui'deU, 9 Pet. 691. 1 Phil. 195, 197. Cowen Sf Hill\u2019s Note, n. 371, y?. 483.\nClendenin, Att. Gen., contra."
  },
  "file_name": "0694-01",
  "first_page_order": 694,
  "last_page_order": 695
}
