{
  "id": 8728505,
  "name": "Cameron vs. The State",
  "name_abbreviation": "Cameron v. State",
  "decision_date": "1853-07",
  "docket_number": "",
  "first_page": "712",
  "last_page": "720",
  "citations": [
    {
      "type": "official",
      "cite": "13 Ark. 712"
    }
  ],
  "court": {
    "name_abbreviation": "Ark.",
    "id": 8808,
    "name": "Arkansas Supreme Court"
  },
  "jurisdiction": {
    "id": 34,
    "name_long": "Arkansas",
    "name": "Ark."
  },
  "cites_to": [
    {
      "cite": "6 Humph. 204",
      "category": "reporters:state",
      "reporter": "Hum.",
      "case_ids": [
        11266754
      ],
      "opinion_index": -1,
      "case_paths": [
        "/tenn/25/0204-01"
      ]
    },
    {
      "cite": "7 Porter Rep. 495",
      "category": "reporters:state",
      "reporter": "Port.",
      "case_ids": [
        11256471
      ],
      "opinion_index": -1,
      "case_paths": [
        "/port/7/0495-01"
      ]
    },
    {
      "cite": "5 Ohio 242",
      "category": "reporters:state",
      "reporter": "Ohio",
      "opinion_index": -1
    },
    {
      "cite": "12 Pick. Rep. 496",
      "category": "reporters:state",
      "reporter": "Pick.",
      "case_ids": [
        2060297
      ],
      "opinion_index": -1,
      "case_paths": [
        "/mass/29/0501-01"
      ]
    },
    {
      "cite": "2 Cushing 551",
      "category": "reporters:state",
      "reporter": "Cush.",
      "case_ids": [
        1981906
      ],
      "opinion_index": 0,
      "case_paths": [
        "/mass/56/0551-01"
      ]
    },
    {
      "cite": "12 Pick. 506",
      "category": "reporters:state",
      "reporter": "Pick.",
      "opinion_index": 0
    },
    {
      "cite": "7 Porter 500",
      "category": "reporters:state",
      "reporter": "Port.",
      "opinion_index": 0
    },
    {
      "cite": "22 Wend. 177",
      "category": "reporters:state",
      "reporter": "Wend.",
      "opinion_index": 0
    }
  ],
  "analysis": {
    "cardinality": 710,
    "char_count": 18109,
    "ocr_confidence": 0.52,
    "pagerank": {
      "raw": 7.342498743655267e-07,
      "percentile": 0.9687528114573475
    },
    "sha256": "06a431dcfa1bbb7506e54ae3a432dc5aa5c9b6997016e372d0b0ae73ebb79680",
    "simhash": "1:1714094026705261",
    "word_count": 3288
  },
  "last_updated": "2024-02-27T18:22:40.367180+00:00",
  "provenance": {
    "date_added": "2019-08-29",
    "source": "Harvard",
    "batch": "2018"
  },
  "casebody": {
    "judges": [],
    "parties": [
      "Cameron vs. The State."
    ],
    "opinions": [
      {
        "text": "Chief Justice Watkins\ndelivered the opinion of the Court.\nThe appellant was indicted for an assault with' intent to kill \u201c one Rice, whose Christian name is to the grand jurors aforesaid unknown.\u201d The jury, upon the evidence,- found the' defendant f\u2018not guilty in manner and form- as alleged in this indictment; but we do find him guilty of a simple assault, and assess his fine to the sum of\u201d &c. The witnesses, on the part of the State, who proved the offence, testified that they did not know the Christian name of Rice, that he was captain of the steamboat Shields, and called Captain Rice. The defendant then introduced one of the grand jurors, who preferred the indictment, as a witness, who testified that Rice\u2019s Christian name was Wilson C.; that he knew his name before he ivas on the grand jury, but could not think of it at the time the indictment was preferred ; that he thought he would refer the prosecuting attorney to a witness who knew the Christian name of Rice, but forgot to do so. The defendant then proved by the witness, to whom the grand juror referred, that he was in attendance during the term of the court at which the indictment was preferred, and within call of the grand jury. That; the Christian name of Rice was Wilson C., and he had known it for several months prior to that time. The defendant moved for a new trial, and excepted to the decision of the court overruling his motion.\nThe question' of law is raised upon this record, whether, upon an indictment for a felony, the defendant could be convicted of a misdemeanor. The offence charged, being punishable by imprisonment in the penitentiary, is a felony, (Acts of 1838, p. 28,) and a distinction is taken between this case and that of McBride vs. The State, (2 Eng. 374;) but it would seem from the report of that case, that the accused was indicted for an act which the statute made felony, and not for the attempt to commit it, as might be inferred from the opinion. But no fault is to be found with the case of McBride v. The State, if it had gone to the full length of holding that, upon an indictment for a felony, the accused maybe convicted of a misdemeanor, where both offences belong to the same generic class, where the commission of the higher may involve the commission of the lower offence, and where the indictment for the higher offence contains all the substantive allegations necessary to Jet in proof of the misdemeanor. In the case of The People vs. White, (22 Wend. 177,) the supreme court of New York had to consider the. common law doetrine that a party cannot be indicted for a felony and found guilty of a misdemeanor, and they say, \u201cclear as the doctrine is on English authority, it seems to be still clearer with us\u201d the other way. Because the only reasons assigned for the rule in England, that if the accused be indicted for a felony, and the prosecutor could change the order of proceeding by bringing him to trial for a misdemeanor only, he might thereby be'deprived of some advantages which the charge of felony secured to him, i. e. to have a copy of the indictment, to make his full defence by counsel, and to have a special jury. None of these reasons have any foundation under the act of criminal procedure in this State. The same course of decision appears to prevail in most if not all the courts of the United States except Massachusetts. Of many cases that might be cited, that of The State vs. Steadman, (7 Porter 500,) is directly in point. That was an indictment for an assault with intent to commit murder, and the court say, \u201c There can be no doubt but the greater offence embraces the lesser of .a kindred character.\u201d We cannot well conceive how, in point of law, the defendant could be prejudiced by such a charge, i. e. that, upon such an indictment, the jury might find the defendant guilty of an assault and battery. In Massachusetts, the English rule was designed to be adhered to in the case of Com. v. Newell, (7 Mass. \u2014,) where the court went so far as to hold that, if the indictment failed to make out a case of felony, but contained a sufficient charge of a misdemeanor, the defendant could not be convicted of the misdemeanor. In The Com. vs. Cooper, (15 ib. 186,) the distinct point was that a prisoner well indicted for a rape, might be convicted of an assault with intent to commit rape, if the evidence failed to establish the higher offence. In The Com. v. Raby, (12 Pick. 506,) where the question was whether a conviction upon an indictment for an assault with intent to commit murder, could be pleaded in bar of an indictment for murder, the court thought it necessary to their decision that it could not, to approve of the case in 7 Mass., and condemn that in 15 ib. And in the subsequent case, of Com. vs. Squire, (1 Metcalf 261,) the point decided in Com. vs. Newell, is overruled.\nWe see no good reason why a party accused can complain of the rule as we have stated it. If the indictment fails to allege a substantive felony, as where the acts, though .alleged to have been done with a felonious intent, do not constitute felony, one of iw.o consequences must follow; either that the indictment is bad, and would be so adjudged in arrest, or that the allegations of the felonious intent would be rejected as surplusage, and the defendant put upon his trialfor the misdemeanor, if well charged. If the felony be well charged, he is put upon trial as for the higher offence; and, of course, has the benefit of a copy of the indictment, the venire and the number of peremptory challenges allowed by law in all cases of felony. If, on such trial, he be convicted of the lesser offence, it is tantamount toan acquittal, so as to bar another prosecution for any higher offence charged in the former indictment, of which he might have been .convicted under it, and which the jury, in legal contemplation, did pass upon. True, it is holden, and our opinion for the purposes of this case, need not go into any such inquiry, that in offences of the same class, though differing in degree, as murder and manslaughter, if the accused be indicted for manslaughter only, the acquittal or .conviction is a bar to a subsequent prosecution for the higher grade of the crime, and which may be regarded as an election on the part of the prosecution to proceed for the lower grade. Nor need we follow out the inquiry in what cases a party on trial can not be convicted, because it turns out, in evidence, that he is guilty of a higher offence, which merges the one for which he is indicted. Here the party is distinctly charged with the higher of-fence; the indictment is notice to him of the ingredients which constitute the lesser offence, he has all the advantages secured to him, as if on trial for the felony, though convicted only for a misdemeanor, and is amply protected by the verdict against an after prosecution for any offence included in the former indictment.\nThe other question sought to be raised on this record, is whether the defendant could be convicted upon the evidence at the trial, conducing to show that the Christian name of the party assaulted was not unknown to the grand jury. It is clear that the appellant cannot have the benefit of any such question, as if in arrest of judgment, or on error for insufficiency of the indictment. Because, though the indictment ought to state the name of the party injured, it will not follow, and the law does not tolerate, where, from the nature of the case, that cannot be done, the offender should escape, though it be clear that he has committed the offence against some one. The solemn affirmation of the grand jury, that the name of the person injured is, in part, or wholly unknown, or that the person injured is unknown to them, must be regarded as prima facie true, and sufficiently certain to require the defendant to answer it, as the nearest approximation to a specific charge that can be made. So it was held in Com. vs. Thompson, (2 Cushing 551,) on motion in arrest of judgment, where the reasons are well given, and we have met with no case to the contrary. But, on the other hand, in order that the defendant may be apprised of the accusation against him, the rule is imperative that the indictment should set forth the name of the party injured, where the case admits of it, and that the defendant cannot be convicted bn the trial if there be any material variance in this respect between the allegation and the proof. Although an indictment, alleging the name of the party injured is unknown to the grand jury, be good on its face, it cannot be true that this being so, is a license for a careless and heedless disregard of the rights of the accused. If this allegation be not sustained by proof, the question is how, and to what extent, may the defendant avail himself of the objection.\nIn Rex vs. Bush, (1 Rus. & Ryan 372,) on a case reserved, the defendant was held to be well convicted on the indictment for receiving goods alleged to have been stolen by certain persons, to the grand jurors unknown, though it was proved on the trial, that the same grand jury had returned a bill against a named person for the principal offence of stealing the same goods.\nIn Rex vs. Walker, (3 Camp. 264,) the judge, at the assizes, directed an acquittal, where the defendant was indicted as accessory to a larceny by a certain person, to the jurors unknown, be<cause it turned out in evidence on the trial of the accessory that the principal had been before the grand jury, his name being endorsed on the bill as a witness, and who acknowledged that he had stolen the goods in question.\nSo, in Req. vs. Campbell. (1 Car. & Kirwan,) the accused was indicted for killing one Catharine Macginnis, and charged in one of the counts with killing a certain woman whose name is to the jurors unknown. The evidence on the trial left it doubtful what the name of the woman was, and the judge seems to have put it to the jury to say whether the name of the deceased could be ascertained by any reasonable diligence, and if not, the description of her as a person unknown was proper. So, in the case of Reg. vs. Stroud, (ib. 187,) on a case reserved, a conviction for child murder was set aside because the first count in the indictment alleged the name of the infant to be Harriet Stroud, when the proof showed it had only acquired the name of Harriet, and not that of Stroud; and the proof prevented a conviction on the second count charging the infant to have been a female of tender years, whose name is to the jurors unknown, because the name was Harriet; and it was held the indictment should have .charged that to be the name of the infant. It might be worth while to consider how far this arid decisions of the like character in England may have been influenced by the humanity of the judges in order to mitigate the severity of the law. The judges there however held the rule to be that in order to sustain a count for an offence against one whose name the indictment alleges to be unknown to the grand jury, there must be evidence showing that the name could not reasonably be supposed to have been known to the grand jury.\nThe only safe rule is that the allegation in question is a material one traversed by the plea of not guilty, and must be sustained, and may be rebutted by proof. The inquiry is not whether the grand jury could by any possibility have ascertained the name of the p\u00e9rson which they aver to be unknown, but whether the traverse jury can find from the evidence that it was known to the grand jury, or can reasonably suppose that they could have ascertained it by due enquiry on the p.art of the prosecution. Here, if there had been no evidence going to show that the name of the person assaulted was unknown, or positive proof that it was known, the court below should have charged the jury what was necessary to make out the case, or directed them to acquit. For the like reason, if the verdict was greatly against the weight of evidence, the judge at the circuit should have granted a new trial. But there was evidence on both sides, from which the jury might well have found the fact to be either way, i. e. that the name was unknown, or that the grand jury might have known it, by reasonable diligence.\nNo instructions were asked for to the jury; so that no question of law is raised, because we cannot know whether the jury took an erroneous view of the law or not. The defendant stands as electing to submit the law of his case to the jury, who, in the absence of instructions from the court, have to apply the law to facts as they best can, and the bill of exceptions does not present a case where this court ought to decide that the verdict was contrary to law or without evidence, so that the court below erred in refusing to grant a new trial. 1\nWe have a statute to the effect that when a defendant shall have been acquitted of a criminal charge, upon a trial, on the ground of a variance between the indictment and proof, he may be tried and convicted on a subsequent indictment for the same offence. Supposing this statute to be constitutional, questions might arise under our criminal practice, how the fact, that the defendant was acquitted upon such ground, is to be established, and whether a failure to prove the name of the person injured to be' unknown, as alleged, would be a variance of that description; whether the judge should of his own inotion direct the jury to acquit on the ground of a variance, or whether the exercise of such a power on his part would be in derogation of any right of the accused put upon his deliverance to have his case passed on by the jury. Our opinion here is not affected by any such difficulty. Where the fact of the'acquittal for variance really exists, no matter' how it is made to appear, it would-be the duty of the court to hold an accused acquitted, on such ground, in custody or under recognizance, to the end that a new indictment might be pre-feri\u2019ed. The argument for the appellant proceeds upon the idea that the allegation in the indictment as to the name of the party injured, was not proven, which may be altogether consistent with the fact that the offence was actually committed, and that being clearly proved in this case, whatever discretion the court below had upon the motion for new trial, was rightly exercised-in-overruling- it.\nThe judgment will be affirmed.",
        "type": "majority",
        "author": "Chief Justice Watkins"
      }
    ],
    "attorneys": [
      "Walker- & Green, for the appellant.",
      "Clendenin, Att. Gen., contra."
    ],
    "corrections": "",
    "head_matter": "Cameron vs. The State.\nUnder Our code of criminal procedure, upon an indictment for a felony, the accused may he convicted of a misdemeanor, where both offences belong to the same generic class; where the commission of the higher may involve the commission of the loWer offence, and where the indictment for the higher offence contains all the necessary substantive allegations necessary to let in proof of the misdemeanor.\nThus a party indicted for \u00e1n assault with intent to kill, may be convicted of a simple assault.\nThe allegation in an indictment that the name of the person injured by the accu-r sed, is unknown to the grand jurors, is a material one; is traversed by the plea of not guilty, and must be sustained, and maybe rebutted by proof.\nThe inquiry is not whether the grand jury could by any possibility have ascertained the name of the person which they aver to be unknown, but whether the' travers\u00e9 jury can find from the evidence that it was known to the grand jury, or can reasonably suppose that they could have ascertained it by due inquiry on the part of the prosecution.\nWhere there is no evidence going to show that the person injured was unknown, or positive proof that it was known, the court should charge the jury what is necessary to make out the case, or direct them to acquit.\nIf the Verdict is greatly against the weight of evidence, the judge should grant a new trial, but where there is evidence on both sides, from which the jury might well have found the fact either way, that is, that the name was unknown, or that the grand jury might have known it, by reasonable diligence, and the judge refuses t'o grant a new trial, there being no question of law involved, this court will affirm the judgment.\nWhere a defendant is acquitted because of a variance between the indictment and the proof, it would be the duty of the judge (supposing sec. 242, ch. 52, Digest, to be constitutional,) to hold the accused' in custody, or under cognizance, to the end that a' hew indictment might be preferred.\nAppeal from Crawford Circuit Court.\nWalker- & Green, for the appellant.\nThe verdict was illegal in finding the defendant not guilty as charged, &c., but guilty of a simple assault. 1 Ch. Or. Law 640. Strorfis vs. Barret, I Mason C. C. R. 153.\nA defendant cannot be found guilty of a misdemeanor on an indictment for a felony. (1 Ch. Gr. Law 639.)* Such' is clearly the common law rule; and it is not aff\u00e9cted by the cas\u00e9 of The State vs. McBride, (2 Eng. 374,) Which was not an indictment for a felony; nor by the rule that authorizes the conviction'of a lower offence of the same class on- an indictment for a higher. Com. vs. Raby, 12 Pick. Rep. 496. Arch. Crime Pie 357. Ch. Grim. Law 639.\nThe name, of the person against whom the. offence is committed, must be strictly proved as laid, {Arch'. C. P. 94,): and if the person be described as unknown, and it appear that his name was known, or might have been known, the defendant must be acquitted. Ib. 95. Req. vs. Stroud, C. & K. 187. WhartortPrec. 10. 2 Stark. Ev. 608.\nClendenin, Att. Gen., contra.\nWhere the accus\u00e1tion includes an offence of an inferior degree, the jury may discharge the defendant of the higher crime, and convict him of the less. 8 Se & M. 576.\nIn an indictment for assault with- intent to kill, the defendant may b'e convicted of assault and battery, or assault alone. 5 Ohio 242.- 7 Blackford 233. 7 Porter Rep. 495. 2 Eng. Rep. 374.\nIf the name of the party injured'be unknown to the prosecutor, hfe may be described in the indictment as a person unknown. (2 Hale 183.) Certainty to'a common intent is all that is requi-' red in misdemeanors', the same certainty of averment not being required as in-charging felonies. 6 Humph. 204."
  },
  "file_name": "0712-01",
  "first_page_order": 712,
  "last_page_order": 720
}
