{
  "id": 1893375,
  "name": "Batte et al. v. McCaa et al.",
  "name_abbreviation": "Batte v. McCaa",
  "decision_date": "1884-11",
  "docket_number": "",
  "first_page": "398",
  "last_page": "400",
  "citations": [
    {
      "type": "official",
      "cite": "44 Ark. 398"
    }
  ],
  "court": {
    "name_abbreviation": "Ark.",
    "id": 8808,
    "name": "Arkansas Supreme Court"
  },
  "jurisdiction": {
    "id": 34,
    "name_long": "Arkansas",
    "name": "Ark."
  },
  "cites_to": [
    {
      "cite": "3 Ohio St., 80",
      "category": "reporters:state",
      "reporter": "Ohio St.",
      "case_ids": [
        505215
      ],
      "opinion_index": -1,
      "case_paths": [
        "/ohio-st/3/0080-01"
      ]
    },
    {
      "cite": "51 Me., 305",
      "category": "reporters:state",
      "reporter": "Me.",
      "opinion_index": -1
    },
    {
      "cite": "39 Ark., 121",
      "category": "reporters:state",
      "reporter": "Ark.",
      "opinion_index": -1
    },
    {
      "cite": "42 Ark., 305",
      "category": "reporters:state",
      "reporter": "Ark.",
      "case_ids": [
        8723902
      ],
      "opinion_index": 0,
      "case_paths": [
        "/ark/42/0305-01"
      ]
    },
    {
      "cite": "39 Ark., 121",
      "category": "reporters:state",
      "reporter": "Ark.",
      "opinion_index": 0
    }
  ],
  "analysis": {
    "cardinality": 322,
    "char_count": 4136,
    "ocr_confidence": 0.477,
    "pagerank": {
      "raw": 7.41934075173998e-08,
      "percentile": 0.44344071797236057
    },
    "sha256": "e3968cd1a58c6bdb147e1843f5535d7d8026d14a3153745703c190d0d8e93e11",
    "simhash": "1:04e347ea0ffcc0dc",
    "word_count": 741
  },
  "last_updated": "2024-02-27T20:24:45.438544+00:00",
  "provenance": {
    "date_added": "2019-08-29",
    "source": "Harvard",
    "batch": "2018"
  },
  "casebody": {
    "judges": [],
    "parties": [
      "Batte et al. v. McCaa et al."
    ],
    "opinions": [
      {
        "text": "Smith, J.\nThis ejectment for an undivided half of' 637 67-100 acres of land was brought in the year 1882. The plaintiffs claimed title by inheritance from their mother, to whom her father had, by deed of gift executed in 1852, conveyed that interest in the lands. The complaint averred that the said donee was, at the date of the execution' of said conveyance, the wife of Thomas Batte and so continued to be until his death in September, 1881, and that she died in October of the same year.\nThe answer did not traverse any of these allegations, but pleaded by way of confession and avoidance first, that Mrs. Batte had, in 1855, joined her husband in the execution of a power of attorney to one McOarthey, authorizing him to sell and convey these lands, and that said attorney in fact had in the same year bargained and sold the premises to one Higgs, under whom the defendants held by sundry mense conveyances; and second, the statute of limitations and adverse possession were relied upon.\nA demurrer was sustained as to the first of these pleas and overruled as to the second. Upon the issue thus raised, the parties went to trial before the court, a jury-having been waived. The proofs showed that Higgs had taken possession under his purchase and that he and those claiming through him had held actual and unbroken possession ever since. And the court found the facts and the law to be in favor of the defendants and gave judgment accordingly.\nIn adjudging the first plea to be defective, the court followed Holland v. Moon, 39 Ark., 121. A married woman cannot convey her lands by power of attorney. But as no exceptions were reserved to the disposition of this plea, no further notice needs be taken of it.\nBut the plaintiffs did except to the action of the court in holding the second plea to be good, and they also moved for a new trial because the finding was against the law as well as the evidence.\n\u25a0 The action was not barred. This was expressly decided in Hershy v. Latham, 42 Ark., 305; nor did we overlook the act of December 14, 1844 (sec. 4130 of Gantt\u2019s Digest), which gives a married woman the same time for bringing her action after her disability is removed that she would otherwise have had, from the accrual of the cause of action, if she had not been under disability. But this can not control the proviso of the later act of January f 1851 (sec. 4113 of Gantt\u2019s Digest), which expressly saves to a married woman and her heirs the right to bring suit for her lands within three years after her discoverture.\nReversed and remanded with directions to sustain the plaintiffs\u2019 demurrer to the second plea.",
        "type": "majority",
        "author": "Smith, J."
      }
    ],
    "attorneys": [
      "0. D. Scott and W. L. Terry for appellants.",
      "B. B. Battle for appellees."
    ],
    "corrections": "",
    "head_matter": "Batte et al. v. McCaa et al.\n1. Married Woman: Conveyance by attorney.\nA married woman cannot convey her lands by power of attorney.\n2. Statute oe Limitations: Against married woman.\nThe decision in Hershey v. Latham, 42 Ark,., 305, that the act of April 28, 1873, authorizing a married woman to sue alone and in her own name did not repeal by implication the saving clause in the statute of limitations in her favor, was based upon the proviso in the act of January 4, 1851, which expressly saves to a married woman and her heirs the right to sue for land within three years after her discovertwre; which displaced the provision of the act of December 14, 1844 (sec. 4\u00cd30 Gantt\u00bb Digest) limiting the time of her action after her \u201c disability is removed.\u201d\nAPPEAL from Miller Circuit Court.\nHon. C. E. Mitchel, Circuit Judge.\n0. D. Scott and W. L. Terry for appellants.\n1. The demurrer to the first plea was properly sustained. Holland v. Moon, 39 Ark., 121.\n2. The statute of limitations does not commence to run against a married woman until after discoverture. 39' Ark., 358; 1$ 1 b., 305.\nB. B. Battle for appellees.\nWhile this court, in 1$ Ark., 305, ruled that the statute-of limitations did not run agains* a married woman until after \u201c discoverture,-\u201d we think the court fell into error by overlooking see. 1\u00a1,130 Gantt's Digest, which reads \u201c after such disabilities may be removed.\u201d See on this point 93 U. S., 67k 51 Me., 305; 50 Gal, 303; 82 III, 385; 82 lb., 172; 52-Barb., 14.6; 3 Ohio St., 80."
  },
  "file_name": "0398-01",
  "first_page_order": 414,
  "last_page_order": 416
}
