{
  "id": 1893363,
  "name": "Griesler et al. v. McKennon",
  "name_abbreviation": "Griesler v. McKennon",
  "decision_date": "1884-11",
  "docket_number": "",
  "first_page": "517",
  "last_page": "523",
  "citations": [
    {
      "type": "official",
      "cite": "44 Ark. 517"
    }
  ],
  "court": {
    "name_abbreviation": "Ark.",
    "id": 8808,
    "name": "Arkansas Supreme Court"
  },
  "jurisdiction": {
    "id": 34,
    "name_long": "Arkansas",
    "name": "Ark."
  },
  "cites_to": [
    {
      "cite": "38 Ark., 878",
      "category": "reporters:state",
      "reporter": "Ark.",
      "opinion_index": -1
    },
    {
      "cite": "38 Ark., 181",
      "category": "reporters:state",
      "reporter": "Ark.",
      "case_ids": [
        1900516
      ],
      "opinion_index": -1,
      "case_paths": [
        "/ark/38/0181-01"
      ]
    },
    {
      "cite": "40 Ark., 237",
      "category": "reporters:state",
      "reporter": "Ark.",
      "case_ids": [
        1897185
      ],
      "opinion_index": 0,
      "case_paths": [
        "/ark/40/0237-01"
      ]
    },
    {
      "cite": "41 Ark., 17",
      "category": "reporters:state",
      "reporter": "Ark.",
      "case_ids": [
        1896218
      ],
      "opinion_index": 0,
      "case_paths": [
        "/ark/41/0017-01"
      ]
    },
    {
      "cite": "38 Ark., 181",
      "category": "reporters:state",
      "reporter": "Ark.",
      "case_ids": [
        1900516
      ],
      "opinion_index": 0,
      "case_paths": [
        "/ark/38/0181-01"
      ]
    }
  ],
  "analysis": {
    "cardinality": 513,
    "char_count": 9839,
    "ocr_confidence": 0.488,
    "pagerank": {
      "raw": 2.0047242550736514e-07,
      "percentile": 0.7434072411171462
    },
    "sha256": "a896956a092768fe4447fe6934a5bbbed9c059c05d6dd8a7a825dbd68ee7c415",
    "simhash": "1:44aa31f0ea4326b2",
    "word_count": 1657
  },
  "last_updated": "2024-02-27T20:24:45.438544+00:00",
  "provenance": {
    "date_added": "2019-08-29",
    "source": "Harvard",
    "batch": "2018"
  },
  "casebody": {
    "judges": [
      "Hon. John R. Eakin did not sit in this cause."
    ],
    "parties": [
      "Griesler et al. v. McKennon."
    ],
    "opinions": [
      {
        "text": "C. B. Moore, Sp. J.\nOn the twenty-ninth of October, 1883, E. R. McKennon brought suit in ejectment in the Johnson Circuit Court, against Mary E. Griesler and her husband George Griesler, for the recovery of the northwest quarter of the northwest quarter of section- twenty, in township nine north, of range twenty-four west.\nA& evidence of his title McKennon filed with his complaint a copy of a deed of convejmnce to the land, executed to him by K. T. Stovall, dated March 4, 1882, duly acknowledged and recorded on the seventh day of April, 1882. The defendants answered the complaint, denying McKennon\u2019s ownership and right of possession of the land, and claiming ownership in Mary E. Griesler, the wife, by virtue of a contract of sale or bond for title executed by the Little Rock and Fort Smith Railway to the aforesaid\nK. T. Stovall on the eleventh day of October, 1878, and by him duly assigned on the fifth day of September, 1881, to Mary E. Blackard, since then married, and now Mary E. Griesler.\nA copy of this contract of sale, and the assignment indorsed thereon was exhibited with the answer, which was filed on the sixth of December, 1883.\nThis document, which is styled an agreement or contract of sale, though more elaborate and lengthy than such instruments usually are, is nothing more nor less than what is commonly called and known as a title bond.\nA jury trial was had before a special judge, Hon. M. L. Davis, and verdict and judgment rendered on the nineteenth of December 1883, in favor of McKennon for possession of the land.\nMotion was made for a new trial, which was overruled, and bill of exceptions and appeal taken.\nNo exceptions were filed or noted, before the trial, to the documentary evidence exhibited by either party.\nOn the trial appellants offered in evidence the title bond, and the assignment of same to Mary E. Blackard, (Griesler). To the introduction of the assignment appellee objected \u201cbecause of the defective acknowledgment to said assignment,\u201d which objection was sustained by the court and the assignment excluded.\nIt will be noted that at the time of suit brought, and of the trial, the legal title to the land was outstanding in the Little Rock and Fort Smith Railway, but as both parties claim under and through Stovall, each is estopped to deny his seizin. Stafford et al. v. Watson, 41 Ark., 17.\nPassing over this fact, and without deciding whether either party to this suit could, under the condition of the title disclosed, stricti juris, maintain ejectment, we will consider the question as presented by the record.\nThere are several errors alleged in the motion for a new trial, apparently formal, and certainly immaterial, and not necessary to be considered by us.\nThe action of the Circuit Court in excluding from the jury the assignment of the title bond, is the only ground of error insisted upon, or particularly mentioned by counsel for either side, in argument here.\nThat the acknowledgment of the assignment of this title bond is defective cannot be denied, as the word \u201c consideration \u201d required by the statute, and which this court has held to be essential, is entirely omitted.\nOur statute provides that \u201c all deeds and other instruments of writing for the conveyance of any real estate, or by which, any real estate may be affected in law or equity, shall be proven in conformity with the provisions of this act\u201d (the act prescribing the mode of acknowledgment), \u201c before they or any of them shall be admitted to record.\u201d Mansjield\u2019s Digest, sec. 660.\nSection 66Jf, further provides \u201c that after being properly acknowledged or proved and certified, every deed and instrument in writing conveying or affecting real estate, may, together with the certificate of acknowledgment, be recorded; and when so recorded may be read in evidence without further proof of execution.\u201d\nThat a title bond is such an instrument \u201c affecting real estate\u201d as may be acknowledged and admitted to record we entertain no doubt, and this is equally true of the duly executed assignment of a title bond, and when acknowledged and recorded, they may be read in evidence without further proof of execution.\nThe primary object in taking the acknowledgment of any instrument, is that it may be entitled to record, and the principal benefit to be derived from recording is to give notice to the world, constructively, of its contents, and to dispense with any other proof of its execution. It is not the acknowledgment alone that authorizes the introduction of a deed or other instrument as evidence of its execution. It must also be filed and recorded. Mansfield's Digest, sec. 664; Wilson and wife v. Spring, 38 Ark., 181; Watson v. Billings, Ib., 278; Dorr v. School District, 40 Ark., 237.\nAnd it is not the acknowledgment and recording, or registry, of a deed or title bond (or its assignment) that imparts to it vitality or efficacy in the first instance. Such instruments are as valid and binding between the original parties and their representatives, before as after acknowledgment and record.\nThese two things impart constructive notice to the world, and then, other things being equal, the instrument will prevail as against subsequent purchasers and creditors or incumbrancers.\nBut in the event of a contest between purchasers or incumbraucers, actual notice of a prior conveyance of the title to real estate is equally efficacious with constructive notice.\nIn the early case of Floyd et al. v. Ricks, 14 Ark., at page \u00a394, this court made use of the following language: \u201cNotice of an unrecorded deed is equivalent to a record of it, and will necessarily destroy the effect of a subsequent registered deed because one object of the registry acts is to give notice to subsequent purchasers, and if they have such notice without registry, that is all that can be required. \u201d\nActual notice, or \u201cknowledge of the fact brought home to a party directly\u201d as Bouvier defines the phrase, may be proved in a variety of ways. It can be proved in no way more conclusively and satisfactorily than by the admission \u2022of a subsequent purchaser or incumbrancer, if fairly and fully made.\nNow applying the foregoing, which are but elementary and well known principles, to the case under consideration, let us see whether the appellee had knowledge or notice of the assignment of Stovall\u2019s interest to appellant, in either \u25a0of the ways above indicated. There being no proper acknowledgment nor registry there was no constructive notice.\nMrs. Griesler, in her testimony, says : \u201cK. T. Stovall assigned to me a contract which he held with the Little Rock and Port Smith Railway Company for this land now in dispute on the fifth day of September, 1881. \u201d\nMeKennon, the appellee, testified as follows: \u201cIn March 1882, I visited Mrs. Griesler in company with her brother K. T. Stovall, and tried to get her to surrender to me the \u25a0contract which she held for the land now in controversy, without suit, but she refused. * * * 1 knew that K. T. Stovall had assigned the railway cantract for the land now in \u25a0controversy to Mrs. Machar\u00e1, now Mrs. Griesler, before K. T. Stovall executed deed to me for same. \u201d\nIt is difficult to conceive of language more explicit and \u2022direct, as an admission of knowledge or notice- of the unrecorded assignment.\nThis admission unequivocally made to the jury deprived appellee of all pretext or claim to be regarded as a bona fide purchaser, without notice.\nMi-s. Griesler, by her testimony, proved the execution of the assignment, and it was in no manner contradicted by appellee.\nThere was no error in excluding the assignment of the title bond from the jury on the ground of the defective acknowledgment and want of registry, if this were all, but after the admission of actual notice by the evidence of appellee, and the proof of execution of the assignment, by Mrs. G-riesler\u2019s testimony, the Circuit Court should have permitted the title bond and the assignment thereof to have been introduced in evidence to the jury.\nEor the error in excluding it, after this admission and proof of its execution, the judgment is reversed and the cause remanded for further proceedings in accordance with law, and consistent with this opinion.\nHon. John R. Eakin did not sit in this cause.",
        "type": "majority",
        "author": "C. B. Moore, Sp. J."
      }
    ],
    "attorneys": [
      "W. F. Hill for appellants.",
      "Geo. L. Basham for appellee."
    ],
    "corrections": "",
    "head_matter": "Griesler et al. v. McKennon.\n1. Title: Parties claiming wider same grantor.\n\"When both parties claim title to land under the same grantor both are estopped to deny his seizin.\n2. Acknowledgment: Of title bond and assignment.\nThe execution of a title bond and of its assignment must both be acknowledged as required for a deed and properly certified and recorded before they can be admitted as evidence without other proof of execution. The omission of the word \u201cconsideration\u201d in the acknowledgment is fatal. But where the execution is otherwise proven at the trial they are admissible notwithstanding the defective acknowledgment.\nAPPEAL from Johnson Circuit Court.\nHon. M. L. Davis, Special Judge.\nW. F. Hill for appellants.\nThe court erred in excluding from the jury the title bond and assignment, after proof of actual notice to appellee.\nWhile the acknowledgment is defective it is cured by acts 188S, pp. 107 and 188-9. But after proof of actual notice and of its execution, the documents were admissible without acknowledgment or record. Appellee was in no sense an innocent purchaser. The bond for title and assignment passed title without acknowledgment. Ilf. Ark., 886.\nGeo. L. Basham for appellee.\nThe title bond and assignment properly excluded. The acknowledgment was fatally defective, \u201cconsideration\u201d being left out, and was not cured by the acts of 1888, as both conveyances were made and rights of the parties fixed before the passage of the act.\nThe contract was never acknowledged or recorded, nor was there any proof of its execution. 38 Ark., 181; Ifi Ark., 837; 38 Ark., 878."
  },
  "file_name": "0517-01",
  "first_page_order": 533,
  "last_page_order": 539
}
