{
  "id": 1519084,
  "name": "Arkansas, Louisiana & Gulf Railway Company v. Kennedy",
  "name_abbreviation": "Arkansas, Louisiana & Gulf Railway Co. v. Kennedy",
  "decision_date": "1908-06-29",
  "docket_number": "",
  "first_page": "50",
  "last_page": "52",
  "citations": [
    {
      "type": "official",
      "cite": "87 Ark. 50"
    }
  ],
  "court": {
    "name_abbreviation": "Ark.",
    "id": 8808,
    "name": "Arkansas Supreme Court"
  },
  "jurisdiction": {
    "id": 34,
    "name_long": "Arkansas",
    "name": "Ark."
  },
  "cites_to": [
    {
      "cite": "55 Ark. 5483",
      "category": "reporters:state",
      "reporter": "Ark.",
      "opinion_index": -1
    },
    {
      "cite": "46 Ark. 207",
      "category": "reporters:state",
      "reporter": "Ark.",
      "case_ids": [
        1890463
      ],
      "opinion_index": -1,
      "case_paths": [
        "/ark/46/0207-01"
      ]
    },
    {
      "cite": "41 Ark. 430",
      "category": "reporters:state",
      "reporter": "Ark.",
      "opinion_index": -1
    },
    {
      "cite": "72 Ark. 320",
      "category": "reporters:state",
      "reporter": "Ark.",
      "case_ids": [
        1505565
      ],
      "opinion_index": 0,
      "case_paths": [
        "/ark/72/0320-01"
      ]
    },
    {
      "cite": "76 Ark. 177",
      "category": "reporters:state",
      "reporter": "Ark.",
      "case_ids": [
        1501096
      ],
      "opinion_index": 0,
      "case_paths": [
        "/ark/76/0177-01"
      ]
    }
  ],
  "analysis": {
    "cardinality": 268,
    "char_count": 3320,
    "ocr_confidence": 0.716,
    "pagerank": {
      "raw": 2.550585002038477e-07,
      "percentile": 0.8142887867207702
    },
    "sha256": "60b93b49b7610da9754cd65487026e644b2794553700eaa5e4e60faa32b24684",
    "simhash": "1:a30e08a174f32904",
    "word_count": 570
  },
  "last_updated": "2024-02-27T21:49:07.835269+00:00",
  "provenance": {
    "date_added": "2019-08-29",
    "source": "Harvard",
    "batch": "2018"
  },
  "casebody": {
    "judges": [],
    "parties": [
      "Arkansas, Louisiana & Gulf Railway Company v. Kennedy."
    ],
    "opinions": [
      {
        "text": "McCueloci-i, J.\nThis is a proceeding instituted by appellant railway company in the circuit court of Ashley County against appellee to condemn, for railroad purposes, a strip through a lot in the town of Hamburg.\nThe jury returned a verdict assessing appellee\u2019s damage at the sum of $600, and the railway company appealed.\nThe chief argument of learned counsel for appellant is that the damages were assessed at a grossly excessive amount.\nThe testimony was conflicting, and consisted mainly of the opinion of a number of witnesses who professed familiarity with the land in question and its market value. It is unnecessary for us to state on which side we think the preponderance lies, as there was sufficient evidence to warrant the verdict.\nExceptions were saved to the refusal of the court to give one instruction asked by appellant and the giving of two instructions at the appellee\u2019s request. The bill of exceptions does not purport to set forth all of the instructions, though the clerk has copied in other parts of the transcript a long list of instructions said to have been given at the instance of each party. In this state of the record we cannot determine whether the jury received proper instructions or not. The bill of exceptions must incorporate the instructions of the court, otherwise they cannot be considered by this court on appeal. J. F. Hartin Com. Co. v. Pelt, 76 Ark. 177.\nThe case was tried before a special judge who, the record shows, was duly elected to preside on account of the sickness of the regular judge of the court. The validity of .the proceedings is attacked on the alleged ground that the regular judge was present during the progress of the trial and from time to time interrupted the progress of the trial long enough -to make orders in other cases. We have no evidence of these facts before us except the recitals of the bill- of exceptions, and.,the records of the court can not be contradicted or varied in that manner. Arkadelphia Lumber Co. v. Asman, 72 Ark. 320.\nWe find no prejudicial error in the record, and the judgment is therefore affirmed.",
        "type": "majority",
        "author": "McCueloci-i, J."
      }
    ],
    "attorneys": [
      "Geo. W. Norman, for appellant.",
      "Turner Butler and Robert B. Craig, for appellee."
    ],
    "corrections": "",
    "head_matter": "Arkansas, Louisiana & Gulf Railway Company v. Kennedy.\nOpinion delivered June 29, 1908.\n1. Appeal \u2014 method op bringing up instructions. \u2014 Where the bill of exceptions fails to incorporate the instructions given or refused by the court, though they are copied in the transcript, they will not be considered on appeal. (Page 51.)\n2. Same \u2014 amendment OP judgment record.' \u2014 Recitals of the judgment record showing that a special judge was regularly elected cannot be contradicted by the bill of exceptions, (Page 32.)\nAppeal from Ashley Circuit Court; T. B. Mears, Special Judge;\naffirmed.\nGeo. W. Norman, for appellant.\nWitnesses should have been permitted to testify as to the improvement from the drainage of the property, and the jury should have been instructed according to such evidence. 41 Ark. 430; 44 Id. 258; 51 Id. 324; 54 Id. 140.\nTurner Butler and Robert B. Craig, for appellee.\nWhen the bill of exceptions fails to show that it contains all the instructions given below, this court will presume that the instructions given covered the law of the case. 46 Ark. 207; 74 Id. 88; 76 Id. 177. And when embodied in the bill of exceptions, appellant must abstract them in his brief. 55 Ark. 5483 79 Id. 68; 83 Id. 136."
  },
  "file_name": "0050-01",
  "first_page_order": 72,
  "last_page_order": 74
}
