{
  "id": 1519142,
  "name": "Strickland v. Strickland",
  "name_abbreviation": "Strickland v. Strickland",
  "decision_date": "1908-07-06",
  "docket_number": "",
  "first_page": "131",
  "last_page": "132",
  "citations": [
    {
      "type": "official",
      "cite": "87 Ark. 131"
    }
  ],
  "court": {
    "name_abbreviation": "Ark.",
    "id": 8808,
    "name": "Arkansas Supreme Court"
  },
  "jurisdiction": {
    "id": 34,
    "name_long": "Arkansas",
    "name": "Ark."
  },
  "cites_to": [
    {
      "cite": "71 Ark. 339",
      "category": "reporters:state",
      "reporter": "Ark.",
      "case_ids": [
        1507767
      ],
      "opinion_index": -1,
      "case_paths": [
        "/ark/71/0339-01"
      ]
    },
    {
      "cite": "75 Ark. 1",
      "category": "reporters:state",
      "reporter": "Ark.",
      "case_ids": [
        1502448
      ],
      "opinion_index": -1,
      "case_paths": [
        "/ark/75/0001-01"
      ]
    },
    {
      "cite": "35 Ark. 450",
      "category": "reporters:state",
      "reporter": "Ark.",
      "case_ids": [
        1873846
      ],
      "opinion_index": -1,
      "case_paths": [
        "/ark/35/0450-01"
      ]
    },
    {
      "cite": "39 Ark. 205",
      "category": "reporters:state",
      "reporter": "Ark.",
      "case_ids": [
        1898665
      ],
      "opinion_index": -1,
      "case_paths": [
        "/ark/39/0205-01"
      ]
    },
    {
      "cite": "35 Ark. 62",
      "category": "reporters:state",
      "reporter": "Ark.",
      "case_ids": [
        1873847
      ],
      "opinion_index": -1,
      "case_paths": [
        "/ark/35/0062-01"
      ]
    },
    {
      "cite": "34 Ark. 297",
      "category": "reporters:state",
      "reporter": "Ark.",
      "opinion_index": -1
    },
    {
      "cite": "20 Ark. 629",
      "category": "reporters:state",
      "reporter": "Ark.",
      "case_ids": [
        1869328
      ],
      "opinion_index": -1,
      "case_paths": [
        "/ark/20/0629-01"
      ]
    },
    {
      "cite": "25 Ark. 365",
      "category": "reporters:state",
      "reporter": "Ark.",
      "case_ids": [
        1864497
      ],
      "opinion_index": -1,
      "case_paths": [
        "/ark/25/0365-01"
      ]
    },
    {
      "cite": "23 Ark. 336",
      "category": "reporters:state",
      "reporter": "Ark.",
      "case_ids": [
        1866042
      ],
      "opinion_index": -1,
      "case_paths": [
        "/ark/23/0336-01"
      ]
    },
    {
      "cite": "3 Ark. 532",
      "category": "reporters:state",
      "reporter": "Ark.",
      "case_ids": [
        8728736
      ],
      "opinion_index": -1,
      "case_paths": [
        "/ark/3/0532-01"
      ]
    },
    {
      "cite": "18 Ark. 142",
      "category": "reporters:state",
      "reporter": "Ark.",
      "case_ids": [
        8725467
      ],
      "opinion_index": -1,
      "case_paths": [
        "/ark/18/0142-01"
      ]
    },
    {
      "cite": "80 Ark. 451",
      "category": "reporters:state",
      "reporter": "Ark.",
      "case_ids": [
        1491150
      ],
      "opinion_index": 0,
      "case_paths": [
        "/ark/80/0451-01"
      ]
    }
  ],
  "analysis": {
    "cardinality": 191,
    "char_count": 3135,
    "ocr_confidence": 0.657,
    "pagerank": {
      "raw": 5.0011153170616546e-08,
      "percentile": 0.31397448268219497
    },
    "sha256": "5c5a79f5049ccc21844fddc3ffd070aac79d0098ac335a7bff9b9b519dc7eeba",
    "simhash": "1:817d14279df2b0d5",
    "word_count": 532
  },
  "last_updated": "2024-02-27T21:49:07.835269+00:00",
  "provenance": {
    "date_added": "2019-08-29",
    "source": "Harvard",
    "batch": "2018"
  },
  "casebody": {
    "judges": [
      "Hart, J., being disqualified, did not participate."
    ],
    "parties": [
      "Strickland v. Strickland."
    ],
    "opinions": [
      {
        "text": "Battre, J.\nWilliam Strickland brought suit in the Pulaski Chancery Court against Eddie Strickland, his wife, for a divorce. A decree was rendered in favor of the plaintiff for \u201ea divorce, and an appeal was taken by the defendant to this court, and the decree of divorce was reversed. Strickland v. Strickland, 80 Ark. 451. The decree appealed from, after providing that the bonds of matrimony between the plaintiff and defendant should be dissolved and awarding the custody of the children, Carl and Darwin Strickland, to the defendant, their mother, and providing for their maintenance and support by the plaintiff, -their father, declares \u201cthat by consent of parties hereto the Maccabees policy of insurance for $3000 shall be so changed as to make the four children, Pearl Strickland, Roy Strickland, Carl Strickland and Darwin Strickland the bener ficiaries.\u201d This policy was an insurance on the life of WilHam Strickland, and was issued to him by the Society of the Maccabees, and, it seems, the beneficiaries of it were subject to his control. All these provisions for the support or benefit of the children of the parties were a part of the decree of divorce and an incident to the divorce, and were set aside by the reversal of the decree of divorce by this court.\nThe consent to change the beneficiaries of the policy as a contract was executory, and without consideration and not binding upon William Strickland. Pearl Strickland and the Society of Maccabees were not parties to or affected by it. The policy never became the property of any of the children, except Pearl. Mrs. Strickland, as guardian of Carl and Darwin Strickland, is not entitled to enforce the decree by consent.\nThe decree of the Pulaski Chancery Court in this suit, which is to the effect we hold, is affirmed.\nHart, J., being disqualified, did not participate.",
        "type": "majority",
        "author": "Battre, J."
      }
    ],
    "attorneys": [
      "C. P. Harnwell, for appellant.",
      "Mehaffy, Williams & Armistead, for appellee."
    ],
    "corrections": "",
    "head_matter": "Strickland v. Strickland.\nOpinion delivered July 6, 1908.\n1. Divorce \u2014 effect of reversar of decree. \u2014 Where a decree of the chancery court awarding 'a divorce to the husband recited that by consent a certain policy of insurance should be changed so as to make all of the husband\u2019s children beneficiaries, instead of his child by a previous marriage, and the decree was reversed by this court, the provision as to the change of beneficiaries of the policy was an incident to the decree of divorce and was set aside by reversal of the decree. (Page I3I-)\n2. Insurance \u2014 agreement to change beneficiary \u2014 consideration.\u2014 Where, as an incident to a decree of divorce, the husband agreed to change the beneficiaries of a policy, but did not make such change, and the decree was subsequently reversed, such agreement was without consideration and will not be enforced. (Page 132.)\nAppeal from Pulaski Chancery Court; Jesse C. Hart, Chancellor;\naffirmed.\nC. P. Harnwell, for appellant.\nMehaffy, Williams & Armistead, for appellee.\nAppellee is not bound by mention of the life insurance policy in the decree of divorce between her father and her step-mother. 18 Ark. 142; 3 Ark. 532; 23 Ark. 336; 25 Ark. 365; 20 Ark. 629; 34 Ark. 297; 35 Ark. 62; 39 Ark. 205; 35 Ark. 450; 75 Ark. 1; 71 Ark. 339."
  },
  "file_name": "0131-01",
  "first_page_order": 153,
  "last_page_order": 154
}
