{
  "id": 1519070,
  "name": "Jonesboro, Lake City & Eastern Railroad Company v. Brookfield",
  "name_abbreviation": "Jonesboro, Lake City & Eastern Railroad v. Brookfield",
  "decision_date": "1908-10-05",
  "docket_number": "",
  "first_page": "409",
  "last_page": "412",
  "citations": [
    {
      "type": "official",
      "cite": "87 Ark. 409"
    }
  ],
  "court": {
    "name_abbreviation": "Ark.",
    "id": 8808,
    "name": "Arkansas Supreme Court"
  },
  "jurisdiction": {
    "id": 34,
    "name_long": "Arkansas",
    "name": "Ark."
  },
  "cites_to": [
    {
      "cite": "84 Ark. 342",
      "category": "reporters:state",
      "reporter": "Ark.",
      "case_ids": [
        1524398
      ],
      "opinion_index": -1,
      "case_paths": [
        "/ark/84/0342-01"
      ]
    },
    {
      "cite": "60 N. W. 436",
      "category": "reporters:state_regional",
      "reporter": "N.W.",
      "opinion_index": -1
    },
    {
      "cite": "81 N. W. 439",
      "category": "reporters:state_regional",
      "reporter": "N.W.",
      "opinion_index": -1
    },
    {
      "cite": "26 N. H. 92",
      "category": "reporters:state",
      "reporter": "N.H.",
      "case_ids": [
        4413182
      ],
      "opinion_index": -1,
      "case_paths": [
        "/nh/26/0092-01"
      ]
    },
    {
      "cite": "56 Atl. 139",
      "category": "reporters:state_regional",
      "reporter": "A.",
      "opinion_index": -1
    },
    {
      "cite": "58 L. R. A. 651",
      "category": "reporters:federal",
      "reporter": "L.R.A.",
      "opinion_index": -1
    },
    {
      "cite": "58 L. R. A. 651",
      "category": "reporters:federal",
      "reporter": "L.R.A.",
      "opinion_index": 0
    }
  ],
  "analysis": {
    "cardinality": 370,
    "char_count": 5499,
    "ocr_confidence": 0.68,
    "pagerank": {
      "raw": 1.0756568228893182e-07,
      "percentile": 0.5609481479422159
    },
    "sha256": "515b29d431d0ffd760cadd4f6a5283bd1ddfa2ec05abda023c70b6d76a44432b",
    "simhash": "1:3389805720466303",
    "word_count": 959
  },
  "last_updated": "2024-02-27T21:49:07.835269+00:00",
  "provenance": {
    "date_added": "2019-08-29",
    "source": "Harvard",
    "batch": "2018"
  },
  "casebody": {
    "judges": [],
    "parties": [
      "Jonesboro, Lake City & Eastern Railroad Company v. Brookfield."
    ],
    "opinions": [
      {
        "text": "Wood, J.\n(after stating the facts.) Appellee insists that there is no \u00a1Mil of exceptions, but an examination of the transcript discloses that \u201ca bill of exceptions,\u201d containing all that is necessary and proper to be included in a bill of exceptions, was presented to and certified and signed by the trial judge. \u2022 True, this bill of' exceptions contained also more than was necessary for a bill of exceptions to show, matters that were properly of recqrd, but that did not have the effect to vitiate the bill of exceptions.\nSecond. The only question necessary to consider is whether or not appellant could charge twenty cents for first-class passenger fare over its road for a distance of three-miles and a fraction (1572 feet), appellant\u2019s road being over fifteen miles and less than seventy-five miles in length.\nPenal statutes must be strictly construed. There is nothing in the act prescribing what shall be the charge' for a fraction of a mile. The act only takes notice of the integral mile. There is nothing-in it requiring the carrier to carry the passenger free for a fractional mile, or inhibiting it from charging the same fare for a part of a mile, that it charges for the whole mile. It was evidently not the purpose of .the Legislature to require a railroad company to proportion its charge for \u00e1 fraction of a mile. For the act does not say so; it fixes the charge to be made \u201cper mile.\u201d As was said by the Supreme Court of Ohio, \u201ca construction which would subdivide the mile into halves or tenths, or hundredtlis, or even thousandths or infinitely less fractions, would be unreasonable and impracticable, and would subject the company to endless annoyance and numberless prosecutions;\u201d for, if we may take account of a half or one-third of a mile, there is no reason why we should -not be compelled tO' measure to the exact one-thousandth part of a mile.\u201d Cleveland, C. C. & St. L. Ry. Co. v. Walls, 58 L. R. A. 651.\nIt was not intended that the charge of five cents \u201cper mile\u201d \u201cshould be subdivided in the ratio of the fractional portion of each mile of transportation. Our currency does not lend itself to such a minute subdivision.\u201d Hunter v. Erie R. Co., 56 Atlantic R. 139.\nThe court erred therefore in refusing to instruct the jury to return a verdict for the defendant, as requested by appellant, in its first and second prayers.\nThe judgment is therefore reversed, and the cause is dismissed.",
        "type": "majority",
        "author": "Wood, J."
      }
    ],
    "attorneys": [
      "B\u25a0 B. Brown and W. /. Driver, for appellant.",
      "P. G. Taylor, for .appellee."
    ],
    "corrections": "",
    "head_matter": "Jonesboro, Lake City & Eastern Railroad Company v. Brookfield.\nOpinion delivered October 5, 1908.\n1. Appear \u2014 supficiency oe birr op exceptions. \u2014 A 'bill of exceptions which contains all that is necessary and proper to be included in a bill of exceptions is not vitiated by the fact that it also contains more than was necessary for a bill of exceptions to show, as, for example, matters that properly belong to the judgment record. (Page 411.)\n2. Carriers \u2014 rate of fare \u2014 Fraction of mike. \u2014 Under Kirby\u2019s Digest, \u00a7 6611, fixing the rates which railway carriers may charge per mile for the carriage of passengers, the same fare may be charged for a fraction of a mile that is charged for an entire mile. (Page 411.)\nAppeal from Craighead Circuit Court; Jonesboro District; Frank Smith, Judge;\nreversed.\nstatement by ti-ie court.\nThis is a suit by appellee against appellant for a penalty under sections 6611 and 6620 of Kirby\u2019s Digest. Those sections, in so far as it may be necessary to set them out, are as follows: \u201cThe maximum sum which any corporation, etc., operating a line of railroad in this State, shall be authorized to charge and collect for carrying each passenger over such line within the State, in the manner known as first-class passage, is fixed at the following named rates: On lines of railroad fifteen miles or less in length 8 cents per mile. On lines of railroad over fifteen miles in length and less than seventy-five miles in length five cents. Sec. 6611.\n\u201cAny of the persons or corporations mentioned in Sec. 6611 that shall charge, demand, take or receive from any person or persons aforesaid any greater compensation for the transportation of passengers than is in this act allowed or prescribed shall forfeit and pay for every such offense any sum not less than fifty dollars, nor more than three hundred dollars, and costs of suit, including a reasonable attorney\u2019s fee, to be taxed by the court where the same is heard on original action, by appeal or otherwise, to be recovered in a suit at law by the party aggrieved in any court of-competent jurisdiction.\u201d Sec. 6620.\nThe appellant received from appellee the sum of twenty cents as first-class passenger fare for transportation over its road from the station of Jonesboro to the station of Nettleton, a distance of three miles and 1572 feet.\nAppellee sued for and recovered penalties and attorney\u2019s fee under the above sections.\nB\u25a0 B. Brown and W. /. Driver, for appellant.\nThe statute under which this action is brought is penal in' its nature, and must be strictly construed. There is no provision for charging for a fractional mile, and nothing to prohibit the company from collecting the full rate for a mile.- That, the mile, is the unit or standard of measurement under the statute. 58 L. R. A. 651; 56 Atl. 139; 26 N. H. 92.\nP. G. Taylor, for .appellee.\n1. Appellant had no right to charge full fare for four miles where the distance was less than three and one-third miles. 81 N. W. 439; 60 N. W. 436.\n2. There is no proper bill of exceptions. The case should be affirmed. 84 Ark. 342."
  },
  "file_name": "0409-01",
  "first_page_order": 431,
  "last_page_order": 434
}
