{
  "id": 1519075,
  "name": "Smith v. State",
  "name_abbreviation": "Smith v. State",
  "decision_date": "1891-04-11",
  "docket_number": "",
  "first_page": "459",
  "last_page": "461",
  "citations": [
    {
      "type": "official",
      "cite": "87 Ark. 459"
    }
  ],
  "court": {
    "name_abbreviation": "Ark.",
    "id": 8808,
    "name": "Arkansas Supreme Court"
  },
  "jurisdiction": {
    "id": 34,
    "name_long": "Arkansas",
    "name": "Ark."
  },
  "cites_to": [
    {
      "cite": "50 Ark. 20",
      "category": "reporters:state",
      "reporter": "Ark.",
      "case_ids": [
        8719623
      ],
      "opinion_index": -1,
      "case_paths": [
        "/ark/50/0020-01"
      ]
    },
    {
      "cite": "43 Ark. 353",
      "category": "reporters:state",
      "reporter": "Ark.",
      "case_ids": [
        1894462
      ],
      "opinion_index": -1,
      "case_paths": [
        "/ark/43/0353-01"
      ]
    },
    {
      "cite": "51 Ark. 133",
      "category": "reporters:state",
      "reporter": "Ark.",
      "case_ids": [
        8720942
      ],
      "opinion_index": 0,
      "case_paths": [
        "/ark/51/0133-01"
      ]
    },
    {
      "cite": "50 Ark. 20",
      "category": "reporters:state",
      "reporter": "Ark.",
      "case_ids": [
        8719623
      ],
      "opinion_index": 0,
      "case_paths": [
        "/ark/50/0020-01"
      ]
    }
  ],
  "analysis": {
    "cardinality": 318,
    "char_count": 5494,
    "ocr_confidence": 0.664,
    "pagerank": {
      "raw": 5.368262089269107e-08,
      "percentile": 0.3367435707641642
    },
    "sha256": "7e96f722b86420e383509f7fe1920383d4cbe171477506b11fa15515366c1d22",
    "simhash": "1:78334594535f9b16",
    "word_count": 984
  },
  "last_updated": "2024-02-27T21:49:07.835269+00:00",
  "provenance": {
    "date_added": "2019-08-29",
    "source": "Harvard",
    "batch": "2018"
  },
  "casebody": {
    "judges": [],
    "parties": [
      "Smith v. State."
    ],
    "opinions": [
      {
        "text": "Cockriue, C. J.\nThe bill of exceptions, as allowed by the circuit judge, leaves it in doubt whether the whisky which the appellant was charged with selling was shipped by the Helena dealer to the appellant, and was by him, as agent of the dealer, delivered to the purchasers; or whether it was shipped to the purchasers on the order of the appellant, and subsequently delivered to him by the express company as the agent of the purchasers. If the state of.facts last indicated exists, the sale was completed in Phillips County when the whisky was delivered to the carrier, and the appellant could not be convicted for selling in Lee County. Herron v. State, 51 Ark. 133. If the first supposition is the true state of case, the sale was completed in Lee County, where the liquor was delivered by the appellant, and the conviction would stand. Berger v. State, 50 Ark. 20.\nBut the bill of exceptions, as certified by the bystanders in accordance with the statute, must be taken as representing the true state of case. It relieves the case of all doubt, and brings it within the rule of the first case cited, unless the shipment in-the name of the. purchasers was only a subterfuge and was in reality a shipment to the vendor\u2019s agent, the sale being incomplete until manual delivery to the purchasers. In that event, the case would still fall within the rule of Berger\u2019s case, 50 Ark. supra. But the case does not appear to have been tried upon that theory. On the contrary, the judge refused to certify that that state of facts existed.\nThe judgment must therefore be'reversed, and the cause remanded for a new trial. It is so ordered.\n[Footnote.] This case was omitted from 54 Ark. in 1891, with the concurrence of Chief Justice Cockrill, and is now printed because it is cited by the court in the case of Boone v. Holder, which follows it. The Reporter did not at that time place the construction on the opinion which the Court now puts on it, as he believed that the opinion herein only meant to say that the Supreme Court in this case followed the bill of exceptions certified by the bystanders as representing the. facts. (Reporter.)",
        "type": "majority",
        "author": "Cockriue, C. J."
      }
    ],
    "attorneys": [
      "McCulloch & McCulloch, for appellant.",
      "W. B. Atkinson, Attorney General, for appellee."
    ],
    "corrections": "",
    "head_matter": "Smith v. State.\nOpinion delivered April 11, 1891.\nNew trial \u2014 misconception oE evidence. \u2014 Where a misdemeanor case was \u2018 tried before the circuit judge sitting as a jury, and judgment of conviction rendered without declarations of law, a new trial will be ordered if it appears from a conflict between the bill of exceptions approved by the judge and the affidavits of bystanders filed in pursuance of the statute (which latter are taken by the Supreme Court' as representing the true state of case) that the cause was tried under a misconception as to what the evidence was.\nAppeal from Lee Circuit Court; M. T. Sanders, Judge;\nreversed.\nSmith was indicted for selling liquor in Lee County without license. Waiving a jury, he was tried by the court and convicted, and has appealed.\nThe evidence showed that defendant took orders for whisky from witnesses Roane and Wamble in Lee County, and that he delivered the whisky to the witness in each instance upon their paying him $3 for the whisky and 30 cents express charges.\nAccording to the bill of exceptions signed by the trial judge, Roane testified as follows: \u201cI requested the defendant to order. a gallon of whisky for me, which he agreed to do. He was agent, or said he was agent, for a whisky house in Helena. 1 was sick, and not able to go to Marianna, and asked defendant to bring the whisky out to me. He said I would have to give him an order for it, and I told him to write an order for it and sign my name to it.\u201d Also Wamble testified: \u201cI gave the defendent an order for a jug of whisky. He stated that he was agent for a whisky house in Helena, Phillips County. He agreed to order the jug of whisky for me. I asked him to bring it out from Marianna. He told me to give him an order for it, and I authorized him to bring it out to me. * * \u25a0 * I have the tag which was on the jug.\u201d '[Witness here exhibited the tag which he stated came off the jug, containing the following words: \u201cTo W. H. Wamble, Marianna, Ark. From A. Goitein, Helena, Ark.\u201d]\nIn addition to the foregoing testimony, a bill of exceptions prepared by defendant and tendered to the judge showed that witnesses Roane and Wamble swore that the orders which they authorized defendant to write and sign their names to were addressed to the express agent at Marianna, directing him to deliver the whisky to the defendant. The judge struck out this statement. Defendant then filed affidavits of James P. Brown, of W. T. Derrick, clerk of the court, and of F. H. Govan, his deputy, to the effect that the witnesses Roane and Wamble swore that they authorized defendant to write orders to the express agent at Marianna and sign their names thereto, directing him to deliver the whisky to defendant.\nMcCulloch & McCulloch, for appellant.\nAppellant was the agent of a licensed dealer in Helena\u2014 he merely solicited orders which were filled by his principal by delivering the goods to the express company at Helena to be transported to the purchasers. This constituted a sale at Helena, and not in the prohibited district. 43 Ark. 353; 44 id. 230; 50^ Id. 20; 51 Id. 133.\nW. B. Atkinson, Attorney General, for appellee.\nThere was no evidence that appellant^ principal was a licensed liquor dealer. Wharton, Cr. Daw. (8 Ed.) \u00a7 331; 38 Ark. \u2022518; 51 Id: 552. The facts in this case bring it within the-rule in Berger v. State, 50 Ark. 20."
  },
  "file_name": "0459-01",
  "first_page_order": 481,
  "last_page_order": 483
}
