{
  "id": 8719810,
  "name": "Hilliard, Exparte, and Hilliard v. Hilliard",
  "name_abbreviation": "Hilliard v. Hilliard",
  "decision_date": "1887-11",
  "docket_number": "",
  "first_page": "34",
  "last_page": "42",
  "citations": [
    {
      "type": "official",
      "cite": "50 Ark. 34"
    }
  ],
  "court": {
    "name_abbreviation": "Ark.",
    "id": 8808,
    "name": "Arkansas Supreme Court"
  },
  "jurisdiction": {
    "id": 34,
    "name_long": "Arkansas",
    "name": "Ark."
  },
  "cites_to": [
    {
      "cite": "8 Ark. 9",
      "category": "reporters:state",
      "reporter": "Ark.",
      "case_ids": [
        8726799
      ],
      "weight": 2,
      "opinion_index": -1,
      "case_paths": [
        "/ark/8/0009-01"
      ]
    },
    {
      "cite": "34 Ark. 63",
      "category": "reporters:state",
      "reporter": "Ark.",
      "case_ids": [
        1875666
      ],
      "opinion_index": -1,
      "case_paths": [
        "/ark/34/0063-01"
      ]
    },
    {
      "cite": "34 Ark. 198",
      "category": "reporters:state",
      "reporter": "Ark.",
      "pin_cites": [
        {
          "page": "199"
        }
      ],
      "opinion_index": -1
    },
    {
      "cite": "36 Ark. 405",
      "category": "reporters:state",
      "reporter": "Ark.",
      "opinion_index": 0
    },
    {
      "cite": "49 Ark. 51",
      "category": "reporters:state",
      "reporter": "Ark.",
      "case_ids": [
        1309625
      ],
      "opinion_index": 0,
      "case_paths": [
        "/ark/49/0051-01"
      ]
    },
    {
      "cite": "33 Ark. 727",
      "category": "reporters:state",
      "reporter": "Ark.",
      "case_ids": [
        8726071
      ],
      "opinion_index": 0,
      "case_paths": [
        "/ark/33/0727-01"
      ]
    },
    {
      "cite": "40 Ark. 14",
      "category": "reporters:state",
      "reporter": "Ark.",
      "opinion_index": 0
    },
    {
      "cite": "49 Ark. 518",
      "category": "reporters:state",
      "reporter": "Ark.",
      "case_ids": [
        1309176,
        1309526
      ],
      "opinion_index": 0,
      "case_paths": [
        "/ark/49/0518-02",
        "/ark/49/0518-01"
      ]
    },
    {
      "cite": "44 Ark. 134",
      "category": "reporters:state",
      "reporter": "Ark.",
      "case_ids": [
        1893425
      ],
      "opinion_index": 0,
      "case_paths": [
        "/ark/44/0134-01"
      ]
    },
    {
      "cite": "5 Ark. 608",
      "category": "reporters:state",
      "reporter": "Ark.",
      "case_ids": [
        8727791
      ],
      "opinion_index": 0,
      "case_paths": [
        "/ark/5/0608-01"
      ]
    }
  ],
  "analysis": {
    "cardinality": 644,
    "char_count": 15315,
    "ocr_confidence": 0.496,
    "pagerank": {
      "raw": 3.6308959795171804e-07,
      "percentile": 0.8891188250743576
    },
    "sha256": "f3fa41a847f10518819eab2fcfca8cd89092cca4319e0d7b283bd4c31486bac2",
    "simhash": "1:d1fdaa74d580e246",
    "word_count": 2588
  },
  "last_updated": "2024-02-27T17:36:32.233214+00:00",
  "provenance": {
    "date_added": "2019-08-29",
    "source": "Harvard",
    "batch": "2018"
  },
  "casebody": {
    "judges": [],
    "parties": [
      "Hilliard, Exparte, and Hilliard v. Hilliard."
    ],
    "opinions": [
      {
        "text": "OPINION.\nCockrill, C. J.\nThe probate courts in this State exercised a limited jurisdiction in the allotment of dower from the passage of the act of February 28th, 1838, until those tribunals were abolished in 1873. Hill v. Mitchell 5 Ark. 608; Menefee's admr. v Menefee, 8 Id. 9; Jones v. Jones, 28 Id. 19; Acts of April 16th and 17th,1873. By the act of April 16th; 1873, all the power and jurisdiction of whatever nature previously exercised, by the probate courts were conferred exclusively upon the circuit courts; and by the\u2019 act of the 17th of April of the same year the office of probate judge was formally abolished. The constitution of 1874 re-established the probate courts and invested them with \u201c such exclusive original jurisdiction in matters relative to the probate of wills,, the estates of deceased persons, executors, administrators, guardians and persons of unsound mind as was then [\u201cis now,\u201d is the language - of the constitution} vested in the circuit courts or might be- thereafter prescribed by law.\u201d Art. 7, Sec. 34. Section 23 of the schedule of the constitution directed that the probate-courts provided for in that instrument should be regarded as continuations of the circuit courts for the business within the jurisdiction of the probate courts, and that-the papers and records pertainig to the latter should be transferred to them. When the constitution was framed it was the prevailing practice in the circuit courts, authorized by the 11th section of the act of April 16th, 1873, to keep a docket for the probate business separate from the law and equity dockets ; and the papers and records were entitled \u201cIn probate,\u201d to distinguish them from the proceedings at law and in equity; and the court for the transaction of all matters formerly cognizable in the probate courts was as easily distinguishable as before the abolition of the separate courts, of probate. Under the act, the circuit courts in probate and the circuit courts in equity ' [where chancery jurisdiction was exercised by the circuit.courts]- exercised concurrent jurisdiction in the allotment of' dower, to the same extent that the probate courts and the circuit courts had previously done. The provisions.of the constitution defining and preparing to put into immediate execution the jurisdiction of the probate courts were framed with reference to the powers and practice of the circuit courts in probate under that act. The design, we must infer, was that, all pending business properly cognizable on the probate side of the circuit court should be continued without break' or interruption in the tribunals newly created to*, succeed them. A proceeding instituted by the widow on the probate side of the circuit court, if properly. cognizable there, would have been- transferred with the other business to the new tribunal as the successor to-that business; for the right of-the-widow to apply to the court exercising probate-jurisdiction, to allot her. dower,'had not been abrogated. Gantt\u2019s Dig. Sec. 2242. The law conferring that right was notin conflict or inconsistent with any provision of the constitution of 1874, and was continued in force by it. Seo. 1 of the schedule. It had been previously ruled under a similar provision of the constitution of 1836, that the act conferred a limited jurisdiction in the allotment of dower on the probate courts, concurrent with the circuit courts in chancery. Menifee v. Menifee, supra. It would seem to follow that, .it was the. intention that the. ancient practice in this respect should continue. Baker v. State 44 Ark. 134; Pulaski County Board of Equalization Cases, 49 Ark. 518.\nWhile the court has never expressly ruled this point, we find that it has impliedly recognized the power~of the probate court to assign dower in both personalty and realty since the constitution of 1874, [Webb v. Smith, 40 Ark. 14; McWhirter v. Roberts, Id. 288; Gibson v. Dowell, 42 Id. 164,] and that its expressions in cases where the question was not directly involved, imply that all the old jurisdiction of the probate court, without restriction or qualification, was restored to it by that instrument. Reinhardt v. Gartrell, 33 Ark. 727; Hall v. Brewer, 40 Id. 441. The effect of the change was- only to create a separate court of probate -and- to elevate it from a statutory to a constitutional basis. The original equitable jurisdiction over the subject has never been doubted. Such original jurisdiction as the circuit courts in probate had the exclusive cognizance of, the probate courts alone have succeeded to. Reinhardt v. Gartrell. sup ; Turner v. Rogers, 49 Ark. 51, and cases cited. But they had not exclusive jurisdiction in the assignment of dower, but concurrent wijth the circuit court in chancery; or, as in Pulaski county, with the separate court of chancery.\nIt will not do to interpret \u201ccircuit court\u201d as used in Section 34 of Article 7 of the constitution, to include the circuit court in chancery as well as the circuit court in probate, because by Section 15 of the same article, jurisdiction in equity is vested in the circuit courts until the legislature should deem it expedient to establish separate courts of chancery ; and as was said in Jones v. Graham, 36 Ark. 405, \u201ccourts of probate certainly as this court insists, are not courts of chancery with any jurisdiction generally to confer equitable relief.\u201d They have not ousted the chancery jurisdiction exercised by the circuit courts under the constitution of 1886. Hall v. Brewer, sup.; Turner v. Rogers, sup.\nIf we should construe Section 84 literally, without reference to the other provisions on jurisdiction, no action could be maintained in the circuit court against an executor or administrator to establish a claim against, or that would in anywise affect the estate of a decedent; and the suggestion of the death of a defendant would at once abate a suit at law or in equity. By construing the provisions upon\u2019jurisdiction together, so as to give effect to all, [Art. 7, secs. 34, 11 and 15,) the jurisdiction of the probate and chancery courts is preserved in the allotment of dower. The latter is the more potent, most general and usually resorted to, but when the estate is in course of administration, as it is in the case before us, and it is desired only to allot dower without adjusting any question of title or damage, the probate court has the power and machinery to act on the petition of the widow, Menifee v. Menifee, sup; Mans. Dig. sec. 2606.\nThe appeal in the case of Hilliard, Ex. parte, is effort by certiorari to quash the proceeding of the probate court assigning the appellant dower, upon- the ground that the court had no jurisdiction. ' But. the court was vested with that power. It is argued, however, that' the power can be invoked by the widow alone. See Mans. Dig. sec. 2606. Be this as it may, the record discloses that a petition was first filed by the widow for the allotment of dower, and while it was pending, the parties defendant to the petition made application afresh to the court to grant the widow\u2019s request, and dower was assigned. The second proceeding in the same court between the same parties was in \u2022effect a continuation of the first. The judgment of the circuit court refusing to quash the probate judgment is affirmed.\nThe second appeal arises out of the same matters. Mrs. Hilliard filed a bill in equity against the admin-trator and heirs of her deceased husband\u2019s estate, seeking to surcharge the accounts of the administrator; to recover a demand for rents of one of the heirs; to restrain the execution of the judgment of the probate court assigning her dower upon the allegation that it was coram nonjudice and void, and for the assignment of dower by the chancery court. After a volume of proof on the question of fraud in the administrator\u2019s accounts was taken, the chancellor dismissed the bill and adjudged the costs against Mrs. Hilliard.\nIt is now conceded that the widow.had no interest in the administrator\u2019s accounts, and that the claim for rents set up by her is purely legal and cognizable at law in a proceeding against the party indebted. The only contention is that the court -erred in not assigning the widow\u2019s dower. No valid objection to the judgment of the probate court was shown. That court having jurisdiction of .the-subject matter, concurrent with the chancery-court, had assumed it at the instance of the widow, had entered a judgment and appointed commissioners to carry it into effect before the chancery jurisdiction was invoked. The chancellor was right in declining to interfere. State v. Devers, 34 Arh. 198, 19.\nAffirm.",
        "type": "majority",
        "author": "Cockrill, C. J."
      }
    ],
    "attorneys": [
      "U. M. and G. B. Rose, W. B. Street and W. S. McCain, for appellants.",
      "D. H. Reynolds and J. F. Robinson, for appellee.",
      "Mark Valentine, for Johnson Chapmau, Master in' Chancery."
    ],
    "corrections": "",
    "head_matter": "Hilliard, Exparte, and Hilliard v. Hilliard.\n1. Dower. Jurisdiction to assign.\nSection 2606 Mans/. Dig. is not inconsistent with any provision of the constitution of 1874 and confers on the.probate court a limited, jurisdiction in the allotment of dower, concurrent with the circuit court in chancery. The jurisdiction of chancery over l he subject is more extensive than that possessed by the inferior court; but wheu an estate is in course of administration and it is desired only to allot dower, without adjusting any question of title or damage, the probate court has the power to act on the petition of the widow.\n2. Same: Same. Certiorari to quash judgment of probate court.\nThe appellant filed a petition in the probate court for the allotment of dower, and . while her petition was pending, the- defendants thereto also applied to\u2019the same court to have her request granted, and on their application the dower was assigned. She then applied to the circuit court by certiorari to quash the proceedings of the probate court. Held: That whether the power of the probate court to assign dower may be invoked by the widow alone or also by other interested parties, the proceeding in which the judgment in this case was entered, was in effect a continuation of that instituted by the widow, and as the court acquired jurisdiction iu the latter, it was not error to refuse to quash its judgment.\n3. Pamb: Same. Dill to restrain assignment under judgment of probate court.\n'W\u2019hile a petition of the appellant for the assignment of dower, was pending in the probate court, the defendants thereto also applied to the same court to have her request granted, and on their application a judgment for allotting her dower was entered and commissioner\u2019s were appointed to carry it into effect. She then filed a bill in equity to restrain the execution of the probate court\u2019s judgment, alleging that it was coram nonjudice and void,\"and to obtain an assignment of her dower by the chancery court. Held: That the probate court, having jurisdiction of the subject matter, c\u00f3ncurent with the circuit court and having assumed it at the instance of the widow, the chancellor was right in dismissing her bill. State v. Devers, 34 Ark. 198, 199.\nAPPEALS from Chicot Circuit Court.\nJno. M. Bradley, Judge.\nSTATEMENT.\nThe appellant filed a petition in the probate court of Chicot county for an assignment of dower, and while it was pending, the defendants thereto also made application to the same court to grant her request,.and upon their prayer a judgment for such assignment was entered and commissioners to make the same were appointed. The appellaut applied to the circuit court to quash the judgment of the probate court on certiorari for want of jurisdiction, but her application was refused. She also filed a bill in chancery against the administrator and heirs of her deceased husband, \u25a0claiming among other things, that the judgment of the probate court was coram non judice and void, and asking that its execution be restrained and.that her dower be \u2022assigned by the chancery court. The' chancellor dismissed the bill. Both decisions were appealed from and the appeals were heard as one 'cause.\nU. M. and G. B. Rose, W. B. Street and W. S. McCain, for appellants.\nI. The probate court has no jurisdiction whatever in matters of dower, and\n2d. If the probate court has such jurisdiction, the \u25a0widow only and not the heirs can invoke this jurisdiction.\nThe ancient jurisdiction of dower was concurrent in the courts of law and of chancery. Story Eq. Jur. secs. \u2022624-5; Scribner on dower, 106. In Arkansas prior to Act Feb. 28, 1888, the chancery court had exclusive .jurisdiction in matters of dower. Steele & McCampbell\u2019s Digest, Title \u201cDower,\u201d p. 222. The Act of Feb. 28, 1838, Gould\u2019s Dig. \u201cDower,\u201d sec. 33, conferred jurisdiction in \u2018matters of dower upon the probate court, as it had the \u25a0right to do under the constitution of 1836. % Ark. 37; \u2022Const. 1836, Art. 6, sec.. 3.\nBy the act of 1873, April 16th, probate courts were \u2022abolished and their jurisdiction in matters of dower was returned to the circuit court, and there it remained \u2022until the adoption of the constitution of 1874. Gantts Dig. see. 2242. The constitution of 1874 found the jurisdiction in the circuit court, and provided \u201cthe circuit \u2022court shall have jurisdiction in all civil and criminal cases the exclusive jurisdiction of which may not be vested in some other court by this, constitution. Art. 7, sec. 11. We look in vain to see if jurisdiction in dower has been vested in \u201csome other court.\u201d Sec. 34, art. 7, does not give it to the probate court. The \u201cestates of deceased persons \u201d does not embrace dower. Dower and administration had no connection under the rules of the common law, and jurisdiction of the two vested in separate courts. The widow\u2019s dower is no part of the \u201cestate of the deceased husband,\u201d and she does not obtain her rights from the'administrator. The majority of suits tor dower are not against administrators, and often 'no administration is required at all. A widow\u2019s dower is not affected by an administrator\u2019s sale. 33 Ark* 306, &c.\nThe constitution having failed to vest jurisdiction in dower in some other court, it remains where it was in the circuit and chancery courts.\nII. There is no statute that gives an'y person (except the widow) the right to apply to. the probate court to. assign dower. \u2022\n\u2022 III. The widow was entitled to one half of the personalty absolutely, and to one-half the lands for life,, and to all the rents of the plantation until dower-assigned. Mansf, Dig. 2592; 34 Ark. 63.\nD. H. Reynolds and J. F. Robinson, for appellee.\n1. Probate courts have jurisdiction to assign dower. This-court has tacitly recognized it. 8 Ark. 9; 28 Id. 19 40 Id. 288. It is clearly embraced in the pharse, \u201cThe estates of deceased persons.\u201d Act Feb. 28. 1838 and const. 1836. . If there be no estate there can be no dower, 5 Ark. 61\u00cd,\nReviews' the Act of 1873, and the provisions of the constitution of 1874, and contends that the jurisdiction of the probate court since 1874,is exactly the same as it was before the passage of the Act of 1873, except that it is now constitutional instead of statutory. 33 Arh. 728-9; Art. 7, Sec. 34, Const. 1874.\n2. The probate court having concurrent jurisdiction with the chancery courtj and having assumed it and the matter being still pending there, the chancery court properly declined to intefere.\nAppellant had no right, not being interested nor concerned, to file a bill- to surcharge an administrator\u2019s accounts, and as to her claim for rents, her remedy was at law. .\nMark Valentine, for Johnson Chapmau, Master in' Chancery."
  },
  "file_name": "0034-01",
  "first_page_order": 42,
  "last_page_order": 50
}
