{
  "id": 8722873,
  "name": "Andrews v. Calloway",
  "name_abbreviation": "Andrews v. Calloway",
  "decision_date": "1887-11",
  "docket_number": "",
  "first_page": "358",
  "last_page": "361",
  "citations": [
    {
      "type": "official",
      "cite": "50 Ark. 358"
    }
  ],
  "court": {
    "name_abbreviation": "Ark.",
    "id": 8808,
    "name": "Arkansas Supreme Court"
  },
  "jurisdiction": {
    "id": 34,
    "name_long": "Arkansas",
    "name": "Ark."
  },
  "cites_to": [
    {
      "cite": "8 Mo., 235",
      "category": "reporters:state",
      "reporter": "Mo.",
      "case_ids": [
        330450
      ],
      "opinion_index": -1,
      "case_paths": [
        "/mo/8/0235-01"
      ]
    },
    {
      "cite": "9 B. Mon., 25",
      "category": "reporters:state",
      "reporter": "B. Mon.",
      "case_ids": [
        4443738
      ],
      "opinion_index": -1,
      "case_paths": [
        "/ky/48/0025-01"
      ]
    },
    {
      "cite": "57 N. Y., 513",
      "category": "reporters:state",
      "reporter": "N.Y.",
      "opinion_index": -1
    },
    {
      "cite": "46 Iowa, 221",
      "category": "reporters:state",
      "reporter": "Iowa",
      "opinion_index": -1
    },
    {
      "cite": "13 Pick, 165",
      "category": "reporters:state",
      "reporter": "Pick.",
      "case_ids": [
        2017955
      ],
      "opinion_index": -1,
      "case_paths": [
        "/mass/30/0165-01"
      ]
    },
    {
      "cite": "6 Wall, 80",
      "category": "reporters:scotus_early",
      "reporter": "Wall,",
      "case_ids": [
        3453110
      ],
      "opinion_index": -1,
      "case_paths": [
        "/us/73/0080-01"
      ]
    },
    {
      "cite": "5 Ark., 377",
      "category": "reporters:state",
      "reporter": "Ark.",
      "case_ids": [
        8727362
      ],
      "opinion_index": 0,
      "case_paths": [
        "/ark/5/0377-01"
      ]
    },
    {
      "cite": "48 Cal., 147",
      "category": "reporters:state",
      "reporter": "Cal.",
      "case_ids": [
        1953822
      ],
      "opinion_index": 0,
      "case_paths": [
        "/cal/48/0147-01"
      ]
    },
    {
      "cite": "62 Ind., 401",
      "category": "reporters:state",
      "reporter": "Ind.",
      "case_ids": [
        1512878
      ],
      "opinion_index": 0,
      "case_paths": [
        "/ind/62/0401-01"
      ]
    }
  ],
  "analysis": {
    "cardinality": 310,
    "char_count": 4208,
    "ocr_confidence": 0.442,
    "pagerank": {
      "raw": 2.3009640385264722e-07,
      "percentile": 0.7873754415797987
    },
    "sha256": "a98d1c964086b3bfa4f06c017006f2bd6fa10d23945fec64410d25a7072f5628",
    "simhash": "1:8aa53acdc0cf8091",
    "word_count": 756
  },
  "last_updated": "2024-02-27T17:36:32.233214+00:00",
  "provenance": {
    "date_added": "2019-08-29",
    "source": "Harvard",
    "batch": "2018"
  },
  "casebody": {
    "judges": [],
    "parties": [
      "Andrews v. Calloway."
    ],
    "opinions": [
      {
        "text": "Cockrill, C. J.\nThe appellee instituted his action at law against the appellants to recover of them as makers of a promissory note. The defence was non est factum. A verdict for the plaintiff was set aside by the court, and the cause was transferred to the chancery docket to give the defendants the benefit of an equitable defence which they set up in an amended answer.\nThe court found the issues for the plaintiff and caused' judgment to be entered for him against all the defendants.\nUpon the issue of non est factum, the proof showed that the note as originally drawn was non-negotiable in form, but that after it became due, the words \u201cor bearer \u201d were interlined after the name of the payee. The inter-lineation was not in the handwriting of the payee, who was the plaintiff, and he testified that he knew nothing whatever about it, and that it was not made by his procurement or with his knowledge or consent. It was not shown by whom it was made. The circuit judge, sitting as chancellor, found that the interlineation was a spoliation, or mutilation of the note by a stranger. If the plaintiff\u2019s testimony is true, the interlineation did not alter the legal effect of the note, whether the change should be regarded as material or not, for it is now the settled doctrine of the courts that an alteration of an instrument by a stranger (an act commonly called spoliation), has no effect upon the rights or liabilities of the parties. 1 Greenl. Ev., sec. 566 ; 2 Daniel Neg. Instr., sec. 1373 a; U. S. v. Spaulding, 2 Mason, 478; Union National Bank v. Roberts, 45 Wisc., 373; Brooks v. Allen, 62 Ind., 401; Langenberger v. Kroeger, 48 Cal., 147.\nThe defendants\u2019 answer did not charge that the change \u2022in the instrument was made by the plaintiff. The only evidence that it was made by him is the presumption to that effect raised by the fact that he was the custodian of the note. Inglish v. Breneman, 5 Ark., 377. He is an old man and testified fully and with apparent frankness. He convinced first a jury and then the chancellor of the truthfulness of his position. They regarded the prima facie case as overcome by bis testimony. ~We decline to interfere with the finding.\nThe preponderance of the testimony is with the finding of the court upon the other issues involved, and as only questions of fact are presented it is useless to discuss, them.\nAffirm.",
        "type": "majority",
        "author": "Cockrill, C. J."
      }
    ],
    "attorneys": [
      "\u2022C. 0. Hamby, for appellants.",
      "Atkinson & Tompkins, for appellee."
    ],
    "corrections": "",
    "head_matter": "Andrews v. Calloway.\nPractice in Supreme Court. Finding of Chancellor.\nZa an action on a promissory note, the proof showed, that the note as originally drawn was non-negotiable in form, and that alter it became due, the words \u201c or bearer,\u2019* were interlined after the name of the plaintiff, who was the payee, The only evi* \u00abLance that the interlineation was made by the plaintiff, was the presumption to that effect, raised by the fact that he was* the custodian of the note. This was repelled d>y his own testimony, and the circuit judge, sitting as chancellor, found, as a jury had previously done in tlie same action, that the interlineation was not made by the plaintiff.' Heidi That such finding would not be disturbed.\n\"2. ALTERATION OF Instruments : Interlineation by stranger.\nThe alteration of an instrument by a stranger \u2014 as by interlining the words \u201c or bearer \u201d after the payee\u2019s name in a promissory note \u2014 has no effect upon the rights or liabilities of the parties.\nAPPEAL from Nevada Circuit Court in Chancery.\nO. E. Mitchell, Judge.\n\u2022C. 0. Hamby, for appellants.\nThe alteration of the note by inserting the words \u201c or hearer\u201d was material and rendered the instrument void. \u20225 Ark., 378; 27 Id., 108; Dan. on Neg. Instr., vol, 2, sec.. 1375; 6 Wall, 80.\nThe presumption is that the holder of the note made the alteration, and the burden is on him to explain it and rebut the presumption by showing it was a spoliation. 10 Mo\u201e 349; 13 Pick, 165 ; 46 Iowa, 221.\nAtkinson & Tompkins, for appellee.\n1. The alteration of a note by a stranger, without the privity of the holder, does not avoid it. 2 Parsons on Cont., 6th Ed., pp. 716, 717, note M.; 35 N. J., -227; 2 Dan., Neg. Inst., 3d Ed., see. 1373 a; 57 N. Y., 513; Or. Eo., see. 566, Redf, Ed.; 9 B. Mon., 25; 48 Am. Dee., 412; 2 Mason, 482; 8 Mo., 235; 40 Am. Dee., 135."
  },
  "file_name": "0358-01",
  "first_page_order": 366,
  "last_page_order": 369
}
