{
  "id": 1903657,
  "name": "Tombler v. Koelling",
  "name_abbreviation": "Tombler v. Koelling",
  "decision_date": "1894-12-15",
  "docket_number": "",
  "first_page": "62",
  "last_page": "66",
  "citations": [
    {
      "type": "official",
      "cite": "60 Ark. 62"
    }
  ],
  "court": {
    "name_abbreviation": "Ark.",
    "id": 8808,
    "name": "Arkansas Supreme Court"
  },
  "jurisdiction": {
    "id": 34,
    "name_long": "Arkansas",
    "name": "Ark."
  },
  "cites_to": [
    {
      "cite": "10 L. R. A. 481",
      "category": "reporters:federal",
      "reporter": "L.R.A.",
      "opinion_index": -1
    },
    {
      "cite": "122 N. Y. 539",
      "category": "reporters:state",
      "reporter": "N.Y.",
      "case_ids": [
        2233754
      ],
      "opinion_index": -1,
      "case_paths": [
        "/ny/122/0539-01"
      ]
    },
    {
      "cite": "150 Pa. St. 91",
      "category": "reporters:state",
      "reporter": "Pa.",
      "case_ids": [
        834442
      ],
      "opinion_index": -1,
      "case_paths": [
        "/pa/150/0091-01"
      ]
    },
    {
      "cite": "52 Ark. 364",
      "category": "reporters:state",
      "reporter": "Ark.",
      "case_ids": [
        1913422
      ],
      "opinion_index": -1,
      "case_paths": [
        "/ark/52/0364-01"
      ]
    },
    {
      "cite": "141 Mass. 561",
      "category": "reporters:state",
      "reporter": "Mass.",
      "case_ids": [
        766154
      ],
      "opinion_index": -1,
      "case_paths": [
        "/mass/141/0561-01"
      ]
    },
    {
      "cite": "5 Ind., 131",
      "category": "reporters:state",
      "reporter": "Ind.",
      "case_ids": [
        1448437
      ],
      "weight": 2,
      "opinion_index": -1,
      "case_paths": [
        "/ind/5/0131-01"
      ]
    },
    {
      "cite": "23 Ark. 61",
      "category": "reporters:state",
      "reporter": "Ark.",
      "case_ids": [
        1866040
      ],
      "opinion_index": -1,
      "case_paths": [
        "/ark/23/0061-01"
      ]
    },
    {
      "cite": "19 So. Car. 24",
      "category": "reporters:state",
      "reporter": "S.C.",
      "opinion_index": -1
    }
  ],
  "analysis": {
    "cardinality": 398,
    "char_count": 7939,
    "ocr_confidence": 0.568,
    "pagerank": {
      "raw": 1.3540418229673995e-07,
      "percentile": 0.6341580146178406
    },
    "sha256": "52b891f17e5ca5f8510313cd2b1682922394443f77002d29491e2baccf9fd3fd",
    "simhash": "1:d0cc33868ba1378f",
    "word_count": 1445
  },
  "last_updated": "2024-02-27T21:29:14.178615+00:00",
  "provenance": {
    "date_added": "2019-08-29",
    "source": "Harvard",
    "batch": "2018"
  },
  "casebody": {
    "judges": [],
    "parties": [
      "Tombler v. Koelling."
    ],
    "opinions": [
      {
        "text": "Hughes, J.,\n(after stating the facts.) This is a case of bailment for a consideration received by the bailee, who was bound to exercise ordinary care and diligence to preserve and restore the property delivered by the bailor to the bailee, or to some one who was authorized by the bailor to receive it. The property was not so delivered by the bailee, but was delivered to another, who was not authorized to receive it. The bailee knew the bailor and his property w;ell, and testified : \u2018\u2018If I had looked at the party who presented the check, I would have known he was not entitled to the package.\u201d The check was a means of identification of the property, but was no evidence that the owner of the property had parted with his title to it, or that he had authorized its delivery to any one who might- present the check, though not entitled to receive it.\nWhere property is committed to the custody of a bailee for safe keeping, it is the bailee\u2019s duty to use ordinary care and diligence to keep the property safely, and if it is lost through the failure on his part to do so, he is liable. A negligent delivery of the property by him to another, whereby it is lost to the owner, will not relieve him from liability. Had the bailee not previously known the bailor and the property, there might have been some excuse for delivery of the property to the person who presented the check for it, though he was not entitled to receive it; but such a case is not presented or decided here.\nIt seems that, though the bailor was not as prudent as he ought to have been, yet the bailee might have avoided the loss by the exercise of ordinary care, which is such care as a prudent man would exercise, under like circumstances, to protect his own interest. The instructions numbered one, two and three, refused, ignored the negligence of the superintendent, Clark, and were properly refused. The fourth, refused, does not seem objectionable, but the refusal of it was not prejudicial, as the evidence clearly shows that the property was lost through the want of ordinary care upon the part of the bailee.\nThe judgment is affirmed.",
        "type": "majority",
        "author": "Hughes, J.,"
      }
    ],
    "attorneys": [
      "G. G. Lat\u00eda for appellants.",
      "G. W. Murphy for appellee."
    ],
    "corrections": "",
    "head_matter": "Tombler v. Koelling.\nOpinion delivered December 15, 1894.\nBailment \u2014 Negligence of bailee.\nA bath house keeper who gave a check to a bather for valuables left in his custody and delivered them to another who had stolen the check, will be liable for their value, notwithstanding the bather was guilty of negligence in permitting the check to be stolen, where, if he had looked at the person who presented the check, he would have known that he was not entitled to receive them.\nAppeal from Garland Circuit Court.\nAlexander M. Dueeie, Judge.\nSTATEMENT BY THE COURT.\nThe appellee had been bathing at the bath house owned by appellant Tombler, in the city of Hot Springs, for about three weeks, depositing his watch, chain, a railroad ticket and money at the bath house office daily with appellant Clark, and receiving a metallic check from Clark, the superintendent or manager of the bath house; when one day, depositing these articles as usual with Clark, he received a check for them, which he put in a pocket in his clothes, entered the bath house, disrobed, hung his clothes on a hook in the bath room, took a bath, and went into a hall to cool off, and shortly afterwards returned to the bath room, got his clothing, and went to the bath room office, and presented a check for his property left with Clark, who handed him something corresponding to the check, which he declined to receive, it not being the property he had left with Clark. Some one else had presented his check to Clark, and received the property of the appellee, and had substituted another check for appellee\u2019s while his clothing were hanging in the bath room. Clark says he told the appellee that he would have to be \u201cvery careful with his check and other matters.\u201d He admitted that he knew .the appellee and his watch and chain well, and further says : \u201cIf I had looked at the party who presented the check, I would have known that he was not entitled to the package.\u201d There were two dressing rooms to each bath tub, and there was access from one to the other and from each to the bath tub. Another man was in one of these rooms when the appellee was in his, and he knew it. There was an attendant on the bath rooms, one attendant having six rooms and three bath tubs to attend to, going from one to another. It was about ten o\u2019clock in the morning, and many bathers were at the bath house. The appellee recovered a judgment for the value of his property, from which the appeal pending here was taken.\nNo exceptions to the instructions given in this case were saved in appellant\u2019s motion for new trial, and they were therefore abandoned. Four were asked on the part of the appellant, which were refused. They are as follows: \u201c(1) The court instructs the jury that if they believe from the evidence that the plaintiff, after having secured a check from the manager of the bath house, went into his bath room, and took his bath in a room that was adjoining another room, and that such adjoining room was so situated that any person bathing in said room had access to the room that plaintiff was bathing in, and that plaintiff knew this, and, after taking his bath, he left his room, and went out into the hall of the bath house, and left the clothes in his bath room, they will find that said plaintiff in so acting was guilty of such negligence, and of such acts that the defendants cannot be held responsible for anything that occurred during the absence of the plaintiff from his bath room, and they will find for the defendants. (2.) The court instructs the jury that if they believe from the evidence that the plaintiff left his bath room in a nude condition, and went into the halls of the bath house, and left his clothes, with the check therein, in such a position that the same could be reached by persons bathing in adjoining room, and while out of his room he lost his check, they will find that the defendant cannot be held for this act of negligence on the part of the plaintiff ; and they will find for the defendants. (3.) The court instructs the jury that if they believe from the evidence that the plaintiff was informed, at the time he commenced bathing at the bath house, that packages would be delivered upon the return of the check given at the office, it becomes the duty of plaintiff to take care of the check, and to see that the same was not lost or stolen or mislaid ; and if, after receiving the check, the plaintiff so placed the check that the same was substituted by some designing party, and the check was presented and the package delivered thereon, they will find that the defendants are not responsible for the loss and substitution of the check. (4.) The court instructs the jury that if they believe from the evidence that the plaintiff was informed by the manager, Clark, that he must be careful while in the bath room, and that all kinds of men and characters were liable to be bathing in the bath house, and that the plaintiff bathed at the bath house three weeks, and had opportunity of seeing the parties who bathed at said bath house, he was required to exercise the necessary care and control over his clothes and their contents as a prudent person would exercise under the same or similar circumstances.\u201d\nG. G. Lat\u00eda for appellants.\nThe negligence of the plaintiff is such that he cannot recover in this case. 19 So. Car. 24; 15 Am. & Eng. R. Cas. 414; Bish. Non-Cont. Law. 438 ; Smith on Neg. 14 ; Story on Bailments, p. 23; 23 Ark. 61 ; 5 Ind., 131; 27 id. 483 ; Am. & Eng. Ene. Law, pp. 52, 54 and notes; 141 Mass. 561. In the light of these authorities, the court erred in its charge to the jury.\nG. W. Murphy for appellee.\nAppellants were not gratuitous bailees, and, on their own testimony, they are liable as bailees for a consideration. 52 Ark. 364; 150 Pa. St. 91; 122 N. Y. 539; 10 L. R. A. 481."
  },
  "file_name": "0062-01",
  "first_page_order": 78,
  "last_page_order": 82
}
