{
  "id": 1903689,
  "name": "Galloway v. State",
  "name_abbreviation": "Galloway v. State",
  "decision_date": "1895-03-23",
  "docket_number": "",
  "first_page": "362",
  "last_page": "366",
  "citations": [
    {
      "type": "official",
      "cite": "60 Ark. 362"
    }
  ],
  "court": {
    "name_abbreviation": "Ark.",
    "id": 8808,
    "name": "Arkansas Supreme Court"
  },
  "jurisdiction": {
    "id": 34,
    "name_long": "Arkansas",
    "name": "Ark."
  },
  "cites_to": [
    {
      "cite": "59 Ark. 297",
      "category": "reporters:state",
      "reporter": "Ark.",
      "case_ids": [
        1327678
      ],
      "opinion_index": -1,
      "case_paths": [
        "/ark/59/0297-01"
      ]
    },
    {
      "cite": "53 Ark. 490",
      "category": "reporters:state",
      "reporter": "Ark.",
      "case_ids": [
        1911628
      ],
      "opinion_index": -1,
      "case_paths": [
        "/ark/53/0490-01"
      ]
    },
    {
      "cite": "52 Ark. 420",
      "category": "reporters:state",
      "reporter": "Ark.",
      "case_ids": [
        1913411
      ],
      "weight": 3,
      "pin_cites": [
        {
          "page": "490"
        }
      ],
      "opinion_index": -1,
      "case_paths": [
        "/ark/52/0420-01"
      ]
    },
    {
      "cite": "30 Ark. 131",
      "category": "reporters:state",
      "reporter": "Ark.",
      "case_ids": [
        1881200
      ],
      "opinion_index": -1,
      "case_paths": [
        "/ark/30/0131-01"
      ]
    },
    {
      "cite": "53 Ark. 490",
      "category": "reporters:state",
      "reporter": "Ark.",
      "case_ids": [
        1911628
      ],
      "opinion_index": 0,
      "case_paths": [
        "/ark/53/0490-01"
      ]
    }
  ],
  "analysis": {
    "cardinality": 397,
    "char_count": 7305,
    "ocr_confidence": 0.58,
    "pagerank": {
      "raw": 8.428443561396604e-08,
      "percentile": 0.4838326481582517
    },
    "sha256": "3d4dafbbbae304cd30a852ea7d381a168e4d654682e622e7bbbdaa203fe65fc5",
    "simhash": "1:d9ac994468e791a1",
    "word_count": 1287
  },
  "last_updated": "2024-02-27T21:29:14.178615+00:00",
  "provenance": {
    "date_added": "2019-08-29",
    "source": "Harvard",
    "batch": "2018"
  },
  "casebody": {
    "judges": [],
    "parties": [
      "Galloway v. State."
    ],
    "opinions": [
      {
        "text": "Bunn, C. J.\n(after stating the facts.) The charge in the indictment constituted a public offense, and, unless extraneous matter constituting a good defense could be shown, the proof of the allegations in the indictment would justify the conviction. So the motion in arrest was properly overruled.\nThe case really turns upon the construction to be given to the act entitled \u201cAn act to regulate the sale of wine in the State of Arkansas,\u201d approved April 3, 1889, and digested in Sand. & H. Dig. as sections 4852, 4853, 4854 and 4855, the first two only being necessary to consider in this case.\nThe original act will be found in the published Acts of 1889, pages 95, 96. Certain words have been eliminated from the first and second sections of the act, to conform to the decision of this court in the case of Deschamps v. State, 53 Ark. 490, the eliminated words having a reference solely to the place of sale, and therefore not affecting the issues in this case.\nThe State contends that this act of 1889 repeals, or takes the place of, all other acts on the special subject of wine selling in this State, especially the 15th section of the special act approved March 8, 1879, and its contention seems to us to be well founded, not with-, standing the repealing act contains no repealing clause.\nThe first section of the act of 1889 (section 4852 of the Digest) is expressed in these words, after elimination as aforesaid, to-wit: \u201cThat it shall be unlawful for any person to sell wine in this State, except as authorized in this act.\u201d The third section excuses regularly licensed liquor dealers from the operation of this act. The second section of the act, with the words stricken out as aforesaid, is section 4853 of Sand & H. Digest, and is the important one as designating the persons selling wines in quantities not less than one quart, who are protected in such selling without a license. It will be noticed that when the general assembly, by special act, has prohibited the sale of wine in any district or locality, the act affords no protection to the seller under any circumstances. Section 2 provides: \u201cAny person who grows or raises grapes or berries may make wine thereof, and sell the same in quantities not less than one quart; such person (the person who grows or raises grapes or berries and makes wine therefrom) may also sell the wine of his own make in any place where the sale of intoxicating liquors is licensed and authorized by law, in quantities not less than one quart.\nBy the agreed statement of facts \u2014 the sole evidence in this case \u2014 the defendant does not appear to have grown or raised the berries from which the wine was made, the selling of which he is charged with in the indictment. He is therefore not entitled to the immunities of the act in making such sale.\nAgain, \u201cpeaches\u201d are not named in the act as one of the fruits from which wine may be made, and the same sold by the grower and manufacturer, under the protection of the act. The defendant therefore' cannot claim the benefits of the act, in respect to his sale of this character of wine. His defense, therefore, is unavailable, and the judgment against him is affirmed.",
        "type": "majority",
        "author": "Bunn, C. J."
      }
    ],
    "attorneys": [
      "Thos. C. Trimble for appellant.",
      "E. B. Kinsworlhy, Attorney General, and H. S. Sutton, for appellee."
    ],
    "corrections": "",
    "head_matter": "Galloway v. State.\nOpinion delivered March 23, 1895.\nWine \u2014 Act regulating sale of, construed.\nSand. & H. Dig., sec. 4852, provides that \u201cit shall be unlawful for any person to sell wine in this State, except as authorized in this act.\u201d Section 4853, lb., provides that \u201cany person who grows or raises grapes or berries may make w-ine thereof, and sell the same in quantities not less than one quart. * * *\u2022 Provided, this shall not authorize the sale of wine in any district or locality where its sale is prohibited under special act of the general assembly.\u201d Held\u2014\n1. That all former acts specially regulating the sale of wine were repealed.\n2. That when the legislature has by special act prohibited the sale of wine in any district or locality, the above provisions afford no protection to the seller under any circumstances.\n3. That the act does not authorize the sale, without license, of wine made from wild berries not grown on the seller\u2019s premises.\n4. That the act does not authorize the sale of wine made from peaches, though grown on the seller\u2019s premises.\nAppeal from Lonoke Circuit Court.\nJames S. Thomas, Judge.\nSTATEMENT BY THE COURT.\nThe defendant was indicted, tried and convicted in the Lonoke circuit court, at its February term, 1894, for selling \u201calcoholic, ardent, vinous and fermented liquors and intoxicating spirits\u201d without a license.\nThe case was tried by the court sitting as a jury on an agreed statement of facts, which is as follows, to-wit: \u201cThat Geo. W. Galloway [is] a citizen of Lonoke county, not residing within a district where the sale of wine is prohibited under a special act of the general assembly ; that he hired wild berries picked, not grown on his own premises, and made wine from said berries, and sold the same in quantities not l\u00e9ss than one quart; and, further, he sold peach wine, manufactured from peaches grown upon his own premises, in quantities not less than one quart, and said sales were made within one year before the finding of this indictment. This was all the evidence introduced in this case.\u201d\nThe indictment charged defendant with the crime of selling one pint of the liquors named, and the proof failed as to the matter of quantity, although that is not material in this particular case.\nAfter verdict, defendant moved in arrest of judgment bn the grounds: \u201c(1.) The facts stated in the indictment do not constitute a public offense within the jurisdiction of this court. (2.) No judgment can be rendered against him on said indictment.\u201d This motion was overruled, and defendant filed his motion for new trial, alleging that the finding of the court was contrary to law and the evidence. This motion was also overruled, and the defendant, saving his exceptions to the rulings of the court on both motions, tendered his bill of exceptions, which was duly certified, and appealed to this court.\nThos. C. Trimble for appellant.\n1. The indictment charges more than one offense, and is bad for duplicity. Sand & H. Dig. sec. 2077.\n2. Having charged a sale to J. A. Crabb, it was necessary to prove a sale to him. 30 Ark. 131.\n3. Galloway sold only wine of his own make, not within a prohibited district, and not in quantities less than a quart. This is not a violation of law. Acts March 8, 1879, sec. 15; 52 Ark. 420 ; 53 id. 490.\nE. B. Kinsworlhy, Attorney General, and H. S. Sutton, for appellee.\n1. There is but one charge in the indictment.\n2. The certiorari cures the error charged. The indictment does not allege a sale to any particular person.\n3. Appellant was not charged with keeping a dram shop, as in 52 Ark. 420, nor for selling wine off of his premises, as in 53 Ark. 490, and these cases are not applicable.\n4. Courts take judicial knowledge that wine is intoxicating. 59 Ark. 297.\n5. The act of March 8, 1879, sec. 15, is repealed by Sand. & H. Dig. secs. 4852-3. The only exception in the act is as to those who raise grapes and berries and make wine thereof. Ib. Appellant did not raise the berries, and peaches are not mentioned in the statute. So appellant could not sell, except in original packages containing not less than five gallons, lb. sec. 4851."
  },
  "file_name": "0362-01",
  "first_page_order": 378,
  "last_page_order": 382
}
