{
  "id": 1903712,
  "name": "Bartlett v. Gregory",
  "name_abbreviation": "Bartlett v. Gregory",
  "decision_date": "1895-04-27",
  "docket_number": "",
  "first_page": "453",
  "last_page": "460",
  "citations": [
    {
      "type": "official",
      "cite": "60 Ark. 453"
    }
  ],
  "court": {
    "name_abbreviation": "Ark.",
    "id": 8808,
    "name": "Arkansas Supreme Court"
  },
  "jurisdiction": {
    "id": 34,
    "name_long": "Arkansas",
    "name": "Ark."
  },
  "cites_to": [
    {
      "cite": "56 Ark. 252",
      "category": "reporters:state",
      "reporter": "Ark.",
      "opinion_index": -1
    },
    {
      "cite": "27 Ark. 154",
      "category": "reporters:state",
      "reporter": "Ark.",
      "weight": 3,
      "opinion_index": -1
    },
    {
      "cite": "14 Wall. 279",
      "category": "reporters:scotus_early",
      "reporter": "Wall.",
      "case_ids": [
        3420039
      ],
      "opinion_index": -1,
      "case_paths": [
        "/us/81/0279-01"
      ]
    },
    {
      "cite": "2 Wash. 411",
      "category": "reporters:state",
      "reporter": "Wash.",
      "opinion_index": -1
    },
    {
      "cite": "15 Ohio, 313",
      "category": "reporters:state",
      "reporter": "Ohio",
      "case_ids": [
        491931
      ],
      "opinion_index": -1,
      "case_paths": [
        "/ohio/15/0313-01"
      ]
    },
    {
      "cite": "3 Johns. Ch. 124",
      "category": "reporters:state",
      "reporter": "Johns. Ch.",
      "case_ids": [
        1976842
      ],
      "opinion_index": -1,
      "case_paths": [
        "/johns-ch/3/0124-01"
      ]
    },
    {
      "cite": "28 Minn. 255",
      "category": "reporters:state",
      "reporter": "Minn.",
      "opinion_index": -1
    },
    {
      "cite": "3 Paige, Ch. 204",
      "category": "reporters:state",
      "reporter": "Paige Ch.",
      "case_ids": [
        2048449
      ],
      "opinion_index": -1,
      "case_paths": [
        "/paige-ch/3/0204-01"
      ]
    },
    {
      "cite": "55 Ark. 22",
      "category": "reporters:state",
      "reporter": "Ark.",
      "case_ids": [
        1322256
      ],
      "opinion_index": -1,
      "case_paths": [
        "/ark/55/0022-01"
      ]
    },
    {
      "cite": "47 Ark. 30",
      "category": "reporters:state",
      "reporter": "Ark.",
      "opinion_index": -1
    },
    {
      "cite": "45 N. W. 77",
      "category": "reporters:state_regional",
      "reporter": "N.W.",
      "pin_cites": [
        {
          "page": "771"
        }
      ],
      "opinion_index": -1
    },
    {
      "cite": "100 U. S. 104",
      "category": "reporters:federal",
      "reporter": "U.S.",
      "case_ids": [
        4625
      ],
      "opinion_index": -1,
      "case_paths": [
        "/us/100/0104-01"
      ]
    },
    {
      "cite": "36 Ark. 532",
      "category": "reporters:state",
      "reporter": "Ark.",
      "case_ids": [
        1872527
      ],
      "weight": 2,
      "opinion_index": -1,
      "case_paths": [
        "/ark/36/0532-01"
      ]
    },
    {
      "cite": "27 Ark. 70",
      "category": "reporters:state",
      "reporter": "Ark.",
      "case_ids": [
        1885715
      ],
      "pin_cites": [
        {
          "page": "73"
        }
      ],
      "opinion_index": -1,
      "case_paths": [
        "/ark/27/0070-01"
      ]
    },
    {
      "cite": "55 Tex. 193",
      "category": "reporters:state",
      "reporter": "Tex.",
      "case_ids": [
        2181400
      ],
      "opinion_index": -1,
      "case_paths": [
        "/tex/55/0193-01"
      ]
    },
    {
      "cite": "7 S. W. 691",
      "category": "reporters:state_regional",
      "reporter": "S.W.",
      "opinion_index": -1
    },
    {
      "cite": "40 Ga. 506",
      "category": "reporters:state",
      "reporter": "Ga.",
      "case_ids": [
        274973
      ],
      "opinion_index": -1,
      "case_paths": [
        "/ga/40/0506-01"
      ]
    },
    {
      "cite": "63 Am. Dec. 440",
      "category": "reporters:federal",
      "reporter": "Am. Dec.",
      "opinion_index": -1
    },
    {
      "cite": "29 Yt. 230",
      "category": "reporters:state",
      "reporter": "Vt.",
      "case_ids": [
        8544493
      ],
      "opinion_index": -1,
      "case_paths": [
        "/vt/29/0230-01"
      ]
    },
    {
      "cite": "17 Yt. 444",
      "category": "reporters:state",
      "reporter": "Vt.",
      "opinion_index": -1
    },
    {
      "cite": "12 Pet. 32",
      "category": "reporters:scotus_early",
      "reporter": "Pet.",
      "case_ids": [
        5620033
      ],
      "opinion_index": -1,
      "case_paths": [
        "/us/37/0032-01"
      ]
    },
    {
      "cite": "1 Pet. 15",
      "category": "reporters:scotus_early",
      "reporter": "Pet.",
      "opinion_index": -1
    },
    {
      "cite": "17 Ark. 50",
      "category": "reporters:state",
      "reporter": "Ark.",
      "opinion_index": -1
    },
    {
      "cite": "12 Ark. 401",
      "category": "reporters:state",
      "reporter": "Ark.",
      "case_ids": [
        8727930
      ],
      "opinion_index": -1,
      "case_paths": [
        "/ark/12/0401-01"
      ]
    },
    {
      "cite": "36 Ark. 540",
      "category": "reporters:state",
      "reporter": "Ark.",
      "opinion_index": -1
    },
    {
      "cite": "26 Ark. 600",
      "category": "reporters:state",
      "reporter": "Ark.",
      "case_ids": [
        8727419
      ],
      "opinion_index": -1,
      "case_paths": [
        "/ark/26/0600-01"
      ]
    },
    {
      "cite": "36 N. J. Eq. 36",
      "category": "reporters:state",
      "reporter": "N.J. Eq.",
      "weight": 2,
      "opinion_index": 0
    },
    {
      "cite": "8 W. Va. 186",
      "category": "reporters:state",
      "reporter": "W. Va.",
      "opinion_index": 0
    },
    {
      "cite": "20 Am. Dec. 172",
      "category": "reporters:federal",
      "reporter": "Am. Dec.",
      "opinion_index": 0
    },
    {
      "cite": "8 W. Va. 185",
      "category": "reporters:state",
      "reporter": "W. Va.",
      "opinion_index": 0
    },
    {
      "cite": "20 Am. Dec. 168",
      "category": "reporters:federal",
      "reporter": "Am. Dec.",
      "pin_cites": [
        {
          "page": "n. 2"
        }
      ],
      "opinion_index": 0
    },
    {
      "cite": "51 Ind. 228",
      "category": "reporters:state",
      "reporter": "Ind.",
      "opinion_index": 0
    },
    {
      "cite": "21 Gratt. 245",
      "category": "reporters:state",
      "reporter": "Gratt.",
      "opinion_index": 0
    },
    {
      "cite": "2 Johns. Ch. 488",
      "category": "reporters:state",
      "reporter": "Johns. Ch.",
      "case_ids": [
        1178074
      ],
      "opinion_index": 0,
      "case_paths": [
        "/johns-ch/2/0488-01"
      ]
    },
    {
      "cite": "25 Miss. 212",
      "category": "reporters:state",
      "reporter": "Miss.",
      "opinion_index": 0
    },
    {
      "cite": "3 Tex. 268",
      "category": "reporters:state",
      "reporter": "Tex.",
      "opinion_index": 0
    },
    {
      "cite": "18 Ill. 517",
      "category": "reporters:state",
      "reporter": "Ill.",
      "opinion_index": 0
    },
    {
      "cite": "13 Pet. 14",
      "category": "reporters:scotus_early",
      "reporter": "Pet.",
      "opinion_index": 0
    },
    {
      "cite": "55 Ark. 30",
      "category": "reporters:state",
      "reporter": "Ark.",
      "case_ids": [
        1322255
      ],
      "weight": 2,
      "opinion_index": 0,
      "case_paths": [
        "/ark/55/0030-01"
      ]
    },
    {
      "cite": "12 Pet. 32",
      "category": "reporters:scotus_early",
      "reporter": "Pet.",
      "case_ids": [
        5620033
      ],
      "opinion_index": 0,
      "case_paths": [
        "/us/37/0032-01"
      ]
    },
    {
      "cite": "1 Pet. 15",
      "category": "reporters:scotus_early",
      "reporter": "Pet.",
      "opinion_index": 0
    }
  ],
  "analysis": {
    "cardinality": 735,
    "char_count": 14084,
    "ocr_confidence": 0.579,
    "pagerank": {
      "raw": 2.0773301705662718e-07,
      "percentile": 0.7585783958833121
    },
    "sha256": "99ace258389d167872ee7ad72aeab2eae9c9942e823a8b621a1e54815e874db2",
    "simhash": "1:727b3a8913667d46",
    "word_count": 2595
  },
  "last_updated": "2024-02-27T21:29:14.178615+00:00",
  "provenance": {
    "date_added": "2019-08-29",
    "source": "Harvard",
    "batch": "2018"
  },
  "casebody": {
    "judges": [],
    "parties": [
      "Bartlett v. Gregory."
    ],
    "opinions": [
      {
        "text": "Hughes, J.\nThis is an appeal from a decree in the chancery court of Pulaski county, granting a new hearing, and to review a former decree in the case of Gregory v. Bartlett, reported in 55 Ark. 30, in which Gregory sought to recover lots 4, 5 and 6 in block 44, in the city of Little Rock, claiming to have purchased the same from the State, which claimed the title to them under a forfeiture for taxes in a condemnation proceeding under the overdue tax act of 1881. In said action the Supreme Court held that Gregory acquired no title by his purchase, for the reason that the forfeiture was void for the want of jurisdiction in the chancery court to render the decree of condemnation of the lots to be sold for overdue taxes, which lack of jurisdiction arose from the failure of the chancery court, as it appeared from the record in that case, to have the warning order, required by section two of said act, entered of record in the chancery court before the suit was commenced.\nSoon after this decision of the Supreme Court, it was discovered that said warning order had been entered of record before the suit was begun, and leave was granted, upon application, to file a bill of review, upon the ground of the discovery of the fact that the order was of record, which was not known, and by the use of due diligence could not have been known, to the appellee here, before the beginning of the original suit, by reason whereof it could not have been shown that said order existed of record in the chancery court. This was therefore a bill of review for newly discovered matter.\nThere was evidence tending to show in this case that.the chancery court records, or, at least, the indices thereto, were in a confused and bad condition generally at the time the search was made by the counsel for the appellee to find the warning order upon the record ; but the publication of it, as certified by the clerk from the record, in the beginning of the original suit for condemnation tended to show that it was of record before the suit was commenced. W. E}. Lenon, secretary of the Arkansas Abstract Company, a witness in the case, testified : \u201cI can turn to the record, and find the warning order made in reference to the Bartlett property, without trouble. It is on page 57. I found it without difficulty. I should have to turn four pages, if I had not known where it was, when I would have found it. The abstract work I did for the company in no wise affected the records or index to this property. They are just as they were. If I had come to the chancery clerk\u2019s office to find this order, not knowing it had been made, I would have found it by an ordinary examination of the record.\u201d\nI. J. Hicks, who was the clerk of the chancery court when he testified, said: \u201cThe condition of the warning order on page 57, record \u201cR\u201d, and of the index, is the same now as when I came into office. * * There is no unusual difficulty in finding the order on page 57.\u201d J. W. Calloway, a witness, testified: \u201cWas clerk of the chancery court from 1876 to 1886. I am looking at an order on page 57, record \u201cR,\u201d Pulaski County v. Certain Lands. The property mentioned in this order is. lots 4, 5, and 6, block 44, and another tract. I think the order is indexed properly.\u201d He then describes the method of indexing, and says : \u2018\u2018The method used in ordinary cases was the one in ordinary use. * * * * This particular entry on page 57 can be found with as much certainty as any other entry on the records from the index, but not so readily as in some cases.\u201d\nThe counsel for the appellee in the original suit, a witness in this case, testified, after stating the examination he had made of the chancery court record to find the warning order, and that he had failed to find it: \u201cI then applied to the clerk for transcript in the overdue tax proceeding, and he' furnished me a transcript, which he certified to be \u2018a true, correct and complete transcript of the record of proceedings and the pleadings on file in the case mentioned in the caption, as the same appears :of record in my office, etc.\u2019 * * * I then brought suit in ejectment in the Pulaski circuit court for the property on behalf of Minor Gregory.\u201d He then states that the case was transferred to equity, a decree rendered in favor of defendant, which was affirmed on appeal to the Supreme Court, on the ground that the original decree was void, because the \u2022 warning order had not been spread upon the records, as required by the overdue tax act. He then says : \u201cI then abandoned all hope of the case, because, relying upon statements and certificate of the clerk, who was the custodian of the records, I had no doubt that the warning order had been omitted from the record. Some days, perhaps as much as two weeks, after the decision of the Supreme Court, Judge Martin came to me, and told me, the warning order was actually on record, and handed me a slip on which was the page where it would be found. I went to the chancery clerk\u2019s office, found it, and procured a copy of it. This was the first intimation or suspicion that I had ever had of the warning order being spread of record. This was the first time that I had ever examined the records in an overdue tax case. Since that time I have had occasion to examine them rather frequently. I have found them to be in great confusion, and so badly indexed that it has been impossible to make much out of them.\u201d The witness' further says, in substance, that he thought that the record of the warning order, before the bringing of the original suit, was of very little importance ; that when he applied to the clerk of the chancery court for a certified transcript of the record in this overdue tax proceeding, he did not expect to get a record of the original warning order required by section 2 of the overdue tax act, nor of the order confirming the sale; that he got from the clerk just what he expected to get.\n\u201cThe object of a bill of review, and of a bill in the nature of a bill of review, is to procure the reversal, alteration or explanation of a decree made in a former suit.\u201d 2 Daniell\u2019s Chancery PI. p. *1575. The rules regulating these bills were first systematically arranged by Francis Bacon, when Ford High Chancellor of England ; and these rules, with little modification, have been recognized unto the present time. They comprise a portion of that eminent scholar\u2019s celebrated ordinances in chancery, and, though perhaps not directly adverted to in recent adjudications, undoubtedly form the foundation of modern judicial decisions upon this subject. 20 Am. Dec. p. 160, n. One of these ordinances in relation to bills of review provides that \u201cno decree shall be reversed, altered or explained, being once under the great seal, but upon bill of review ; and no bill of review shall be admitted, except it contain either error in law, appearing in the body of the decree, without further examination of matters of fact, or some new matter which hath arisen in time after the decree, and not any new proof which might have been used when the decree was made ; nevertheless upon new proof that is come to light after the decree made, and could not possibly have been used at the time when the decree passed, a bill of review may be grounded by the special license of the court, and not otherwise.\u201d Spedding, Ellis & Heath\u2019s ed. of Bacon\u2019s Works, p. 351.\nIt is said to be strictly true that in England this requirement that the error apparent must be in the body of the decree is the rule. Perry v. Phelips, 17 Ves. 176. \u201cBut in this country the practice has never prevailed of embodying or expressing the facts in the decree\u201d (as it has in England), \u201cand out of this has grown a modification of the English rule, so as to accommodate the remedy as far as practicable to the change. And for such error the court may examine the bill, answer and other pleadings, and the decree, for these are all parts of the record.\u201d Whiting v. Bank of U. S. 13 Pet. 14; Story, Eq. Pl. sec. 407; Goodhue v. Churchman, 1 Barbour, Ch. 597; Getzler v. Saroni, 18 Ill. 517; Randon v. Cartwright, 3 Tex. 268; Kennedy v. Georgia State Bank, 8 How. U. S. 609; Webb v. Pell, 3 Paige, ch. 371; Foy v. Foy, 25 Miss. 212.\nWhere a bill of review is for newly discovered matter, the rule now is that the matter must be such as could not have been discovered by the use of reasonable diligence, \u201cfor, if there be any laches or negligence in this respect, that destroys the title to the relief.\u201d Dexter v. Arnold, 5 Mason, 312; Young v. Keighly, 16 Ves. 348; Wiser v. Blackley, 2 Johns. Ch. 488; Carter. v. Allan, 21 Gratt. 245; Davidson v. King, 51 Ind. 228, and other cases cited in 20 Am. Dec. 168, n. 2.\nThe reason is that \u201cif a party were allowed to go on to a decree without looking for evidence, which might be obtained by proper research, and afterwards, by finding the evidence, to file a bill of review, there would be no end to such bills.\u201d Nichols v. Nichols, 8 W. Va. 185-187.\nThe granting of a bill of review is not a matter of right, but of sound discretion in the court. It may be refused, therefore, although the facts, if admitted, would change the decree, where the court, looking to all the circumstances, deems it productive of mischief to innocent parties, or from any cause unadvisable. 20 Am. Dec. 172, note, and cases cited; Nichols v. Nichols, 8 W. Va. 186; Putnam v. Clark, 36 N. J. Eq. 36. In Hunt v. Rousmaniere, 1 Pet. 15, the court said: \u201cWhere a party acted under a mistake of law, and under advice of counsel, there is no relief.\u201d Bank of U. S. v. Daniel, 12 Pet. 32. This is the rule in such case.\nThis court does not consider itself bound by the exercise of the chancellor\u2019s discretion in granting a bill of review. The court is of the opinion that the warning order in the original case might have been discovered before the suit was brought, by the exercise of the diligence required of the appellee in this case. In Putnam v. Clark, 36 N. J. Eq. 36, the court said, in considering the right to a bill of review, and the diligence required where it is asked upon the ground of newly discovered matter: \u201cBut, apart from these considerations, if it were conceded that she has used due diligence to obtain the testimony and in making the application, the prayer of the petition ought not to be granted. The whole matter rests in the sound discretion of the court, which is to be exercised so as to effectuate the ends of justice.\u201d\nThe decree of the chancellor is reversed, and the cause dismissed, with the rights of the appellee reserved to have decree for taxes, etc., according to the opinion of the court in Gregory v. Bartlett, 55 Ark. 30.",
        "type": "majority",
        "author": "Hughes, J."
      }
    ],
    "attorneys": [
      "P. C. Dooley for appellants.",
      "U. M. Rose and W. E. Hemingway for appellee."
    ],
    "corrections": "",
    "head_matter": "Bartlett v. Gregory.\nOpinion delivered April 27, 1895.\nBill of review \u2014 Newly discovered evidence \u2014 Laches.\nA decree was rendered annulling an overdue tax sale because of the failure of the cleric to enter the warning order upon the record, as required by the statute. Subsequently, a bill of review was filed to set aside this decree upon the ground that, since the decree was rendered, it had been discovered that the warning order was properly entered upon the record, but that the cleric had negligently overlooked it in making out a transcript of the record. The proof was that the record entry of the warning order was properly indexed, and might, by proper search, have been found before the decree was rendered. Held, that there was laches in not discovering the evidence before the decree, and that the bill of review should be denied.\nAppeal from Pulaski Chancery Court.\nDavid W. Carroee, Chancellor.,\nP. C. Dooley for appellants.\n1. A bill to review a former decree lies only for error of law apparent on the face of the decree, or for new matter which has arisen since the decree, or newly discovered evidence which could not fossiblyhave been produced at the former hearing. Story, Eq. PI. sec. 404 ; 26 Ark. 600. If the evidence is cumulative m\u00e9rely, the bill will not be allowed. 36 Ark. 540. There is no relief in courts of law to correct mistakes, of law. 12 Ark. 401; 13 id. 601. Appellee\u2019s attorney simply made a mistake of law in supposing the nuncf>ro lunc entry was sufficient. See 17 Ark. 50 ; 1 Pet. 15 ; 12 Pet. 32 ; 6 Cl. & Fin. 964; 17 Yt. 444; 29 Yt. 230 ; 63 Am. Dec. 440 ; Kerr on Fraud, 408 ; 40 Ga. 506. This record entry could have been discovered by the-use of ordinary care. Our courts use the word \u201cpossible.\u201d\n2. Nothing was done by defendants to deceive or mislead plaintiff. The proceedings were in a high court, of record, whose proceedings are notice to the world. Freeman, Judg. sec. 198. The court will take judicial cognisance of its own orders. 7 S. W. 691; Wade.on Notice, 723 ; 55 Tex. 193 ; 27 Ark. 70, 73.\nU. M. Rose and W. E. Hemingway for appellee.\n1. A bill of review lies to correct an erroneous decree, where the error is due to a mistake of fact, which comes to the knowledge of the losing party after the trial. Story, Eq. PI. sec. 412; 36 Ark. 532. The sufficiency of the new matter is a question of law ; but the right of the party to file the bill \u201cis a matter which addresses, itself to the sound discretion of the court.\u201d 36 Ark. 532; 100 U. S. 104; 45 N. W. 77, 771. In this case the chancellor found that appellee had \u201cnot been guilty of negligence\u201d in failing to discover this record entry. The proof is conclusive that due care was used. The relief is afforded if the new matter could not have been discovered by reasonable diligence. 2 Beach, Mod. Eq. Prac. sec. 862 ; Story, Eq. PI. 414; 47 Ark. 30 ; 55 Ark. 22; 3 Paige, Ch. 204. The applicant is bound to show only the use of reasonable diligence. 28 Minn. 255; 3 Johns. Ch. 124 and note ; 15 Ohio, 313 ; 2 Wash. 411; 2 W. Bl. 955; 14 Wall. 279; 5 Rich. (S. C.) 519. A certified transcript from the clerk of a court is received as proof of the record. 1 Gr. Ev. sec. 501-7; Reliance may be put in the acts of officers. 27 Ark. 154; 28 id. 244 ; 43 id. 148 ; 34 Eed. 703. In 56 Ark. 252, this court held that the index of a case should point to every record entry. The presumption is that officers do their duty."
  },
  "file_name": "0453-01",
  "first_page_order": 469,
  "last_page_order": 476
}
