{
  "id": 1903705,
  "name": "Taylor v. Purcell",
  "name_abbreviation": "Taylor v. Purcell",
  "decision_date": "1895-06-08",
  "docket_number": "",
  "first_page": "606",
  "last_page": "613",
  "citations": [
    {
      "type": "official",
      "cite": "60 Ark. 606"
    }
  ],
  "court": {
    "name_abbreviation": "Ark.",
    "id": 8808,
    "name": "Arkansas Supreme Court"
  },
  "jurisdiction": {
    "id": 34,
    "name_long": "Arkansas",
    "name": "Ark."
  },
  "cites_to": [
    {
      "cite": "47 Ark. 31",
      "category": "reporters:state",
      "reporter": "Ark.",
      "case_ids": [
        1888750
      ],
      "opinion_index": -1,
      "case_paths": [
        "/ark/47/0031-01"
      ]
    },
    {
      "cite": "31 Ark. 657",
      "category": "reporters:state",
      "reporter": "Ark.",
      "case_ids": [
        1879316
      ],
      "weight": 2,
      "opinion_index": -1,
      "case_paths": [
        "/ark/31/0657-01"
      ]
    },
    {
      "cite": "15 Ark. 246",
      "category": "reporters:state",
      "reporter": "Ark.",
      "case_ids": [
        8728184
      ],
      "opinion_index": -1,
      "case_paths": [
        "/ark/15/0246-01"
      ]
    },
    {
      "cite": "3 Am. Dec. 602",
      "category": "reporters:federal",
      "reporter": "Am. Dec.",
      "opinion_index": -1
    },
    {
      "cite": "94 U. S. 505",
      "category": "reporters:federal",
      "reporter": "U.S.",
      "opinion_index": -1
    },
    {
      "cite": "15 Am. Dec. 569",
      "category": "reporters:federal",
      "reporter": "Am. Dec.",
      "weight": 2,
      "opinion_index": -1
    },
    {
      "cite": "25 Am. Rep. 595",
      "category": "reporters:state_regional",
      "reporter": "Am. Rep.",
      "opinion_index": -1
    },
    {
      "cite": "45 N. W. 757",
      "category": "reporters:state_regional",
      "reporter": "N.W.",
      "opinion_index": -1
    },
    {
      "cite": "32 Ark., 135",
      "category": "reporters:state",
      "reporter": "Ark.",
      "opinion_index": -1
    },
    {
      "cite": "34 Ark. 169",
      "category": "reporters:state",
      "reporter": "Ark.",
      "case_ids": [
        1875700
      ],
      "weight": 3,
      "opinion_index": -1,
      "case_paths": [
        "/ark/34/0169-01"
      ]
    },
    {
      "cite": "23 Ark. 546",
      "category": "reporters:state",
      "reporter": "Ark.",
      "case_ids": [
        1866034
      ],
      "opinion_index": -1,
      "case_paths": [
        "/ark/23/0546-01"
      ]
    },
    {
      "cite": "19 Ind. 128",
      "category": "reporters:state",
      "reporter": "Ind.",
      "case_ids": [
        1457701,
        1457685
      ],
      "opinion_index": -1,
      "case_paths": [
        "/ind/19/0128-02",
        "/ind/19/0128-01"
      ]
    },
    {
      "cite": "10 Ind. 109",
      "category": "reporters:state",
      "reporter": "Ind.",
      "case_ids": [
        1484943
      ],
      "opinion_index": -1,
      "case_paths": [
        "/ind/10/0109-01"
      ]
    },
    {
      "cite": "27 Ark. 173",
      "category": "reporters:state",
      "reporter": "Ark.",
      "opinion_index": -1
    },
    {
      "cite": "23 Am. Dec. 717",
      "category": "reporters:federal",
      "reporter": "Am. Dec.",
      "year": 1893,
      "opinion_index": -1
    },
    {
      "cite": "26 Mich. 249",
      "category": "reporters:state",
      "reporter": "Mich.",
      "case_ids": [
        1309052
      ],
      "opinion_index": -1,
      "case_paths": [
        "/mich/26/0249-01"
      ]
    },
    {
      "cite": "27 Ark. 478",
      "category": "reporters:state",
      "reporter": "Ark.",
      "case_ids": [
        1885673
      ],
      "opinion_index": -1,
      "case_paths": [
        "/ark/27/0478-01"
      ]
    },
    {
      "cite": "31 Ind. 136",
      "category": "reporters:state",
      "reporter": "Ind.",
      "case_ids": [
        1483892
      ],
      "weight": 2,
      "opinion_index": -1,
      "case_paths": [
        "/ind/31/0136-01"
      ]
    },
    {
      "cite": "41 N. Y. 619",
      "category": "reporters:state",
      "reporter": "N.Y.",
      "opinion_index": -1
    },
    {
      "cite": "41 Barb. 341",
      "category": "reporters:state",
      "reporter": "Barb.",
      "case_ids": [
        5110057
      ],
      "opinion_index": -1,
      "case_paths": [
        "/barb/41/0341-01"
      ]
    },
    {
      "cite": "35 Ark. 555",
      "category": "reporters:state",
      "reporter": "Ark.",
      "case_ids": [
        1873800
      ],
      "weight": 2,
      "opinion_index": -1,
      "case_paths": [
        "/ark/35/0555-01"
      ]
    },
    {
      "cite": "18 Ark. 546",
      "category": "reporters:state",
      "reporter": "Ark.",
      "case_ids": [
        8726765
      ],
      "opinion_index": -1,
      "case_paths": [
        "/ark/18/0546-01"
      ]
    },
    {
      "cite": "65 Mo. 74",
      "category": "reporters:state",
      "reporter": "Mo.",
      "case_ids": [
        966154
      ],
      "opinion_index": -1,
      "case_paths": [
        "/mo/65/0074-01"
      ]
    },
    {
      "cite": "8 Mo. App. 558",
      "category": "reporters:state",
      "reporter": "Mo. App.",
      "opinion_index": -1
    },
    {
      "cite": "35 Ark. 106",
      "category": "reporters:state",
      "reporter": "Ark.",
      "weight": 2,
      "pin_cites": [
        {
          "page": "110"
        }
      ],
      "opinion_index": -1
    },
    {
      "cite": "54 Barb. 517",
      "category": "reporters:state",
      "reporter": "Barb.",
      "opinion_index": -1
    },
    {
      "cite": "32 Ark. 131",
      "category": "reporters:state",
      "reporter": "Ark.",
      "case_ids": [
        1877189
      ],
      "weight": 2,
      "opinion_index": -1,
      "case_paths": [
        "/ark/32/0131-01"
      ]
    },
    {
      "cite": "2 Bush, 226",
      "category": "reporters:state",
      "reporter": "Bush",
      "case_ids": [
        4379552
      ],
      "opinion_index": 0,
      "case_paths": [
        "/ky/65/0226-01"
      ]
    },
    {
      "cite": "35 Ark. 110",
      "category": "reporters:state",
      "reporter": "Ark.",
      "opinion_index": 0
    },
    {
      "cite": "32 Ark. 431",
      "category": "reporters:state",
      "reporter": "Ark.",
      "opinion_index": 0
    },
    {
      "cite": "39 Md. 258",
      "category": "reporters:state",
      "reporter": "Md.",
      "case_ids": [
        1842584
      ],
      "opinion_index": 0,
      "case_paths": [
        "/md/39/0258-01"
      ]
    },
    {
      "cite": "98 Ill. 541",
      "category": "reporters:state",
      "reporter": "Ill.",
      "opinion_index": 0
    },
    {
      "cite": "72 Ill. 108",
      "category": "reporters:state",
      "reporter": "Ill.",
      "case_ids": [
        2711419
      ],
      "opinion_index": 0,
      "case_paths": [
        "/ill/72/0108-01"
      ]
    },
    {
      "cite": "34 Ark. 169",
      "category": "reporters:state",
      "reporter": "Ark.",
      "case_ids": [
        1875700
      ],
      "opinion_index": 0,
      "case_paths": [
        "/ark/34/0169-01"
      ]
    },
    {
      "cite": "35 Ark. 106",
      "category": "reporters:state",
      "reporter": "Ark.",
      "opinion_index": 0
    }
  ],
  "analysis": {
    "cardinality": 688,
    "char_count": 13911,
    "ocr_confidence": 0.575,
    "pagerank": {
      "raw": 1.6718551981173934e-07,
      "percentile": 0.6960847910438022
    },
    "sha256": "714c5343134fd1590e26ff36a5fda1817d5d7d60a67d309191a890e1b79fa80d",
    "simhash": "1:124378c77f5578ba",
    "word_count": 2476
  },
  "last_updated": "2024-02-27T21:29:14.178615+00:00",
  "provenance": {
    "date_added": "2019-08-29",
    "source": "Harvard",
    "batch": "2018"
  },
  "casebody": {
    "judges": [],
    "parties": [
      "Taylor v. Purcell."
    ],
    "opinions": [
      {
        "text": "Riddick, J.,\n(after stating the facts). The instruct-on gjve\u00fc the COurt in reference to the effect of the intoxication of defendant was not a correct statement of the law. It told the jury that the note sued on was void if defendant was induced to sign it while so much under the influence of intoxicating drink that his reason, memory and judgment were impaired.\nIt is probable that even a slight degree of intoxication to some extent temporarily impairs the mental faculties, but it does not follow that all contracts made while one is thus slightly intoxicated are void. It is only when one is so completely intoxicated as to be incapable of knowing what he is doing, or of understanding the consequences of his acts, that his contracts, entered into while in that state, are thereby rendered void. 2 Kent, Com. 451; Gore v. Gibson, 13 Mees. & W. 623; Bates v. Ball, 72 Ill. 108; Schramm, v. O'Conner, 98 Ill. 541; Johns v. Fritchey, 39 Md. 258; 11 Am. & Eng. Enc. L. 775.\nWhere the defense is that the contract or note was procured through fraud, the court or jury trying the case may take into consideration, along with other surrounding circumstances, the condition of the contracting parties at the time of making the contract, whether' either of them was to any extent under the influence of intoxicating drink, in order to determine whether the contract was procured through fraud or not. But, in the absence of fraud, the intoxication to invalidate a contract must be such as to temporarily dethrone reason and judgment.\nThe original answer of the defendant filed in this case consisted or six paragraphs and two more were added by a supplemental answer. A demurrer to each of said eight paragraphs was filed by appellant. The demurrer was overruled. Under the code a defendant may set forth in his answer as many grounds of defense as he may have, but it expressly requires that each defense \u201cshall be distinctly stated in a separate paragraph and numbered.\u201d Sand. & H. Dig., sec. 5722. This requirement, says Prof. Bliss, \u201cis substantial as well as formal, and involves the obligation to embody in each statement every fact which is necessary to constitute the defense.\u201d Bliss, Code Pleading, sec. 346. See, also, Cairo & Fulton R. Co. v. Parks, 32 Ark. 431; Pomeroy\u2019s Code Rem. sec. 716; Fitnam\u2019s Trial Procedure, sec. 572. Neither of the paragraphs of defendant\u2019s answer, with the exception of the fifth, state any defense to the complaint.\nIn the first paragraph he denies that he is indebted to plaintiffs in any amount upon the note sued on. This is only a denial of a legal conclusion, and is not sufficient. Lawrence v. Meyer, 35 Ark. 106; Fain v. Goodwin, 35 Ark. 110; Bliss, Code Pleading, sec. 334.\nIn the second paragraph he undertakes to plead payment by alleging that he gave plaintiffs a standing order on the Bevee Board of the State of Mississippi. But there is no allegation that this order was accepted in settlement of the note, or that anything was paid on the order, or that it was of any value whatever. In the third paragraph he alleges that he indorsed \u201ca check from the United States for the sum of $500, which should have been applied to the payment of said note.\u201d But there is no allegation that this check was paid, nor does he state whether he indorsed it to plaintiffs or to some third party.\nIn the fourth paragraph he alleges that plaintiffs sold several head of mules, for which they gave him no credit. But he does not state to whom the mules belonged, whether he had any interest in them or not, or whether the selling of them by plaintiffs had any connection with the note sued on.\nThe fifth paragraph alleges that the note sued on was without consideration. Under former decisions of this court, that was sufficient. Catlin v. Horne, 34 Ark. 169.\nThe sixth paragraph was only a repetition of the first in different words.\nIn the first paragraph of the supplemental answer he alleges in substance that plaintiffs, to induce him to execute the note sued on, agreed to release all claims under a certain deed of trust upon defendant\u2019s property, and that they had failed to comply with such agreement, and that the trust deed was still unsatisfied, etc. But he does not state that this was the only consideration for the note, or that he was damaged in any way by the failure to satisfy said deed. He does not allege that plaintiffs afterwards made any claim to the property described in the deed, or disturbed his possession or right thereto to any extent, or that their failure to satisfy the trust deed was not a mere oversight, which would have been corrected on demand. Although he alleges that this promise \u201cto release the trust deed\u201d was made to him as an inducement to execute the note, he ends this paragraph with the somewhat inconsistent statement that this matter onty came to his knowledge \u201csince the last term of the court.\u201d If it only came to his knowledge after the suit was brought, we do not see how it operated as an inducement to execute the note which was executed long before.\nIn the second paragraph in the supplemental answer, which is quite lengthy, defendant apparently undertakes to set up several different defenses, but his statements are so indefinite that we can not make out from them that he has any defense. The Court of Appeals of Kentucky in Archer v. National Insurance Co. 2 Bush, 226, said that \u201ca multifarious and fishing answer of eighteen paragraphs should never be considered with indulgent favor, nor be liberally interpreted.\u201d The answer of which the court spoke was much more prolix than this one, and we have not intended to apply that principle in this case, but a remark of the court in that case is, we believe, true of this one that \u2018\u2018a good defense could and should be condensed in a much smaller compass.\u201d\nWe do not think the answer set up any defense except that stated in the fifth paragraph. The demurrer to each of the remaining paragraphs should have been sustained.\nThe judgment of the circuit court is therefore reversed, and the cause remanded, with an order to sustain the demurrer to each of the remaining paragraphs of plaintiffs\u2019 answer, and to the supplemental answer, with leave for defendant to file an amended answer if he so desires. If he declines to amend, let the case be tried on the issue made by the defense of no consideration set out in the fifth paragraph.",
        "type": "majority",
        "author": "Riddick, J.,"
      }
    ],
    "attorneys": [
      "Ashley Cockrill for appellants.",
      "Wood & Henderson, for appellee."
    ],
    "corrections": "",
    "head_matter": "Taylor v. Purcell.\nOpinion delivered June 8, 1895.\n1. Note \u2014 Intoxication as defense.\nWhere the defease to a note is that it was signed by defendant while intoxicated, it is error to instruct the jury that the note is void if defendant was so much under the influence of drink that his reason, memory and judgment were impaired ; as it is only where one is so completely intoxicated as to be incapable of knowing what he is doing, or of understanding the consequences of his acts, that his contracts, entered into while in that state, are rendered void.\n2. Pleading \u2014 Separate paragraphs in answer.\nThe requirement of the code that each defense in an answer \u201cshall be distinctly stated in a separate paragraph, and numbered,\u201d is substantial as well as formal, and involves the obligation to embody in each statement every fact which is necessary to constitute the defense.\n3. Answer \u2014 Nil debet.\nAn answer which denies that defendant is indebted to plaintiffs in any amount upon the note sued on is only a denial of a legal conclusion, and is not sufficient.\n4. Payment \u2014 Delivery of order.\nA defense to a note alleging that defendant delivered to plaintiffs a standing order on the Levee Board of the State of Mississippi, without alleging that the order was accepted in settlement of the note, or that anything was paid on the order, or that it was of any value, is not sufficient.\n5. Payment \u2014 Indorsement of check.\nAn answer to a suit upon a note, averring that defendant indorsed \u201ca check from the United States for the sum of $500, which should have been applied to the payment of said note,\u201d is insufficient in failing to allege that the check was paid, and whether it was indorsed to plaintiff or to some third person.\n6. Payment \u2014 Sufficiency of pleading.\nA defense to a note which alleges that plaintiffs sold several head of mules, for which they gave defendant no credit, is bad in not stating to whom the mules belonged, whether defendant had any interest in them or not, and whether the sale of them them had any connection with the note sued on.\n7. Pleading \u2014 Defense\u2014No consideration.\nA defense to a note that it was given without consideration is good.\n\u25a08 Note \u2014 Defense\u2014Agreement to release mortgage.\nA defense to a note which alleges, in substance, that, to induce defendant to sign the note, plaintiffs agreed to release all claims under a mortgage upon defendant\u2019s property, and that they had failed to comply with such agreement, is bad in failing to state that this was the only consideration for the note, that defendant was damaged by such failure, or that their failure to satisfy the mortgage was not a mere oversight which would have been corrected on demand.\nAppeal from Saline Circuit Court.\nAlexander M. Dueeie, Judge.\nSTATEMENT BY THE COURT.\nThe appellants, Taylor, Duffin & Co., brought suit against appellee, James Purcell, on a promissory note, for $433.44. The defendant, among other defenses, undertook to show that the note was procured from him while he was intoxicated, and that it was without consideration. Among other instructions given by the court was the following : \u201cThe court instructs the jury that if they believe from the evidence that, at the time the defendant executed the note sued on, he was so much under the influence of drink that his reason, memory and judgment were impaired, and, while in this condition, the plaintiffs induced defendant to sign this note, then you will find said note void, and that defendant is not bound thereby.\u201d\nAshley Cockrill for appellants.\nUnder our code of practice, each paragraph of the answer must present a complete defense, and facts sufficient to bar a recovery. Sand. & H. Dig., sec. 5722 ; 32 Ark. 131; 29 id. 365 ; Bliss, Code PI. sec. 346. None of the paragraphs of defendant\u2019s answer constitute a good defense.\n.1. The first is a mere statement of law, and does not raise an issue of fact. Bliss, Code PI. sec. 334 ; 54 Barb. 517; 35 Ark. 106; 35 id. 110. The facts that constitute the payment must be set out. The statement that there was a total failure of consideration is the statement of a conclusion of law. 8 Mo. App. 558 ; 65 Mo. 74; 10 id. 266.\n2 and 3. The second and third are insufficient. There is no allegation that anything was paid.\n4. One may have ample security for a note, still he may sue. Jones on Mort.g. sec. 1215 ; 18 Ark. 546.\n5. The fifth states a mere conclusion of law.\n6. The supplemental answer states no defense. It was not good as a plea of failure of consideration. Parsons, Notes and Bills, vol. 1 (2 ed.), p. 203 ; Tiedeman, Com. Paper, 553 ; 91 111. 470. If plaintiffs refuse to satisfy the mortgage after request, defendant can proceed, under Sand. & H. Dig. secs. 5096-9. Fraud cannot be pleaded generally. 35 Ark. 555; 34 id. 169 ; 24 id. 464; 34 id. 292 ; 44 id. 496; 41 Barb. 341 ; 41 N. Y. 619; Bliss, Code PI. secs. 210, 211; 31 Ind. 136.\n7. It was error to allow defendant to read to the jury the mortgage from Purcell & Grace to J. R. Taylor. 27 Ark. 478 ; 23 id. 333.\n8. The court erred in giving instructions one and two. Drunkenness is not a defense unless connected with fraud. Byles on Bills, 64; 1 Parsons on Notes & Bills, 151; 26 Mich. 249; 1 Green (N. J. L.), 233; 23 Am. Dec. 717. Still, if drunkenness, unconnected with fraud, is a defense, the contract is not void, but only voidable at the option of the intoxicated party on becoming sober. Dawson on Cont. (1893), sec. 164; Addison on Cont. sec. 148 ; Chitty on Cont. 192; Wald\u2019s Pollock on Cont. 92, note; 27 Ark. 173-4; 10 Ind. 109. And he must return the consideration. Tiedeman, Com. Pap. sec. 263 ; 1 Bailey (S. C.), 343; 19 Ind. 128. As to the degree of drunkenness, it is settled that it should be such as to drown.reason, memory and judgment, and impair the mental faculties to an extent that would render one non compos for the time being. 72 111. 108 ; 2 Head (Tenn.), 289; Lawson, Cont. sec. 164, note 1; 98 111. 541; 31 Ind. 136.\n9. As to failure of consideration see Parsons, Bills and Notes, p. 207, 210 ; Randolph, Com. Paper. 540; 1 Dan. Neg. Inst. 203, etc.\nWood & Henderson, for appellee.\n1. The plea of failure of consideration was a good plea. 23 Ark. 546; Story on Sales (Perkins\u2019 ed.) sec. 515; Tied. Com. Paper, sec 204; 34 Ark. 169; 21 id. 62 ; 17 id. 9 ; Boone on Code PI. sec. 124.\n2. The answers were probably defective, but all of them taken together show a good defense, and the demurrer was properly overruled. 32 Ark., 135 ; 29 id. 365.\n'3. A failure of consideration or want of consideration does not always grow out of fraud and deception ; it may be consistent with an honest intent. 45 N. W. 757.\n4. When a contract is made by a person under the influence of liquor, on an insufficient consideration, a presumption of fraud arises, which must be countervailed by evidence of a fair consideration and fair and honest dealing on the part of him who obtains the note. 25 Am. Rep. 595; Bish. Cont. 656, 734; 15 Am. Dec. 569, and note ; 23 id. 717 ; 94 U. S. 505. It is not necessary for the intoxication to be procured by appellants. 3 Am. Dec. 602; Story, Pr. Notes (6 ed.), sec. 188; 15 Ark. 246.\n5. The answer alleges that defendant was in no condition at that time to make any settlement, and advantage was taken of his condition to force him into a settlement. This was a good defense defectively stated. A demurrer was not proper. The remedy was by motion to make more definite. 31 Ark. 657; .31 id. 379 ; 49 id. 277; 52 id. 378; 32 id. 131; Sand. & H. Dig. secs. 5771-2; 47 Ark. 31."
  },
  "file_name": "0606-01",
  "first_page_order": 622,
  "last_page_order": 629
}
