{
  "id": 1499155,
  "name": "Beauman v. Wells, Fargo & Company Express",
  "name_abbreviation": "Beauman v. Wells, Fargo & Co. Express",
  "decision_date": "1905-11-18",
  "docket_number": "",
  "first_page": "152",
  "last_page": "156",
  "citations": [
    {
      "type": "official",
      "cite": "77 Ark. 152"
    }
  ],
  "court": {
    "name_abbreviation": "Ark.",
    "id": 8808,
    "name": "Arkansas Supreme Court"
  },
  "jurisdiction": {
    "id": 34,
    "name_long": "Arkansas",
    "name": "Ark."
  },
  "cites_to": [
    {
      "cite": "42 Ark. 126",
      "category": "reporters:state",
      "reporter": "Ark.",
      "case_ids": [
        8721929
      ],
      "opinion_index": -1,
      "case_paths": [
        "/ark/42/0126-01"
      ]
    },
    {
      "cite": "39 Ark. 254",
      "category": "reporters:state",
      "reporter": "Ark.",
      "case_ids": [
        1898686
      ],
      "opinion_index": -1,
      "case_paths": [
        "/ark/39/0254-01"
      ]
    },
    {
      "cite": "45 Ark. 478",
      "category": "reporters:state",
      "reporter": "Ark.",
      "case_ids": [
        1892058
      ],
      "opinion_index": -1,
      "case_paths": [
        "/ark/45/0478-01"
      ]
    },
    {
      "cite": "6 Col. 574",
      "category": "reporters:state",
      "reporter": "Col.",
      "opinion_index": -1
    },
    {
      "cite": "68 Ga. 49",
      "category": "reporters:state",
      "reporter": "Ga.",
      "case_ids": [
        45262
      ],
      "opinion_index": -1,
      "case_paths": [
        "/ga/68/0049-01"
      ]
    },
    {
      "cite": "74 Mo. 50",
      "category": "reporters:state",
      "reporter": "Mo.",
      "opinion_index": -1
    }
  ],
  "analysis": {
    "cardinality": 438,
    "char_count": 9399,
    "ocr_confidence": 0.717,
    "pagerank": {
      "raw": 7.83497902047043e-08,
      "percentile": 0.45830162299037513
    },
    "sha256": "ab8d4a1d20a1d17006873afad678bd7f84c1c45c55e7835cdd0dc1273aa324b9",
    "simhash": "1:87c16cf7727bb850",
    "word_count": 1623
  },
  "last_updated": "2024-02-27T20:50:16.882271+00:00",
  "provenance": {
    "date_added": "2019-08-29",
    "source": "Harvard",
    "batch": "2018"
  },
  "casebody": {
    "judges": [],
    "parties": [
      "Beauman v. Wells, Fargo & Company Express."
    ],
    "opinions": [
      {
        "text": "McCulloch, J.\nThe main question presented by this appeal is whether or not the Governor' is authorized by the Constitution of the State to appoint a special judge of a court of common pleas to try a case in which the judge of that court is disqualified.\nThe Constitution provides that the judge of the county court shall be the judge of the probate court, and that \u201cthe General Assembly may authorize the judge of the county court of any one or more counties to hold severally a quarterly court of common pleas in their respective counties, which shall be a court of record with such jurisdiction,\u201d etc. Const. 1874, art. 7, \u00a7 \u00a7 32, 34-\nSection 36, art. 7, of the Constitution reads as follows:\n\u201cWhenever the judge of the county or probate court may be disqualified in any cause or causes pending in his court, he shall certify the facts to the Governor of the State, who shall thereupon commission a special judge to preside in such cause or causes during the time said disqualification may continue, or until such cause or causes may be finally disposed of.\u201d\nWe think that the framers of the Constitution intended, in the foregoing section, to confer upon the Governor of the State the power to appoint special judges to try all cases in which the county judge is disqualified, pending in either of the three courts over which he presides. If, in the foregoing section, all express reference to the probate court had been omitted, there would be no grounds for serious hesitation over the question, as the construction just announced would be perfectly plain. But when we consider the fact that the Constitution provides methods of election or appointment of judges of all other courts in cases of disqualification of the regular judges, and that provision is made in no other section for the selection of special judges of the common pleas courts, we think it is equally manifest that this section was intended as authority for appointment of special judges of that court. The fact that both county and probate courts are expressly mentioned in this section, and the common pleas court omitted, may be accounted for upon -the theory that, as the first-named two courts were put into operation by force of the Constitution itself, .whilst the establishment of the last-named court was left optional with the Legislature, it was not deemed important to expressly mention the last-named court. Be that as it may, however, we entertain no doubt that such appointments are authorized by this section of the Constitution.\nIt is also urged that the record of the common pleas court does not affirmatively show that the special judge was commissioned to preside in this case. We find, however, upon inspection of the record as found in the transcript here, that it affirmatively appears that the regular judge announced and certified his disqualification in this case, and that the special judge was duly appointed by the Governor to preside in the cases in which the regular judge was disqualified, and took the oath of office and proceeded to try this case. We think the record is sufficient to disclose the authority of the special judge to preside in the case, and that his judgment was inv\u00e1lid.\nThe circuit court erred, however, in rendering judgment for the full value of the maps as stated in the complaint. The case was before the circuit court on appeal for trial de novo, and when the plaintiff, who was appellant from the court of common pleas, refused to plead further after his plea to the jurisdiction had been overruled, his appeal should have been dismissed, or, on motion of the appellees, a trial should have been had. Instead of doing either, the circuit court affirmed the judgment of the common pleas court, and rendered judgment against the appellant and the sureties on his bond. Appellant does not complain here of the judgment of the court in that regard, except that it was for an excessive amount. The defendants had a special ownership in the property sued for to the extent of the amount due them, $75.35, and no more. They were not entitled to recover more than that sum from the owner, and in their several answers they only asked for judgment for that amount.\nInasmuch as appellant does not complain of the judgment except as to its excessiveness in amount, the same will be affirmed upo'n the entry within 10 days by appellees of a remittitur down to said sum of $75.35; otherwise, the judgment will be reversed, and the cause remanded for further proceedings.",
        "type": "majority",
        "author": "McCulloch, J."
      }
    ],
    "attorneys": [
      "Thos. C. Trimble, Joe T. Robinson and Thos. C. Trimble, Jr., for appellants.",
      "Geo. Sibly, for appellees."
    ],
    "corrections": "",
    "head_matter": "Beauman v. Wells, Fargo & Company Express.\nOpinion delivered November 18, 1905.\n1. Common pleas court \u2014 appointment oe special judge. \u2014 Under Const. 1874, art. 7, \u00a7 \u00a7 32, 34, providing that the judge of the county court shall be the judge of the probate court, and that the General Assembly may authorize the judge of the county court to hold a court of common pleas, and Id., \u00a7 36, providing that \u201cwhenever the judge of the county or probate court may be disqualified in any cause or causes pending in his court, he shall certify the facts to the Governor of the State, who shall thereupon commission a special judge,\u201d etc., held that the Governor is authorized to appoint a special judge of a court of common pleas to try a case in which the county judge is disqualified. (Page 154.)\n2. Special judge \u2014 authority.\u2014A record in a cas.e appealed from the common pleas court which shows that the regular judge certified his disqualification therein, and that a special judge was duly appointed by the Governor to preside in the cases in which the regular judge was disqualified, and took the oath of office and proceeded to try this case, is sufficient to disclose the authority of the special judge to preside in the case. (Page 155.)\n3. Circuit court \u2014 practice on appeal. \u2014 Where, on plaintiff\u2019s appeal to the circuit court from the court of common pleas, plaintiff moved to dismiss for want of jurisdiction, which was overruled, and then refused to proceed further, the court should either have dismissed his appeal or, on motion of defendant, proceeded to try the case, but should not have affirmed the judgment of the lower court. (Page 155.)\n4. AppEae \u2014 excessive judgment- \u2014 remittitur.\u2014Where, by mistake, judgment was entered below for a larger sum than plaintiff asked, a remittitur of the excess will be allowed. (Page 156.)\nAppeal from Eonoke- Circuit Court; George M. Chapline, Judge;\nreversed.\nAction in replevin in the common pleas court by Guy Beau-man against Wells Fargo & Company Express and Sherwood Lithograph Company to recover one hundred and fifty maps, of the alleged value of $150. The plaintiff gave bond, and the property was seized by the officer under the writ, -and delivered to the plaintiff. Defendant answered, asking that the maps be returned or the sum of $70 and costs be paid, amounting in all to $75.35. While the cause was pending in the common pleas court, the regular judge certified his disqualification to the Governor in this case, and the record recites that J. C. Boyd was appointed to try cases generally in which the regular judge was disqualified, and undertook to act as such in this cas\u00e9, \u201cwhereupon comes the plaintiff by his .attorney and objects to the court as organized trying the case for want of jurisdiction, which motion is by the court overruled.\u201d The cause thereupon proceeded to judgment against plaintiff, and he appealed to the circuit court. 'There he filed a mqtion \u201cnot to proceed to a judgment in this cause for want of jurisdiction, setting up \u2019three grounds, namely: that the judgment, below was illegal; that the court below was illegal and unlawfully organized and without authority of law, and the judgment rendered void; that the said circuit court had no jurisdiction in the matter.\u201d The circuit court overruled this motion, and plaintiff declined to plead further, and the court affirmed the judgment of the common pleas court, and rendered judgment against the plaintiff and the sureties on his appeal bond for the alleged value of the property, $150, and they appealed to this court.\nThos. C. Trimble, Joe T. Robinson and Thos. C. Trimble, Jr., for appellants.\nThe Constitution and statutes confer no power on the Governor to appoint a special judge for a court of common pleas. Const, art. 7, \u00a7 1; lb. \u00a7 21; Acts 1889, p. 109; 12 Am. & Eng. Enc. Law (1 Ed.), 26; 74 Mo. 50; 68 Ga. 49; 6 How. (Miss.), 326; 6 Col. 574. Parties cannot of their own authority, independently of Constitution or statute, confer judicial authority. Judgment by the appointee is a nullity. Am. & Eng. Enc. Law (1 Ed.), vol. 12, 30; 45 Ark. 478; 39 Ark. 254; 42 Ark. 126.\n2. Appointment of a special county judge \u201cto try cases in which the regular county judge was disqualified\u201d conferred no authority in this specific case. 52 Ark. 1x3.\n3. The judgment was excessive.\nGeo. Sibly, for appellees.\n1. The county judge shall be the judge of the court of common pleas. Const, art. 7, \u00a7 32. No legal qualifications are required. Ib. \u00a7 29. Appellants selected the tribunals in which to proceed, and on them was the duty, to see the regularity of the appointment of a special judge.\n2. The appointee was judge de facto, if not de jure. Objection must be made before trial, or it will be disregarded. 1 Freeman on Judgments, \u00a7 148. Appellants waived any irregularity by moving for and obtaining a continuance, and by appeal to the circuit court for trial de novo."
  },
  "file_name": "0152-01",
  "first_page_order": 174,
  "last_page_order": 178
}
