{
  "id": 1499196,
  "name": "Henry v. State",
  "name_abbreviation": "Henry v. State",
  "decision_date": "1906-01-13",
  "docket_number": "",
  "first_page": "453",
  "last_page": "455",
  "citations": [
    {
      "type": "official",
      "cite": "77 Ark. 453"
    }
  ],
  "court": {
    "name_abbreviation": "Ark.",
    "id": 8808,
    "name": "Arkansas Supreme Court"
  },
  "jurisdiction": {
    "id": 34,
    "name_long": "Arkansas",
    "name": "Ark."
  },
  "cites_to": [
    {
      "cite": "2 Ark. 229",
      "category": "reporters:state",
      "reporter": "Ark.",
      "case_ids": [
        1848211
      ],
      "opinion_index": -1,
      "case_paths": [
        "/ark/2/0229-01"
      ]
    },
    {
      "cite": "20 Ark. 106",
      "category": "reporters:state",
      "reporter": "Ark.",
      "case_ids": [
        1869284
      ],
      "opinion_index": -1,
      "case_paths": [
        "/ark/20/0106-01"
      ]
    },
    {
      "cite": "14 Ark. 539",
      "category": "reporters:state",
      "reporter": "Ark.",
      "opinion_index": -1
    },
    {
      "cite": "13 Ark. 307",
      "category": "reporters:state",
      "reporter": "Ark.",
      "case_ids": [
        8728116
      ],
      "opinion_index": -1,
      "case_paths": [
        "/ark/13/0307-01"
      ]
    },
    {
      "cite": "15 Ark. 649",
      "category": "reporters:state",
      "reporter": "Ark.",
      "opinion_index": -1
    }
  ],
  "analysis": {
    "cardinality": 327,
    "char_count": 5776,
    "ocr_confidence": 0.663,
    "pagerank": {
      "raw": 1.3012746809631174e-07,
      "percentile": 0.6221841505045275
    },
    "sha256": "aa7f41e475f93244c39421dd7a04bd0f0930fe8262cbdc52c30ca89730184600",
    "simhash": "1:3bb1be90b5a15631",
    "word_count": 1015
  },
  "last_updated": "2024-02-27T20:50:16.882271+00:00",
  "provenance": {
    "date_added": "2019-08-29",
    "source": "Harvard",
    "batch": "2018"
  },
  "casebody": {
    "judges": [],
    "parties": [
      "Henry v. State."
    ],
    "opinions": [
      {
        "text": "McCueeoch, J.\nAppellant was convicted, under the \u201cblind tiger statute,\u201d of selling whisky without license, and a fine of $400 was adjudged against him. He was a distiller of ardent spirits in Howard County. The State proved the sale of a quart of whisky by a negro to the witness Bridgman at a house near defendant\u2019s distillery. Another witness introduced by the State testified that he had seen whisky in this house kept in a large white jug holding four or five gallons; that he had also seen the jug empty, and had seen the defendant fill it at his distillery a great many times and carry it across the road to the house in question where the negro made the sale to Bridgman. Bridgman testified that the negro drew the whisky sold to him from a large jug or demijohn holding four or five gallons.\nThe first ground for reversal assigned by appellant is that the court erred in permitting the State to prove by members of the grand jury that he (appellant) had admitted in his testimony before the grand jury that he had used the house where the whisky was sold to Bridgman as a storage room for boxes, barrels and plunder. It is sufficient to dispose of this contention to say that appellant went upon the witness stand in his own behalf at the trial and testified to the same fact attributed to him in his statement before the grand jury. If it was error to permit members of the grand jury to testify concerning his statements before that body, the error was rendered harmless by the admissions of ' defendant, as to the identical facts testified to, made on the trial of the case. His admission as to the truth of the facts cured any error made by the State in the method of proving those facts.\nAppellant also assigns error of the court in refusing to give two instructions asked by him. The substance of the first was fully covered by another instruction given by the court wherein the jury were told that \u201cthe burden of proof rests upon the State to prove that the defendant did, in the county of Howard, and State of Arkansas, within twelve months before the finding of the indictment, sell vinous, malt, fermented or intoxicating liquors; and unless this has been done to your satisfaction beyond a reasonable doubt, you will find the defendant not guilty.\u201d\nThe second instruction asked by appellant was erroneous .in that it told the jury that \u201cthe word used in the statute, has reference to the habitual or permanent use of the house for a purpose, and that this purpose must be in the utilization of the said house for the purpose of the illegal sale of whisky.\u201d This is not the law. Under the statute, the use or control of the house need not be \u201chabitual or permanent.\u201d It is sufficient to convict if the proof shows that it was used or controlled by the defendant at the 'time of the illegal sale of liquor therein. That raises a' presumption of the defendant\u2019s guilty participation in the illegal sale. Kirby\u2019s Digest, \u00a7 \u00a7 5140, 5141.\nThe second instruction was properly refused, for the additional reason that it disregarded the other testimony, aside from the proof of his use of the house, tending to show defendant\u2019s participation in the illegal sale, and told the, jury that they should acquit him if they believed that he \u201cwas using said house only for a store room for barrels and other plunder.\u201d There was sufficient evidence to warrant the jury in finding that defendant participated in the illegal sale, even though they did not find that he was using or controlling the house.\nWe find no error in the proceedings, and the judgment is affirmed.",
        "type": "majority",
        "author": "McCueeoch, J."
      }
    ],
    "attorneys": [
      "D. B. Sain, for appellant.",
      "Robert L. Rogers, Attorney General, for \u00e1ppellee."
    ],
    "corrections": "",
    "head_matter": "Henry v. State.\nOpinion delivered January 13, 1906.\n1. Appeal \u2014 harmless Error. \u2014 If it be error to permit members of the grand jury to testify concerning statements of the accused before the grand jury, such error is harmless if accused admits the facts so testified to. (Page 454.)\n2. Diquors \u2014 construction OF \"beind Tiger\u201d statute. \u2014 Under Kirby\u2019s Digest, \u00a7 5141, providing that if any person shall obtain any liquors in any house, room or tenement owned, occupied or controlled by another, \u201cit shall be prima facie evidence of the guilt of the person who so owns, occupies or controls such house, room or tenement,\u201d the use or control of the house in which the liquor is obtained need not be habitual or permanent, it being sufficient if the house was used or controlled by the accused at the time the liquor was obtained therein. (Page 454.)\n3. Same. \u2014 instruction ignoring evidence. \u2014 In a prosecution for a violation of the \u201cblind tiger\u201d statute (Kirby\u2019s Digest, \u00a7 5140 et seq.) where the State\u2019s evidence tended to prove (1) that the sale was made in a house occupied or controlled by defendant, and (2) that defendant actually participated in the illegal sale, it was not error to refuse to instruct the jury to acquit defendant if they believed that he was \u201cusing said house only for a store room for barrels and other plunder,\u201d as the request ignored the evidence of defendant\u2019s participation in the sale. (Page 455.)\nError to Howard Circuit Court; James S. Steee, Judge;\naffirmed.\nD. B. Sain, for appellant.\n1. It was error to permit witnesses Coleman and Huddleston to testify to statements of appellant before the grand jury. One accused of crime cannot be compelled to incriminate himself before the grand jury, nor his testimony before them be used against him on the trial. 15 Ark. 649; 13 Ark. 307; 14 Ark. 539; 20 Ark. 106; 2 Ark. 229.\n2. Instructions 1 and 2 asked by defendant should have been given.\nRobert L. Rogers, Attorney General, for \u00e1ppellee.\n1. Defendant was not prejudiced by testimony of the grand jurors; but, if prejudicial, the error was cured by defendant\u2019s own testimony at the trial.\n2. Instructions asked by defendant were fully covered by the instructions given."
  },
  "file_name": "0453-01",
  "first_page_order": 475,
  "last_page_order": 477
}
