{
  "id": 1499134,
  "name": "Terry v. Clark",
  "name_abbreviation": "Terry v. Clark",
  "decision_date": "1906-02-03",
  "docket_number": "",
  "first_page": "567",
  "last_page": "570",
  "citations": [
    {
      "type": "official",
      "cite": "77 Ark. 567"
    }
  ],
  "court": {
    "name_abbreviation": "Ark.",
    "id": 8808,
    "name": "Arkansas Supreme Court"
  },
  "jurisdiction": {
    "id": 34,
    "name_long": "Arkansas",
    "name": "Ark."
  },
  "cites_to": [
    {
      "cite": "69 Ark. 632",
      "category": "reporters:state",
      "reporter": "Ark.",
      "case_ids": [
        8725774
      ],
      "opinion_index": -1,
      "case_paths": [
        "/ark/69/0632-01"
      ]
    },
    {
      "cite": "69 Ark. 442",
      "category": "reporters:state",
      "reporter": "Ark.",
      "case_ids": [
        8724173
      ],
      "opinion_index": -1,
      "case_paths": [
        "/ark/69/0442-01"
      ]
    },
    {
      "cite": "46 Ark. 542",
      "category": "reporters:state",
      "reporter": "Ark.",
      "case_ids": [
        1890442
      ],
      "opinion_index": -1,
      "case_paths": [
        "/ark/46/0542-01"
      ]
    },
    {
      "cite": "44 Ark. 556",
      "category": "reporters:state",
      "reporter": "Ark.",
      "case_ids": [
        1893385
      ],
      "opinion_index": -1,
      "case_paths": [
        "/ark/44/0556-01"
      ]
    },
    {
      "cite": "34 Ark. 632",
      "category": "reporters:state",
      "reporter": "Ark.",
      "case_ids": [
        1875679
      ],
      "opinion_index": -1,
      "case_paths": [
        "/ark/34/0632-01"
      ]
    },
    {
      "cite": "40 Ark. 169",
      "category": "reporters:state",
      "reporter": "Ark.",
      "opinion_index": -1
    },
    {
      "cite": "26 Ark. 309",
      "category": "reporters:state",
      "reporter": "Ark.",
      "case_ids": [
        8726834
      ],
      "opinion_index": -1,
      "case_paths": [
        "/ark/26/0309-01"
      ]
    },
    {
      "cite": "24 Ark. 224",
      "category": "reporters:state",
      "reporter": "Ark.",
      "case_ids": [
        8726743
      ],
      "opinion_index": -1,
      "case_paths": [
        "/ark/24/0224-01"
      ]
    },
    {
      "cite": "21 Ark. 468",
      "category": "reporters:state",
      "reporter": "Ark.",
      "case_ids": [
        1868295
      ],
      "opinion_index": -1,
      "case_paths": [
        "/ark/21/0468-01"
      ]
    },
    {
      "cite": "67 Ark. 514",
      "category": "reporters:state",
      "reporter": "Ark.",
      "case_ids": [
        1152569
      ],
      "opinion_index": -1,
      "case_paths": [
        "/ark/67/0514-01"
      ]
    },
    {
      "cite": "66 Ark. 439",
      "category": "reporters:state",
      "reporter": "Ark.",
      "case_ids": [
        1909784
      ],
      "opinion_index": -1,
      "case_paths": [
        "/ark/66/0439-01"
      ]
    },
    {
      "cite": "53 Ark. 96",
      "category": "reporters:state",
      "reporter": "Ark.",
      "case_ids": [
        1911674
      ],
      "opinion_index": -1,
      "case_paths": [
        "/ark/53/0096-01"
      ]
    },
    {
      "cite": "43 Ark. 320",
      "category": "reporters:state",
      "reporter": "Ark.",
      "case_ids": [
        1894493
      ],
      "opinion_index": -1,
      "case_paths": [
        "/ark/43/0320-01"
      ]
    },
    {
      "cite": "41 Ark. 282",
      "category": "reporters:state",
      "reporter": "Ark.",
      "opinion_index": -1
    },
    {
      "cite": "16 Ark. 628",
      "category": "reporters:state",
      "reporter": "Ark.",
      "case_ids": [
        8726078
      ],
      "opinion_index": -1,
      "case_paths": [
        "/ark/16/0628-01"
      ]
    },
    {
      "cite": "7 Ark. 470",
      "category": "reporters:state",
      "reporter": "Ark.",
      "case_ids": [
        8727720
      ],
      "opinion_index": -1,
      "case_paths": [
        "/ark/7/0470-01"
      ]
    },
    {
      "cite": "37 Ark. 580",
      "category": "reporters:state",
      "reporter": "Ark.",
      "case_ids": [
        1870922
      ],
      "opinion_index": -1,
      "case_paths": [
        "/ark/37/0580-01"
      ]
    },
    {
      "cite": "54 Ark. 336",
      "category": "reporters:state",
      "reporter": "Ark.",
      "case_ids": [
        1320402
      ],
      "opinion_index": 0,
      "case_paths": [
        "/ark/54/0336-01"
      ]
    },
    {
      "cite": "36 Ark. 641",
      "category": "reporters:state",
      "reporter": "Ark.",
      "case_ids": [
        1872442
      ],
      "opinion_index": 0,
      "case_paths": [
        "/ark/36/0641-01"
      ]
    },
    {
      "cite": "14 Ark. 530",
      "category": "reporters:state",
      "reporter": "Ark.",
      "case_ids": [
        1862677
      ],
      "opinion_index": 0,
      "case_paths": [
        "/ark/14/0530-01"
      ]
    },
    {
      "cite": "37 Ark. 580",
      "category": "reporters:state",
      "reporter": "Ark.",
      "case_ids": [
        1870922
      ],
      "opinion_index": 0,
      "case_paths": [
        "/ark/37/0580-01"
      ]
    }
  ],
  "analysis": {
    "cardinality": 309,
    "char_count": 5112,
    "ocr_confidence": 0.713,
    "pagerank": {
      "raw": 1.3176035484920405e-07,
      "percentile": 0.6258494221091654
    },
    "sha256": "8b61992f1f207f79b35bc3dcf98def2ff0251ffae4b5f8e4d663129373c1de72",
    "simhash": "1:b64fb44dee15b9c2",
    "word_count": 907
  },
  "last_updated": "2024-02-27T20:50:16.882271+00:00",
  "provenance": {
    "date_added": "2019-08-29",
    "source": "Harvard",
    "batch": "2018"
  },
  "casebody": {
    "judges": [],
    "parties": [
      "Terry v. Clark."
    ],
    "opinions": [
      {
        "text": "Battle, J.\nCarroll and Due Price Terry,- by their next friend, brought an action against A. B. Clark and others, and alleged in their complaint that they are minors, having no guardian; that on 16th day of June, 1903, they were the owners of certain household furniture, of the aggregate value of $97; and that A. B. Clark, claiming that D. P. Terry was indebted to him, sued out an attachment against him before the mayor of Hope and ex-ofhcio justice of the peace, and caused Augustus Kyle, marshal of the town of Hope, to levy the' same on the furniture of plaintiffs, to their damage in the sum of $97.\nThey asked for judgment for $97 against the defendants.\nThe defendants answered, and denied that the plaintiffs were the owners of the property; and alleged that D. P. Terry was indebted to the defendant, Clark; that Clark sued out an order of attachment against D. P. Terry before the mayor of Plope and ex-ofhcio justice of the peace, and caused the same to be levied upon the property claimed by\u2019 the plaintiffs; and that it was the property of D. P. Terry.\nEvidence was adduced by the plaintiffs in the trial of this action tending to show that the furniture in question belonged to Gertrude Terry in her lifetime, and that she died about seven years before the trial, and that she was their mother, and they inherited the property from her. They are minors under the 'age of sixteen years. D. P. Terry is their father. He married the second wife after the death of their mother.\nThe defendants were allowed to introduce evidence, over the objections of the plaintiffs, to prove that D. P. Terry used and controlled the property in question after the death of their mother, as other married people use and control their property.\nThe court gave the following instruction to the jury, over the objections of the plaintiffs:\n\u201cYou are instructed that if D. P. Terry gave this property to Carroll and Due Price after he was indebted to Clark, you will find for Clark in this case. If you believe Carroll and Due Price were the owners of this property before his indebtedness to Clark, you will find for Carroll and Due Price Terry.\u201d\nThe defendants recovered judgment.\nThe evidence objected to by the plaintiffs was incompetent, and should not have been admitted. The jury might have inferred from the admission of it that it was admitted for the purpose of-showing that D. P. Terry was the owner of the property. \u2019 No possession and control of the property by him was evidence of his ownership. He was the father of plaintiffs, and they were minors, and it was his duty to possess and control their property for their benefit. The evidence was prejudicial.\nThe instruction objected to by plaintiffs should not have been given. There was no evidence that D. P. Terry was indebted .to Clark at or before the property was acquired by their mother or by them. Instructions are not intended to settle abstract questions of law, but for the guidance of juries with reference to the evidence in the case. Shinn v. Tucker, 37 Ark. 580. Neither should instructions foreign to the issue in the case, or inapplicable to the evidence, be given. State Bank v. McGuire, 14 Ark. 530; Lawrence County v. Coffman, 36 Ark. 641; Beavers v. State, 54 Ark. 336.\nReverse and remand for a new trial.",
        "type": "majority",
        "author": "Battle, J."
      }
    ],
    "attorneys": [
      "Feazel & Bishop, for appellants.",
      "Jas. H. McCollum, for appellees."
    ],
    "corrections": "",
    "head_matter": "Terry v. Clark.\nOpinion delivered February 3, 1906.\n1. Infant\u2019s property \u2014 father\u2019s contror as evidence of ownership.\u2014 It was error, in a suit by infants to recover personal property inherited from their deceased mother from a creditor of their father who had procured an attachment to be levied on it as property of their father, to permit defendant to prove that the plaintiffs\u2019 father used and controlled the property after the death of their mother, as such fact did not tend to prove that the father owned the property. (Page 569.)\n2. Instructions \u2014 should not be abstract \u2014 Instructions are not intended to settle abstract questions of law, but to guide juries with reference to the evidence in the case, and therefore should not be foreign to the issue in the case, nor inapplicable to the evidence. (Page 569-)\nAppeal from Hempstead Circuit Court; JoEE D. Conway, Judge;\nreversed.\nFeazel & Bishop, for appellants.\nInstruction No. 1 was erroneous, there being no evidence of a gift by D. P. Terry to plaintiffs, and it was foreign to the issues. 37 Ark. 580; 7 Ark. 470; 16 Ark. 628; 41 Ark. 282. It was error to admit testimony,to the effect that D. P. Terry used and controlled the property after the death of plaintiff\u2019s mother. 43 Ark. 320.\nIn the absence of a conflict in testimony, the jury have no right to arbitrarily disregard the testimony. 53 Ark. 96; 66 Ark. 439; lb. 513; 67 Ark. 514. This court will set aside the verdict when it is so clearly against the weight of evidence as to shock one\u2019s sense .of justice. 21 Ark. 468; 24 Ark. 224; 26 Ark. 309; 40 Ark. 169; 34 Ark. 632.\nJas. H. McCollum, for appellees.\nEven if the testimony objected to, and the instruction No. 1, were improper, the judgment on the whole record was right, and should be affirmed. 44 Ark. 556; 46 Ark. 542; 69 Ark. 442; 69 Ark. 632."
  },
  "file_name": "0567-01",
  "first_page_order": 589,
  "last_page_order": 592
}
