{
  "id": 1499097,
  "name": "Dickinson v. Arkansas City Improvement Company",
  "name_abbreviation": "Dickinson v. Arkansas City Improvement Co.",
  "decision_date": "1906-02-10",
  "docket_number": "",
  "first_page": "570",
  "last_page": "580",
  "citations": [
    {
      "type": "official",
      "cite": "77 Ark. 570"
    }
  ],
  "court": {
    "name_abbreviation": "Ark.",
    "id": 8808,
    "name": "Arkansas Supreme Court"
  },
  "jurisdiction": {
    "id": 34,
    "name_long": "Arkansas",
    "name": "Ark."
  },
  "cites_to": [
    {
      "cite": "56 Wis. 386",
      "category": "reporters:state",
      "reporter": "Wis.",
      "case_ids": [
        8705614
      ],
      "opinion_index": -1,
      "case_paths": [
        "/wis/56/0386-01"
      ]
    },
    {
      "cite": "50 N. J. Eq. 1",
      "category": "reporters:state",
      "reporter": "N.J. Eq.",
      "case_ids": [
        99808
      ],
      "opinion_index": -1,
      "case_paths": [
        "/nj-eq/50/0001-01"
      ]
    },
    {
      "cite": "82 Me. 438",
      "category": "reporters:state",
      "reporter": "Me.",
      "case_ids": [
        569557
      ],
      "opinion_index": -1,
      "case_paths": [
        "/me/82/0438-01"
      ]
    },
    {
      "cite": "54 Mich. 466",
      "category": "reporters:state",
      "reporter": "Mich.",
      "case_ids": [
        1434828
      ],
      "opinion_index": -1,
      "case_paths": [
        "/mich/54/0466-01"
      ]
    },
    {
      "cite": "29 La. Ann. 630",
      "category": "reporters:state",
      "reporter": "La. Ann.",
      "case_ids": [
        5248773
      ],
      "opinion_index": -1,
      "case_paths": [
        "/la-ann/29/0630-01"
      ]
    },
    {
      "cite": "21 Col. 1",
      "category": "reporters:state",
      "reporter": "Col.",
      "opinion_index": -1
    },
    {
      "cite": "30 Ark. 278",
      "category": "reporters:state",
      "reporter": "Ark.",
      "case_ids": [
        1881213
      ],
      "opinion_index": -1,
      "case_paths": [
        "/ark/30/0278-01"
      ]
    },
    {
      "cite": "48 Ark. 312",
      "category": "reporters:state",
      "reporter": "Ark.",
      "case_ids": [
        1887709
      ],
      "opinion_index": -1,
      "case_paths": [
        "/ark/48/0312-01"
      ]
    },
    {
      "cite": "46 Ark. 96",
      "category": "reporters:state",
      "reporter": "Ark.",
      "case_ids": [
        1890471
      ],
      "opinion_index": -1,
      "case_paths": [
        "/ark/46/0096-01"
      ]
    },
    {
      "cite": "56 Ark. 172",
      "category": "reporters:state",
      "reporter": "Ark.",
      "case_ids": [
        1326163
      ],
      "opinion_index": -1,
      "case_paths": [
        "/ark/56/0172-01"
      ]
    },
    {
      "cite": "42 Ark. 66",
      "category": "reporters:state",
      "reporter": "Ark.",
      "case_ids": [
        8721084
      ],
      "opinion_index": -1,
      "case_paths": [
        "/ark/42/0066-01"
      ]
    },
    {
      "cite": "10 Pet. 662",
      "category": "reporters:scotus_early",
      "reporter": "Pet.",
      "case_ids": [
        5616664
      ],
      "opinion_index": -1,
      "case_paths": [
        "/us/35/0662-01"
      ]
    },
    {
      "cite": "59 Ark. 27",
      "category": "reporters:state",
      "reporter": "Ark.",
      "opinion_index": -1
    },
    {
      "cite": "50 Ark. 53",
      "category": "reporters:state",
      "reporter": "Ark.",
      "case_ids": [
        8719954
      ],
      "opinion_index": -1,
      "case_paths": [
        "/ark/50/0053-01"
      ]
    },
    {
      "cite": "50 Ark. 466",
      "category": "reporters:state",
      "reporter": "Ark.",
      "case_ids": [
        8723765
      ],
      "weight": 2,
      "opinion_index": -1,
      "case_paths": [
        "/ark/50/0466-01"
      ]
    },
    {
      "cite": "51 Ark. 490",
      "category": "reporters:state",
      "reporter": "Ark.",
      "opinion_index": -1
    },
    {
      "cite": "24 Ark. 102",
      "category": "reporters:state",
      "reporter": "Ark.",
      "case_ids": [
        8726370
      ],
      "opinion_index": -1,
      "case_paths": [
        "/ark/24/0102-01"
      ]
    },
    {
      "cite": "60 Ark. 163",
      "category": "reporters:state",
      "reporter": "Ark.",
      "case_ids": [
        1903738
      ],
      "opinion_index": -1,
      "case_paths": [
        "/ark/60/0163-01"
      ]
    },
    {
      "cite": "59 Ark. 460",
      "category": "reporters:state",
      "reporter": "Ark.",
      "case_ids": [
        1327680
      ],
      "weight": 2,
      "opinion_index": -1,
      "case_paths": [
        "/ark/59/0460-01"
      ]
    },
    {
      "cite": "58 Ark. 418",
      "category": "reporters:state",
      "reporter": "Ark.",
      "opinion_index": -1
    },
    {
      "cite": "67 Ark. 413",
      "category": "reporters:state",
      "reporter": "Ark.",
      "case_ids": [
        1152524
      ],
      "opinion_index": -1,
      "case_paths": [
        "/ark/67/0413-01"
      ]
    },
    {
      "cite": "33 Ark. 636",
      "category": "reporters:state",
      "reporter": "Ark.",
      "opinion_index": -1
    },
    {
      "cite": "32 Ark. 478",
      "category": "reporters:state",
      "reporter": "Ark.",
      "case_ids": [
        1877141
      ],
      "opinion_index": -1,
      "case_paths": [
        "/ark/32/0478-01"
      ]
    },
    {
      "cite": "58 Ark. 142",
      "category": "reporters:state",
      "reporter": "Ark.",
      "case_ids": [
        1329140
      ],
      "opinion_index": -1,
      "case_paths": [
        "/ark/58/0142-01"
      ]
    },
    {
      "cite": "1 W., 25",
      "category": "reporters:state",
      "reporter": "W.,",
      "opinion_index": -1
    },
    {
      "cite": "1 W., 55",
      "category": "reporters:state",
      "reporter": "W.,",
      "opinion_index": -1
    },
    {
      "cite": "68 Ark. 360",
      "category": "reporters:state",
      "reporter": "Ark.",
      "case_ids": [
        1334110
      ],
      "weight": 2,
      "opinion_index": -1,
      "case_paths": [
        "/ark/68/0360-01"
      ]
    },
    {
      "cite": "2 Wall. 57",
      "category": "reporters:scotus_early",
      "reporter": "Wall.",
      "case_ids": [
        8299867
      ],
      "opinion_index": 0,
      "case_paths": [
        "/us/69/0057-01"
      ]
    },
    {
      "cite": "73 Ga. 447",
      "category": "reporters:state",
      "reporter": "Ga.",
      "case_ids": [
        36890
      ],
      "opinion_index": 0,
      "case_paths": [
        "/ga/73/0447-01"
      ]
    },
    {
      "cite": "136 Ill. 135",
      "category": "reporters:state",
      "reporter": "Ill.",
      "case_ids": [
        2991660
      ],
      "opinion_index": 0,
      "case_paths": [
        "/ill/136/0135-01"
      ]
    },
    {
      "cite": "85 Tex. 435",
      "category": "reporters:state",
      "reporter": "Tex.",
      "case_ids": [
        2208121
      ],
      "opinion_index": 0,
      "case_paths": [
        "/tex/85/0435-01"
      ]
    },
    {
      "cite": "59 Fed. 96",
      "category": "reporters:federal",
      "reporter": "F.",
      "case_ids": [
        3799392
      ],
      "opinion_index": 0,
      "case_paths": [
        "/f/59/0096-01"
      ]
    },
    {
      "cite": "102 Mo. 326",
      "category": "reporters:state",
      "reporter": "Mo.",
      "case_ids": [
        564363
      ],
      "opinion_index": 0,
      "case_paths": [
        "/mo/102/0326-01"
      ]
    },
    {
      "cite": "18 Ohio St. 221",
      "category": "reporters:state",
      "reporter": "Ohio St.",
      "case_ids": [
        43727
      ],
      "opinion_index": 0,
      "case_paths": [
        "/ohio-st/18/0221-01"
      ]
    },
    {
      "cite": "45 Ga. 342",
      "category": "reporters:state",
      "reporter": "Ga.",
      "case_ids": [
        857258
      ],
      "weight": 2,
      "opinion_index": 0,
      "case_paths": [
        "/ga/45/0342-01"
      ]
    },
    {
      "cite": "146 Ind. 490",
      "category": "reporters:state",
      "reporter": "Ind.",
      "case_ids": [
        1571997
      ],
      "opinion_index": 0,
      "case_paths": [
        "/ind/146/0490-01"
      ]
    },
    {
      "cite": "144 N. Y. 316",
      "category": "reporters:state",
      "reporter": "N.Y.",
      "case_ids": [
        1174969
      ],
      "opinion_index": 0,
      "case_paths": [
        "/ny-crim/11/0017-01"
      ]
    },
    {
      "cite": "7 How. 185",
      "category": "reporters:scotus_early",
      "reporter": "How.",
      "case_ids": [
        6137493
      ],
      "opinion_index": 0,
      "case_paths": [
        "/us/48/0185-01"
      ]
    },
    {
      "cite": "63 Ark. 5",
      "category": "reporters:state",
      "reporter": "Ark.",
      "case_ids": [
        8720239
      ],
      "weight": 2,
      "opinion_index": 0,
      "case_paths": [
        "/ark/63/0005-01"
      ]
    },
    {
      "cite": "73 Ark. 263",
      "category": "reporters:state",
      "reporter": "Ark.",
      "case_ids": [
        1503972
      ],
      "opinion_index": 0,
      "case_paths": [
        "/ark/73/0263-01"
      ]
    },
    {
      "cite": "61 Ark. 36",
      "category": "reporters:state",
      "reporter": "Ark.",
      "case_ids": [
        1902342
      ],
      "opinion_index": 0,
      "case_paths": [
        "/ark/61/0036-01"
      ]
    },
    {
      "cite": "56 Ark. 93",
      "category": "reporters:state",
      "reporter": "Ark.",
      "case_ids": [
        1326060
      ],
      "opinion_index": 0,
      "case_paths": [
        "/ark/56/0093-01"
      ]
    },
    {
      "cite": "69 Ark. 357",
      "category": "reporters:state",
      "reporter": "Ark.",
      "case_ids": [
        8723077
      ],
      "weight": 2,
      "opinion_index": 0,
      "case_paths": [
        "/ark/69/0357-01"
      ]
    },
    {
      "cite": "64 Ark. 432",
      "category": "reporters:state",
      "reporter": "Ark.",
      "case_ids": [
        1907321
      ],
      "opinion_index": 0,
      "case_paths": [
        "/ark/64/0432-01"
      ]
    },
    {
      "cite": "38 Ark. 397",
      "category": "reporters:state",
      "reporter": "Ark.",
      "case_ids": [
        1900537
      ],
      "weight": 2,
      "opinion_index": 0,
      "case_paths": [
        "/ark/38/0397-01"
      ]
    },
    {
      "cite": "37 Ark. 286",
      "category": "reporters:state",
      "reporter": "Ark.",
      "case_ids": [
        1870987
      ],
      "opinion_index": 0,
      "case_paths": [
        "/ark/37/0286-01"
      ]
    },
    {
      "cite": "33 Ark. 328",
      "category": "reporters:state",
      "reporter": "Ark.",
      "case_ids": [
        8723880
      ],
      "opinion_index": 0,
      "case_paths": [
        "/ark/33/0328-01"
      ]
    },
    {
      "cite": "48 Ark. 544",
      "category": "reporters:state",
      "reporter": "Ark.",
      "case_ids": [
        1887760
      ],
      "opinion_index": 0,
      "case_paths": [
        "/ark/48/0544-01"
      ]
    },
    {
      "cite": "66 Ark. 40",
      "category": "reporters:state",
      "reporter": "Ark.",
      "case_ids": [
        1909770
      ],
      "opinion_index": 0,
      "case_paths": [
        "/ark/66/0040-01"
      ]
    },
    {
      "cite": "48 Ark. 312",
      "category": "reporters:state",
      "reporter": "Ark.",
      "case_ids": [
        1887709
      ],
      "weight": 2,
      "opinion_index": 0,
      "case_paths": [
        "/ark/48/0312-01"
      ]
    },
    {
      "cite": "46 Ark. 96",
      "category": "reporters:state",
      "reporter": "Ark.",
      "case_ids": [
        1890471
      ],
      "opinion_index": 0,
      "case_paths": [
        "/ark/46/0096-01"
      ]
    },
    {
      "cite": "56 Ark. 172",
      "category": "reporters:state",
      "reporter": "Ark.",
      "case_ids": [
        1326163
      ],
      "opinion_index": 0,
      "case_paths": [
        "/ark/56/0172-01"
      ]
    },
    {
      "cite": "50 Ark. 466",
      "category": "reporters:state",
      "reporter": "Ark.",
      "case_ids": [
        8723765
      ],
      "weight": 2,
      "opinion_index": 0,
      "case_paths": [
        "/ark/50/0466-01"
      ]
    },
    {
      "cite": "24 Ark. 102",
      "category": "reporters:state",
      "reporter": "Ark.",
      "case_ids": [
        8726370
      ],
      "opinion_index": 0,
      "case_paths": [
        "/ark/24/0102-01"
      ]
    },
    {
      "cite": "59 Ark. 460",
      "category": "reporters:state",
      "reporter": "Ark.",
      "case_ids": [
        1327680
      ],
      "opinion_index": 0,
      "case_paths": [
        "/ark/59/0460-01"
      ]
    }
  ],
  "analysis": {
    "cardinality": 1015,
    "char_count": 24322,
    "ocr_confidence": 0.722,
    "pagerank": {
      "raw": 1.0178703472015828e-06,
      "percentile": 0.9832663989290495
    },
    "sha256": "feccfb9abb526419177268b08d129242ed4d1a19ea470c34b8685b407741508f",
    "simhash": "1:5579ecd5a761d7e2",
    "word_count": 4273
  },
  "last_updated": "2024-02-27T20:50:16.882271+00:00",
  "provenance": {
    "date_added": "2019-08-29",
    "source": "Harvard",
    "batch": "2018"
  },
  "casebody": {
    "judges": [],
    "parties": [
      "Dickinson v. Arkansas City Improvement Company."
    ],
    "opinions": [
      {
        "text": "McCulloch, J.,\n(after stating the facts.) Upon the threshold of the case here, appellants present the question that the cause of action stated in the complaint, and the relief prayed for, are not within the jurisdiction of a court of equity, and that for that reason the complaint should have been dismissed. Conceding that, the complaint stated no grounds for the exercise of equity jurisdiction, the cross-complaint of the defendants, in seeking to restrain the plaintiff from obstructing the streets and alleys upon which the lots and blocks owned by defendants abutted, stated a cause of action clearly cognizable in equity (Davies v. Epstein, ante, p. 221; Texarkana v. Leach, 66 Ark. 40; Packet Co. v. Sorrels, 50 Ark. 466), and thus supplied the defects in jurisdiction. Radcliffe v. Scruggs, 46 Ark. 96; Crease v. Lawrence, 48 Ark. 312.\nWhere the court of equity rightfully assumes jurisdiction for one purpose, it may grant all the relief, either legal or equitable, to which any of the parties show themselves entitled in the subject-matter of the controversy. Crease v. Lawrence, supra; Hankins v. Layne, 48 Ark. 544; Apperson v. Burgett, 33 Ark. 328; Conger v. Cotton, 37 Ark. 286; Bonner v. Little, 38 Ark. 397.\nThere remain two questions to dispose of, viz.: the claim of title of the Dickinsons, appellants, under the tax deeds and by adverse possession for the statutory period of limitation, and the right of appellants to require the opening of the streets and alleys laid out on the plat of the three additions.\nThe tax sale of 1896, and the deed executed pursuant thereto, describing the land as \u201cpart E. Y%. N. E. Id. sec. 32. T. 12 S. R. 1 W.,\u201d were void because of the imperfect and uncertain description. Schattler v. Cassinelli, 56 Ark. 172; Cooper v. Lee, 59 Ark. 460; Little Rock & Fort Smith Ry. Co. v. Huggins, 64 Ark. 432; Rhodes v. Covington, 69 Ark. 357.\nNor does the two years statute of limitation run under a deed containing such description. A deed failing to describe the land is equivalent to'no deed at all. In order to put this statute in operation, the adverse holding must be under a deed purporting to convey the land pursuant to a tax sale. The deed under which appellants claim to have held does not purport to convey the title to any land, because none is described therein. Rhodes v. Covington, supra.\nThe second tax deed under which appellants claim title is void for a different reason. Conceding that the description \u201cErl. E. J/\u00a1, N. E. pi, sec. 32, T. 12 S., R. 1 W.,\u201d where the section is not in fact fractional, is sufficient to describe the whole of the east half of the northeast quarter, the record shows that appellee paid taxes for the same year on part of the same subdivision, and, this being true, a sale of the tract for the whole of the taxes assessed, when part of the taxes thereon had been paid, renders the sale void. A tax sale made for an excessive amount is void. Goodrum v. Ayers, 56 Ark. 93; Cooper v. Freeman, 61 Ark. 36; Kirker v. Daniels, 73 Ark. 263.\nAppellant\u2019s plea of the statute of limitation under this deed can not be sustained, for the reason that they were in possession of the land as tenants of appellee, and the possession was not adverse. They could not acquire title by limitation while occupying the lands as tenants of appellee. Possession thus held was not adverse to the rights of the landlord.\nDid appellants have the right to require the opening of the streets and alleys indicated on the plats of the several additions ?\nIn the recent case of Davies v. Epstein, supra, we approved the generally established doctrine that \u201can owner of land, by laying out a town upon it, platting it into blocks and lots intersected by streets and alleys, and selling lots by reference to the plat, dedicates the streets and alleys to the public use, and such dedication is irrevocable.\u201d It is equally well established that \u201cmerely laying out grounds, or merely platting and surveying them, without actually throwing them open to public use or actually selling lots with reference to the plat, will not, as a general rule, show a dedication.\u201d Holly Grove v. Smith, 63 Ark. 5; Elliott on Roads, \u00a7 117; United States v. Chicago, 7 How. 185.\nIn the case at bar none of the streets and alleys were actually thrown open to use, and no sales of lots to third parties are shown .to have been made. However, we think that the fact that lots and blocks are still owned by the several alleged dedicators, or their privies, is of the same force in effectuating the' dedication inter sese as if sales of lots had been made to third parties. Either may object to a revocation of-the dedication, if the objection be manifested in apt time.\nThe question presented now is not so much that of the original intention on the part of the owners to dedicate to the public use, but whether the dedication has been revoked by the dedicators by an abandonment of the scheme in furtherance of which the original dedication was intended. None of the lots and blocks having been sold to third parties, and, the streets and alleys never having been thrown open to public use, neither the public nor any third parties have rights in the dedication. It therefore remained within the power of the owners to revoke the dedication. Elliott on Roads, \u00a7 150; Holly Grove v. Smith, supra; People v. Underhill, 144 N. Y. 316; Steinauer v. Tell City, 146 Ind. 490.\nThe revocation may be accomplished either by an affirmative act in recalling it, or by an abandonment of the scheme. The question of abandonment is one of fact, and may be said to occur where the object of the use for which the property is dedicated wholly fails. Bayard v. Hargrove, 45 Ga. 342; Board of Education v. Edson, 18 Ohio St. 221; Campbell v. Kansas City, 102 Mo. 326; Board Com\u2019rs Mahoning County v. Young, 59 Fed. 96; State v. Travis County, 85 Tex. 435.\nIt has been often said that the fact of dedication depends wholly upon the intent, as manifested by open and visible acts, to appropriate the land to public use; and it is equally true that the fact of revocation by abandonment depends upon the intent, as manifested by open and visible acts, to abandon the purpose in furtherance of which the dedication was designed. Now in this case not a single lot has been sold in this \u201cpaper city,\u201d nor a single one of the streets thrown open to public use. For more than twenty years since the alleged dedication no effort has been liiade by the owners or any one else, so far as the proof discloses, to bring the land within the limits of the incorporated town of Arkansas City. On the contrary, the land has been continuously fenced and cultivated as a farm. Where the fences were washed away by overflow, they were rebuilt, and the platted streets again obstructed thereby. The conclusion is irresistible from these circumstances that the whole scheme for making the additions to the town of Arkansas City has failed, and has been abandoned. It is true that one of the appellants testifies that he expects,'at some time, to sell the lots and to have the territory added to the town, but there it nothing in the testimony to warrant a definite or reasonable expectation that such scheme may soon be accomplished. It appears to be more a hope for future results rather than a definite present intention to bring about the result. There is nothing shown to manifest such intent until the parties had disagreed about the terms of renting the lands again for farm purposes, and this suit resulted. It was then too late, after the abandonment of the scheme, for either of the owners to insist upon a dismemberment of the farm property by throwing open the streets and alleys intersecting it.\nOpinion delivered March 24, 1906.\nWe think the chancellor was correct in holding that the alleged dedication was not still in force, and that appellants could not demand the opening of the platted streets, avenues and alleys.\nIt is contended by appellants that no title passed to the streets and alleys on which the lots and -blocks of appellee abutted because the conveyances under which appellee holds describes the property conveyed only by lot and block numbers.\nA conveyance of lots and blocks, describing them by numbers only, passes the fee to center of the streets and alleys on which they abut, subject only to the rights of the public to use the same as highways; and when the streets are vacated or the use abandoned, they revert to the owners of abutting lots. Taylor v. Armstrong, 24 Ark. 102; Packet Co. v. Sorrels, 50 Ark. 466; Thomsen v. McCormick, 136 Ill. 135; Bayard v. Hargrove, 45 Ga. 342; Harrison v. Augusta Factory, 73 Ga. 447; Elliott on Roads, \u00a7 886; Banks v. Ogden, 2 Wall. 57; 13 Cyc. p. 492.\nIt follows that, the dedication never'having been in anyway accepted by the public, and having been revoked by abandonment of the scheme for converting the lands into additions to the adjacent town, the title to the streets, avenues and alleys passed to the owners of abutting platted lots and blocks as grantees of the original dedicators. That is to say, they own to the center of the platted streets, etc., and of course where they own the lots on both sides it carries the title to the whole street.\nThis applies also, of course, to appellants as owners of some of the lots and blocks and their'title to the center of the streets on which their' lots abut is not disputed. Nor is their right to reasonable means of ingress and egress to and from their property disputed. That is expressly recognized, and not involved in this litigation. It is only their right to have the streets and alleys, as such, thrown open to use which is denied by appellee, and which by this decision is denied to them.\nThe decree is therefore affirmed.",
        "type": "majority",
        "author": "McCulloch, J.,"
      },
      {
        "text": "on rehearing.\nMcCulloch, J.\nThe court rendered a personal decree against J. W. Dickinson, one of the defendants, for the sum of $114,00 for rent for- the year 1903 for 30 2-5 acres of the land in controversy, referred to as a part of the southeast quarter of section 29 lying west of John\u2019s Bayou. The evidence supports the finding of the chancellor as to the number of acres cultivated by Dickinson, but there is no satisfactory showing as to how much of it was owned by appellants and how-much by appellee. Counsel for appellee in their original brief, as well as the brief on petition for rehearing, do not poirit out the evidence sustaining the finding, and we are unable to discover any in the record.\n.Appellant, J. W. Dickinson, in his petition for rehearing, contends that appellee agreed \"with him upon a rental of $50 for a subsequent year, and urges this as an admissiomby appellee of the proper amount for the year 1903. This contention can not be viewed in any other light than as an admission by him that the proper amount of rent should be $50, and justifies us in sustaining the decree to that extent. So, if appellee will, within ten days, remit the decree for rent down to $50, the same will be affirmed; otherwise that part of the decree will be reversed, and the cause remanded; with directions to the chancellor to hear further proof and ascertain the amount due for rent.\nIn all other respects the petition for rehearing is denied, and the decree stands affirmed. The cost of appeal will be adjudged against the other appellants.",
        "type": "rehearing",
        "author": "McCulloch, J."
      }
    ],
    "attorneys": [
      "J. W. Dickinson, for appellants. '",
      "F. M. Rogers and W. S. McCain, for appellee.",
      "J. W. Dickinson and Rose, Hemingway & Rose, for appellants, in reply."
    ],
    "corrections": "",
    "head_matter": "Dickinson v. Arkansas City Improvement Company.\nOpinion delivered February 10, 1906.\n1. Equity \u2014 when jurisdiction conferred by cross-complaint.\u2014 Although a complaint in equity fails to state a cause cognizable in equity, it should not be dismissed if defendant\u2019s cross-complaint states a cause of action within the court\u2019s jurisdiction. (Page 575.)\n2. Same \u2014 injunction against obstructing highway. \u2014 Equity has jurisdiction of a cross-complaint which seeks to restrain plaintiff from obstructing streets and alleys upon which defendant\u2019s land abuts. (Page 575.)\n3. Same \u2014 jurisdiction to administer complete relief. \u2014 Where a court of equity rightfully assumes jurisdiction of a cause for one purpose, it may grant all the relief, either equitable or legal, to which any of the parties show themselves entitled in the subject-matter of the controversy. (Page 576.)\n4. Tax deed \u2014 ambiguity.\u2014A tax deed which describes the land as \u201cpart EV-\u00bf, NEJ4, sec. 32,\u201d etc., without otherwise describing the part intended to be conveyed, is void for insufficiency of description. (Page 576.)\n5. Limitation. \u2014 void tax deed. \u2014 A tax deed which is void for insufficiency of description of the land does not set the two years statute of limitations running. (Page 576.)\n6. Tax deed \u2014 sale for excessive amount. \u2014 Sale of an entire tract for the whole of the taxes due thereon renders the sale void where a part of the taxes thereon had been paid. (Page 576.)\n7. Limitation \u2014 possession of tenant. \u2014 One who occupies land as a tenant can not acquire title by limitation as against the landlord. (Page 577.)\n8. Streets \u2014 dedication.\u2014Where cotenants platted the land held in common into lots and blocks, and divided the land among themselves, the fact that the land so divided is still held by the cotenants or their privies will not prevent the dedication from being given effect among themselves. (Page 577.)\n9. Dedication of land \u2014 revocation.\u2014Where the owners of land laid it off into blocks and lots, with streets and alleys intervening, but none of the lots or blocks were sold to third parties, and the streets and alleys were never thrown open to public use, neither the public nor any third persons had any rights in the streets and alleys, and the dedication might be revoked by the owner.' (Page 577.)\n10. Same \u2014 how revoked. \u2014 Revocation of a dedication of land may be accomplished by an affirmative act in recalling it, or by an abandonment of the scheme. (Page 578-) ' \u25a0\n11. Same \u2014 when abandoned \u2014 Where, for twenty years after land was platted with lots, blocks, streets and alleys and dedicated as an addition to an adjoining town, no lots were sold and none of the streets were thrown open to the public, it will be inferred that the dedication was abandoned. (Page 578.)\n12. Same \u2014 EEEECT OE abandonment. \u2014 A conveyance of lots and blocks, describing them by numbers only, passes the fee to the streets and alleys on which they abut, subject only to the rights of the public to' use the same as highways; and when the streets are vacated, or the use abandoned, they revert to the owners of the abutting lots. (Page 579-)\n13. Landeord and tenant \u2014 rent\u2014admission.\u2014Where a landlord and tenant were unable to agree upon the terms of renewal of a lease, save as to the amount, and the tenant held over, the agreement as to the amount of the rent will be taken as an admission on the landlord\u2019s part as to the amount due for the rent. (Page 580.)\nAppeal from Desha Chancery Court; Marcus L. Hawkins, Chancellor;\naffirmed.\nstatement by the .court.\nIn 1881 John D. Adams, Mrs. M. L. Dickinson, wife of J. W. Dickinson, and Mrs. M. W. Lewis, wife of E. C. Lewis, owned, as tenants in common, a large body of land situated near the corporate limits of the town of Arkansas City. Mrs. Dickinson also owned separately an adjoining tract containing 80 acres. Anticipating a rapid growth of the town so as to encompass the land, the parties named laid off the said land into blocks and lots with streets, avenues and alleys intervening, and platted them as an addition to the town. There were three separate plats, one called \u201cHighland Addition,\u201d another \u201cNorth Highland Addition\u201d and the other \u201cDickinson\u2019s Addition.\u201d Two of the plats were never placed of record, and the other was recorded since the commencement of this litigation. Nor have the corporate limits of the town ever been extended so as to embrace any part of the land in question. After platting the lands, the parties partitioned among themselves the lands held in common, and executed partition deeds describing the lots and block by numbers and reciting the fact that they dedicated to the public use all the streets and alleys (except certain therein named), and reserved two blocks to be held in common \u201cfor park purposes and other uses as they may hereafter determine.\u201d\nOn June 15, 1882, they formed a domestic corporation called the Arkansas City Real Estate & Improvement Company, and each conveyed to said corporation certain lots and blocks embraced in said additions. The plaintiff herein, Arkansas City Improvement Company, a foreign corporation, acquired title to said lots and blocks under mesne conveyances from said Arkansas City Real Estate & Improvement Company, as recited in the opinion of this court in the case of Steers v. Kinsey, 68 Ark. 360, wherein the title was adjudged . to be in said Arkansas City Improvement Company. Appellants Lewis and Mrs. Dickinson acquired title to all the lots and blocks not conveyed as aforesaid to said corporation. In all the conveyances referred to, the property conveyed is described by lot and block numbers and without any other description.\nNone of the streets, avenues and alleys marked on the plats were ever thrown open to public use or opened at all, and no effort has ever been made, before the commencement of this suit, to have them thrown open\u201d to use. Some of the land embraced in the so-called addition has, up to the trial of this case below, been in cultivation as a farm, and a considerable portion of it is woodland and thickets of undergrowth. Farm houses remain in the platted streets, farm fences cross them, and the land is intersected by two public roads running irregularly without regard to the platted streets.\nIn the case of Steers v. Kinsey, supra, a receiver was appointed by the court, who took charge of the lots and blocks owned by the Arkansas City Improvement Company, and rented the same as a farm to J. W. and M. L. Dickinson from the year 1896 until the termination of that suit in 1900, and from then up to and including the year 1902, Dickinson and wife rented the land from the Arkansas City Improvement Company. The leases to Dickinson and wife were in writing, and some of them stipulated that said' lessees should keep up the fences and other improvements ; and they rebuilt fences which had been washed away by overflows, and in doing so fenced up blocks, streets, alleys, etc., into a farm.\nAt the expiration of the year 1902 the parties were unable to agree upon terms of lease for the succeeding year, and the present controversy then arose. The Dickinsons claimed that the streets, avenues and alleys had been dedicated to the public use, demanded that the same be thrown open to such use, and threatened to tear down the fences obstructing the platted streets and alleys. This suit was then commenced in the chancery court of Arkansas County by the Arkansas City Improvement Company against the Dickinsons to restrain the latter from tearing down the said fences and from interfering with plaintiff in renting the land.\nIt is also alleged in the complaint that the Dickinsons were claiming title to 55 acres of said land owned by plaintiff under tax sales alleged to be void, and the prayer is also for a cancellation of said tax deeds. A part of the land was assessed for taxa-tion in the name of M. L. Dickinson as owner for the year 1895 under the following- description: \u201cPart E. J-2 N. E. sec. 32, T. 12 S., R. 1 W., 55 acres;\u201d and was sold under that description by the collector of taxes on June 8, 1896, to F. N. Thane, wife of the receiver, H. Thane, who assigned the certificate of purchase to C. F. Dickinson, son of J. W. and M. L. Dickinson. Pursuant to the tax sale a deed was executed by the clerk to C. F. Dickinson according to the- above description, who conveyed to J. W. Dickinson. The same land was assessed for taxation in the same name for the year 1897 under the following description: \u201cFrl. E. y2, N. E. Y, sec. 32, T. 12 S., R. 1 W.,\u201d and was sold under that description by the collector to J. W. Dickinson, who received a clerk\u2019s tax deed therefor. For the same years a part of the same sectional subdivision was assessed for taxation in the name of Arkansas City Improvement Company under the following description: \u201cPt. E. y\u00bf N. E. /4, sec. 32, T. 12 S., R. 1 W., 25 acres;\u201d and the taxes extended against it were paid by that company.\nThe defendants filed an answer and cross-complaint, claiming title to 55 acres in the east half of northeast quarter of section 32 under said tax deeds and asserting a right to have all of said platted streets, avenues and alleys in said addition thrown open in accordance with said alleged dedication, and they prayed that the plaintiff be restrained from obstructing the same with fences. They also pleaded title by adverse possession of the 55 acres for a period of two years under said tax deeds. Subsequently M. W. and E. W. Lewis were made defendants on their own motion, and filed answer adopting the answer and cross-complaint of their co-defendants, and joined in the prayer for affirmative relief as to the opening of the streets, etc.\nThe cause was heard upon the pleadings and exhibits, deeds, plats and other documentary evidence and the depositions of witnesses taken by both sides, and a final decree was rendered, dismissing the cross-complaint for want of equity and granting the relief prayed for in the complaint. \u25a0\nAll of the defendants appealed.\nJ. W. Dickinson, for appellants. '\n1. Appellees had an adequate remedy at law, and the complaint should have been dismissed for want of equity. 58 Ark. 142; 32 Ark. 478; 33 Ark. 636; 67 Ark. 413.\n2. The landowner may plat or lay out a town so as to pass to the public portions of the land for perpetual use as streets and public grounds, which, when acknowledged and recorded in conformity with the statutes, operates as a sufficient conveyance of such streets and grounds to public use. 6 Wait, 307 et seq.; Ib. 306. When land is appropriated to the purpose of a highway, the public acquires only the right of way; the fee remains in the dedicators, who may maintain action against persons improperly appropriating the highways. Ib. 305. An express dedication may become effective without immediate use. Elliott on Roads & H. 91. The intention of the owner, rather than the time, determines the dedication. Ib. 125. No specific length of time is necessary to constitute a valid dedication. Ib. 125.\n3. Actual possession for more than two years of land sold at tax sale under a description sufficiently clear to locate the land gives appellant title by statutory limitation. 58 Ark. 418; 59 Ark. 460; 60 Ark. 163.\nF. M. Rogers and W. S. McCain, for appellee.\n1. The interest of the public in a highway or street is merely an easement or right of passage. The fee remains in the original owner, together with all rights of property not consistent with public use. Owners of land on each side of road or street go to its center. 24 Ark. 102; 51 Ark. 490; 50 Ark. 466. If the public decline to accept the dedication, or if they abandon it, the land dedicated is restored to the abutting owner. 50 Ark. 53; lb. 466; 59 Ark. 27; 3 Kent, Com. 450; 10 Pet. 662; 42 Ark. 66.\n2. The tax deed is void for want of proper description of the land. 56 Ark. 172; 59 Ark. 460.\n3. Appellant\u2019s cross-bill stated a case cognizable in equity, which saved the jurisdiction, even if the complaint had been without equity. 46 Ark. 96; 48 Ark. 312. Having jurisdiction of part of the subject-matter, a court of equity will dispose of the whole case. 30 Ark. 278. It is the proper forum to determine questions as to easements and obstructions to highways. 50 Ark. 466.\nJ. W. Dickinson and Rose, Hemingway & Rose, for appellants, in reply.\nAfter sale of lots'with reference to the plat, the dedication is complete, and purchasers acquire a right to have the streets and squares delineated on the plat kept open. 9 Am. & Eng. Enc. Law (2 Ed.), 57. The purchaser\u2019s right is appurtenant to his purchase, and vests immediately; but the public only acquires its right by acceptance through authorized public agency or by user. Ib. 65; 13 Cyc. 455, 458. The right acquired by purchase of such lots is irrevocable.- 9 Am. & Eng. Enc. Law (2 Ed.), 77; 13 Cyc. 489. Nonuser does not give the right of revocation. 13 Cyc. 490, 495; 21 Col. 1; 29 La. Ann. 630. See also 59 111. 198; 54 Mich. 466; 82 Me. 438; 50 N. J. Eq. 1; 56 Wis. 386; 109 Mass-292."
  },
  "file_name": "0570-01",
  "first_page_order": 592,
  "last_page_order": 602
}
