{
  "id": 1320364,
  "name": "Turner v. Risor",
  "name_abbreviation": "Turner v. Risor",
  "decision_date": "1890-12-06",
  "docket_number": "",
  "first_page": "33",
  "last_page": "37",
  "citations": [
    {
      "type": "official",
      "cite": "54 Ark. 33"
    }
  ],
  "court": {
    "name_abbreviation": "Ark.",
    "id": 8808,
    "name": "Arkansas Supreme Court"
  },
  "jurisdiction": {
    "id": 34,
    "name_long": "Arkansas",
    "name": "Ark."
  },
  "cites_to": [
    {
      "cite": "2 Sandf. Chy., 173",
      "category": "reporters:state",
      "reporter": "Sand. Ch.",
      "case_ids": [
        2164683
      ],
      "opinion_index": -1,
      "case_paths": [
        "/sand-ch/2/0173-01"
      ]
    },
    {
      "cite": "103 Mass., 245",
      "category": "reporters:state",
      "reporter": "Mass.",
      "case_ids": [
        2146178
      ],
      "opinion_index": -1,
      "case_paths": [
        "/mass/103/0245-01"
      ]
    },
    {
      "cite": "34 Ark., 135",
      "category": "reporters:state",
      "reporter": "Ark.",
      "opinion_index": -1
    },
    {
      "cite": "94 U. S., 746",
      "category": "reporters:federal",
      "reporter": "U.S.",
      "case_ids": [
        5645668
      ],
      "opinion_index": -1,
      "case_paths": [
        "/us/94/0746-01"
      ]
    },
    {
      "cite": "40 Ark., 440",
      "category": "reporters:state",
      "reporter": "Ark.",
      "opinion_index": -1
    },
    {
      "cite": "34 Ark., 117",
      "category": "reporters:state",
      "reporter": "Ark.",
      "case_ids": [
        1875631
      ],
      "weight": 3,
      "pin_cites": [
        {
          "page": "164"
        }
      ],
      "opinion_index": -1,
      "case_paths": [
        "/ark/34/0117-01"
      ]
    },
    {
      "cite": "5 Ark., 468",
      "category": "reporters:state",
      "reporter": "Ark.",
      "case_ids": [
        8727575
      ],
      "opinion_index": -1,
      "case_paths": [
        "/ark/5/0468-01"
      ]
    },
    {
      "cite": "40 Ark., 439",
      "category": "reporters:state",
      "reporter": "Ark.",
      "opinion_index": -1
    },
    {
      "cite": "6 Ark., 14",
      "category": "reporters:state",
      "reporter": "Ark.",
      "case_ids": [
        8726467
      ],
      "opinion_index": -1,
      "case_paths": [
        "/ark/6/0014-01"
      ]
    },
    {
      "cite": "18 Ark., 118",
      "category": "reporters:state",
      "reporter": "Ark.",
      "case_ids": [
        8725354
      ],
      "opinion_index": -1,
      "case_paths": [
        "/ark/18/0118-01"
      ]
    },
    {
      "cite": "113 U. S., 449",
      "category": "reporters:federal",
      "reporter": "U.S.",
      "case_ids": [
        3511992
      ],
      "opinion_index": -1,
      "case_paths": [
        "/us/113/0449-01"
      ]
    },
    {
      "cite": "14 Ark., 246",
      "category": "reporters:state",
      "reporter": "Ark.",
      "case_ids": [
        1862690
      ],
      "opinion_index": -1,
      "case_paths": [
        "/ark/14/0246-01"
      ]
    },
    {
      "cite": "3 Pick., 145",
      "category": "reporters:state",
      "reporter": "Pick.",
      "opinion_index": 0
    },
    {
      "cite": "17 Vt., 319",
      "category": "reporters:state",
      "reporter": "Vt.",
      "case_ids": [
        8545062
      ],
      "opinion_index": 0,
      "case_paths": [
        "/vt/17/0319-01"
      ]
    },
    {
      "cite": "40 Ark., 433",
      "category": "reporters:state",
      "reporter": "Ark.",
      "case_ids": [
        1897201
      ],
      "opinion_index": 0,
      "case_paths": [
        "/ark/40/0433-01"
      ]
    },
    {
      "cite": "2 Rawle, 431",
      "category": "reporters:state",
      "reporter": "Rawle",
      "case_ids": [
        1820565
      ],
      "opinion_index": 0,
      "case_paths": [
        "/rawle/2/0431-01"
      ]
    },
    {
      "cite": "13 Allen, 48",
      "category": "reporters:state",
      "reporter": "Allen",
      "case_ids": [
        2114894
      ],
      "opinion_index": 0,
      "case_paths": [
        "/mass/95/0048-01"
      ]
    },
    {
      "cite": "8 Allen, 259",
      "category": "reporters:state",
      "reporter": "Allen",
      "case_ids": [
        2120443
      ],
      "weight": 2,
      "opinion_index": 0,
      "case_paths": [
        "/mass/90/0259-01"
      ]
    },
    {
      "cite": "18 How., 16",
      "category": "reporters:scotus_early",
      "reporter": "How.",
      "case_ids": [
        3487882
      ],
      "opinion_index": 0,
      "case_paths": [
        "/us/59/0016-01"
      ]
    },
    {
      "cite": "6 How., 58",
      "category": "reporters:scotus_early",
      "reporter": "How.",
      "opinion_index": 0
    },
    {
      "cite": "6 How., 61",
      "category": "reporters:scotus_early",
      "reporter": "How.",
      "opinion_index": 0
    },
    {
      "cite": "6 Ark., 14",
      "category": "reporters:state",
      "reporter": "Ark.",
      "case_ids": [
        8726467
      ],
      "opinion_index": 0,
      "case_paths": [
        "/ark/6/0014-01"
      ]
    },
    {
      "cite": "113 U. S., 449",
      "category": "reporters:federal",
      "reporter": "U.S.",
      "case_ids": [
        3511992
      ],
      "opinion_index": 0,
      "case_paths": [
        "/us/113/0449-01"
      ]
    }
  ],
  "analysis": {
    "cardinality": 428,
    "char_count": 8203,
    "ocr_confidence": 0.748,
    "pagerank": {
      "raw": 1.5929887628883877e-07,
      "percentile": 0.6823785865507989
    },
    "sha256": "36575926f7215a3c644b2042fd9787fd5fbf2d3330952119165fc9aa461b53d8",
    "simhash": "1:9dc72a09116996c6",
    "word_count": 1402
  },
  "last_updated": "2024-02-27T17:41:31.659507+00:00",
  "provenance": {
    "date_added": "2019-08-29",
    "source": "Harvard",
    "batch": "2018"
  },
  "casebody": {
    "judges": [],
    "parties": [
      "Turner v. Risor."
    ],
    "opinions": [
      {
        "text": "Battle, J.\nJohn Turner was a resident and citizen of Ashley county, in this State, and died there in September, 1869, leaving real and personal property in that county, and in the State of Louisiana. Letters of administration on the estate in Arkansas were granted on the 20th of September, 1869, to John C. Eckles, who qualified as administrator and administered the estate. About the same time W. H. Vaughan became administrator of so much of the estate as was in Louisiana. Mary A. Risor, a citizen and resident of the State of Louisiana, having a subsisting demand against the estate, recovered a judgment against Vaughan, as such administrator, for the sum of $533 and interest. The estate in Arkansas was fully and duly administered, and the property remaining on hand after the payment of the debts probated against it was distributed and divided among the heirs of the deceased. Mrs. Risor failed to present her claim to the administrator in Arkansas within two years after the date of his letters, but waited until the assets in the hands of the Louisiana administrator were exhausted, and then, failing to collect her claim, brought this action against the heirs and distributees to recover her debt out of the property which they had received in this State, notwithstanding she had wholly failed to present her claim to the Arkansas administrator.\nMrs. Risor\u2019s contention is, that the estate of John Turner, ^ in Arkansas and Louisiana, was only one estate; that she commenced suit on her claim against the Louisiana administrator ; that while her suit was pending, she was not required to present her claim to the Arkansas administrator ; that the commencement of the same in the time prescribed by law for presenting claims was a sufficient presentation to both administrators; that she, being a non-resident, had no right to prove her claim against the estate in this State until the Louisiana administration was closed ; and that, inasmuch as the Arkansas administration had closed before she recovered judgment in her suit, atid the assets in Louisiana were fully administered, she had the right to subject the assets which had descended to the heirs to the payment of her judgment. But this contention is not correct. These administrations were wholly independent of each other. The administrators received' their authority from different sovereignties and over different property. Each was only a representative of Turner, the deceased, to the extent of the assets of which the court appointing him had jurisdiction; neither was accountable to the other; neither was privy to the other in law or estate; and no connection existed between them. The presentation of the claim to the Louisiana administrator was no presentation to the other. The judg_ ment obtained against one \u201c furnished no right of action against the other, to affect assets received by the latter in virtue of his own administration.'-\u2019 For, as said in Stacy v. Thrasher, 6 How., 61, \u201cthe laws and courts of a State can only affect persons and things within their jurisdiction,\u201d and \u201c both as to the administrator and the property confjded to him, a judgment in another State is res inter alios a it a. It is not even prima facie evidence of a debt.\u201d Stacy v. Thrasher, 6 How., 58 ; McLean v. Meek, 18 How., 16; Low v. Bartlett, 8 Allen, 259; Ela v. Edwards, 13 Allen, 48;. Brodie v. Bickley, 2 Rawle, 431.\nThe primary administration was in this State. It is unlike an ancillary administration. An ancillary administration is taken out for the benefit of resident creditors, legatees and distributees. In Shegogg v. Perkins, 34 Ark , 117, 131, it is said that it is generally held \u201csubordinate to the original administration,\u201d and that the only duty devolving upon the administrator is to collect the assets in the State in which it was granted, and appropriate so much of the avails of the same to the payment of creditors residing in such State as would be authorized by the general solvency or insolvency of the estate of the deceased, and remit the balance to the place of the primary administration. Whether this doctrine be correct or not, the primary administration, is for the benefit of resident and non-resident creditors. Non-resident creditors can, and are required to, prove up their claims against it in the same time as the resident. In this case, Mrs. Risor might have prosecuted her original claim against the primary administration in Arkansas at the same time she was prosecuting it in Louisiana. She was under no necessity to wait until she had prosecuted it to judgment, or until the ancillary administration was closed, or until she was barred by our statute of non-claim. I11 fact she could not wait until the two years from the grant of letters of administration in this State had expired, and then pursue the assets in the hands of the heirs. When the two years expired, her claim was barred. She cannot now successfully prosecute it to recovery against the heirs or distributees to whom assets have descended. She does not come within that class who may in equity subject the assets in the hands of the heirs to the payment of their debts. She is not a creditor whose claim has been duly proved or whose claim came into existence too late to be proved, or after the administration was closed. She had a subsisting demand against the estate when letters of administration were first granted. In such cases equity will not set aside or disregard the statute, but will be governed by it. Low v. Bartlett, 8 Allen, 259 ; Hall v. Brewer, 40 Ark., 433; Mansf. Dig., sec. 97; Erwin v. Turner, 6 Ark., 14; Morgan v. Hamlet, 113 U. S., 449; Churchill v. Boyden, 17 Vt., 319; Dawes v. Head, 3 Pick., 145-6.\nThe decree of the circuit court is, therefore, reversed, and the complaint is dismissed.",
        "type": "majority",
        "author": "Battle, J."
      }
    ],
    "attorneys": [
      "J. W. Van Gilder and M. L. Hawkins, for appellant.",
      "G. W. Norman for appellee."
    ],
    "corrections": "",
    "head_matter": "Turner v. Risor.\nDecided December 6, 1890.\nOriginal and ancillary administration\u2014Limitation.\nA judgment against an ancillary administrator in another State is not binding on \u201cthe original administrator in this State; nor can the judgment creditor, after expiration of the time for presentation of claims, pursue assets of the estate here which have descended to heirs or distributees.\nAPPEAL from Ashley Circuit Court in Chancery.\nCarroll D. Wood, Judge.\nJ. W. Van Gilder and M. L. Hawkins, for appellant.\n1. This claim was a subsisting demand against the intestate at the time of his death, and should have been presented to the administrator in Arkansas within two years, and, not having been so presented, it was barred. 14 Ark., 246; 15 id., 412; 18 id., 334; 39 id., 577; 15 id., 41 ; 20 id., 84; 113 U. S., 449; Mansf. Dig., sec. 98, sec. 5 ; 18 Ark., 118. The statute runs against non-residents. 6 Ark., 14; 16 id.y 694.\n2. The presentation in Louisiana and obtaining judgment there, did not relieve her from presenting the same to the domicilary administrator. \u25a0 The administrations were independent of each other. Story, Conf. Laws, 5th ed., sec. 522.\nG. W. Norman for appellee.\nI. Appellee was not bound to present her claim to the administrator in Arkansas within two years after grant of letters in Arkansas. She was a resident of Louisiana. There was an ancillary administration there. She must pursue the estate in Louisiana until exhausted. When this is done, if the estate in Arkansas was wound up, she might proceed against the heirs at law who received the assets. 40 Ark., 439-442. There are three modes of exhibiting claims against estates, one of which is by action against the administrator. 5 Ark., 468 ; 7 id., 78. She brought suit and recovered judgment. This was a presentation as to estate in Louisiana, and the estate here and there are one and the same.\nIt is the duty of the ancillary administrator to collect the assets in his State and apply them to debts due citizens of his State and remit the balance. 34 Ark., 117; 31 id., S39; 42 id., 164. As to appellee\u2019s right to proceed in equity, see 40 Ark., 440; 31 id., 229; 94 U. S., 746. No Louisiana creditors could prove their claims in this State as long as an ancillary administration was in existence in Louisiana. 34 Ark., 135. See, also, 103 Mass., 245 ; 13 Allen (Mass.), 48 ; 2 Rawle (Pa.), 431; 2 Sandf. Chy., 173."
  },
  "file_name": "0033-01",
  "first_page_order": 59,
  "last_page_order": 63
}
