{
  "id": 1320454,
  "name": "Lowenstein v. Finney",
  "name_abbreviation": "Lowenstein v. Finney",
  "decision_date": "1891-01-10",
  "docket_number": "",
  "first_page": "124",
  "last_page": "130",
  "citations": [
    {
      "type": "official",
      "cite": "54 Ark. 124"
    }
  ],
  "court": {
    "name_abbreviation": "Ark.",
    "id": 8808,
    "name": "Arkansas Supreme Court"
  },
  "jurisdiction": {
    "id": 34,
    "name_long": "Arkansas",
    "name": "Ark."
  },
  "cites_to": [
    {
      "cite": "31 Ark., 554",
      "category": "reporters:state",
      "reporter": "Ark.",
      "case_ids": [
        1879318
      ],
      "opinion_index": -1,
      "case_paths": [
        "/ark/31/0554-01"
      ]
    },
    {
      "cite": "52 Ark., 429",
      "category": "reporters:state",
      "reporter": "Ark.",
      "opinion_index": -1
    },
    {
      "cite": "4 Ark., 335",
      "category": "reporters:state",
      "reporter": "Ark.",
      "opinion_index": -1
    },
    {
      "cite": "71 N. Y., 505",
      "category": "reporters:state",
      "reporter": "N.Y.",
      "opinion_index": -1
    },
    {
      "cite": "88 Penn. St., 167",
      "category": "reporters:state",
      "reporter": "Pa.",
      "case_ids": [
        1061221
      ],
      "opinion_index": -1,
      "case_paths": [
        "/pa/88/0167-01"
      ]
    },
    {
      "cite": "13 S. W., 513",
      "category": "reporters:state_regional",
      "reporter": "S.W.",
      "opinion_index": -1
    },
    {
      "cite": "71 N. Y., 506",
      "category": "reporters:state",
      "reporter": "N.Y.",
      "opinion_index": -1
    },
    {
      "cite": "36 Ark., 406",
      "category": "reporters:state",
      "reporter": "Ark.",
      "case_ids": [
        1872531
      ],
      "opinion_index": -1,
      "case_paths": [
        "/ark/36/0406-01"
      ]
    },
    {
      "cite": "4 Ark., 302",
      "category": "reporters:state",
      "reporter": "Ark.",
      "case_ids": [
        8728786
      ],
      "opinion_index": -1,
      "case_paths": [
        "/ark/4/0302-01"
      ]
    },
    {
      "cite": "18 Ark., 137",
      "category": "reporters:state",
      "reporter": "Ark.",
      "opinion_index": -1
    },
    {
      "cite": "24 Mo., 75",
      "category": "reporters:state",
      "reporter": "Mo.",
      "opinion_index": -1
    },
    {
      "cite": "33 Md., 607",
      "category": "reporters:state",
      "reporter": "Md.",
      "opinion_index": -1
    },
    {
      "cite": "9 Ala, 704",
      "category": "reporters:state",
      "reporter": "Ala.",
      "case_ids": [
        3039557
      ],
      "opinion_index": -1,
      "case_paths": [
        "/ala/9/0704-01"
      ]
    },
    {
      "cite": "11 Ind., 89",
      "category": "reporters:state",
      "reporter": "Ind.",
      "opinion_index": -1
    },
    {
      "cite": "23 Fed. Rep., 13",
      "category": "reporters:federal",
      "reporter": "F.",
      "case_ids": [
        3771752
      ],
      "opinion_index": -1,
      "case_paths": [
        "/f/23/0013-01"
      ]
    },
    {
      "cite": "50 Ark., 42",
      "category": "reporters:state",
      "reporter": "Ark.",
      "case_ids": [
        8719861
      ],
      "pin_cites": [
        {
          "page": "46"
        }
      ],
      "opinion_index": -1,
      "case_paths": [
        "/ark/50/0042-01"
      ]
    },
    {
      "cite": "48 Ark., 213",
      "category": "reporters:state",
      "reporter": "Ark.",
      "case_ids": [
        1887757
      ],
      "pin_cites": [
        {
          "page": "215"
        }
      ],
      "opinion_index": -1,
      "case_paths": [
        "/ark/48/0213-01"
      ]
    },
    {
      "cite": "28 Conn., 47",
      "category": "reporters:state",
      "reporter": "Conn.",
      "case_ids": [
        527866
      ],
      "opinion_index": -1,
      "case_paths": [
        "/conn/28/0039-01"
      ]
    },
    {
      "cite": "37 N. W., 811",
      "category": "reporters:state_regional",
      "reporter": "N.W.",
      "opinion_index": -1
    },
    {
      "cite": "5 N. W. Rep., 654",
      "category": "reporters:state_regional",
      "reporter": "N.W.",
      "opinion_index": -1
    },
    {
      "cite": "13 S. W. Rep., 736",
      "category": "reporters:state_regional",
      "reporter": "S.W.",
      "opinion_index": -1
    },
    {
      "cite": "46 Ark., 405",
      "category": "reporters:state",
      "reporter": "Ark.",
      "case_ids": [
        1890474
      ],
      "weight": 2,
      "opinion_index": -1,
      "case_paths": [
        "/ark/46/0405-01"
      ]
    },
    {
      "cite": "9 Fed. Rep., 483",
      "category": "reporters:federal",
      "reporter": "F.",
      "case_ids": [
        3783017
      ],
      "opinion_index": -1,
      "case_paths": [
        "/f/9/0483-01"
      ]
    },
    {
      "cite": "52 Ark., 426",
      "category": "reporters:state",
      "reporter": "Ark.",
      "case_ids": [
        1913457
      ],
      "opinion_index": -1,
      "case_paths": [
        "/ark/52/0426-01"
      ]
    },
    {
      "cite": "13 S. W. Rep., 423",
      "category": "reporters:state_regional",
      "reporter": "S.W.",
      "opinion_index": -1
    },
    {
      "cite": "7 Wend., 239",
      "category": "reporters:state",
      "reporter": "Wend.",
      "case_ids": [
        2009662
      ],
      "opinion_index": -1,
      "case_paths": [
        "/wend/7/0239-01"
      ]
    },
    {
      "cite": "107 U. S., 361",
      "category": "reporters:federal",
      "reporter": "U.S.",
      "case_ids": [
        3500058
      ],
      "opinion_index": -1,
      "case_paths": [
        "/us/107/0361-01"
      ]
    },
    {
      "cite": "13 S. W. Rep., 513",
      "category": "reporters:state_regional",
      "reporter": "S.W.",
      "opinion_index": -1
    },
    {
      "cite": "12 Fed. Rep., 230",
      "category": "reporters:federal",
      "reporter": "F.",
      "case_ids": [
        6717090
      ],
      "weight": 3,
      "pin_cites": [
        {
          "page": "297"
        }
      ],
      "opinion_index": -1,
      "case_paths": [
        "/f/12/0230-01"
      ]
    },
    {
      "cite": "2 Sandf., 594",
      "category": "reporters:state",
      "reporter": "Sandf.",
      "case_ids": [
        1360263
      ],
      "opinion_index": -1,
      "case_paths": [
        "/ny-super-ct/4/0594-01"
      ]
    },
    {
      "cite": "31 Ark., 666",
      "category": "reporters:state",
      "reporter": "Ark.",
      "case_ids": [
        1879219
      ],
      "opinion_index": -1,
      "case_paths": [
        "/ark/31/0666-01"
      ]
    },
    {
      "cite": "22 Wall., 513",
      "category": "reporters:scotus_early",
      "reporter": "Wall.,",
      "case_ids": [
        3409416
      ],
      "opinion_index": -1,
      "case_paths": [
        "/us/89/0513-01"
      ]
    },
    {
      "cite": "53 Ark., 81",
      "category": "reporters:state",
      "reporter": "Ark.",
      "case_ids": [
        1911699
      ],
      "opinion_index": 0,
      "case_paths": [
        "/ark/53/0081-01"
      ]
    },
    {
      "cite": "68 Wis., 442",
      "category": "reporters:state",
      "reporter": "Wis.",
      "case_ids": [
        8705683
      ],
      "opinion_index": 0,
      "case_paths": [
        "/wis/68/0442-01"
      ]
    },
    {
      "cite": "37 Ark., 64",
      "category": "reporters:state",
      "reporter": "Ark.",
      "case_ids": [
        1870914
      ],
      "opinion_index": 0,
      "case_paths": [
        "/ark/37/0064-01"
      ]
    },
    {
      "cite": "34 Ark., 390",
      "category": "reporters:state",
      "reporter": "Ark.",
      "opinion_index": 0
    },
    {
      "cite": "4 Ark., 335",
      "category": "reporters:state",
      "reporter": "Ark.",
      "opinion_index": 0
    },
    {
      "cite": "88 Penn. St., 167",
      "category": "reporters:state",
      "reporter": "Pa.",
      "case_ids": [
        1061221
      ],
      "opinion_index": 0,
      "case_paths": [
        "/pa/88/0167-01"
      ]
    },
    {
      "cite": "71 N. Y., 506",
      "category": "reporters:state",
      "reporter": "N.Y.",
      "opinion_index": 0
    },
    {
      "cite": "36 Ark., 406",
      "category": "reporters:state",
      "reporter": "Ark.",
      "case_ids": [
        1872531
      ],
      "opinion_index": 0,
      "case_paths": [
        "/ark/36/0406-01"
      ]
    },
    {
      "cite": "4 Ark., 302",
      "category": "reporters:state",
      "reporter": "Ark.",
      "case_ids": [
        8728786
      ],
      "opinion_index": 0,
      "case_paths": [
        "/ark/4/0302-01"
      ]
    },
    {
      "cite": "46 Ark., 405",
      "category": "reporters:state",
      "reporter": "Ark.",
      "case_ids": [
        1890474
      ],
      "opinion_index": 0,
      "case_paths": [
        "/ark/46/0405-01"
      ]
    },
    {
      "cite": "12 Fed. Rep., 230",
      "category": "reporters:federal",
      "reporter": "F.",
      "case_ids": [
        6717090
      ],
      "opinion_index": 0,
      "case_paths": [
        "/f/12/0230-01"
      ]
    }
  ],
  "analysis": {
    "cardinality": 658,
    "char_count": 12837,
    "ocr_confidence": 0.732,
    "pagerank": {
      "raw": 1.8834963362956826e-07,
      "percentile": 0.7279912844339573
    },
    "sha256": "bca381e526a60bc2b1d434b64b3e346903ca38b53057759d521d59292c594fc3",
    "simhash": "1:5fa1dd656ebf26da",
    "word_count": 2209
  },
  "last_updated": "2024-02-27T17:41:31.659507+00:00",
  "provenance": {
    "date_added": "2019-08-29",
    "source": "Harvard",
    "batch": "2018"
  },
  "casebody": {
    "judges": [],
    "parties": [
      "Lowenstein v. Finney."
    ],
    "opinions": [
      {
        "text": "Hughes, J.\nAppellants sued out an attachment, and had it levied upon a stock of goods and other property of the appellee, which appellee had before then conveyed, by deed of assignment for the benefit of his creditors, to R. A. Little as assignee. Before the assignee had given bond or taken possession of the property conveyed by the assignment, and upon the day of its execution, upon the petition of the German National Bank, the largest preferred creditor of the appellee, the chancery court of Pulaski county appointed R. A. Little, the assignee, receiver, upon the representation in the petition, that the assets were of such a nature that they could not be administered, under the assignment laws of this State, without great loss, and that it was necessary that they should be sold and disposed of at once. Pursuant to the order of the court the receiver filed his bond, took the oath required by law, and took charge of the property.\nThe contest below was, and in this court is, over the grounds of the attachment, which was discharged by the circuit court, from which the appeal in this case was taken. The grounds of the attachment were, that, immediately preceding the issue of said attachment, W. C. Finney caused to be executed an assignment for the benefit of creditors, for the fraudulent purpose of evading the laws regulating assignments for the benefit of creditors, in this, that the same was executed by the assignor for the purpose of fraudulently covering up assets which the assignment purported to convey ; also because it contemplated a mode of disposition in conflict with the law relating to assignments; and because the assignor preferred a claim for the fraudulent purpose of paying for services in opposing the just demands of creditors. The circuit court found the facts to be : \u201c That the debt preferred in favor of Ratclifie & Fletcher in the assignment of Finney to Little was for legal services in preparing and perfecting the assignment, and not for future services. That the assignment was made in good faith by Finney, and there was no fraud in the same.\u201d Appellant saved all exceptions, and, after motion for a new trial which was overruled, appealed.\nIt is contended by counsel for appellant that the circuit court erred in permitting Finney, the appellee, after the testimony had been introduced and the plaintiffs had presented their argument on the subject of the reservation of household goods by Finney, to testify \u201cthat he had purchased the household goods with his wife\u2019s money, and that said property was hers.\u201d On cross-examination Finney had said that he had purchased the goods and paid cash for them, and on redirect examination he said that he paid for them with his wife\u2019s money. \u201cThe direct examination must be completed before the cross-examination begins, unless the court otherwise directs. Mansf. Dig., sec. 2899. It was within the sound discretion of the court to allow this statement by the appellee in evidence at the time it was made, in furtherance of justice, and there was no abuse of such discretion apparent to this court. Mansf. Dig., sec. 5131; Evans v. Rudy, 34 Ark., 390.\nIt is contended that the circuit court erred in modifying the second declaration of law asked for by the plaintiff, which was as follows (as modified by the court only by the insertion of the word intentionally): \u201cThe assignment in this case contemplated all the property of the assignor, and if he withheld (intentionally) from his assignee any material portion of his property, it is fraudulent as to creditors.\u201d\nFraud, though never presumed, like any other fact, may be proven by circumstances, but we do not think that the un \u2022 intentional withholding by appellee from his assignee of the small amount of household goods referred to was sufficient proof of fraud in this case, and upon this we will not disturb the court\u2019s finding. Besides this, more than the amount of property reserved by appellee was exempt to him, and could not have been taken for his debts; and hence his reservation of it could not have been a fraud against his creditors, as he claimed no exemption. Probst v. Welden, 46 Ark., 405, and cases cited.\nIt is urged that the assignment was fraudulent because it preferred by its terms a debt of three hundred dollars for attorneys\u2019 fees in favor of Ratcliffe & Fletcher, for services to be rendered in opposing the just demands of creditors. But the court below found that this debt was for \u201clegal services in preparing and perfecting the assignment, and not for future services.\u201d We think this finding supported by the evidence, and that there was no fraud in this. Hill v. Agnew, 12 Fed. Rep., 230; Wooldridge v. Irving, 23 id., 676.\nThe fourth declaration of law asked for by appellant is as follows: \u201cIf, before the assignment was fully executed by the performance by the assignee of the duty of filing bond and making an inventory,.the assignor and assignee assented to the appointment of a receiver for the purpose of making disposition of the property in a mode not contemplated by law in cases of assignment for creditors, that was a fraud upon the assignment law or an abandonment of the assignment, and operated, when used for the purpose of locking up property from the process of creditors, in an improper delay and interference with their rights, which would sustain an attachment.\u201d\nWhen the deed of assignment was signed, acknowledged and delivered by Finney to Little, the title vested in Little, and the statutory requirement that Little should file a bond and inventory before he could control the property was a condition subsequent, which could have nothing to do with the vesting of title under the deed. They were requirements with which Finney had nothing to do. The consent or objection of Finney could in no wise affect the title thus vested. Conway, ex parte, 4 Ark., 302; Clayton v. Johnson, 36 Ark., 406; Thatcher v. Franklin, 37 Ark., 64; Brennan v. Willson, 71 N. Y., 506. Nor could the consent or any fraud on the part of either Finney or Little, subsequent to the delivery of the assignment, affect the rights of the creditors. The fraud must have been in the assignment itself, and not in some act accruing before or after the assignment. Wilson v. Berg, 88 Pa. St., 167; Burrill on Assignments, sec. 351 et seq.; First National Bank v. Baker, 68 Wis., 442.\nThere was really no evidence to support this declaration \" A * \u00b0f law, as there was no proof that the purpose in seeking the appointment of the receiver was to make a disposition of the property \u201c in a way not contemplated by the assignment laws, and for the purpose of putting the property out of the reach of creditors.\u201d In Penzel Grocer Co. v. Williams et al., 53 Ark., 81, Judge Sandels, delivering the opinion of the court, said : \u201c The power of the chancery court, in the absence of statutory regulations, to supervise the execution of trusts, as also the power of chancery, notwithstanding the statute, to interfere upon proper allegations of irreparable loss, mismanagement, incompetency of trustees, etc., has never been questioned.\u201d It is true that the practice of interference upon the part of the chancery court, without sufficient allegations and showing, is condemned in that opinion.\nBut, if the appointment of the receiver in this case was improperly made, that question is not before us on appeal, and cannot be raised in a collateral suit. The judgment of the chancery court cannot be thus attacked. The chancery court h\u00e1d jurisdiction to appoint the receiver. Conway, ex parte, 4 Ark., 335 ; 1 Am. & Eng. Encyclopedia of Law, p. II, 872; 2 Story\u2019s Equity, sec. 1037.\nFinding no error the judgment of the circuit court is affirmed.",
        "type": "majority",
        "author": "Hughes, J."
      }
    ],
    "attorneys": [
      "Morris M. Cohn for appellant.",
      "Ratcliffe & Fletcher for appellee."
    ],
    "corrections": "",
    "head_matter": "Lowenstein v. Finney.\nDecided January 10, 1891.\n1. Trial\u2014Order of proof-\u2014Discretion of court.\nIt is within the court\u2019s discretion to allow a defendant to introduce further evidence in defense after the testimony is closed and plaintiff\u2019s opening argument has been made.\n2. Assignment\u2014 Withholding assets\u2014 When not fraudulent.\nAn assignment for the benefit of creditors purporting to convey all of the debtor\u2019s property, without reservation of any exempt property, is not vitiated by an unintentional withholding of an immaterial portion thereof, being less than he might have claimed as exempt.\n3. Assignment\u2014Attorney\u2019s fees.\nA provision in such assignment for the payment of an attorney\u2019s fee for legal services in preparing and perfecting the assignment is not fraudulent.\n4. Assignment\u2014 When title vests\u2014Subsequent fraud.\nIn an assignment for the benefit of\\creditors title to the property vests in the assignee upon delivery of the deed. Any subsequent fraudulent agreement between him and the assignor cannot affect the vested rights of creditors.\n5. .Receiver\u2014Appointment\u2014Collateral attack.\nA chancery court has jurisdiction, upon proper allegations, to appoint a receiver of assigned property; and where such an appointment has b een made, its propriety cannot be questioned in a collateral suit.\nAPPEAL from Pulaski Circuit Court.\nJoseph W. Martin, Judge.\nMorris M. Cohn for appellant.\n1. To allow the re-examination of a witness after the evidence is closed and argument begun was( unfair and an abuse of discretion by the court.\n2. Where an assignor purports to convey all his assets and reserves a material part, the assignment is void, whether done intentionally or not. Wait, Fr. Conv., secs. 8, 19, 197, 322-3-4; ib., sec. 9; 22 Wall., 513:6 id., 78-9; 31 Ark., 666-9; ^ N. H., 288; Burrill on Ass., secs. 108-9.\n3. The preference of Ratcliffe & Fletcher for services to be rendered in the future avoided the assignment. The fraud of the assignor is sufficient. Acts 1887, p. 194; 2 Sandf., 594; Wait, Fr. Conv., secs. 329, 335, 331 ; Mansf. Dig., sec. 308; 12 Fed. Rep., 230; .11 id., 297; 13 S. W. Rep., 513; ib., 515 ; 37 id., 151; 39 id., 66; 107 U. S., 361\n4. The whole proceedings in this cas\u00e9 were simply an attempt to evade the assignment laws of this State, and secure the disposition of assets of an insolvent debtor, through a trustee, in a mode not contemplated by law. 7 Wend., 239; 13 S. W. Rep., 423-4; ib , 513; ib., 716; 52 Ark., 426; 49 id., 117; 9 Fed. Rep., 483.\n5. There was an intentional withholding of assets by the assignor. This was a fraud. 46 Ark., 405 ; 13 S. W. Rep., 736; 5 N. W. Rep., 654. He was not entitled to any exemptions unless expressly reserved. 37 N. W., 811; 28 Conn., 47;, 26 N. J. S. (Dutcher), 124, 570; 5 Cowen, 584; 48 Ark., 213, 215; 47 id., 400; 49 id., 114; Burrill, Assign., sec. 96. The mere fact that his wife\u2019s money went into the property which he bought, would not make it hers. 50 Ark., 42, 46.\nRatcliffe & Fletcher for appellee.\n1. Permitting Finney to testify after the evidence was closed and argument commenced was in the sound discretion of the court, and it was not abused.\n2. The court properly inserted the word \u201c intentionally.\u201d No fraud can be deduced from an unintentional withholding of a small amount of household goods. 46 Ark., 405 ; 85 N. Y\u201e 464.\n3. Assignments by which attorneys were preferred for services rendered have been upheld. 12 Fed. Rep., 230; 23 id., 676. The court below found that the preference was for services rendered in preparing the assignment, and not for future services. But if it had been for future services, this does not render the assignment void. This debt is readily separated from the others, and may be entirely stricken out and the provisions stand. 23 Fed. Rep., 13; 5 Grab, 31; 11 Ind., 89; 9 Ala, 704; 4 Baxter (Tenn.), 162; 33 Md., 607; 24 Mo., 75 ; 18 Ark., 137; Burrill on Ass. (3d ed.), secs. 117, 352-3-\n4. When the assignment was executed and delivered, the title vested in the assignee; and the statutory requirements of bond and inventory were conditions subsequent, which could have nothing to do with the vesting of title under the deed. The consent or objection of Finney could in no wise affect the title thus vested. 4 Ark., 302; 36 Ark., 406; 37 id., 64; 71 N. Y., 506; 13 S. W., 513. The fraud must be in the assignment itself, and not in some act accruing before or after the assignment. 88 Penn. St., 167 ; Burrill on Ass., sec. 351 et seq.\\ 68 Wise., 442; 71 N. Y., 505.\nThe trusts arising under general assignments are peculiarly the objects of equity jurisdiction. 2 Story, Eq. Jur., sec. 1037; 4 Ark., 335 ; 1 Am. & Eng. Enc. of Law, p.\u2018872; Mansf. Dig.; ch. 8. See 52 Ark., 429.\n5. Withholding a small amount of household goods, which could have been claimed as exempt, and to which creditors had no right except under the assignment, and un: intentionally too, as the court found, was not sufficient to avoid the assignment. If property be not subject to execution, a conveyance made \u201c with a bad motive \u201d is not fraudulent as to creditors. 31 Ark., 554; 44 id., 180; 52 id., 102."
  },
  "file_name": "0124-01",
  "first_page_order": 150,
  "last_page_order": 156
}
