{
  "id": 1320440,
  "name": "Railway Company v. Amos",
  "name_abbreviation": "Railway Co. v. Amos",
  "decision_date": "1891-01-31",
  "docket_number": "",
  "first_page": "159",
  "last_page": "165",
  "citations": [
    {
      "type": "official",
      "cite": "54 Ark. 159"
    }
  ],
  "court": {
    "name_abbreviation": "Ark.",
    "id": 8808,
    "name": "Arkansas Supreme Court"
  },
  "jurisdiction": {
    "id": 34,
    "name_long": "Arkansas",
    "name": "Ark."
  },
  "cites_to": [
    {
      "cite": "21 Mich., 215",
      "category": "reporters:state",
      "reporter": "Mich.",
      "case_ids": [
        1315353
      ],
      "opinion_index": -1,
      "case_paths": [
        "/mich/21/0215-01"
      ]
    },
    {
      "cite": "48 Cal., 409",
      "category": "reporters:state",
      "reporter": "Cal.",
      "case_ids": [
        1953903
      ],
      "opinion_index": -1,
      "case_paths": [
        "/cal/48/0409-01"
      ]
    },
    {
      "cite": "31 Mich., 274",
      "category": "reporters:state",
      "reporter": "Mich.",
      "case_ids": [
        1319622
      ],
      "opinion_index": -1,
      "case_paths": [
        "/mich/31/0274-01"
      ]
    },
    {
      "cite": "32 N. Y., 597",
      "category": "reporters:state",
      "reporter": "N.Y.",
      "case_ids": [
        16285
      ],
      "opinion_index": -1,
      "case_paths": [
        "/ny/32/0597-01"
      ]
    },
    {
      "cite": "37 N. W. Rep., 152",
      "category": "reporters:state_regional",
      "reporter": "N.W.",
      "opinion_index": -1
    },
    {
      "cite": "44 Ark., 76",
      "category": "reporters:state",
      "reporter": "Ark.",
      "opinion_index": -1
    },
    {
      "cite": "38 Ark., 102",
      "category": "reporters:state",
      "reporter": "Ark.",
      "case_ids": [
        1900465
      ],
      "opinion_index": -1,
      "case_paths": [
        "/ark/38/0102-01"
      ]
    },
    {
      "cite": "5 S. E. Rep., 801",
      "category": "reporters:state_regional",
      "reporter": "S.E.",
      "weight": 2,
      "opinion_index": -1
    },
    {
      "cite": "31 Gratt., 70",
      "category": "reporters:state",
      "reporter": "Gratt.",
      "case_ids": [
        6715770
      ],
      "opinion_index": -1,
      "case_paths": [
        "/va/72/0346-01"
      ]
    },
    {
      "cite": "8 S. E. Rep., 826",
      "category": "reporters:state_regional",
      "reporter": "S.E.",
      "opinion_index": -1
    },
    {
      "cite": "37 Ark., 302",
      "category": "reporters:state",
      "reporter": "Ark.",
      "weight": 2,
      "opinion_index": -1
    },
    {
      "cite": "12 S. W. Rep., 204",
      "category": "reporters:state_regional",
      "reporter": "S.W.",
      "opinion_index": -1
    },
    {
      "cite": "56 N. Y., 44",
      "category": "reporters:state",
      "reporter": "N.Y.",
      "case_ids": [
        519240
      ],
      "opinion_index": -1,
      "case_paths": [
        "/ny/56/0044-01"
      ]
    },
    {
      "cite": "39 Ark., 387",
      "category": "reporters:state",
      "reporter": "Ark.",
      "case_ids": [
        1898705
      ],
      "weight": 2,
      "opinion_index": -1,
      "case_paths": [
        "/ark/39/0387-01"
      ]
    },
    {
      "cite": "40 Cal., 657",
      "category": "reporters:state",
      "reporter": "Cal.",
      "case_ids": [
        8712648
      ],
      "opinion_index": -1,
      "case_paths": [
        "/cal/40/0657-01"
      ]
    },
    {
      "cite": "62 Md., 301",
      "category": "reporters:state",
      "reporter": "Md.",
      "opinion_index": -1
    },
    {
      "cite": "76 Ala., 176",
      "category": "reporters:state",
      "reporter": "Ala.",
      "case_ids": [
        5618089
      ],
      "opinion_index": -1,
      "case_paths": [
        "/ala/76/0176-01"
      ]
    },
    {
      "cite": "35 Ind., 306",
      "category": "reporters:state",
      "reporter": "Ind.",
      "opinion_index": -1
    },
    {
      "cite": "46 Tex., 272",
      "category": "reporters:state",
      "reporter": "Tex.",
      "case_ids": [
        2158996
      ],
      "opinion_index": -1,
      "case_paths": [
        "/tex/46/0272-01"
      ]
    },
    {
      "cite": "4 So. Rep., 359",
      "category": "reporters:state_regional",
      "reporter": "So.",
      "opinion_index": -1
    },
    {
      "cite": "2 Wall., Jr., 164",
      "category": "reporters:federal",
      "reporter": "Wall. Jr.",
      "opinion_index": -1
    },
    {
      "cite": "47 N. Y., 282",
      "category": "reporters:state",
      "reporter": "N.Y.",
      "case_ids": [
        509509
      ],
      "opinion_index": -1,
      "case_paths": [
        "/ny/47/0282-01"
      ]
    },
    {
      "cite": "47 Mo., 90",
      "category": "reporters:state",
      "reporter": "Mo.",
      "case_ids": [
        947837
      ],
      "opinion_index": -1,
      "case_paths": [
        "/mo/47/0090-01"
      ]
    },
    {
      "cite": "36 Conn., 182",
      "category": "reporters:state",
      "reporter": "Conn.",
      "case_ids": [
        782618
      ],
      "opinion_index": -1,
      "case_paths": [
        "/conn/36/0182-01"
      ]
    },
    {
      "cite": "13 S. W. Rep., 140",
      "category": "reporters:state_regional",
      "reporter": "S.W.",
      "opinion_index": -1
    },
    {
      "cite": "41 Fed. Rep., 191",
      "category": "reporters:federal",
      "reporter": "F.",
      "opinion_index": -1
    },
    {
      "cite": "2 McCrary, 268",
      "category": "reporters:federal",
      "reporter": "McCrary's Cir. Ct. Rpts",
      "opinion_index": -1
    },
    {
      "cite": "86 N. C., 224",
      "category": "reporters:state",
      "reporter": "N.C.",
      "opinion_index": -1
    },
    {
      "cite": "67 Me., 100",
      "category": "reporters:state",
      "reporter": "Me.",
      "case_ids": [
        639633
      ],
      "opinion_index": -1,
      "case_paths": [
        "/me/67/0100-01"
      ]
    },
    {
      "cite": "47 Wis., 146",
      "category": "reporters:state",
      "reporter": "Wis.",
      "opinion_index": -1
    },
    {
      "cite": "42 N. J., 180",
      "category": "reporters:state",
      "reporter": "N.J.",
      "opinion_index": -1
    },
    {
      "cite": "72 Mo., 50",
      "category": "reporters:state",
      "reporter": "Mo.",
      "case_ids": [
        445467
      ],
      "opinion_index": -1,
      "case_paths": [
        "/mo/72/0050-01"
      ]
    },
    {
      "cite": "52 Miss., 808",
      "category": "reporters:state",
      "reporter": "Miss.",
      "case_ids": [
        8840570
      ],
      "opinion_index": -1,
      "case_paths": [
        "/miss/52/0808-01"
      ]
    },
    {
      "cite": "22 Minn., 165",
      "category": "reporters:state",
      "reporter": "Minn.",
      "case_ids": [
        561880
      ],
      "opinion_index": -1,
      "case_paths": [
        "/minn/22/0165-01"
      ]
    },
    {
      "cite": "51 Iowa, 419",
      "category": "reporters:state",
      "reporter": "Iowa",
      "case_ids": [
        2324078
      ],
      "opinion_index": -1,
      "case_paths": [
        "/iowa/51/0419-01"
      ]
    },
    {
      "cite": "26 Mich., 255",
      "category": "reporters:state",
      "reporter": "Mich.",
      "case_ids": [
        1308864
      ],
      "pin_cites": [
        {
          "page": "261"
        }
      ],
      "opinion_index": -1,
      "case_paths": [
        "/mich/26/0255-01"
      ]
    },
    {
      "cite": "35 Ohio St., 627",
      "category": "reporters:state",
      "reporter": "Ohio St.",
      "case_ids": [
        906835
      ],
      "opinion_index": -1,
      "case_paths": [
        "/ohio-st/35/0627-01"
      ]
    },
    {
      "cite": "73 Ind., 174",
      "category": "reporters:state",
      "reporter": "Ind.",
      "opinion_index": -1
    },
    {
      "cite": "8 Fed. Rep., 488",
      "category": "reporters:federal",
      "reporter": "F.",
      "case_ids": [
        6739586
      ],
      "opinion_index": -1,
      "case_paths": [
        "/f/8/0488-01"
      ]
    },
    {
      "cite": "4 Woods, 652",
      "category": "reporters:federal",
      "reporter": "Woods",
      "opinion_index": -1
    },
    {
      "cite": "95 U. S , 442",
      "category": "reporters:federal",
      "reporter": "U.S.",
      "opinion_index": -1
    },
    {
      "cite": "95 U. S., 702",
      "category": "reporters:federal",
      "reporter": "U.S.",
      "opinion_index": -1
    },
    {
      "cite": "27 N. W. Rep., 792",
      "category": "reporters:state_regional",
      "reporter": "N.W.",
      "opinion_index": -1
    },
    {
      "cite": "10 Allen, 532",
      "category": "reporters:state",
      "reporter": "Allen",
      "case_ids": [
        2117006
      ],
      "weight": 2,
      "opinion_index": -1,
      "case_paths": [
        "/mass/92/0532-01"
      ]
    },
    {
      "cite": "120 Mass., 257",
      "category": "reporters:state",
      "reporter": "Mass.",
      "case_ids": [
        738991
      ],
      "weight": 2,
      "opinion_index": -1,
      "case_paths": [
        "/mass/120/0257-01"
      ]
    },
    {
      "cite": "77 Me., 538",
      "category": "reporters:state",
      "reporter": "Me.",
      "case_ids": [
        607617
      ],
      "weight": 2,
      "opinion_index": -1,
      "case_paths": [
        "/me/77/0538-01"
      ]
    },
    {
      "cite": "77 Me., 85",
      "category": "reporters:state",
      "reporter": "Me.",
      "case_ids": [
        607482
      ],
      "opinion_index": -1,
      "case_paths": [
        "/me/77/0085-01"
      ]
    },
    {
      "cite": "2 N. E. Rep., 875",
      "category": "reporters:state_regional",
      "reporter": "N.E.",
      "opinion_index": -1
    },
    {
      "cite": "4 Atl. Rep., 580",
      "category": "reporters:state_regional",
      "reporter": "A.",
      "pin_cites": [
        {
          "page": "599"
        }
      ],
      "opinion_index": -1
    },
    {
      "cite": "72 Mo., 168",
      "category": "reporters:state",
      "reporter": "Mo.",
      "case_ids": [
        445499
      ],
      "opinion_index": -1,
      "case_paths": [
        "/mo/72/0168-01"
      ]
    },
    {
      "cite": "41 Iowa, 227",
      "category": "reporters:state",
      "reporter": "Iowa",
      "case_ids": [
        2306949
      ],
      "opinion_index": -1,
      "case_paths": [
        "/iowa/41/0227-01"
      ]
    },
    {
      "cite": "62 Ind., 566",
      "category": "reporters:state",
      "reporter": "Ind.",
      "case_ids": [
        1512822
      ],
      "opinion_index": -1,
      "case_paths": [
        "/ind/62/0566-01"
      ]
    },
    {
      "cite": "25 Mich., 291",
      "category": "reporters:state",
      "reporter": "Mich.",
      "opinion_index": -1
    },
    {
      "cite": "33 Ind., 367",
      "category": "reporters:state",
      "reporter": "Ind.",
      "weight": 3,
      "opinion_index": -1
    },
    {
      "cite": "30 N. W. Rep., 548",
      "category": "reporters:state_regional",
      "reporter": "N.W.",
      "opinion_index": -1
    },
    {
      "cite": "30 Minn., 482",
      "category": "reporters:state",
      "reporter": "Minn.",
      "case_ids": [
        8876735
      ],
      "opinion_index": -1,
      "case_paths": [
        "/minn/30/0482-01"
      ]
    },
    {
      "cite": "6 Atl. Rep., 239",
      "category": "reporters:state_regional",
      "reporter": "A.",
      "weight": 2,
      "pin_cites": [
        {
          "page": "329"
        }
      ],
      "opinion_index": -1
    },
    {
      "cite": "14 R. I., 102",
      "category": "reporters:state",
      "reporter": "R.I.",
      "case_ids": [
        11267483
      ],
      "opinion_index": -1,
      "case_paths": [
        "/ri/14/0102-01"
      ]
    },
    {
      "cite": "27 N. W. Rep., 514",
      "category": "reporters:state_regional",
      "reporter": "N.W.",
      "opinion_index": -1
    },
    {
      "cite": "11 Pac. Rep., 137",
      "category": "reporters:state_regional",
      "reporter": "P.",
      "opinion_index": -1
    },
    {
      "cite": "49 Pa. St., 60",
      "category": "reporters:state",
      "reporter": "Pa.",
      "case_ids": [
        998459
      ],
      "weight": 2,
      "opinion_index": -1,
      "case_paths": [
        "/pa/49/0060-01"
      ]
    },
    {
      "cite": "51 Ark., 88",
      "category": "reporters:state",
      "reporter": "Ark.",
      "case_ids": [
        8720436
      ],
      "opinion_index": 0,
      "case_paths": [
        "/ark/51/0088-01"
      ]
    },
    {
      "cite": "34 La. Ann., 1237",
      "category": "reporters:state",
      "reporter": "La. Ann.",
      "opinion_index": 0
    },
    {
      "cite": "71 Ind., 302",
      "category": "reporters:state",
      "reporter": "Ind.",
      "case_ids": [
        1936438
      ],
      "opinion_index": 0,
      "case_paths": [
        "/ind/71/0302-01"
      ]
    },
    {
      "cite": "86 Mo., 599",
      "category": "reporters:state",
      "reporter": "Mo.",
      "case_ids": [
        433874
      ],
      "opinion_index": 0,
      "case_paths": [
        "/mo/86/0599-01"
      ]
    },
    {
      "cite": "37 Ark., 298",
      "category": "reporters:state",
      "reporter": "Ark.",
      "case_ids": [
        1870952
      ],
      "opinion_index": 0,
      "case_paths": [
        "/ark/37/0298-01"
      ]
    },
    {
      "cite": "44 Ark., 74",
      "category": "reporters:state",
      "reporter": "Ark.",
      "case_ids": [
        1893373
      ],
      "opinion_index": 0,
      "case_paths": [
        "/ark/44/0074-01"
      ]
    }
  ],
  "analysis": {
    "cardinality": 718,
    "char_count": 11962,
    "ocr_confidence": 0.747,
    "pagerank": {
      "raw": 8.147879575848791e-07,
      "percentile": 0.9744280458049871
    },
    "sha256": "2312ed510775218d05c013e30fdf215f33ccfa3c23d8ae62373d83365268c805",
    "simhash": "1:a33c876b225e0975",
    "word_count": 2143
  },
  "last_updated": "2024-02-27T17:41:31.659507+00:00",
  "provenance": {
    "date_added": "2019-08-29",
    "source": "Harvard",
    "batch": "2018"
  },
  "casebody": {
    "judges": [],
    "parties": [
      "Railway Company v. Amos."
    ],
    "opinions": [
      {
        "text": "Cockrill, C. J.\nThe bill of exceptions does not purport . to set forth all the evidence adduced at the trial. Our inquiry therefore cannot reach some matters assigned as error by the appellant\u2019s counsel. We indulge the presumption that there was proof of every fact which is necessary to sustain the court\u2019s rulings, wherever evidence adduced at the proper time would justify its action. Every ruling is presumed to be right, unless the record contains matter which shows affirmatively that it is wrong. McKinney v. Demby, 44 Ark., 74.\nThe suit was a joint action by husband and wife against the railway to recover damages for personal injuries sustained by them while crossing the railway .track in a wagon at a street crossing, in the city of Little Rock. They recovered a joint judgment for $1200.\nThe act of 1873, known as the married woman\u2019s act, authorizes the wife to prosecute a suit for personal injury x x J J in her own right without joining her husband. Dig., sec. 4951. Mrs. Amos could have prosecuted her suit for the injury shown in this case independently of her husband. But no objection was made to the joinder, and no question arises upon it now except in its bearing upon the competency of the plaintiffs as witnesses in the cause. It is argued that, as both were plaintiffs and interested in the result, neither was competent to testify in the cause. But cither was a competent witness in his or her own behalf, and the rule is settled by the previous decision of this court that, in cases in which a party may be a witness for himself, marriage is not a disqualification as to his interest in the cause, notwithstanding the other party to the marriage is a party to the suit. Klenk v. Knoble, 37 Ark., 298. Much authority may be cited to the same effect. Bell v. Ry., 86 Mo., 599; Clouse v. Elliott, 71 Ind., 302; Shantz v. Stoll, 34 La. Ann., 1237.\nIt is not urged that the court\u2019s charge to the jury misstates the law in any respect, but it is argued that it was inapplicable to the plaintiffs\u2019 case in two particulars to which exceptions were saved.\nOne of the exceptions relates to exemplary damages, and the other to the railway\u2019s duty to take proper precautions at street crossings to prevent injury to persons upon the highway. The latter exception is futile because the charge was applicable to the case made by the appellees; and the ether must fail because it is not apparent that the proof did not call for a charge upon the subject of exemplary damages, inasmuch as the bill of exceptions does not profess to contain all the evidence upon which the court acted.\nThe defect in the bill of exceptions disposes also of the argument that we should declare as matter of law that the appellees were injured through their own contributory negligence. The presumption upon the record is otherwise.\nThe court\u2019s charge upon the subject of contributory negligence, on the part of the plaintiffs, was satisfactory to the railway, except in the refusal to charge that it was the plaintiffs\u2019 duty to stop their wagon before entering upon the track, to ascertain whether a train was approaching. A series of prayers for instructions embodying that idea were rejected by the court, and that is assigned as error. There was evidence tending to show that the engine was put in motion after the plaintiffs entered upon the track, and backed upon the cars, which were standing near the crossing, without giving any warning of the move. There was also testimony, the purport of which was that the train was moving toward the crossing with bell ringing when the plaintiffs approached.\nIn the rejected twelfth prayer the court was requested to charge that if the plaintiffs drove upon the track in the dark without stopping to investigate, when by stopping and listening they could have learned that a train was approaching, they were guilty of contributory negligence and could not recover.\nThe prayer required the jury to find for the railway, notwithstanding they might believe from the evidence that the train approached the crossing without sounding whistle or bell, and that if such signals of warning were given, the plaintiffs would have been as likely to hear them without stopping as otherwise. Railway Co. v. Slattery, 3 App. Cas., 1166. It was not for the court to exclude those mat-' ters from the consideration of the jury, and to say to them in effect, as the prayer required, that it is not the part of a prudent man to rely upon the railway to perform its known duty in giving signals of warning at a crossing only because it is dark. If it is true, as the testimony set out in the bill of exceptions tends to establish, that the railway had withdrawn its watchman from the crossing, and allowed the lights, which usually aided the traveler to extricate himself from their labyrinth of tracks in the highway, to become extinct at a time when no regular train could be anticipated, it could not be asserted as a matter of law that a prudent man traveling upon the highway would not be led to believe that the company intended that he should rest in security against an attempt to back a train over the public crossing without signaling its approach. It is not error to reject a prayer for a charge which excluded from the jury\u2019s consideration evidence which might exert an influence on their verdict. Claiborne v. State, 51 Ark., 88; 2 Thompson, Trials, sec. 2328. The rejected prayer was subject to that objection, and the court\u2019s ruling was right.\nThe appellant\u2019s other rejected prayers for instructions were properly refused either because the substance was embodied in the charge, or for the reason given for the rejection of the twelfth prayer.\nAs we are unable to say that we have all the evidence relating to the injury before us, we can not consider the objection that the verdict is excessive.\nAffirm.",
        "type": "majority",
        "author": "Cockrill, C. J."
      }
    ],
    "attorneys": [
      "Dodge & Johnson for appellant.",
      "Sanders & Watkins for appellees."
    ],
    "corrections": "",
    "head_matter": "Railway Company v. Amos.\nDecided January 31, 1891.\nI. Bill of exceptions\u2014Presumption.\nWhere the bill of exceptions does not purport to set forth all the evidence adduced at the trial, it will be presumed on appeal that there was proof of every fact necessary to sustain the trial court\u2019s rulings, wherever evidence adduced at the proper time would justify its action.\n2. Husband and wife\u2014Parties\u2014 Competency as witnesses.\nIn an action by a husband and wife to recover damages for personal injuries to each of them, although neither is a competent witness for or against the other (Mansf. Dig., sec. 2859), either is competent to testify in his or her own behalf.\n3. Railway crossing\u2014Contributory negligence.\nIn an action for personal injuries received at a railway crossing an instruction that \u201c if the plaintiffs drove upon the track in the dark, without stopping to investigate, when by stopping and listening they could have' learned that a train was approaching, they were guilty of contributory negligence and could not recover,\u201d was properly refused, where it ignored evidence that, at a time when no regular train could be anticipated, defendant had removed the watchman and extinguished the light usually kept at the crossing, and that, after plaintiffs drove upon the track, defendant\u2019s engine was put in motion without signal of warning and a car standing by the crossing backed against plaintiff\u2019s wagon. Whether under such circumstances plaintiffs were guilty of negligence, and, if so, whether such negligence contributed to the injury, were questions for the jury.\nAPPEAL from Pulaski Circuit Court.\nJoseph W. Martin, Judge.\nJoint action of John S. Amos and wife against the St.. Louis, Iron Mountain and Southern Railway Company, to recover damages for personal injuries.\nThe complaint alleged that while plaintiffs were with due-care driving along a street of the city of Little Rpck, and just as they were crossing the track of the defendant, the agents and servants and employes of said defendant were operating and in charge of an engine and train of freight cars a little east of said crossing, and as plaintiffs were immediately on the said track, the said agents, servants and employes, so in control of the said engine and cars, carelessly and negligently backed, shoved and forced the said cars against and over the wagon in whic 1 plaintiffs were riding, and bruised, wounded and injured plaintiffs. That by reason of the said wounds, bruises and injuries, the plaintiffs were damaged in the sum of five thousand dollars.\nThe answer denied that plaintiffs were driving with due care, or that defendant, its servants, agents or employes,, were guilty of want of care in the premises, but specifically charged \u201c that the accident was the direct cause and result of plaintiffs\u2019 contributory negligence in attempting to cross its said tracks in the night time, immediately in front of its. moving trains, without defendant\u2019s knowledge, and because of plaintiffs\u2019 failure to stop and listen for the approach of any train, as it was plaintiffs\u2019 duty to do before attempting to cross said track.\u201d\nDodge & Johnson for appellant.\n1. Plaintiffs were guilty of contributory negligence. They neither stopped, looked or listened for signals. The traveler must use due diligence and care, and there must be negligence on the part of the railway company or its employes. Sh. & Redf. on Negl., sec. 481; Pierce on R. R., p. 342; Wharton on Negl., sec. 382; 2 Wood on Rys., sec. 323; 1 Rorer on R. R., p. 533; Cooley on Torts, p. 680; 1 Thomps. on Negl., p. 415 ; ib., 401; 49 Pa. St., 60.\nThe traveler must make vigilant use of his senses\u2014a failure to look and listen is negligence. 11 Pac. Rep., 137 ; 27 N. W. Rep., 514; 31 id., 147; 14 R. I., 102; 6 Atl. Rep., 239 5 5 id., 329; 30 Minn., 482; 30 N. W. Rep., 548; 33 Ind., 367; 50 id., 42 ; 50 id., 65 ; 25 Mich., 291; 62 Ind., 566; 41 Iowa, 227; 72 Mo., 168; 71 id., 636; 64 id., 480; 4 Atl. Rep., 580, 599.\nIt is negligence per se for a person to cross a railroad track without first listening and looking for a coming train, etc. 2 N. E. Rep., 875 ; 77 Me., 85 ; 77 Me., 538; 76 id., 357i 120 Mass., 257; 134 id., 499; 105 id., 77; 10 Allen, 532.\nWhen the view is obstructed the traveler should take greater care. 6 A. & E. R. Cas., 268; 8 id., 208 ; 27 N. W. Rep., 792.\nThe following cases sustain this rule : 95 U. S., 702 ; 95 U. S , 442; 4 Woods, 652; 8 Fed. Rep., 488; 73 Ind., 174; 120 Mass., 257; 91 N. Y.,420; 49 Pa. St., 60; 35 Ohio St., 627; 26 Mich., 255, 261; 81 111., 450; 51 Iowa, 419; 22 Minn., 165; 52 Miss., 808; 72 Mo., 50; 42 N. J., 180; 47 Wis., 146; 67 Me., 100; 86 N. C., 224; 2 McCrary, 268; 41 Fed. Rep., 191.\n2. This was not a case for exemplary damages. 13 S. W. Rep., 140; Field on Dam., sec. 34; 36 Conn., 182; S1 111., 467; 47 Mo., 90; 47 N. Y., 282; 9 W. Rep., 612; 33 A. & E. R. Cases, 407; 1 Otto, 489; 21 How.,213; 2 Wall., Jr., 164; Sutherland on Dam., p. 724; 34 A. & E. Cases, 432; 4 So. Rep., 359; 52 111., 451; 46 Tex., 272; 35 Ind., 306; 76 Ala., 176; 62 Md., 301; 40 Cal., 657; 39 Ark., 387, 448 ; 41 id., 299 ; 56 N. Y., 44.\n3. It was error to give the third instruction for plaintiffs. 12 S. W. Rep., 204; 19 A. & E. Cases, 36.\n4. It was error to allow husband and wife to testify in the other\u2019s behalf. Mansf. Dig., sec. 2859; 37 Ark., 302; 34 id., 674; 8 S. E. Rep., 826 ; 31 Gratt., 70; 5 S. E. Rep., 801; 27 A. & E. R. Cases, 333.\n5. The verdict was excessive.\nSanders & Watkins for appellees.\n1. The bill of exceptions does not contain all the evidence. 38 Ark., 102 ; 44 Ark., 76.\n2. It is not the duty of a traveler to stop and examine before attempting to cross. 37 N. W. Rep., 152; 112 111., 490 ; 116 Mass , 540.\n3. The instruction as to exemplary damages was properly given. Sh. & Redf. on Neg., sec. 748; ib., sec. 408; 32 N. Y., 597'; 28 Wise., 487: 58 111., 83 ; SS 111., 379; 31 Mich., 274; 48 Cal., 409 ; 6 A. & E. R. Cas., 125, and note.\n4. Plaintiffs were competent witnesses, both being interested in the suit. Mansf. Dig., sec. 5339; 52 111., 260; 21 Mich., 215 ; 5 S. E. Rep., 801; 37 Ark., 302."
  },
  "file_name": "0159-01",
  "first_page_order": 185,
  "last_page_order": 191
}
