{
  "id": 1320430,
  "name": "Hindman v. O'Connor",
  "name_abbreviation": "Hindman v. O'Connor",
  "decision_date": "1891-07-03",
  "docket_number": "",
  "first_page": "627",
  "last_page": "644",
  "citations": [
    {
      "type": "official",
      "cite": "54 Ark. 627"
    }
  ],
  "court": {
    "name_abbreviation": "Ark.",
    "id": 8808,
    "name": "Arkansas Supreme Court"
  },
  "jurisdiction": {
    "id": 34,
    "name_long": "Arkansas",
    "name": "Ark."
  },
  "cites_to": [
    {
      "cite": "47 Ark., 558",
      "category": "reporters:state",
      "reporter": "Ark.",
      "case_ids": [
        1888742
      ],
      "opinion_index": -1,
      "case_paths": [
        "/ark/47/0558-01"
      ]
    },
    {
      "cite": "11 Ark., 519",
      "category": "reporters:state",
      "reporter": "Ark.",
      "case_ids": [
        8727890
      ],
      "opinion_index": -1,
      "case_paths": [
        "/ark/11/0519-01"
      ]
    },
    {
      "cite": "49 Ark., 398",
      "category": "reporters:state",
      "reporter": "Ark.",
      "opinion_index": -1
    },
    {
      "cite": "2 Wall., 329",
      "category": "reporters:scotus_early",
      "reporter": "Wall.,",
      "opinion_index": -1
    },
    {
      "cite": "117 U. S., 255",
      "category": "reporters:federal",
      "reporter": "U.S.",
      "case_ids": [
        8299744
      ],
      "opinion_index": -1,
      "case_paths": [
        "/us/117/0255-01"
      ]
    },
    {
      "cite": "24 Ark., 155",
      "category": "reporters:state",
      "reporter": "Ark.",
      "case_ids": [
        8726563
      ],
      "opinion_index": -1,
      "case_paths": [
        "/ark/24/0155-01"
      ]
    },
    {
      "cite": "10 Wheat., 193",
      "category": "reporters:scotus_early",
      "reporter": "Wheat.",
      "opinion_index": -1
    },
    {
      "cite": "64 Ala., 410",
      "category": "reporters:state",
      "reporter": "Ala.",
      "case_ids": [
        5565436
      ],
      "weight": 2,
      "opinion_index": -1,
      "case_paths": [
        "/ala/64/0410-01"
      ]
    },
    {
      "cite": "39 Ark., 131",
      "category": "reporters:state",
      "reporter": "Ark.",
      "case_ids": [
        1898659
      ],
      "opinion_index": -1,
      "case_paths": [
        "/ark/39/0131-01"
      ]
    },
    {
      "cite": "36 Ark., 383",
      "category": "reporters:state",
      "reporter": "Ark.",
      "case_ids": [
        1872385
      ],
      "weight": 5,
      "pin_cites": [
        {
          "page": "419"
        }
      ],
      "opinion_index": -1,
      "case_paths": [
        "/ark/36/0383-01"
      ]
    },
    {
      "cite": "82 Cal., 351",
      "category": "reporters:state",
      "reporter": "Cal.",
      "case_ids": [
        4375106
      ],
      "opinion_index": -1,
      "case_paths": [
        "/cal/82/0351-01"
      ]
    },
    {
      "cite": "85 Am. Dec., 516",
      "category": "reporters:federal",
      "reporter": "Am. Dec.",
      "opinion_index": -1
    },
    {
      "cite": "16 la., 284",
      "category": "reporters:state",
      "reporter": "Iowa",
      "case_ids": [
        2291585
      ],
      "opinion_index": -1,
      "case_paths": [
        "/iowa/16/0284-01"
      ]
    },
    {
      "cite": "72 Am. Dec., 789",
      "category": "reporters:federal",
      "reporter": "Am. Dec.",
      "opinion_index": -1
    },
    {
      "cite": "32 Pa. St., 315",
      "category": "reporters:state",
      "reporter": "Pa.",
      "case_ids": [
        986767
      ],
      "opinion_index": -1,
      "case_paths": [
        "/pa/32/0315-01"
      ]
    },
    {
      "cite": "27 S. C., 300",
      "category": "reporters:state",
      "reporter": "S.C.",
      "case_ids": [
        4387912
      ],
      "opinion_index": -1,
      "case_paths": [
        "/sc/27/0300-01"
      ]
    },
    {
      "cite": "61 Mich., 471",
      "category": "reporters:state",
      "reporter": "Mich.",
      "case_ids": [
        1419296
      ],
      "opinion_index": -1,
      "case_paths": [
        "/mich/61/0471-01"
      ]
    },
    {
      "cite": "20 Neb., 347",
      "category": "reporters:state",
      "reporter": "Neb.",
      "case_ids": [
        4406085
      ],
      "opinion_index": -1,
      "case_paths": [
        "/neb/20/0347-01"
      ]
    },
    {
      "cite": "31 Minn., 468",
      "category": "reporters:state",
      "reporter": "Minn.",
      "case_ids": [
        749140
      ],
      "opinion_index": -1,
      "case_paths": [
        "/minn/31/0468-01"
      ]
    },
    {
      "cite": "86 Ky., 572",
      "category": "reporters:state",
      "reporter": "Ky.",
      "case_ids": [
        1320733
      ],
      "opinion_index": -1,
      "case_paths": [
        "/ky/86/0572-01"
      ]
    },
    {
      "cite": "45 Am. Dec. 310",
      "category": "reporters:federal",
      "reporter": "Am. Dec.",
      "opinion_index": -1
    },
    {
      "cite": "46 Ark., 25",
      "category": "reporters:state",
      "reporter": "Ark.",
      "case_ids": [
        1890464
      ],
      "weight": 2,
      "opinion_index": -1,
      "case_paths": [
        "/ark/46/0025-01"
      ]
    },
    {
      "cite": "36 Ark., 390",
      "category": "reporters:state",
      "reporter": "Ark.",
      "opinion_index": -1
    },
    {
      "cite": "44 Ark., 293",
      "category": "reporters:state",
      "reporter": "Ark.",
      "case_ids": [
        1893420
      ],
      "weight": 2,
      "pin_cites": [
        {
          "page": "299"
        }
      ],
      "opinion_index": -1,
      "case_paths": [
        "/ark/44/0293-01"
      ]
    },
    {
      "cite": "33 Ark., 658",
      "category": "reporters:state",
      "reporter": "Ark.",
      "case_ids": [
        8725659
      ],
      "opinion_index": -1,
      "case_paths": [
        "/ark/33/0658-01"
      ]
    },
    {
      "cite": "34 Ark., 590",
      "category": "reporters:state",
      "reporter": "Ark.",
      "case_ids": [
        1875615
      ],
      "opinion_index": -1,
      "case_paths": [
        "/ark/34/0590-01"
      ]
    },
    {
      "cite": "31 Ark., 372",
      "category": "reporters:state",
      "reporter": "Ark.",
      "opinion_index": -1
    },
    {
      "cite": "48 Ark., 305",
      "category": "reporters:state",
      "reporter": "Ark.",
      "case_ids": [
        1887790
      ],
      "opinion_index": -1,
      "case_paths": [
        "/ark/48/0305-01"
      ]
    },
    {
      "cite": "5 Ark., 27",
      "category": "reporters:state",
      "reporter": "Ark.",
      "case_ids": [
        8726095
      ],
      "weight": 2,
      "pin_cites": [
        {
          "page": "41"
        }
      ],
      "opinion_index": -1,
      "case_paths": [
        "/ark/5/0027-01"
      ]
    },
    {
      "cite": "7 Hill,. 24",
      "category": "reporters:state",
      "reporter": "Hill,.",
      "opinion_index": -1
    },
    {
      "cite": "11 Wend., 648",
      "category": "reporters:state",
      "reporter": "Wend.",
      "opinion_index": -1
    },
    {
      "cite": "51 Ark., 35",
      "category": "reporters:state",
      "reporter": "Ark.",
      "opinion_index": -1
    },
    {
      "cite": "2 Wall., 342",
      "category": "reporters:scotus_early",
      "reporter": "Wall.,",
      "weight": 2,
      "opinion_index": -1
    },
    {
      "cite": "6 Wheat., 119",
      "category": "reporters:scotus_early",
      "reporter": "Wheat.",
      "case_ids": [
        11729282
      ],
      "opinion_index": -1,
      "case_paths": [
        "/us/19/0119-01"
      ]
    },
    {
      "cite": "42 Ark., 398",
      "category": "reporters:state",
      "reporter": "Ark.",
      "weight": 2,
      "pin_cites": [
        {
          "page": "400"
        }
      ],
      "opinion_index": -1
    },
    {
      "cite": "16 Am. Dec., 616",
      "category": "reporters:federal",
      "reporter": "Am. Dec.",
      "opinion_index": -1
    },
    {
      "cite": "14 Am. St. Rep., 626",
      "category": "reporters:state",
      "reporter": "Am. St. Rep.",
      "opinion_index": -1
    },
    {
      "cite": "98 Mo., 159",
      "category": "reporters:state",
      "reporter": "Mo.",
      "case_ids": [
        568122
      ],
      "opinion_index": -1,
      "case_paths": [
        "/mo/98/0159-01"
      ]
    },
    {
      "cite": "4 How., 554",
      "category": "reporters:scotus_early",
      "reporter": "How.",
      "opinion_index": -1
    },
    {
      "cite": "40 Ohio St., 640",
      "category": "reporters:state",
      "reporter": "Ohio St.",
      "opinion_index": -1
    },
    {
      "cite": "80 Ala., 11",
      "category": "reporters:state",
      "reporter": "Ala.",
      "case_ids": [
        3386535
      ],
      "opinion_index": -1,
      "case_paths": [
        "/ala/80/0011-01"
      ]
    },
    {
      "cite": "61 Miss., 766",
      "category": "reporters:state",
      "reporter": "Miss.",
      "case_ids": [
        1796506
      ],
      "opinion_index": -1,
      "case_paths": [
        "/miss/61/0766-01"
      ]
    },
    {
      "cite": "5 Dana, 507",
      "category": "reporters:state",
      "reporter": "Dana",
      "opinion_index": -1
    },
    {
      "cite": "46 Ark., 32",
      "category": "reporters:state",
      "reporter": "Ark.",
      "weight": 2,
      "pin_cites": [
        {
          "page": "44"
        }
      ],
      "opinion_index": -1
    },
    {
      "cite": "38 Ark., 26",
      "category": "reporters:state",
      "reporter": "Ark.",
      "opinion_index": -1
    },
    {
      "cite": "23 Ark., 622",
      "category": "reporters:state",
      "reporter": "Ark.",
      "case_ids": [
        1866083
      ],
      "opinion_index": -1,
      "case_paths": [
        "/ark/23/0622-01"
      ]
    },
    {
      "cite": "33 Ark., 490",
      "category": "reporters:state",
      "reporter": "Ark.",
      "case_ids": [
        8724783
      ],
      "opinion_index": -1,
      "case_paths": [
        "/ark/33/0490-01"
      ]
    },
    {
      "cite": "12 S. W. Rep., 111",
      "category": "reporters:state_regional",
      "reporter": "S.W.",
      "opinion_index": 0
    },
    {
      "cite": "11 Am. St. Rep., 808",
      "category": "reporters:state",
      "reporter": "Am. St. Rep.",
      "opinion_index": 0
    },
    {
      "cite": "124 Mass., 592",
      "category": "reporters:state",
      "reporter": "Mass.",
      "case_ids": [
        733244
      ],
      "opinion_index": 0,
      "case_paths": [
        "/mass/124/0592-01"
      ]
    },
    {
      "cite": "28 Gratt., 872",
      "category": "reporters:state",
      "reporter": "Gratt.",
      "case_ids": [
        4432251
      ],
      "opinion_index": 0,
      "case_paths": [
        "/va/69/0272-01"
      ]
    },
    {
      "cite": "48 Wall., 350",
      "category": "reporters:scotus_early",
      "reporter": "Wall.,",
      "pin_cites": [
        {
          "page": "371"
        }
      ],
      "opinion_index": 0
    },
    {
      "cite": "2 Wall., 328",
      "category": "reporters:scotus_early",
      "reporter": "Wall.,",
      "case_ids": [
        8300144
      ],
      "pin_cites": [
        {
          "page": "342"
        }
      ],
      "opinion_index": 0,
      "case_paths": [
        "/us/69/0328-01"
      ]
    },
    {
      "cite": "2 Wharton, 62",
      "category": "reporters:state",
      "reporter": "Whart.",
      "opinion_index": 0
    },
    {
      "cite": "2 Johns. Ch., 252",
      "category": "reporters:state",
      "reporter": "Johns. Ch.",
      "opinion_index": 0
    },
    {
      "cite": "22 N. Y., 327",
      "category": "reporters:state",
      "reporter": "N.Y.",
      "case_ids": [
        2026270
      ],
      "opinion_index": 0,
      "case_paths": [
        "/ny/22/0327-01"
      ]
    },
    {
      "cite": "49 Ark., 242",
      "category": "reporters:state",
      "reporter": "Ark.",
      "case_ids": [
        1309880
      ],
      "opinion_index": 0,
      "case_paths": [
        "/ark/49/0242-01"
      ]
    },
    {
      "cite": "33 Ark., 294",
      "category": "reporters:state",
      "reporter": "Ark.",
      "case_ids": [
        8723675
      ],
      "opinion_index": 0,
      "case_paths": [
        "/ark/33/0294-01"
      ]
    },
    {
      "cite": "33 Ark., 587",
      "category": "reporters:state",
      "reporter": "Ark.",
      "opinion_index": 0
    },
    {
      "cite": "30 Ark., 44",
      "category": "reporters:state",
      "reporter": "Ark.",
      "case_ids": [
        1881141
      ],
      "opinion_index": 0,
      "case_paths": [
        "/ark/30/0044-01"
      ]
    },
    {
      "cite": "4 How., 504",
      "category": "reporters:scotus_early",
      "reporter": "How.",
      "opinion_index": 0
    },
    {
      "cite": "36 Ark., 383",
      "category": "reporters:state",
      "reporter": "Ark.",
      "case_ids": [
        1872385
      ],
      "opinion_index": 0,
      "case_paths": [
        "/ark/36/0383-01"
      ]
    },
    {
      "cite": "46 Ark., 25",
      "category": "reporters:state",
      "reporter": "Ark.",
      "case_ids": [
        1890464
      ],
      "weight": 2,
      "opinion_index": 0,
      "case_paths": [
        "/ark/46/0025-01"
      ]
    },
    {
      "cite": "51 Ark., 35",
      "category": "reporters:state",
      "reporter": "Ark.",
      "opinion_index": 0
    },
    {
      "cite": "61 Miss., 766",
      "category": "reporters:state",
      "reporter": "Miss.",
      "case_ids": [
        1796506
      ],
      "opinion_index": 0,
      "case_paths": [
        "/miss/61/0766-01"
      ]
    },
    {
      "cite": "23 Ark., 622",
      "category": "reporters:state",
      "reporter": "Ark.",
      "case_ids": [
        1866083
      ],
      "weight": 2,
      "opinion_index": 0,
      "case_paths": [
        "/ark/23/0622-01"
      ]
    }
  ],
  "analysis": {
    "cardinality": 1455,
    "char_count": 36326,
    "ocr_confidence": 0.758,
    "pagerank": {
      "raw": 1.2766069921987414e-06,
      "percentile": 0.9890173133646015
    },
    "sha256": "c9032a136c0cc1f1efd60de7d2ccfff1503a54b8223cd698e99bb9cfd95eb577",
    "simhash": "1:37b9efeb4d071476",
    "word_count": 6443
  },
  "last_updated": "2024-02-27T17:41:31.659507+00:00",
  "provenance": {
    "date_added": "2019-08-29",
    "source": "Harvard",
    "batch": "2018"
  },
  "casebody": {
    "judges": [],
    "parties": [
      "Hindman v. O\u2019Connor."
    ],
    "opinions": [
      {
        "text": "Battle, J.\nIn September, 1867,, Thomas C. Hindman, and on the 19th of August, 1876, Mary B. Hindman, his wife, died intestate, leaving Susie Hindman, Biscoe Hind-man, Thomas C. Hindman, Jr., and Blanche Hindman, their only children, surviving them. Biscoe, Thomas C. and ' Blanche were minors when their parents died, Biscoe having been born on the 27th of November, 1861, Thomas C. on 23d of November, 1863, and Blanche on the 2d of December, 1865. Laura E. B. O\u2019Connor and the mother of Mrs. Hindman were sisters, and Mrs. O\u2019Connor (Laura E. B.) was the step grandmother of Mrs. Hindman\u2019s children, she having been the wife of their grandfather. When Mrs. Hindman was on her death-bed, she requested Mrs. O\u2019Con-nor to take charge of her children, and she promised that she would to the best of her ability, and proceeded to do so, immediately after the death of Mrs. Hindman, by taking them home with her and exercising personal supervision over them. On the gth of September, 1876, Susie, Biscoe and Thomas C. Hindman filed a petition in the Phillips probate court, stating that they and Blanche Hindman were children and heirs at law of Mary B Hindman, deceased; that Biscoe, Thomas C. and Blanche were minors ; that they were the owners in their own right of an interest in real estate in the county of Phillips in this State, and equally entitled to a distributive share in the estate of their mother, the late Mary B. Hindman; and representing that their mother had requested that Mrs. O\u2019Connor and her husband should take charge of and have the entire control and custody of her children, and assist in the management of their property interests; and asking that B.Y. Turner be appointed curator of the estate of the minors. On the same day the probate court granted the petition, and B. Y. Turner, having given bond with approved security, was appointed curator of the estate of Biscoe, Thomas C. and Blanche Hind-man. The court further ordered that the minors remain in the care and custody of Mrs. O\u2019Connor and her husband, in accordance with the last wish and request of their mother; and appointed J. H. O\u2019Connor, the husband of Mrs. Laura E. B. O\u2019Connor, the attorney and next friend of the minors \u201c to look after and render such aid and assistance to the curator as may be necessary for their interest.\u201d After this the children continued to live with Mrs. O\u2019Connor, and she endeavored to act the part of a mother to them. They were the owners of block 17, in that part of the city of Helena known as New Helena, having thereon a valuable residence, the late home of their father and mother, and other buildings. It became delinquent for taxes for the, years \u2022 1873, 1874 and 1875, and she redeemed it by paying $896.87, the cost of redemption. Susie, needing money to enable her to attend school and pay her debts, offered to sell and convey to her her (Susie\u2019s) interest in the block. She bought it and became the owner of one undivided fourth of the block. On the 22d of November, 1880, Bart Y. Turner, curator of the estate of the minor children, presented his petition to the Phillips probate court for an order to sell the minors\u2019 interest in the block ; and the court, finding that it was-to the interest of the minors that it should be sold to procure means for their support and education, ordered it to be sold on the loth of January, 1881. The block was not sold on that day for the want of bidders; and the court again ordered it to be offered for sale and fixed the nth of April, 1881, as the day of sale. The entire block, including the one-fourth purchased from Susie, with the consent of Mrs. O\u2019Connor, was offered for sale on the last named day and Mrs. O\u2019Connor, at the request i f the children, bid for the same. She offered $4000 for the block and, no one bidding more, she was \u00bfdeclared the purchaser. The curator reported the sale to the probate court for confirmation. It having been reported that one A. H. Johnson would have given $4200, the children were dissatisfied and filed exceptions to the report. Mrs. O\u2019Connor thereupon offered $4500, and the $4000 in the report was changed to $4500, and the exceptions were withdrawn, and the sale was confirmed by the court; and the property was conveyed to Mrs. O\u2019Connor. Three-fourths of the purchase money, amounting to $3375, which was the proportion due the minor children,, have been paid.\nTo set aside the purchase of the three-fourths interest of the block that belonged to Biscoe, Thomas C. and Blanche Hindman, this action was brought by them since they ceased to be minors. They contend that Mrs. O\u2019Connor was under a disability to purchase, \"arising from\u2019 the relation she sustained to them at the time the block was sold. Can they avoid the sale ?\nAs a general rule, a party occupying a relation of trust or confidence to another is, in equity, bound to abstain from doing everything which can place him in a position inconsistent with the duty or trust such relation imposes on him, or which has a tendency to interfere with the discharge of such duty. Upon this principle no one placed in a situation of trust or confidence in reference to the subject of a.sale can be the purchaser, on his own account, of the property sold. If such a one purchases the property, it is in the option of the person interested in the property, and to whom the relation of trust or confidence \u201cwas sustained, to set aside the sale within a reasonable time, however innocent the purchaser may be. 1 Story, Eq., secs. 307-323, and cases cited.\nIn Sugden on Vendors, the rule and its reason are expressed as follows : \u201c It may- be laid down as a general proposition, that trustees, unless they are nominally such, as trustees to preserve contingent remainders, agents, commissioners of bankrupts, assignees of bankrupts, solicitors to the commission, auctioneers, creditors who have been \u25a0consulted as to the mode of sale, counsel, or any persons who, by being employed or concerned in the affairs of another, have acquired a knowledge of his property, are incapable of purchasing such property themselves, except under the restrictions which will shortly be mentioned. For, if persons having a confidential character were permitted to avail themselves of any knowledge acquired in that capacity, they\u00bb might be induced to conceal their information, and not to exercise it for the benefit of the persons relying on their integrity. The characters are inconsistent. Emptor emit quam m\u00ednimo potest, venditor vendit qnam m\u00e1ximo potest.\u201d 2 Sugden on Vendors (7th Am. ed.), star page 887; Michoud v. Girod, 4 How., 504.\nIn Imboden v. Hunter, 23 Ark., 622, this court said: \u201c It is a stern rule of equity that a trustee to sell for others is not allowed to purchase, either directly or indirectly, for his own benefit, at the sale. He cannot be both vendor and purchaser. As vendor, it is his duty to sell the property for the highest price, and as purchaser, it is his interest to get it for the lowest, and these relations are so essentially repugnant\u2014so liable to excite a conflict between self-interest and integrity, that the law positively forbids that they shall be united in the same person. And it matters not, in the application of the rule, that the sale was bona fide and for a fair price. The enquiry is not whether, there was fraud in fact. In such a case, the danger of yielding to the temptation is so imminent, and the security against discovery so great, that a court of equity, at the instance of the cestui .que trust, if he applies in a reasonable time, will set aside the sale, as of course. The rule is not intended to remedy actual wrong, but is intended to prevent the possibility of it. The situation of the party, itself, works his disability to purchase. * * * The rule is not confined to persons who are trustees within the more limited and technical signification of the term, or to any particular class of fiduciaries, but applies to all persons placed in a situation of trust or confidence with reference to the subject of the purchase. It embraces all that come within its principle, permitting no one to purchase property and hold it for his own benefit, where he has a duty to perform, in relation to such property, which is inconsistent with the character of a purchaser on his own account, and for his individual use.\u201d\nFollowing the rule laid down in Imboden v. Hunter, supra,. this court held, in Wright v. Walker, 30 Ark., 44, that \u201cihepurchase by an attorney, at tax sale, of land in regard to which he had been retained,\u201d was inconsistent with his relations to his client, and could be avoided by the client, notwithstanding there was no bad faith in the purchase. After a careful examination of numerous authorities, it held that it was a well-settled principle that no one can be permitted to purchase an interest when he has a duty to perform that is inconsistent with the character of a purchaser; quoting the remark of Lord Thurlow in Hall v. Hallett, 1 Cox, 134, that \u201c no attorney can be permitted to buy in things in a course of litigation of which litigation he has the management. This the policy of justice will not endure.\u201d\nIn West v. Waddill, 33 Ark., 587, reiterating the doctrine laid down in the cases cited, this court held that a purchase of land at an administrator\u2019s sale by the attorney of the administrator was voidable at the instance of the heirs of the intestate to whose estate the land belonged.\nIn Livingston v. Cochran, 33 Ark., 294, this court, in considering the validity of a purchase of lands by a probate judge at a sale made by an administrator under an order of the court of which he was the judge, after quoting, as we have, from Imboden v. Hunter, said: \u201c All that is above said in relation to trustees purchasing at sales made by them applies, on principle, to the case of a probate judge purchasing at a sale made upon his own order, and which he is obliged to have conducted fairly, and for the benefit of creditors, legatees or distributees of the estate.\u201d\nIn Clements v. Cates, 49 Ark., 242, this court used the following language: \u201c The law forbids a trustee, and all other persons occupying a fiduciary or quasi fiduciary position, from taking any personal advantage, touching the-thing or subject as to which such fiduciary position exists. * * * If such a person acquires an interest in property as to which such relation exists, he holds it as a trustee for the benefit of those in whose interest he was prohibited from purchasing, to the extent of the prohibition. This-rule applies to tenants in common by descent, with the same force and reason as it does to persons standing in a direct fiduciary relation to others. For they stand by-operation of law in a confidential relation to each other, as to the joint property, and the duty is imposed on them to-protect and secure their common interests. They have a community of interest which produces a community of duty,., and imposes on each one the duty to exercise good faith to the others. Neither one can take advantage of the others-by purchasing an outstanding title or incumbrance and asserting it against them. Such an act would be inconsistent with good faith, and against the reciprocal obligations to do nothing to the prejudice of each other\u2019s equal-claims which their relationship created. Such a purchase,, notwithstanding the design of the one making it was to the contrary, would be for the common benefit of all the co-tenants, and the legal title acquired would be held in trust for the others, if they should choose, within a reasonable time, to claim the benefit thereof, by contributing, or offering to contribute, their proportion of the purchase money.\u201d\nWe have quoted at length from the opinions of this court to show the reason and extent of the rule laid down. Its applicability to guardians and wards and persons standing in like relation is apparent. Judge Story, in speaking on this rule, says : \u201c In the next place, as to the relation of guardian and ward. In this most important and delicate of trusts the same principles prevail, and with a larger and more comprehensive efficiency. It is obvious that, during the existence of the guardianship, the transactions of the guardian cannot be binding upon the ward if they are of any disadvantage to him; and indeed the relative situation of the parties imposes a general inability to deal with each other. But courts of equity proceed yet further in cases of this sort. They will not permit transactions between guardians and wards to stand, even when they have occurred after the minority has ceased and the relation become thereby actually ended, if the intermediate period be short, unless the circumstances demonstrate, in the highest sense of the terms, the fullest deliberation on the part of the ward, and the most abundant good faith {lib\u00e9rrima fides) on the part of the guardian. For in all such cases the relation is still considered as having an undue influence upon the mind of the ward, and as virtually subsisting, especially if all the duties attached to the situation have not ceased ; as if the accounts between the parties have not been fully settled, or it the estate still remains in some sort under the control of the guardian.\u201d 1 Story\u2019s Equity (13th ed.), sec. 317.\nQuasi guardians and all other persons occupying the relation of confidential advisers have been held to come within the rule. Revett v. Harvey, 1 Simons & Stuart, 502; S. C., 1 Eng. Ch. Rep., 502; Huguenin v. Basely, 14 Vesey, 273; I Story\u2019s Eq. (13th ed.), secs. 317-319, and cases cited; 1 Perry on Trusts, sec. 204; Torrey v. Bank of Orleans, 9 Paige, 663 ; Underhill on Trusts, p. 293.\nIn Hobday v. Peters, 28 Beav., 349, a mortgagor consulted a solicitor \u201c who turned her over to his clerk to assist her gratuitously.\u201d The clerk, by reason of information derived during such employment, bought up the mortgage for less than half the amount due thereon. The court held that the clerk was a trustee for the benefit of the mortgagor. The same was held as to the clerk of a broker employed to make sale of land, in Gardner v. Ogden, 22 N. Y., 327.\nThe relation sustained by Mrs. O\u2019Connor to the Hindman children at the time of the sale in question was peculiarly confidential. A dying mother had committed them to her care. She took them to her house and treated them as a part of her family. They were the children of her niece and the grandchildren of a former husband. Her treatment of them was kind, and, with the ties of kindred which existed between them, naturally caused them to lean on her for protection, and repose in her implicit confidence. She recognized this fact, and sometimes, if not always, responded to their wishes. At their request she moved upon' the block in question, and with them occupied the late residence of their parents, and continued to do so some time before and at the time of and after the sale. At their request the probate court virtually made her and her husband the guardians of their persons, and they' accepted the situation. At their request she paid out $896.87 to redeem their home from a forfeiture for taxes. When the home was offered for sale they wanted her to buy it, and looked to her to save it from sacrifice. She responded to their request, but failed to meet their expectation. She purchased, but, having heard that another would give more, they were dissatisfied.. She increased her bid, and they withdrew all opposition to the confirmation of the sale by the probate court; but they had been disappointed, and the final result was a lawsuit.\nBut it is contended for Mrs. O\u2019Connor that \u201cthe position occupied by her at the time of the application for an order to sell, and the sale of the property purchased by her, imposed no duty upon her as to its conduct or management; \u201d that the conduct and management of the sale was, by the law, imposed upon Turner as curator; and that she acted fairly and in good faith. For this, among other reasons, her counsel insists that the sale should not be set aside.\nIn support of their contention they cite and rely uoon Jones v. Graham, 36 Ark., 383. In that case the facts were : an administrator reported to the probate court that there had come into his possession a deed of trust of certain lands, executed in i860, by one Sullivan to George W. Beasly, to secure to the intestate a debt of about $SS00> \u201c that he had directed the trustee to sell under the power; that he had attended the sale, and, finding the lands were about to go below value, had himself bid the sum of $3040, and the lands were upon that bid struck off', no one being willing to bid more. He represented that he had no desire to k\u00e9ep the lands, but was willing to hold them as the property of the estate, if the court should- deem it best; and submitted the matter to the court to say'whether he should keep them as his own, charging himself with the net price, after paying expenses, or hold them as administrator, for the benefit of the estate.\u201d The court ordered him to keep the lands as his own, and to receipt to the estate for the proceeds of the -sale, less'the amount of the indebtedness of his intestate to himself. In pursuance of this order he, in his settlement, charged himself with the sum of $2715.50, as proceeds of the sale. The settlement was laid over until the second term of the court after it was filed, a period of nearly six \u25a0months, when it was taken up and confirmed without objection. This court held that the whole proceeding of the court upon the report of the administrator was unauthorized and irregular ; that the administrator became clothed, upon the purchase, with a constructive trust, because of the use of the means of the estate in making the purchase, and also 'because of his fiduciary relation to the estate, and was wearing it when he went into the probate court to ask, if deemed 'best, that he should be denuded by accounting for the proceeds ; and that the order of the probate court had no greater -effect than mere advice as to the probable future action of the court upon his settlement, when the same should be made. But this court nevertheless refused to disturb the sale. Why? The reasons assigned are: that constructive trusts are at the option of those entitled to-claim the benefits ; that they may leave the property in the hands of the trustee and accept the proceeds, in accordance with the legal title, and that election, deliberately and intelligently made, dispels the trust; and that in that case the action of the probate court, \u201cin view of the obvious absence of all fraudulent intent, the length of time that the settlement lay unchallenged, and its \u2022final confirmation,\u201d amounted to an election to take the proceeds and discharge the trust.\nIn Jones v. Graham the court said that it did not mean to' say \u201cthat, ordinarily, the approval of a sale, or dealing with the proceeds by a probate court, would relieve a purchaser of a constructive trust; \u201d that, ordinarily, it would not; that that case was a peculiar case\u2014not likely to arise again ; that it stood on its own peculiar grounds, with such distinctions from reported cases as will be sufficiently obvious ; and that it was not like the case of an administrator or attorney who simply purchases for himself, with the design of acquiring the property, and who has the sale confirmed without question or explanation of the circumstances. Whether the court was correct in its conclusion or not, is not necessary for us to say, but it is evident that the court did not intend to repudiate the rule announced in former cases. That case was regarded as exceptional. But this case does not come within the exception as laid down in that case. Here the purchaser bought for herself, with the design of acquiring the property. Three of the Hindman children were minors. She was quasi guardian of their persons, and stood to them in the place of a parent. They were under her care and protection, and the property sold was and- had been in her possession. They were not sui Jiiris and could not act for themselves. If the curator had failed to discharge his duty in the management of their property and in making settlements in the probate court, it was the duty of her and her husband, if of any one, to have interfered in their behalf and asserted their rights. No election to accept the proceeds and ratify the sale could have been made by' them while the disabilities of minority rested upon them, and none can be imputed to them on account of any act or failure of theirs while such disabilities \u2022continued.\nThe doctrine as to purchases by trustees, guardians, administrators, and persons having a confidential character, arises from the relation between the parties, and not from the circumstance that' they have power to control the sale. The right to set aside the sale does not depend on its fairness or unfairness. To set aside the purchase it is not necessary to show that it is actually fraudulent or advantageous. If the trustee, or other person having a confidential character, can buy in an honest case, he may in a case having that appearance, but which may be grossly otherwise; and yet the power of the court, because of the-infirmity of human testimony, would not be equal to detect the deception. It is to guard against this uncertainty and the hazard of abuse, and to remove the trustee and other persons having confidential relations from temptation, that the rule does and will permit th\u00e9 cestui que trust or other person to come at his option, and, without showing actual injury or fraud, have the sale set aside. Davoue v. Fanning, 2 Johns. Ch., 252; Torrey v. Bank of Orleans, 9 Paige, supra; ex parte James, 8 Vesey, 345 ; Brockett v. Richardson, 61 Miss., 766; Van Epps v. Van Epps, 9 Paige, 237 ; Campbell v. Walker, 5 Vesey, 678; S. C., 13 Vesey, 601; Callis v. Ridout, 7 Gill & J., 1 ; ex parte Lacey, 6 Vesey, 625 ; ex parte Bennett, 10 Vesey, 381; Campbell v. Penn. Life Ins. Co., 2 Wharton, 62; Michoud v. Girod, 4 How. (U. S.), supra,. and cases before cited; McGaughey v. Brown, 46 Ark., 25.\nMrs. O\u2019Connor comes within the rule.\u2019 She was virtually constituted guardian of the persons of the minor children by the order of the probate court. Her husband was appointed their attorney and next friend to look after them, and to render such aid and assistance to the curator as might be necessary for their interest. She and her husband took possession of their property, and she redeemed it. How far the curator was controlled by them does not appear, but it does appear that he permitted them to take charge of their property, obviously on account of their relation the children. They had ample opportunities, by reason of their relation to the children, to acquire full knowledge of the property. Whether they acquired information by reason of such relation which, if known to the public, would have caused the property to have been sold for more than it did, is not, under the rule, necessary to inquire. She occupied a confidential relation to the children, approaching nearly to that of parent to child. Whether she abused it, no inquiry under the rule can be made. She and her husband assumed the duty of taking care of the children and looking after their property. While she sustained that position, she was not permitted to purchase their property, because the right to do so might have interfered with a faithful discharge of her duty.\nMrs. O\u2019Connor relies on the five years\u2019 statute of limitation to sustain her title. That statute provides: \u201cAll actions against the purchaser, his heirs or assigns, for the recovery, of lands sold at judicial sales shall be brought within five years after the date of such sale, and not thereafter; saving to minors and persons of unsound mind the period of three years after such disability shall have been removed.\u201d '(Mansf. Dig., sec. 4474.) Appellants insist that that statute has no application to an action like this, the object of which is to set aside a sale of land for fraud. So McGaughey v. Brown, 46 Ark., 25, was an action to set aside a sale of land for fraud. The prayer of the bill in that case was : that the sale be set aside ; that a master be appointed to take an account of the rents and profits; that the conveyances of the land, which were alleged to be fraudulent, be removed as a cloud upon the title of plaintiffs ; and that they be put into the possession of the land. This court held that the object of the bill was to get possession of the land, and that the action was barred by the five years\u2019 statute.\nIn this case the prayer of the complaint is : that the sale be set aside; that an account be taken between the-plaintiffs and defendants as to the rents and profits of the block in question and the sums paid by defendant for the benefit of plaintiffs ; and that \u201c the correct and true balance be ascertained between them; \u201d and that said property be sold for purposes of partition and to satisfy the balance found by the master; and for other relief. One of the obvious objects of the complaint was the recovery of the land. That was necessary to accomplish the purpose of the action. The statute applies.\nThe sale in question was confirmed on the iith day of A J October, 1881. Mrs. O\u2019Connor held adverse possession after that date. This action was brought on the 13th of October, 1887, at which time Biscoe and Blanche Hindman had been of age more than three years, and were barred from maintaining it. Three years had not expired when Thomas C. arrived of age. But it is said, his disabilities of non-age were removed by the Phillips circuit court on the 15th of November, 1881, and that, at the time this action was commenced, more than three years had elapsed during which he was under no disability. On the other hand it is contended that the judgment of the circuit court which declared his disabilities removed was void for want of jurisdiction.\nThe authority to remove the legal disabilities of minors was conferred upon circuit courts by an act of the General Assembly, which was approved February 18, 1869. Section 2 of the act, after providing that circuit courts shall have authority to remove legal disabilities of minors, adds: \u201cProvided, the person praying such relief shall be a resident of the county in which the court to which such application shall be made is held.\u201d That act makes the residence jurisdictional\u2014a condition upon which the court can remove the disabilities of the minor.\nThe record shows that Biscoe and Thomas C. Hindman made an application to the circuit court of the county of Phillips for the removal of their disabilities, and that their application was granted. It does not appear in their application or in the order removing their disabilities that either of them was a resident of Phillips county. Is the order void for want of jurisdiction ?\nIn Harvey v. Tyler, 2 Wall., 328, 342, the Supreme Court of the United States uses the following language : \u201c The jurisdiction, which is now exercised by the common law courts in this country, is, in a very large proportion, dependent upon special statutes conferring it. * * * In all cases where the new powers, thus conferred, are to be brought into action in the usual form of common law or chancery proceedings, we apprehend there can be little doubt that the same presumptions as to the jurisdiction of the court and the conclusiveness of its action will be made, as in cases falling more strictly within the usual powers of the court. On the other hand, powers may be conferred on the court and duties required of it, to be exercised in a special and often summary manner, in which the order or judgment of the court can only be supported by a record which shows that it had jurisdiction of the case.\u201d\nIn Galpin v. Page, 48 Wall., 350, 371, the court said : \u201c But where the special powers conferred are exercised in a .special manner, not according to the course of the common law, or where the general powers of the court are exercised \u25a0over a class not within its ordinary jurisdiction upon the performance of prescribed conditions, no such presumption of jurisdiction will attend the judgment of the court. The facts essential to the exercise of the special jurisdiction must appear in such cases upon the record.\u201d To the same -effect see Pulaski County v. Stuart, 28 Gratt., 872 ; Gibney v. Crawford, 51 Ark., 35 ; Foster v. Waterman, 124 Mass., 592; Furgeson v. Jones, 11 Am. St. Rep., 808 ; S. C., 17 Oregon, 204; Brown v. Wheelock, 12 S. W. Rep., 111 ; 1 Black on Judgments, sec. 279; Freeman on Judgments, sec. 123.\nThe power to remove the disabilities of minors is a special power conferred upon the circuit courts, and is to be exercised in a summary manner and not according to the course of the common law. The record does not show the fact\u2014 the residence of the minors in Phillips county\u2014necessary to give the Phillips circuit court authority to remove the disabilities of Biscoe and Thomas C. Hindman; and the order \u2022declaring the removal of their disabilities is void.\nThis action is not barred as to Thomas C. Hindman. He has not ratified the sale of the block in question by receiving any part of the proceeds thereof since he arrived of age. He is entitled to one-fourth of the block and to one-fourth of the rents and profits which have accrued since the nth of October, 1881, the day on which the sale was confirmed by the probate court, and Mrs. O\u2019Connor is entitled to the remaining three-fourths of the block and of the rents, and profits. He should be charged, in account with Mrs. O\u2019Connor, with the proceeds of the sale paid to him, or for him to any one authorized to receive the same, and lawful interest thereon from the date of the payment, and with one-fourth of the taxes paid by her on the block since the-sale and interest thereon, and one-fourth of the value of the improvements made by her on the block since the sale and credited with-the one-fourth of the rents and profits. If the property can be divided without prejudice to the interest of the parties concerned, it should be partitioned between them according to their respective interests; and if not, it should be sold and the proceeds of the sale divided according to-their interests. Upon an account being stated as to the rents, profits, purchase money received by Thomas C. Hind-man, interest, taxes and improvements, the balance should be made a charge on the part or interest in the block, or in the proceeds of the sale thereof, if it be sold for partition, belonging to the party against whom it is found, and the payment of it (the charge) should be enforced according to the rules of equity.\nThe decree of the court below is, therefore, affirmed as toBiscoe and Blanche Hindman, and as to Thomas C. Hind-man is reversed ; and the cause is remanded for proceedings consistent with this opinion.",
        "type": "majority",
        "author": "Battle, J."
      }
    ],
    "attorneys": [
      "U. M. & G. B. Rose, and John C. Palmer for appellants.",
      "Stephenson & Trieber and John J. and E. C. Homor for appellee."
    ],
    "corrections": "",
    "head_matter": "Hindman v. O\u2019Connor.\nDecided July 3, 1891.\na. Constructive trust\u2014Purchase by quasi guardian.\nThe purchase of a minor\u2019s property at a curator\u2019s sale by one who, through kinship and association, occupies toward him the confidential relation of a quasi guardian will, at the minor\u2019s instance, be declared a trust for his benefit, regardless of the good faith of the transaction.\n2. Judicial sale\u2014Limitation.\nA suit to set aside for fraud a probate sale of land is a suit for the recovery of land sold at judicial sale, within the five-years\u2019 statute of limitation.\n3. Removal of minor's disabilities\u2014Special statutory power.\nThe power to remove the disabilities of minors is a special power conferred upon circuit courts, and is to be exercised in a summary manner and not according to the course of the common law; where the record fails to show that the minor is a resident of the county, the order declaring the removal of his disabilities is void.\nAPPEAL from Phillips Circuit Court in chancery.\nJames P. Brown, Special Judge.\nU. M. & G. B. Rose, and John C. Palmer for appellants.\nI. A curator could not sell the lands of his ward under .an order of the probate court. 33 Ark., 490. Under our present law, bofh the guardian and the curator must join in the deed. Mansf. Dig., sec. 3507.\n2. Mrs. O\u2019Connor was under a disability to purchase, arising from the relation she sustained at the time ot the sale. Her purchase was void. 23 Ark., 622; Mansf. Dig., sec. 3485; 38 Ark., 26; 33 zY., 587; Lewin on Trusts, p. 484; Underhill on Trusts, p. 484; 46 Ark., 32; 30 id., 44;. 33 id., 301; 5 Dana, 507; 61 Miss., 766; Mansf. Dig., sec. 3505 ; 80 Ala., 11 ; 40 Ohio St., 640; Schouler on Ex., sec. 142; 8 Vesey, 345 ; 2 Johns. Chy., 259; 1 Macq., 461; 14. N. Y., 91; Mechem on Ag., sec. 463; 1 Story, Eq. Jur., sec. 322; 2 Sugd. Vendors, p. 687; 4 How., 554; Under-hill on Trusts, p. 293; 9 Paige, 661; 4 Cow.,' 736; 98 Mo., 159; 14 Am. St. Rep., 626; Story, Eq. Jur., sec. 317; 16 Am. Dec., 616.\n3. The removal of disabilities did not have the effect of' starting the statute of limitations to running against minors. Their disability to sue continued until they arrived at \u201c full age.\u201d Mansf. Dig., sec., 4471; 42 Ark., 398; 44 id., 400; 49 id., 31; Mansf. Dig., sec. 3464.\n4. The emancipation order is void. The record does not show the applicant to be a resident of the county. Acts-1869, p. 45. This is jurisdictional, and the fact of residence must appear on the face of the record. 28 Gratt.,. 879; 6 Wheat., 119; 2 Wall., 342; 18 id., 371 ; Wells on Jurisdiction, sec. 162; 51 Ark., 35; 11 Wend., 648 ; 7 Hill,. 24; Lawson, Pres. Ev., p. 27; 5 Ark., 27; ib., 358; 6 id., 41; 9 id., 480; 10 id., 316; Freeman, Judg., sec. 123; 48 Ark., 305.\n5. Mansf. Dig., sec. 4474, has application to suits to set. aside a sale for fraud. 31 Ark., 372.\n6. The statute did not begin to run until the infants-arrived at twenty-one years, and the three years clause is-not applicable. 34 Ark., 590; 51 id., 297. Nor does it run until the guardianship closes. Buswell on Lim., sec. 329;, 33 Ark., 658 28 id., 191.\n7. No offer to return the purchase money was necessary. .44 Ark., 293 ; 51 id., 299.\nStephenson & Trieber and John J. and E. C. Homor for appellee.\n1. Whatever the relation Mrs. O\u2019Connor bore to these \u25a0children terminated when the guardian filed his petition for a sale, and when she bid off the property. She was never the guardian, and at most was not fully in loco parentis. No dissent or dissatisfaction was expressed for more than six years after the confirmation of the sale, full three years of which existed after the disabilities were removed. This bars their right. 36 Ark., 390; 46 Ark., 25 ; 48 id., 248; 7 S. and M., 409; 45 Am. Dec. 310; 2 Pom. Eq. Jur., secs. 815, 917, 965 ; Story, Eq. Jur., sec. 385 ; 86 Ky., 572; 31 Minn., 468; 20 Neb., 347; 19^,429; 61 Mich., 471; 27 S. C., 300. Guardians may purchase when the sale by a public- officer is inevitable, and when they have no funds of their wards. 32 Pa. St., 315 ; 72 Am. Dec., 789; Pet., C. C., 378; 16 la., 284; 85 Am. Dec., 516. Appellee was not a guardian, and no duty was imposed upon her as to the conductor management of the sale. 82 Cal., 351.\n2. The purchase by a trustee is not void, only voidable, and will not be set aside in all cases by courts of equity. 36 Ark., 383 ; 46 id., 25 ; 48 id., 248 ; 47- id., 419. The failure of the minors to appeal, under the ruling in 36 Ark., 383, is an election to take the proceeds and discharge the trust. 39 Ark., 131 ; 33 id., 468; 64 Ala., 410; 38 111., 382; 19 id., 295 ; 1 Story, Eq. Jur., sec. 385.\n3. Appellants were barred. The statute began to run from the confirmation of the sale. 46 Ark., 25 ; 44 id., 479. As to Thoma.s C., his disabilities were removed, and more than three years elapsed before suit.\n4. It was not necessary that the order of emancipation should recite that they were citizens or residents. 10 Wheat., 193; 24 Ark., 155; 117 U. S., 255; 2 Wall., 329; Freeman, Judg., secs. 116, 118, 119, 122, 123, 126, 128; 49 Ark., 398 ; 44 id., 267; 11 Ark., 519. The removal of the disability of non-age sets in motion the statute. 47 Ark., 558. The rule as to coverture is distinguishable. 47 Ark., 30S.\n5. It was not necessary to unite the guardian and curator in order to make a. deed to a minor\u2019s land. Gould\u2019s Dig., p. 574, secs. 32, 33-4; Mansf. Dig., sec. 3507.\n6. No offer to refund the purchase price was made."
  },
  "file_name": "0627-01",
  "first_page_order": 653,
  "last_page_order": 670
}
