{
  "id": 1497315,
  "name": "McCuin v. Merchants Grocery Company",
  "name_abbreviation": "McCuin v. Merchants Grocery Co.",
  "decision_date": "1906-02-24",
  "docket_number": "",
  "first_page": "63",
  "last_page": "65",
  "citations": [
    {
      "type": "official",
      "cite": "78 Ark. 63"
    }
  ],
  "court": {
    "name_abbreviation": "Ark.",
    "id": 8808,
    "name": "Arkansas Supreme Court"
  },
  "jurisdiction": {
    "id": 34,
    "name_long": "Arkansas",
    "name": "Ark."
  },
  "cites_to": [
    {
      "cite": "49 Ark. 20",
      "category": "reporters:state",
      "reporter": "Ark.",
      "case_ids": [
        1309049
      ],
      "opinion_index": -1,
      "case_paths": [
        "/ark/49/0020-01"
      ]
    },
    {
      "cite": "30 Ark. 417",
      "category": "reporters:state",
      "reporter": "Ark.",
      "case_ids": [
        1881134
      ],
      "opinion_index": -1,
      "case_paths": [
        "/ark/30/0417-01"
      ]
    },
    {
      "cite": "32 Ark. 163",
      "category": "reporters:state",
      "reporter": "Ark.",
      "opinion_index": -1
    },
    {
      "cite": "33 Ark. 259",
      "category": "reporters:state",
      "reporter": "Ark.",
      "case_ids": [
        8723447
      ],
      "opinion_index": -1,
      "case_paths": [
        "/ark/33/0259-01"
      ]
    },
    {
      "cite": "31 Ark. 554",
      "category": "reporters:state",
      "reporter": "Ark.",
      "case_ids": [
        1879318
      ],
      "opinion_index": -1,
      "case_paths": [
        "/ark/31/0554-01"
      ]
    },
    {
      "cite": "18 Ark. 123",
      "category": "reporters:state",
      "reporter": "Ark.",
      "case_ids": [
        8725415
      ],
      "opinion_index": -1,
      "case_paths": [
        "/ark/18/0123-01"
      ]
    },
    {
      "cite": "20 Ark. 216",
      "category": "reporters:state",
      "reporter": "Ark.",
      "case_ids": [
        1869318
      ],
      "opinion_index": -1,
      "case_paths": [
        "/ark/20/0216-01"
      ]
    },
    {
      "cite": "45 Ark. 492",
      "category": "reporters:state",
      "reporter": "Ark.",
      "case_ids": [
        1892076
      ],
      "opinion_index": -1,
      "case_paths": [
        "/ark/45/0492-01"
      ]
    },
    {
      "cite": "38 Ark. 419",
      "category": "reporters:state",
      "reporter": "Ark.",
      "case_ids": [
        1900492
      ],
      "opinion_index": -1,
      "case_paths": [
        "/ark/38/0419-01"
      ]
    },
    {
      "cite": "11 Ark. 378",
      "category": "reporters:state",
      "reporter": "Ark.",
      "case_ids": [
        8727812
      ],
      "opinion_index": -1,
      "case_paths": [
        "/ark/11/0378-01"
      ]
    },
    {
      "cite": "14 Ark. 138",
      "category": "reporters:state",
      "reporter": "Ark.",
      "case_ids": [
        1862617
      ],
      "opinion_index": -1,
      "case_paths": [
        "/ark/14/0138-01"
      ]
    },
    {
      "cite": "12 Ark. 782",
      "category": "reporters:state",
      "reporter": "Ark.",
      "case_ids": [
        8728145
      ],
      "opinion_index": -1,
      "case_paths": [
        "/ark/12/0782-01"
      ]
    },
    {
      "cite": "43 Ark. 99",
      "category": "reporters:state",
      "reporter": "Ark.",
      "case_ids": [
        1894499
      ],
      "opinion_index": -1,
      "case_paths": [
        "/ark/43/0099-01"
      ]
    },
    {
      "cite": "59 Ark. 303",
      "category": "reporters:state",
      "reporter": "Ark.",
      "case_ids": [
        1327666
      ],
      "opinion_index": -1,
      "case_paths": [
        "/ark/59/0303-01"
      ]
    },
    {
      "cite": "20 Ark 592",
      "category": "reporters:state",
      "reporter": "Ark.",
      "case_ids": [
        1869288
      ],
      "opinion_index": -1,
      "case_paths": [
        "/ark/20/0592-01"
      ]
    }
  ],
  "analysis": {
    "cardinality": 341,
    "char_count": 5029,
    "ocr_confidence": 0.727,
    "pagerank": {
      "raw": 4.03580807328026e-08,
      "percentile": 0.0559752711451517
    },
    "sha256": "fc2a12f1c5d289d7f2c059e23f8b261aadbfd54fff8ed979be005e6bf6894498",
    "simhash": "1:5c9b67587226ea8e",
    "word_count": 869
  },
  "last_updated": "2024-02-27T19:29:07.996517+00:00",
  "provenance": {
    "date_added": "2019-08-29",
    "source": "Harvard",
    "batch": "2018"
  },
  "casebody": {
    "judges": [],
    "parties": [
      "McCuin v. Merchants Grocery Company."
    ],
    "opinions": [
      {
        "text": "McCulloch, J.\nHonea & Son were insolvent, and, while in that condition, delivered their stock of goods to appellant, a brother-in-law of the senior member of the firm, pursuant to an alleged sale to him for cash. The inventory of the goods, taken at cost prices, amounted to something over $1,300, and $900 was 'the price alleged to have been paid therefor by appellant.\nThe creditors of Honea & Son attacked the alleged sale on the ground that it was fictitious and fraudulent.\nAppellant and Honea testified that the sale was made in good faith, without any fraudulent intent, for a valuable and adequate consideration, and without notice or information on the part of appellant as to the insolvency of Honea & Son. Other witnesses corroborated them as to the fact that a sale was made and a part of the price paid. Appellee relied upon certain circumstances developed by the testimony, and contradictory statements of appellants concerning the sale, to show that the sale was fictitious, and made, if at all, for the purpose of cheating and hindering the creditors of Honea & Son, and that appellant knew of the insolvency of the firm, and knowingly participated in the fraud.\nThe evidence tending to show the relationship of the parties, the inadequacy of the price alleged to have been paid for the goods, the unsatisfactory explanation given by appellant of the source whence he procured the money with which he purchased the goods, and his reasons for making the purchase and the circumstances under which the alleged sale was negotiated and consummated, were sufficient to justify the jury in finding that the sale was not made in good faith, but was a fraudulent contrivance to defraud the creditors of Honea & Son. We can not say that there was not evidence of a substantial character in support of the verdict.\nNor do we find any error in the instructions of the court. The court modified several instructions asked by the inter-pleader, refused two, and gave several .of its own motion and on motion of appellee. Upon the whole, we are convinced that all the issues were fully and fairly submitted to the jury upon proper instructions. The refused instructions were fully covered by those given.\nAppellant also complains at the ruling of the court in refusing to permit him to prove that Honea & Son had previously offered to sell their stock of goods to two other persons \u2014 one about two months and the other about six weeks before the alleged sale to appellant. We can not see that this was material to the issue, which was as to the bona \u00fades of the sale to appellant. Honea & Son might properly have testified that, at or about the time of the alleged sale to appellant, they openly attempted to sell their stock of goods for the purpose of raising funds to pay creditors or for re-investment or some other legitimate purpose not in fraud of creditors, but proof of isolated efforts to sell the stock at a different time and under, perhaps, different circumstances was not material. They were too remote in point of time to be considered as a part of the res gestae. No prejudice resulted from exclusion of the testimony. .\nUpon the whole case, we find no error, and the judgment is affirmed.",
        "type": "majority",
        "author": "McCulloch, J."
      }
    ],
    "attorneys": [
      "Grant Green, for appellant."
    ],
    "corrections": "",
    "head_matter": "McCuin v. Merchants Grocery Company.\nOpinion delivered February 24, 1906.\nEvidence \u2014 relevancy.\u2014Where in ah attachment suit, a stranger intervened, claiming to have bought the attached goods from the defendants, it was not error to refuse to permit the intervener, as evidence of the good faith of his purchase, to prove that defendants had, some six weeks or two months previously, offered to sell the goods to others, as such evidence, without proof- of the circumstances under which the offers were made, would not tend to prove defendants\u2019 good faith in selling to the intervener.\nAppeal from White Circuit Court; Silas D. Campbell, Special Judge;\naffirmed.\nAction by Merchants Grocery Company 'against Honea & Son to recovefjjUpon account for goods sold. An order of general attachment was sued out and levied on a. stock of goods in the possession of E. J. McCuin. McCuin interpleaded, and a trial, upon the interplea resulted in a verdict and judgment in favor of the plaintiff, and the intervener-appealed to this court.\nThere were four other cases involving the sam\u00e9 question upon the same facts, and, by stipulation of parties, they abide the result of this case.\nGrant Green, for appellant.\n1. Testimony as to previous efforts to sell, such efforts not being too remote to form a part of the res gestae, was admissible to show the bona fides of this transaction. 20 Ark 592; 59 Ark. 303; 43 Ark. 99; 12 Ark. 782; 14 Ark. 138.\n2. Fraud will not be presumed. It must be clearly established by competent evidence. 11 Ark. 378; 38 Ark. 419; 45 Ark. 492; 20 Ark. 216; 18 Ark. 123; 31 Ark. 554; 33 Ark. 259; lb. 727. A merchant, though in failing circumstances, has the right to sell his stock at a fair market price, and a purchaser from him in good faith acquires good title. 32 Ark. 163; 30 Ark. 417; 49 Ark. 20."
  },
  "file_name": "0063-01",
  "first_page_order": 83,
  "last_page_order": 85
}
