{
  "id": 12462775,
  "name": "State, Petitioner, v. Hecker, Respondent",
  "name_abbreviation": "State v. Hecker",
  "decision_date": "2016-08-31",
  "docket_number": "No. 93040-6",
  "first_page": "1004",
  "last_page": "1004",
  "citations": [
    {
      "type": "official",
      "cite": "186 Wash. 2d 1004"
    }
  ],
  "court": {
    "name_abbreviation": "Wash.",
    "id": 9029,
    "name": "Washington Supreme Court"
  },
  "jurisdiction": {
    "id": 38,
    "name_long": "Washington",
    "name": "Wash."
  },
  "cites_to": [
    {
      "cite": "192 Wn. App. 1036",
      "category": "reporters:state",
      "reporter": "Wash. App.",
      "case_ids": [
        12456232,
        12456233,
        12456230,
        12456231
      ],
      "opinion_index": 0,
      "case_paths": [
        "/wash-app/192/1036-03",
        "/wash-app/192/1036-04",
        "/wash-app/192/1036-01",
        "/wash-app/192/1036-02"
      ]
    }
  ],
  "analysis": {
    "cardinality": 27,
    "char_count": 191,
    "ocr_confidence": 0.863,
    "sha256": "5ebb30104f06f869c9b39fa13d966fd577af48ca211350f2095017d444201897",
    "simhash": "1:35d176f9e9595771",
    "word_count": 31
  },
  "last_updated": "2024-02-27T18:43:05.207238+00:00",
  "provenance": {
    "date_added": "2019-05-23",
    "source": "Harvard",
    "batch": "2018"
  },
  "casebody": {
    "judges": [],
    "parties": [
      "State, Petitioner, v. Hecker, Respondent,"
    ],
    "opinions": [
      {
        "text": "Petition for review of a decision of the Court of Appeals, No. 46312-1-II, February 9, 2016, 192 Wn. App. 1036. Denied August 31, 2016.",
        "type": "majority",
        "author": null
      }
    ],
    "attorneys": [],
    "corrections": "",
    "head_matter": "State, Petitioner, v. Hecker, Respondent,\nNo. 93040-6."
  },
  "file_name": "1004-01",
  "first_page_order": 990,
  "last_page_order": 990
}
