{
  "id": 12462778,
  "name": "State, Respondent, v. Hackney, Petitioner",
  "name_abbreviation": "State v. Hackney",
  "decision_date": "2016-08-31",
  "docket_number": "No. 93051-1",
  "first_page": "1004",
  "last_page": "1004",
  "citations": [
    {
      "type": "official",
      "cite": "186 Wash. 2d 1004"
    }
  ],
  "court": {
    "name_abbreviation": "Wash.",
    "id": 9029,
    "name": "Washington Supreme Court"
  },
  "jurisdiction": {
    "id": 38,
    "name_long": "Washington",
    "name": "Wash."
  },
  "cites_to": [
    {
      "cite": "192 Wn. App. 1010",
      "category": "reporters:state",
      "reporter": "Wash. App.",
      "case_ids": [
        12456136,
        12456137,
        12456138,
        12456135
      ],
      "opinion_index": 0,
      "case_paths": [
        "/wash-app/192/1010-02",
        "/wash-app/192/1010-03",
        "/wash-app/192/1010-04",
        "/wash-app/192/1010-01"
      ]
    }
  ],
  "analysis": {
    "cardinality": 27,
    "char_count": 193,
    "ocr_confidence": 0.846,
    "sha256": "98440e67f08ba7002ccf6abae30a5e80704ff5666980c0e399c82ca080996389",
    "simhash": "1:50d1763051934479",
    "word_count": 31
  },
  "last_updated": "2024-02-27T18:43:05.207238+00:00",
  "provenance": {
    "date_added": "2019-05-23",
    "source": "Harvard",
    "batch": "2018"
  },
  "casebody": {
    "judges": [],
    "parties": [
      "State, Respondent, v. Hackney, Petitioner,"
    ],
    "opinions": [
      {
        "text": "Petition for review of a decision of the Court of Appeals, No. 31997-1-III, January 12, 2016, 192 Wn. App. 1010. Denied August 31, 2016.",
        "type": "majority",
        "author": null
      }
    ],
    "attorneys": [],
    "corrections": "",
    "head_matter": "State, Respondent, v. Hackney, Petitioner,\nNo. 93051-1."
  },
  "file_name": "1004-04",
  "first_page_order": 990,
  "last_page_order": 990
}
