{
  "id": 12462788,
  "name": "State, Respondent, v. Nen Than Phan, Petitioner",
  "name_abbreviation": "State v. Nen Than Phan",
  "decision_date": "2016-08-31",
  "docket_number": "No. 93089-9",
  "first_page": "1005",
  "last_page": "1005",
  "citations": [
    {
      "type": "official",
      "cite": "186 Wash. 2d 1005"
    }
  ],
  "court": {
    "name_abbreviation": "Wash.",
    "id": 9029,
    "name": "Washington Supreme Court"
  },
  "jurisdiction": {
    "id": 38,
    "name_long": "Washington",
    "name": "Wash."
  },
  "cites_to": [
    {
      "cite": "193 Wn. App. 1013",
      "category": "reporters:state",
      "reporter": "Wash. App.",
      "case_ids": [
        12449979,
        12449980,
        12449981,
        12449982
      ],
      "opinion_index": 0,
      "case_paths": [
        "/wash-app/193/1013-01",
        "/wash-app/193/1013-02",
        "/wash-app/193/1013-03",
        "/wash-app/193/1013-04"
      ]
    }
  ],
  "analysis": {
    "cardinality": 29,
    "char_count": 194,
    "ocr_confidence": 0.844,
    "sha256": "ec84127e3ae4c6446bd2db6007d90c82ae95f2d337e406743d0afa8d21d56e70",
    "simhash": "1:01d946b0947f5e39",
    "word_count": 33
  },
  "last_updated": "2024-02-27T18:43:05.207238+00:00",
  "provenance": {
    "date_added": "2019-05-23",
    "source": "Harvard",
    "batch": "2018"
  },
  "casebody": {
    "judges": [],
    "parties": [
      "State, Respondent, v. Nen Than Phan, Petitioner,"
    ],
    "opinions": [
      {
        "text": "Petition for review of a decision of the Court of Appeals, No. 72935-7-I, April 4, 2016, 193 Wn. App. 1013. Denied August 31, 2016.",
        "type": "majority",
        "author": null
      }
    ],
    "attorneys": [],
    "corrections": "",
    "head_matter": "State, Respondent, v. Nen Than Phan, Petitioner,\nNo. 93089-9."
  },
  "file_name": "1005-07",
  "first_page_order": 991,
  "last_page_order": 991
}
