{
  "id": 12462787,
  "name": "State, Respondent, v. Rodgers, Petitioner",
  "name_abbreviation": "State v. Rodgers",
  "decision_date": "2016-08-31",
  "docket_number": "No. 93087-2",
  "first_page": "1005",
  "last_page": "1005",
  "citations": [
    {
      "type": "official",
      "cite": "186 Wash. 2d 1005"
    }
  ],
  "court": {
    "name_abbreviation": "Wash.",
    "id": 9029,
    "name": "Washington Supreme Court"
  },
  "jurisdiction": {
    "id": 38,
    "name_long": "Washington",
    "name": "Wash."
  },
  "cites_to": [
    {
      "cite": "193 Wn. App. 1009",
      "category": "reporters:state",
      "reporter": "Wash. App.",
      "case_ids": [
        12449963,
        12449964,
        12449965,
        12449966
      ],
      "opinion_index": 0,
      "case_paths": [
        "/wash-app/193/1009-01",
        "/wash-app/193/1009-02",
        "/wash-app/193/1009-03",
        "/wash-app/193/1009-04"
      ]
    }
  ],
  "analysis": {
    "cardinality": 27,
    "char_count": 189,
    "ocr_confidence": 0.851,
    "sha256": "f916db59f0718dcdd1984adc412b1fa10a27faa11b69c8b42bac7c4cf9623ce1",
    "simhash": "1:e1496b3a0d09043d",
    "word_count": 31
  },
  "last_updated": "2024-02-27T18:43:05.207238+00:00",
  "provenance": {
    "date_added": "2019-05-23",
    "source": "Harvard",
    "batch": "2018"
  },
  "casebody": {
    "judges": [],
    "parties": [
      "State, Respondent, v. Rodgers, Petitioner,"
    ],
    "opinions": [
      {
        "text": "Petition for review of a decision of the Court of Appeals, No. 72712-5-I, March 28, 2016, 193 Wn. App. 1009. Denied August 31, 2016.",
        "type": "majority",
        "author": null
      }
    ],
    "attorneys": [],
    "corrections": "",
    "head_matter": "State, Respondent, v. Rodgers, Petitioner,\nNo. 93087-2."
  },
  "file_name": "1005-06",
  "first_page_order": 991,
  "last_page_order": 991
}
