{
  "id": 12462812,
  "name": "In re Pers. Restraint of Lui, Petitioner",
  "name_abbreviation": "In re Pers. Restraint of Lui",
  "decision_date": "2016-09-28",
  "docket_number": "No. 92816-9",
  "first_page": "1008",
  "last_page": "1008",
  "citations": [
    {
      "type": "official",
      "cite": "186 Wash. 2d 1008"
    }
  ],
  "court": {
    "name_abbreviation": "Wash.",
    "id": 9029,
    "name": "Washington Supreme Court"
  },
  "jurisdiction": {
    "id": 38,
    "name_long": "Washington",
    "name": "Wash."
  },
  "cites_to": [
    {
      "cite": "192 Wn. App. 1015",
      "category": "reporters:state",
      "reporter": "Wash. App.",
      "case_ids": [
        12456152,
        12456153,
        12456154,
        12456155
      ],
      "opinion_index": 0,
      "case_paths": [
        "/wash-app/192/1015-01",
        "/wash-app/192/1015-02",
        "/wash-app/192/1015-03",
        "/wash-app/192/1015-04"
      ]
    }
  ],
  "analysis": {
    "cardinality": 29,
    "char_count": 206,
    "ocr_confidence": 0.877,
    "sha256": "d2338ff612f388e5ec48a9cd58658ae224c24ca20963a4daa47a4f4e2a379ce1",
    "simhash": "1:29b34a747541aefd",
    "word_count": 34
  },
  "last_updated": "2024-02-27T18:43:05.207238+00:00",
  "provenance": {
    "date_added": "2019-05-23",
    "source": "Harvard",
    "batch": "2018"
  },
  "casebody": {
    "judges": [],
    "parties": [
      "In re Pers. Restraint of Lui, Petitioner,"
    ],
    "opinions": [
      {
        "text": "Motion for discretionary review of a decision of the Court of Appeals, No. 72478-9-I, January 19, 2016, 192 Wn. App. 1015. Granted September 28, 2016.",
        "type": "majority",
        "author": null
      }
    ],
    "attorneys": [],
    "corrections": "",
    "head_matter": "In re Pers. Restraint of Lui, Petitioner,\nNo. 92816-9."
  },
  "file_name": "1008-07",
  "first_page_order": 994,
  "last_page_order": 994
}
