{
  "id": 12462823,
  "name": "McClain, Petitioner, v. 1st Sec. Bank of Wash., Respondent",
  "name_abbreviation": "McClain v. 1st Sec. Bank of Wash.",
  "decision_date": "2016-09-28",
  "docket_number": "No. 93104-6",
  "first_page": "1010",
  "last_page": "1010",
  "citations": [
    {
      "type": "official",
      "cite": "186 Wash. 2d 1010"
    }
  ],
  "court": {
    "name_abbreviation": "Wash.",
    "id": 9029,
    "name": "Washington Supreme Court"
  },
  "jurisdiction": {
    "id": 38,
    "name_long": "Washington",
    "name": "Wash."
  },
  "cites_to": [
    {
      "cite": "192 Wn. App. 1063",
      "category": "reporters:state",
      "reporter": "Wash. App.",
      "case_ids": [
        12456336,
        12456333,
        12456334,
        12456335
      ],
      "opinion_index": 0,
      "case_paths": [
        "/wash-app/192/1063-04",
        "/wash-app/192/1063-01",
        "/wash-app/192/1063-02",
        "/wash-app/192/1063-03"
      ]
    }
  ],
  "analysis": {
    "cardinality": 30,
    "char_count": 208,
    "ocr_confidence": 0.859,
    "sha256": "a5b7e39a57772c647bc94481d2e0d34e44e6eb208d72548899c685a8b75d5b02",
    "simhash": "1:03bd1e7b18a9db1c",
    "word_count": 35
  },
  "last_updated": "2024-02-27T18:43:05.207238+00:00",
  "provenance": {
    "date_added": "2019-05-23",
    "source": "Harvard",
    "batch": "2018"
  },
  "casebody": {
    "judges": [],
    "parties": [
      "McClain, Petitioner, v. 1st Sec. Bank of Wash., Respondent,"
    ],
    "opinions": [
      {
        "text": "Petition for review of a decision of the Court of Appeals, No. 73190-4-I, March 7, 2016, 192 Wn. App. 1063. Denied September 28, 2016.",
        "type": "majority",
        "author": null
      }
    ],
    "attorneys": [],
    "corrections": "",
    "head_matter": "McClain, Petitioner, v. 1st Sec. Bank of Wash., Respondent,\nNo. 93104-6."
  },
  "file_name": "1010-04",
  "first_page_order": 996,
  "last_page_order": 996
}
