{
  "id": 12462835,
  "name": "Collins, Petitioner, v. State, Respondent",
  "name_abbreviation": "Collins v. State",
  "decision_date": "2016-09-28",
  "docket_number": "No. 93190-9",
  "first_page": "1011",
  "last_page": "1011",
  "citations": [
    {
      "type": "official",
      "cite": "186 Wash. 2d 1011"
    }
  ],
  "court": {
    "name_abbreviation": "Wash.",
    "id": 9029,
    "name": "Washington Supreme Court"
  },
  "jurisdiction": {
    "id": 38,
    "name_long": "Washington",
    "name": "Wash."
  },
  "cites_to": [
    {
      "cite": "193 Wn. App. 1051",
      "category": "reporters:state",
      "reporter": "Wash. App.",
      "case_ids": [
        12450122,
        12450123,
        12450124,
        12450125
      ],
      "opinion_index": 0,
      "case_paths": [
        "/wash-app/193/1051-01",
        "/wash-app/193/1051-02",
        "/wash-app/193/1051-03",
        "/wash-app/193/1051-04"
      ]
    }
  ],
  "analysis": {
    "cardinality": 27,
    "char_count": 191,
    "ocr_confidence": 0.865,
    "sha256": "ae1632a40c93834d0c504a90dc15ad1a22a57ddfb17c217bebd958917d708a61",
    "simhash": "1:4810423f39f111fd",
    "word_count": 31
  },
  "last_updated": "2024-02-27T18:43:05.207238+00:00",
  "provenance": {
    "date_added": "2019-05-23",
    "source": "Harvard",
    "batch": "2018"
  },
  "casebody": {
    "judges": [],
    "parties": [
      "Collins, Petitioner, v. State, Respondent,"
    ],
    "opinions": [
      {
        "text": "Petition for review of a decision of the Court of Appeals, No. 47565-1-II, May 10, 2016, 193 Wn. App. 1051. Denied September 28, 2016.",
        "type": "majority",
        "author": null
      }
    ],
    "attorneys": [],
    "corrections": "",
    "head_matter": "Collins, Petitioner, v. State, Respondent,\nNo. 93190-9."
  },
  "file_name": "1011-08",
  "first_page_order": 997,
  "last_page_order": 997
}
