{
  "id": 12462847,
  "name": "Stephens, Petitioner, v. Dep't of Corr., Respondent",
  "name_abbreviation": "Stephens v. Dep't of Corr.",
  "decision_date": "2016-09-28",
  "docket_number": "No. 93221-2",
  "first_page": "1013",
  "last_page": "1013",
  "citations": [
    {
      "type": "official",
      "cite": "186 Wash. 2d 1013"
    }
  ],
  "court": {
    "name_abbreviation": "Wash.",
    "id": 9029,
    "name": "Washington Supreme Court"
  },
  "jurisdiction": {
    "id": 38,
    "name_long": "Washington",
    "name": "Wash."
  },
  "cites_to": [
    {
      "cite": "192 Wn. App. 1060",
      "category": "reporters:state",
      "reporter": "Wash. App.",
      "case_ids": [
        12456321,
        12456322,
        12456323,
        12456324
      ],
      "opinion_index": 0,
      "case_paths": [
        "/wash-app/192/1060-01",
        "/wash-app/192/1060-02",
        "/wash-app/192/1060-03",
        "/wash-app/192/1060-04"
      ]
    }
  ],
  "analysis": {
    "cardinality": 28,
    "char_count": 201,
    "ocr_confidence": 0.85,
    "sha256": "5747e1586fc7a147039bcf305d62707ea7bec21b7ee3200f4e61be3f6f412eaf",
    "simhash": "1:82b04abf55dde63b",
    "word_count": 33
  },
  "last_updated": "2024-02-27T18:43:05.207238+00:00",
  "provenance": {
    "date_added": "2019-05-23",
    "source": "Harvard",
    "batch": "2018"
  },
  "casebody": {
    "judges": [],
    "parties": [
      "Stephens, Petitioner, v. Dep\u2019t of Corr., Respondent,"
    ],
    "opinions": [
      {
        "text": "Petition for review of a decision of the Court of Appeals, No. 72950-1-I, March 7, 2016, 192 Wn. App. 1060. Denied September 28, 2016.",
        "type": "majority",
        "author": null
      }
    ],
    "attorneys": [],
    "corrections": "",
    "head_matter": "Stephens, Petitioner, v. Dep\u2019t of Corr., Respondent,\nNo. 93221-2."
  },
  "file_name": "1013-04",
  "first_page_order": 999,
  "last_page_order": 999
}
