{
  "id": 12462872,
  "name": "State, Respondent, v. Lile, Petitioner",
  "name_abbreviation": "State v. Lile",
  "decision_date": "2016-09-29",
  "docket_number": "No. 93035-0",
  "first_page": "1016",
  "last_page": "1016",
  "citations": [
    {
      "type": "official",
      "cite": "186 Wash. 2d 1016"
    }
  ],
  "court": {
    "name_abbreviation": "Wash.",
    "id": 9029,
    "name": "Washington Supreme Court"
  },
  "jurisdiction": {
    "id": 38,
    "name_long": "Washington",
    "name": "Wash."
  },
  "cites_to": [
    {
      "cite": "193 Wn. App. 179",
      "category": "reporters:state",
      "reporter": "Wash. App.",
      "case_ids": [
        12449894
      ],
      "opinion_index": 0,
      "case_paths": [
        "/wash-app/193/0179-01"
      ]
    }
  ],
  "analysis": {
    "cardinality": 26,
    "char_count": 192,
    "ocr_confidence": 0.866,
    "pagerank": {
      "raw": 4.03580807328026e-08,
      "percentile": 0.2576640568620024
    },
    "sha256": "2502b011048cc5e87c25206c06b6ac624b2240d472181db6fe7975e168fe16f5",
    "simhash": "1:eedddf3d1fbb094c",
    "word_count": 31
  },
  "last_updated": "2024-02-27T18:43:05.207238+00:00",
  "provenance": {
    "date_added": "2019-05-23",
    "source": "Harvard",
    "batch": "2018"
  },
  "casebody": {
    "judges": [],
    "parties": [
      "State, Respondent, v. Lile, Petitioner,"
    ],
    "opinions": [
      {
        "text": "Petition for review of a decision of the Court of Appeals, No. 71912-2-1, February 29, 2016, 193 Wn. App. 179. Granted September 29, 2016.",
        "type": "majority",
        "author": null
      }
    ],
    "attorneys": [],
    "corrections": "",
    "head_matter": "State, Respondent, v. Lile, Petitioner,\nNo. 93035-0."
  },
  "file_name": "1016-05",
  "first_page_order": 1002,
  "last_page_order": 1002
}
