{
  "id": 12462873,
  "name": "Wash. Trucking Ass'ns et al., Respondents, v. Emp't Sec. Dep't et al., Petitioners",
  "name_abbreviation": "Wash. Trucking Ass'ns v. Emp't Sec. Dep't",
  "decision_date": "2016-09-29",
  "docket_number": "No. 93079-1",
  "first_page": "1016",
  "last_page": "1016",
  "citations": [
    {
      "type": "official",
      "cite": "186 Wash. 2d 1016"
    }
  ],
  "court": {
    "name_abbreviation": "Wash.",
    "id": 9029,
    "name": "Washington Supreme Court"
  },
  "jurisdiction": {
    "id": 38,
    "name_long": "Washington",
    "name": "Wash."
  },
  "cites_to": [
    {
      "cite": "192 Wn. App. 621",
      "category": "reporters:state",
      "reporter": "Wash. App.",
      "case_ids": [
        12456081
      ],
      "opinion_index": 0,
      "case_paths": [
        "/wash-app/192/0621-01"
      ]
    }
  ],
  "analysis": {
    "cardinality": 33,
    "char_count": 236,
    "ocr_confidence": 0.869,
    "pagerank": {
      "raw": 4.03580807328026e-08,
      "percentile": 0.25766424992345116
    },
    "sha256": "23bfb3b23d78ae7388ec5d3ffc3eb4a9003d6888af683fb142e78c8ae6b4d85b",
    "simhash": "1:2ed54a3cb851ffdc",
    "word_count": 39
  },
  "last_updated": "2024-02-27T18:43:05.207238+00:00",
  "provenance": {
    "date_added": "2019-05-23",
    "source": "Harvard",
    "batch": "2018"
  },
  "casebody": {
    "judges": [],
    "parties": [
      "Wash. Trucking Ass\u2019ns et al., Respondents, v. Emp\u2019t Sec. Dep\u2019t et al., Petitioners,"
    ],
    "opinions": [
      {
        "text": "Petition for review of a decision of the Court of Appeals, No. 47681-9-II, February 9, 2016, 192 Wn. App. 621. Granted September 29, 2016.",
        "type": "majority",
        "author": null
      }
    ],
    "attorneys": [],
    "corrections": "",
    "head_matter": "Wash. Trucking Ass\u2019ns et al., Respondents, v. Emp\u2019t Sec. Dep\u2019t et al., Petitioners,\nNo. 93079-1."
  },
  "file_name": "1016-06",
  "first_page_order": 1002,
  "last_page_order": 1002
}
