{
  "id": 12462914,
  "name": "State, Respondent, v. Pamon, Petitioner",
  "name_abbreviation": "State v. Pamon",
  "decision_date": "2016-11-02",
  "docket_number": "No. 93355-3",
  "first_page": "1021",
  "last_page": "1021",
  "citations": [
    {
      "type": "official",
      "cite": "186 Wash. 2d 1021"
    }
  ],
  "court": {
    "name_abbreviation": "Wash.",
    "id": 9029,
    "name": "Washington Supreme Court"
  },
  "jurisdiction": {
    "id": 38,
    "name_long": "Washington",
    "name": "Wash."
  },
  "cites_to": [
    {
      "cite": "193 Wn. App. 1023",
      "category": "reporters:state",
      "reporter": "Wash. App.",
      "case_ids": [
        12450016,
        12450017,
        12450018,
        12450019
      ],
      "opinion_index": 0,
      "case_paths": [
        "/wash-app/193/1023-01",
        "/wash-app/193/1023-02",
        "/wash-app/193/1023-03",
        "/wash-app/193/1023-04"
      ]
    }
  ],
  "analysis": {
    "cardinality": 27,
    "char_count": 188,
    "ocr_confidence": 0.865,
    "sha256": "1fc75d2969af9df1b8494757ed735c69f747a2423dc22a07b02858097825ff1e",
    "simhash": "1:8410669b166dce1d",
    "word_count": 31
  },
  "last_updated": "2024-02-27T18:43:05.207238+00:00",
  "provenance": {
    "date_added": "2019-05-23",
    "source": "Harvard",
    "batch": "2018"
  },
  "casebody": {
    "judges": [],
    "parties": [
      "State, Respondent, v. Pamon, Petitioner,"
    ],
    "opinions": [
      {
        "text": "Petition for review of a decision of the Court of Appeals, No. 72803-2-I, April 18, 2016, 193 Wn. App. 1023. Denied November 2, 2016.",
        "type": "majority",
        "author": null
      }
    ],
    "attorneys": [],
    "corrections": "",
    "head_matter": "State, Respondent, v. Pamon, Petitioner,\nNo. 93355-3."
  },
  "file_name": "1021-08",
  "first_page_order": 1007,
  "last_page_order": 1007
}
