{
  "id": 12462908,
  "name": "Cronin, Respondent, v. Cent. Valley Sch. Dist., Petitioner",
  "name_abbreviation": "Cronin v. Cent. Valley Sch. Dist.",
  "decision_date": "2016-11-02",
  "docket_number": "No. 93337-5",
  "first_page": "1021",
  "last_page": "1021",
  "citations": [
    {
      "type": "official",
      "cite": "186 Wash. 2d 1021"
    }
  ],
  "court": {
    "name_abbreviation": "Wash.",
    "id": 9029,
    "name": "Washington Supreme Court"
  },
  "jurisdiction": {
    "id": 38,
    "name_long": "Washington",
    "name": "Wash."
  },
  "cites_to": [
    {
      "cite": "193 Wn. App. 1022",
      "category": "reporters:state",
      "reporter": "Wash. App.",
      "case_ids": [
        12450013,
        12450014,
        12450015
      ],
      "opinion_index": 0,
      "case_paths": [
        "/wash-app/193/1022-01",
        "/wash-app/193/1022-02",
        "/wash-app/193/1022-03"
      ]
    }
  ],
  "analysis": {
    "cardinality": 30,
    "char_count": 209,
    "ocr_confidence": 0.871,
    "sha256": "219131c160c62efce5c02b487ac75620dd39da1743620a583714d9e954263ff4",
    "simhash": "1:85998a2e2fc54551",
    "word_count": 34
  },
  "last_updated": "2024-02-27T18:43:05.207238+00:00",
  "provenance": {
    "date_added": "2019-05-23",
    "source": "Harvard",
    "batch": "2018"
  },
  "casebody": {
    "judges": [],
    "parties": [
      "Cronin, Respondent, v. Cent. Valley Sch. Dist., Petitioner,"
    ],
    "opinions": [
      {
        "text": "Petition for review of a decision of the Court of Appeals, No. 33062-1-III, April 14, 2016, 193 Wn. App. 1022. Denied November 2, 2016.",
        "type": "majority",
        "author": null
      }
    ],
    "attorneys": [],
    "corrections": "",
    "head_matter": "Cronin, Respondent, v. Cent. Valley Sch. Dist., Petitioner,\nNo. 93337-5."
  },
  "file_name": "1021-02",
  "first_page_order": 1007,
  "last_page_order": 1007
}
