{
  "id": 12462918,
  "name": "Kozol, Petitioner, v. Dep't of Corr., Respondent",
  "name_abbreviation": "Kozol v. Dep't of Corr.",
  "decision_date": "2016-11-02",
  "docket_number": "No. 93365-1",
  "first_page": "1022",
  "last_page": "1022",
  "citations": [
    {
      "type": "official",
      "cite": "186 Wash. 2d 1022"
    }
  ],
  "court": {
    "name_abbreviation": "Wash.",
    "id": 9029,
    "name": "Washington Supreme Court"
  },
  "jurisdiction": {
    "id": 38,
    "name_long": "Washington",
    "name": "Wash."
  },
  "cites_to": [
    {
      "cite": "193 Wn. App. 1020",
      "category": "reporters:state",
      "reporter": "Wash. App.",
      "case_ids": [
        12450008,
        12450009,
        12450007
      ],
      "opinion_index": 0,
      "case_paths": [
        "/wash-app/193/1020-02",
        "/wash-app/193/1020-03",
        "/wash-app/193/1020-01"
      ]
    }
  ],
  "analysis": {
    "cardinality": 31,
    "char_count": 216,
    "ocr_confidence": 0.882,
    "sha256": "91cd13cd7f73f88e5624f645f1f42fe990cb8d27527958f9ef06aa1119ec8a39",
    "simhash": "1:94d9623a15730d67",
    "word_count": 35
  },
  "last_updated": "2024-02-27T18:43:05.207238+00:00",
  "provenance": {
    "date_added": "2019-05-23",
    "source": "Harvard",
    "batch": "2018"
  },
  "casebody": {
    "judges": [],
    "parties": [
      "Kozol, Petitioner, v. Dep\u2019t of Corr., Respondent,"
    ],
    "opinions": [
      {
        "text": "Petition for review of a decision of the Court of Appeals, Nos. 32596-2-III and 32643-8-III, April 12, 2016, 193 Wn. App. 1020. Denied November 2, 2016.",
        "type": "majority",
        "author": null
      }
    ],
    "attorneys": [],
    "corrections": "",
    "head_matter": "Kozol, Petitioner, v. Dep\u2019t of Corr., Respondent,\nNo. 93365-1."
  },
  "file_name": "1022-04",
  "first_page_order": 1008,
  "last_page_order": 1008
}
