{
  "id": 12462968,
  "name": "State, Respondent, v. Tellez, Petitioner",
  "name_abbreviation": "State v. Tellez",
  "decision_date": "2016-12-07",
  "docket_number": "No. 93477-1",
  "first_page": "1028",
  "last_page": "1028",
  "citations": [
    {
      "type": "official",
      "cite": "186 Wash. 2d 1028"
    }
  ],
  "court": {
    "name_abbreviation": "Wash.",
    "id": 9029,
    "name": "Washington Supreme Court"
  },
  "jurisdiction": {
    "id": 38,
    "name_long": "Washington",
    "name": "Wash."
  },
  "cites_to": [
    {
      "cite": "195 Wn. App. 1010",
      "category": "reporters:state",
      "reporter": "Wash. App.",
      "case_ids": [
        12454297,
        12454298,
        12454299,
        12454300
      ],
      "opinion_index": 0,
      "case_paths": [
        "/wash-app/195/1010-01",
        "/wash-app/195/1010-02",
        "/wash-app/195/1010-03",
        "/wash-app/195/1010-04"
      ]
    }
  ],
  "analysis": {
    "cardinality": 27,
    "char_count": 190,
    "ocr_confidence": 0.849,
    "sha256": "26b421bc6cb27af1739b3107e3d066ab8bbec35ab3965cc1d97692cdf26ac6cf",
    "simhash": "1:04c96ef013c10dfd",
    "word_count": 31
  },
  "last_updated": "2024-02-27T18:43:05.207238+00:00",
  "provenance": {
    "date_added": "2019-05-23",
    "source": "Harvard",
    "batch": "2018"
  },
  "casebody": {
    "judges": [],
    "parties": [
      "State, Respondent, v. Tellez, Petitioner,"
    ],
    "opinions": [
      {
        "text": "Petition for review of a decision of the Court of Appeals, No. 33552-6-III, July 19, 2016, 195 Wn. App. 1010. Denied December 7, 2016.",
        "type": "majority",
        "author": null
      }
    ],
    "attorneys": [],
    "corrections": "",
    "head_matter": "State, Respondent, v. Tellez, Petitioner,\nNo. 93477-1."
  },
  "file_name": "1028-07",
  "first_page_order": 1014,
  "last_page_order": 1014
}
