{
  "id": 12462964,
  "name": "Key Dev. Pension et al., Petitioners, v. Carlson et al., Respondents",
  "name_abbreviation": "Key Dev. Pension v. Carlson",
  "decision_date": "2016-12-07",
  "docket_number": "No. 93465-7",
  "first_page": "1028",
  "last_page": "1028",
  "citations": [
    {
      "type": "official",
      "cite": "186 Wash. 2d 1028"
    }
  ],
  "court": {
    "name_abbreviation": "Wash.",
    "id": 9029,
    "name": "Washington Supreme Court"
  },
  "jurisdiction": {
    "id": 38,
    "name_long": "Washington",
    "name": "Wash."
  },
  "cites_to": [
    {
      "cite": "194 Wn. App. 1053",
      "category": "reporters:state",
      "reporter": "Wash. App.",
      "case_ids": [
        12451876,
        12451877,
        12451878,
        12451879
      ],
      "opinion_index": 0,
      "case_paths": [
        "/wash-app/194/1053-01",
        "/wash-app/194/1053-02",
        "/wash-app/194/1053-03",
        "/wash-app/194/1053-04"
      ]
    }
  ],
  "analysis": {
    "cardinality": 31,
    "char_count": 216,
    "ocr_confidence": 0.844,
    "sha256": "ba8e0a30545ab78d2834321ffdf0d7a522a6c39ce372f63f90a79c87cc004778",
    "simhash": "1:8d104a7268d17e3d",
    "word_count": 37
  },
  "last_updated": "2024-02-27T18:43:05.207238+00:00",
  "provenance": {
    "date_added": "2019-05-23",
    "source": "Harvard",
    "batch": "2018"
  },
  "casebody": {
    "judges": [],
    "parties": [
      "Key Dev. Pension et al., Petitioners, v. Carlson et al., Respondents,"
    ],
    "opinions": [
      {
        "text": "Petition for review of a decision of the Court of Appeals, No. 73347-8-I, July 11, 2016, 194 Wn. App. 1053. Denied December 7, 2016.",
        "type": "majority",
        "author": null
      }
    ],
    "attorneys": [],
    "corrections": "",
    "head_matter": "Key Dev. Pension et al., Petitioners, v. Carlson et al., Respondents,\nNo. 93465-7."
  },
  "file_name": "1028-03",
  "first_page_order": 1014,
  "last_page_order": 1014
}
