{
  "id": 12462975,
  "name": "Tri-City R.R. Co., Petitioner, v. Utils. & Transp. Comm'n, Respondent",
  "name_abbreviation": "Tri-City R.R. Co. v. Utils. & Transp. Comm'n",
  "decision_date": "2016-12-07",
  "docket_number": "No. 93494-1",
  "first_page": "1029",
  "last_page": "1029",
  "citations": [
    {
      "type": "official",
      "cite": "186 Wash. 2d 1029"
    }
  ],
  "court": {
    "name_abbreviation": "Wash.",
    "id": 9029,
    "name": "Washington Supreme Court"
  },
  "jurisdiction": {
    "id": 38,
    "name_long": "Washington",
    "name": "Wash."
  },
  "cites_to": [
    {
      "cite": "194 Wn. App. 642",
      "category": "reporters:state",
      "reporter": "Wash. App.",
      "case_ids": [
        12451660
      ],
      "opinion_index": 0,
      "case_paths": [
        "/wash-app/194/0642-01"
      ]
    }
  ],
  "analysis": {
    "cardinality": 31,
    "char_count": 218,
    "ocr_confidence": 0.888,
    "pagerank": {
      "raw": 4.03580807328026e-08,
      "percentile": 0.2576688833982213
    },
    "sha256": "714a4cc28ca1f2d9a6f126bb23c378944da87df314dffecb4b8a96418d8fbe9b",
    "simhash": "1:a478c27621591504",
    "word_count": 35
  },
  "last_updated": "2024-02-27T18:43:05.207238+00:00",
  "provenance": {
    "date_added": "2019-05-23",
    "source": "Harvard",
    "batch": "2018"
  },
  "casebody": {
    "judges": [],
    "parties": [
      "Tri-City R.R. Co., Petitioner, v. Utils. & Transp. Comm\u2019n, Respondent,"
    ],
    "opinions": [
      {
        "text": "Petition for review of a decision of the Court of Appeals, No. 33031-1-III, June 16, 2016, 194 Wn. App. 642. Denied December 7, 2016.",
        "type": "majority",
        "author": null
      }
    ],
    "attorneys": [],
    "corrections": "",
    "head_matter": "Tri-City R.R. Co., Petitioner, v. Utils. & Transp. Comm\u2019n, Respondent,\nNo. 93494-1."
  },
  "file_name": "1029-06",
  "first_page_order": 1015,
  "last_page_order": 1015
}
