{
  "id": 8727902,
  "name": "Aikin v. Harrington et al.",
  "name_abbreviation": "Aikin v. Harrington",
  "decision_date": "1851-07",
  "docket_number": "",
  "first_page": "391",
  "last_page": "393",
  "citations": [
    {
      "type": "official",
      "cite": "12 Ark. 391"
    }
  ],
  "court": {
    "name_abbreviation": "Ark.",
    "id": 8808,
    "name": "Arkansas Supreme Court"
  },
  "jurisdiction": {
    "id": 34,
    "name_long": "Arkansas",
    "name": "Ark."
  },
  "cites_to": [
    {
      "cite": "2 Bibb. 349",
      "category": "reporters:state",
      "reporter": "Bibb",
      "case_ids": [
        6410632
      ],
      "opinion_index": 0,
      "case_paths": [
        "/ky/5/0349-01"
      ]
    },
    {
      "cite": "1 Litt. 52",
      "category": "reporters:state",
      "reporter": "Litt.",
      "case_ids": [
        12123598
      ],
      "opinion_index": 0,
      "case_paths": [
        "/ky/11/0052-01"
      ]
    }
  ],
  "analysis": {
    "cardinality": 285,
    "char_count": 4547,
    "ocr_confidence": 0.446,
    "pagerank": {
      "raw": 1.1381336528340584e-07,
      "percentile": 0.5778180503959883
    },
    "sha256": "baf354dded7346a7cf628fed473f10d6199aa44eb9e30d80a239177e9d5626ad",
    "simhash": "1:5d41a2e44bae9abb",
    "word_count": 803
  },
  "last_updated": "2024-02-27T17:36:17.662704+00:00",
  "provenance": {
    "date_added": "2019-08-29",
    "source": "Harvard",
    "batch": "2018"
  },
  "casebody": {
    "judges": [],
    "parties": [
      "Aikin v. Harrington et al."
    ],
    "opinions": [
      {
        "text": "Mr. Justice JohnsoN\ndelivered the opinion of the Court.\nThis was a bill filed to set aside a sale of land for fraud. The fraud complained of consisted in certain promises which were charged to have been made by the defendant Harrington, to the complainants\u2019 agent, that in case he would not bid for the land, but would permit him to become the purchaser, he would give a reasonable time for its redemption, and further that the defendant Nix purchased the same land of Harrington with a knowledge of the justice of the complainant\u2019s claim. The answer of Harrington admits that aspecified time was given by him for the complainant to redeem the land by the payment of his entire debt and also all the expenses of the sale, &c., but he positively denies that he either paid or offered to pay the same within the time specified, and further that he made no promises to prevent any person from bidding for the property at the time of his purchase.\nThis answer is opposed by the testimony of a single witness, and that, too, without the aid of any corroborating circumstances, indeed it is very questionable whether, even admitting the testimony in its fullest force, it could have availed the complainant, as all that he claimed was a reasonable time to redeem, and although a long time had elapsed, he utterly failed to show that he had made any effort to pay the debt and to avail himself of his privilege. We are satisfied, however, from the proof as presented by the record, that the essential allegations of the bill were not sustained, and that therefore the decree was properly rendered in favor of Harrington. Harrington having succeeded upon his answer, which went to the entire equity of the bill, it is clear that no decree could be taken against Nix, and that consequently the decree is right in giving costs to both defendants. The cases of Harrison's heirs v. Dererniah, (2 Bibb., p. 349) and Cunningham's heirs v. Steele, (1 Litt. 52,) are directly in point. In the former of which cases the court said \u201cIt was contended that the Circuit Coui't should have decreed against the defendant,Friend, against whom the bill had been taken for confessed. It is a general rule in suits at law that if one defendant plead to the whole cause of action and the other suffers judgment to go by default, if a verdict be in favor of the plea judgment shall be entered for both defendants. From analogy, the rule must be the same in chancery. The sufficiency of the complainant\u2019s claim was put in issue by the answer of one of the defendants, who holds under the same claim with Friend. Their equity being defective the court did right in dismissing the bill as to all the defendants.\u201d And in the latter, the same court said \u201cNor do we suppose the decree can be sustained against such of the appellants as failed to answer the bill. If there had been no answer by either of the appellants, the allegations of the bill, after being taken for confessed, might be sufficient to authorize a decree against all, but after an answer by any, denying the equity asserted by the appellee and putting him on the proof of his allegations, without proving his equity, the appellee can have no relief decreed against any of the appellants, as was held by this court in the case of Harrison's heirs v. Dererniah, 2 Bibb. 349. The two cases referred to are directly in point, and are believed to be based upon sound principles. The decree of the Circuit Court of Arkansas county, herein rendered, is in all things affirmed.",
        "type": "majority",
        "author": "Mr. Justice JohnsoN"
      }
    ],
    "attorneys": [
      "Hempstead, for the appellant."
    ],
    "corrections": "",
    "head_matter": "Aikin v. Harrington et al.\nWhere the allegations of the bill are denied by the answer, they must be supported by two witnesses, or one with corroborating circumstances.\nWhere there is an interlocutory judgment, by default, against one of several defendants in chancery, it must abide the result of the final decree, and if another defendant suceeeds on an answer going to the entire equity of the bill, the bill should be dismissed as to all the parties, and costs adjudged to the party in default as well as to the defendant answering.\nAppeal from the Chancery side of Arkansas Circuit Court.\nThis was a bill in chancery filed by Gude Aikin against Allen S. Harrington and Quinton Nix,in the Circuit Court of Arkansas county.\nNix made default, and an interlocutory decree was rendered against him.\nHarrington answered, and on the hearing of the bill the court decreed that it be dismissed for want of equity, and that both defendants recover their costs, &c.\nThe other facts appear in the opinion of this court.\nHempstead, for the appellant."
  },
  "file_name": "0391-01",
  "first_page_order": 391,
  "last_page_order": 393
}
