{
  "id": 8725071,
  "name": "Southern Life Insurance Company v. Roberts",
  "name_abbreviation": "Southern Life Insurance v. Roberts",
  "decision_date": "1927-05-02",
  "docket_number": "",
  "first_page": "903",
  "last_page": "905",
  "citations": [
    {
      "type": "official",
      "cite": "173 Ark. 903"
    }
  ],
  "court": {
    "name_abbreviation": "Ark.",
    "id": 8808,
    "name": "Arkansas Supreme Court"
  },
  "jurisdiction": {
    "id": 34,
    "name_long": "Arkansas",
    "name": "Ark."
  },
  "cites_to": [
    {
      "cite": "36 Ark. 371",
      "category": "reporters:state",
      "reporter": "Ark.",
      "case_ids": [
        1872495
      ],
      "opinion_index": 0,
      "case_paths": [
        "/ark/36/0371-01"
      ]
    }
  ],
  "analysis": {
    "cardinality": 300,
    "char_count": 4566,
    "ocr_confidence": 0.474,
    "pagerank": {
      "raw": 8.138363859351185e-08,
      "percentile": 0.47020675722793104
    },
    "sha256": "873624745e382f32e5b83fd631930ff7f622455bdbd44fefab41914e1ef70be3",
    "simhash": "1:5d1b809f6ae1af7b",
    "word_count": 794
  },
  "last_updated": "2024-02-27T16:22:26.640555+00:00",
  "provenance": {
    "date_added": "2019-08-29",
    "source": "Harvard",
    "batch": "2018"
  },
  "casebody": {
    "judges": [],
    "parties": [
      "Southern Life Insurance Company v. Roberts."
    ],
    "opinions": [
      {
        "text": "Kirby, J.\nAppellee, the beneficiary, brought this suit upon a $1,000 policy, No. 496, Circle B, issued by the appellant company, insuring the life of her husband, Thomas I. Roberts, and prayed judgment in the amount of the policy, and damages and attorney\u2019s fees. The insurance company answered, denying any indebtedness upon the policy, alleging that it was voided because of misrepresentations and warranties made in the application about the insured\u2019s health, that only about $400 was due under its terms in any event, and pleaded a compromise and settlement for $100, exhibiting the release therefor.\nThe jury returned a verdict for $391.73, the amount conceded to be due under the policy, if valid, and from the .judgment this appeal is prosecuted.\nThe testimony tended to show that the insurance adjuster, after proof of the death was sent in, came to see . the appellee and told her that he had been sent by the company to take up the papers, which he claimed were worthless, as Mr. Roberts had misrepresented the condition of his health in the application for the policy, denying that he had had epilepsy, when the proof of death showed that he had died from that disease. He told her that the policy was void on that account, and the company did not owe her anything, but that it would pay her $100 in settlement to avoid a lawsuit about it.\nThe appellee insisted that her husband was in good health at the time the application was made, had never had any fits or spells before that time, and that the condition had developed afterward from blood poison. She stated the adjuster told her that the company had made a thorough investigation and had found out that the insured was in bad health at the time he took it out, and that the company did not owe her anything on the policy; and further, \u201cYou said\u201d (the adjuster who had made the settlement was the attorney examining the witness) \u201cthey told you in black and white there not to give me anything; -you said it would take one hundred dollars to fight it out in a lawsuit, and yon would rather give me the one hundred dollars than to fight it out.\u2019]\nWitness was much distressed mentally, and did not know what to do, and the adjuster fixed up the papers, which she did not read, took the policy, threw a check or draft into her lap, and went away. The check was never cashed.\nSeveral witnesses, two physicians, one the family physician of the deceased, testified that he had had no spells indicating epilepsy until after 1919, the application for the insurance having been taken out before that time, when he suffered a severe attack of blood poisoning.\nThe appellee stated that insured had never had any attack of any kind at all before the insurance was taken out, nor until after the blood poisoning; that thereafter he had mild spells, which increased in severity. until he finally died with epilepsy, as shown in the proof of death.\nThe etiology of this disease is that it is hereditary, and that a great majority of the cases (perhaps 80 per cent.) develop in childhood.\nNo complaint is made of the court\u2019s instructions to the jury, and, since the burden of proof was on the appellant company to show a valid release, and the jury had found against it upon correct instructions, the verdict will not be disturbed, since it is supported by some substantial testimony.\nNo error was committed in not requiring the jury to make the special finding of facts requested. This was a matter within the sound discretion of the trial court, and it alone could properly judge of the expediency of it, and nothing in the record indicates an abuse of such discretion. Little Rock & Ft. Smith Ry. Co. v. Pankhurst, 36 Ark. 371.\nWe find no prejudicial error in the record, and the judgment is affirmed.",
        "type": "majority",
        "author": "Kirby, J."
      }
    ],
    "attorneys": [
      "John L. Crank, for appellant.",
      "Opie Rogers, for appellee."
    ],
    "corrections": "",
    "head_matter": "Southern Life Insurance Company v. Roberts.\nOpinion delivered May 2, 1927.\n1. Insurance \u2014 burden to show release. \u2014 In an action on a life insurance policy, the burden of proof was on the defendant to show a valid release hy the beneficiary.\n2. Appeal and error. \u2014 conclusiveness op verdict. \u2014 In an action on a life insurance policy, in which the defendant pleaded a compromise and settlement, the verdict for the plaintiff on correct instructions, and supported by a substantial testimony, will not be disturbed.\n3. Trial \u2014 special finding \u2014 discretion op court. \u2014 Whether a jury shall he required to make a requested special finding is within the sound discretion of the trial court.\nAppeal from Van Bur\u00e9n Circuit Court; J. M. Shinn, Judge;\naffirmed.\nJohn L. Crank, for appellant.\nOpie Rogers, for appellee."
  },
  "file_name": "0903-01",
  "first_page_order": 919,
  "last_page_order": 921
}
