{
  "id": 8726140,
  "name": "Hudson v. State",
  "name_abbreviation": "Hudson v. State",
  "decision_date": "1927-05-09",
  "docket_number": "",
  "first_page": "1169",
  "last_page": "1171",
  "citations": [
    {
      "type": "official",
      "cite": "173 Ark. 1169"
    }
  ],
  "court": {
    "name_abbreviation": "Ark.",
    "id": 8808,
    "name": "Arkansas Supreme Court"
  },
  "jurisdiction": {
    "id": 34,
    "name_long": "Arkansas",
    "name": "Ark."
  },
  "cites_to": [
    {
      "cite": "160 S. W. 878",
      "category": "reporters:state_regional",
      "reporter": "S.W.",
      "opinion_index": 0
    },
    {
      "cite": "110 Ark. 44",
      "category": "reporters:state",
      "reporter": "Ark.",
      "case_ids": [
        1337113
      ],
      "opinion_index": 0,
      "case_paths": [
        "/ark/110/0044-01"
      ]
    },
    {
      "cite": "114 S. W. 1183",
      "category": "reporters:state_regional",
      "reporter": "S.W.",
      "opinion_index": 0
    },
    {
      "cite": "88 Ark. 520",
      "category": "reporters:state",
      "reporter": "Ark.",
      "case_ids": [
        1517176
      ],
      "opinion_index": 0,
      "case_paths": [
        "/ark/88/0520-01"
      ]
    }
  ],
  "analysis": {
    "cardinality": 274,
    "char_count": 5371,
    "ocr_confidence": 0.512,
    "pagerank": {
      "raw": 4.03580807328026e-08,
      "percentile": 0.20860308844260805
    },
    "sha256": "2aa5c76567edc548447f638c54a45d7b5a13d21d6fc9a66ee78328ce4af45be7",
    "simhash": "1:883cf6b3e4a064e0",
    "word_count": 949
  },
  "last_updated": "2024-02-27T16:22:26.640555+00:00",
  "provenance": {
    "date_added": "2019-08-29",
    "source": "Harvard",
    "batch": "2018"
  },
  "casebody": {
    "judges": [],
    "parties": [
      "Hudson v. State."
    ],
    "opinions": [
      {
        "text": "Hart, C. J.\nAppellants prosecute this appeal to reverse the judgment against them for the crime of gaming. .\nThe record shows that, on Sunday the 19th day of October, 1924, officers came upon appellants while they were engaged in a poker game in Kilgore Township, in ihe Western District of Clay County, Arkansas. The appellants promised the officers to appear before a justice of the peace in the township on the next morning to answer to the charge of gaming. On that same night an affidavit for the. arrest of the appellants, charging them with \u201cgaming on the Sabbath day,\u201d was sworn out before a justice of the peace, and the appellants appeared before said justice of the peace on the same night and entered a plea of guilty to the crime of \u201cgaming on the Sabbath day.\u201d They -were fined $25 each, and, upon the payment of the fine and costs -adjudged against them, 'they were all cliseharg\u2019ed.\nSubsequently the appellants were arrested and brought before another justice of the peace, charged with the crime of gaming. They interposed a plea of former conviction. It being shown that the charge of gaming was the same transaction as the charge of \u201cgaming on the Sabbath day\u201d to which they pleaded guilty, the appellants were discharged. Later they were indicted for the crime of gaming, and interposed a plea of former conviction in the circuit court for that offense. It was shown that the offense of gaming for which the appellants were indicted in the circuit court was the same transaction as that for which they' were convicted before the justice of the peace on the plea of guilty.\nThe punishment for gaming, under \u00a7 2639 of Crawford & Moses \u2019 Digest, is a fine in any sum not less than $10 nor more than $25. The fine of each of the appellants was fixed by the circuit court at $10. The punishment for gaming on Sunday is a fine in any sum not less than $25 nor more than $50. Crawford & Moses\u2019 Digest, \u00a7 2739.\nThe Attorney General seeks to uphold the judgment under the authority of Sparks v. State, 88 Ark. 520, 114 S. W. 1183. In th\u00e1t case it was held that a former conviction for the offense of gaming does not bar a prosecution for gaming with a minor, though the two offenses grow out of the same transaction, the two offenses being distinct. The lowest penalty provided by the statute for gaming is $10 and for gambling with a minor $50. On this account the court held that \u00a7 3311 did not apply. That section was construed in Champion v. State, 110 Ark. 44, 160 S. W. 878, where it was held that a town ordinance directed against selling liquor by the \u201cblind tiger\u201d device and the statute of the State against selling liquor without license are the same, and the conviction under one will, for the same offense, bar a prosecution under the other.\nSection 3311 reads as follows: \u201cWhenever any party shall- have been convicted before any police or mayor\u2019s court or before any justice of the peace or circuit court, said conviction shall be a bar to further prosecution before any police or mayor\u2019s court, or justice of the peace or circuit court, for such offense or for any misdemeanor embraced in the act committed; provided, no such conviction before any police or mayor\u2019s court shall be a bar unless the penalty imposed is at least the minimum penalty prescribed by State laws for the same offense or act.\u201d\nUnder that section we are of the opinion that the plea of former conviction interposed by appellants should have been sustained. They entered a plea of guilty in the justice court to the crime of gaming on the Sabbath, and their punishment was fixed at a fine of $25. The question of collusion in that prosecution does not arise here, for no attempt has been made by the State to set it aside. Appellants are simply charged with gaming under another section of the statute which provides a lower punishment. The sole reliance of the State to uphold the judgment and sentence of conviction is that gaming, under \u00a7 2639, and gaming on Sunday, under \u00a7 2739, are distinct and separate offenses. As we have already seen, the punishment for gaming on Sunday is a-fine not less than $25 nor more than $50, while betting on cards carries a fine in any sum not less than $10 nor more than $25. Hence we are of the opinion that the crime of gaming is embraced in the crime of gaming on Sunday, and that the conviction for the latter .crime operates as a bar to the conviction of the former, which is a misdemeanor embraced in the act committed, and for which the appellants entered a plea of guilty.\nIt follows that the judgment will be reversed, and, inasmuch as the facts are undisputed, the cause will be dismissed here. It is so ordered.",
        "type": "majority",
        "author": "Hart, C. J."
      }
    ],
    "attorneys": [
      "Haley & Ashbaugh, for appellant.",
      "H. W. Applegate, Attorney General, and John L. Carter, Assistant, for appellee."
    ],
    "corrections": "",
    "head_matter": "Hudson v. State.\nOpinion delivered May 9, 1927.\nCRIMINAL law \u2014 former jeopardy. \u2014 Under Crawford & Moses\u2019 Digest, \u00a7 3311, providing- that \u201cconviction before a police or mayor\u2019s court or before a justice of the peace shall he a bar to further prosecution for the same offense, or for any misdemeanor embraced in the act committed, defendants, convicted of gaming on Sunday under \u00a7 2739, cannot be prosecuted for gaming growing out of the same transaction, under \u00a7 2639; the latter offense being-included in the former.\nAppeal from Clay Circuit Court, 'Western District; G. E. Keck, Judge;\nreversed.\nHaley & Ashbaugh, for appellant.\nH. W. Applegate, Attorney General, and John L. Carter, Assistant, for appellee."
  },
  "file_name": "1169-01",
  "first_page_order": 1185,
  "last_page_order": 1187
}
