{
  "id": 1513859,
  "name": "Swing v. Arkadelphia Lumber Company",
  "name_abbreviation": "Swing v. Arkadelphia Lumber Co.",
  "decision_date": "1909-05-10",
  "docket_number": "",
  "first_page": "394",
  "last_page": "398",
  "citations": [
    {
      "type": "official",
      "cite": "90 Ark. 394"
    }
  ],
  "court": {
    "name_abbreviation": "Ark.",
    "id": 8808,
    "name": "Arkansas Supreme Court"
  },
  "jurisdiction": {
    "id": 34,
    "name_long": "Arkansas",
    "name": "Ark."
  },
  "cites_to": [
    {
      "cite": "64 Ark. 20",
      "category": "reporters:state",
      "reporter": "Ark.",
      "opinion_index": -1
    },
    {
      "cite": "53 Ark. 96",
      "category": "reporters:state",
      "reporter": "Ark.",
      "case_ids": [
        1911674
      ],
      "opinion_index": -1,
      "case_paths": [
        "/ark/53/0096-01"
      ]
    },
    {
      "cite": "27 Ark. 343",
      "category": "reporters:state",
      "reporter": "Ark.",
      "case_ids": [
        1885666
      ],
      "opinion_index": -1,
      "case_paths": [
        "/ark/27/0343-01"
      ]
    },
    {
      "cite": "6 Ark. 382",
      "category": "reporters:state",
      "reporter": "Ark.",
      "opinion_index": -1
    },
    {
      "cite": "4 Edw. Ch. 97",
      "category": "reporters:state",
      "reporter": "Edw. Ch.",
      "case_ids": [
        1988570
      ],
      "opinion_index": -1,
      "case_paths": [
        "/edw-ch/4/0097-01"
      ]
    },
    {
      "cite": "69 Ark. 62",
      "category": "reporters:state",
      "reporter": "Ark.",
      "case_ids": [
        8719662
      ],
      "opinion_index": -1,
      "case_paths": [
        "/ark/69/0062-01"
      ]
    },
    {
      "cite": "12 Fed. 454",
      "category": "reporters:federal",
      "reporter": "F.",
      "case_ids": [
        6719385
      ],
      "opinion_index": -1,
      "case_paths": [
        "/f/12/0454-01"
      ]
    },
    {
      "cite": "12 Blatchf. 435",
      "category": "reporters:federal",
      "reporter": "Blatchf.",
      "case_ids": [
        11957932
      ],
      "opinion_index": -1,
      "case_paths": [
        "/f-cas/8/0152-01"
      ]
    },
    {
      "cite": "95 U. S. 628",
      "category": "reporters:federal",
      "reporter": "U.S.",
      "case_ids": [
        3384999
      ],
      "opinion_index": -1,
      "case_paths": [
        "/us/95/0628-01"
      ]
    },
    {
      "cite": "97 U. S. 171",
      "category": "reporters:federal",
      "reporter": "U.S.",
      "case_ids": [
        3375901
      ],
      "opinion_index": -1,
      "case_paths": [
        "/us/97/0171-01"
      ]
    },
    {
      "cite": "103 U. S. 442",
      "category": "reporters:federal",
      "reporter": "U.S.",
      "case_ids": [
        1522302
      ],
      "opinion_index": -1,
      "case_paths": [
        "/us/103/0442-01"
      ]
    },
    {
      "cite": "92 U. S. 509",
      "category": "reporters:federal",
      "reporter": "U.S.",
      "case_ids": [
        8709
      ],
      "opinion_index": -1,
      "case_paths": [
        "/us/92/0509-01"
      ]
    },
    {
      "cite": "23 Pac. 62",
      "category": "reporters:state_regional",
      "reporter": "P.",
      "opinion_index": -1
    },
    {
      "cite": "82 Cal. 653",
      "category": "reporters:state",
      "reporter": "Cal.",
      "opinion_index": -1
    },
    {
      "cite": "15 Pac. 670",
      "category": "reporters:state_regional",
      "reporter": "P.",
      "opinion_index": -1
    },
    {
      "cite": "74 Cal. 167",
      "category": "reporters:state",
      "reporter": "Cal.",
      "case_ids": [
        4380263
      ],
      "opinion_index": -1,
      "case_paths": [
        "/cal/74/0167-01"
      ]
    },
    {
      "cite": "68 Ark. 433",
      "category": "reporters:state",
      "reporter": "Ark.",
      "case_ids": [
        1334117
      ],
      "opinion_index": -1,
      "case_paths": [
        "/ark/68/0433-01"
      ]
    },
    {
      "cite": "47 Ark. 120",
      "category": "reporters:state",
      "reporter": "Ark.",
      "case_ids": [
        1888708
      ],
      "opinion_index": -1,
      "case_paths": [
        "/ark/47/0120-01"
      ]
    },
    {
      "cite": "78 Ark. 246",
      "category": "reporters:state",
      "reporter": "Ark.",
      "case_ids": [
        1497250
      ],
      "weight": 2,
      "opinion_index": -1,
      "case_paths": [
        "/ark/78/0246-01"
      ]
    },
    {
      "cite": "176 U. S. 356",
      "category": "reporters:federal",
      "reporter": "U.S.",
      "opinion_index": -1
    },
    {
      "cite": "172 Pa. 91",
      "category": "reporters:state",
      "reporter": "Pa.",
      "case_ids": [
        874094
      ],
      "opinion_index": -1,
      "case_paths": [
        "/pa/172/0091-01"
      ]
    },
    {
      "cite": "2 Ohio Dec. 197",
      "category": "reporters:state",
      "reporter": "Ohio Dec.",
      "weight": 2,
      "pin_cites": [
        {
          "page": "279"
        }
      ],
      "opinion_index": -1
    },
    {
      "cite": "43 N. J. Eq. 522",
      "category": "reporters:state",
      "reporter": "N.J. Eq.",
      "case_ids": [
        807096
      ],
      "weight": 2,
      "opinion_index": -1,
      "case_paths": [
        "/nj-eq/43/0522-01"
      ]
    },
    {
      "cite": "52 Fed. 529",
      "category": "reporters:federal",
      "reporter": "F.",
      "case_ids": [
        1630140
      ],
      "opinion_index": -1,
      "case_paths": [
        "/f/52/0529-01"
      ]
    },
    {
      "cite": "47 Fed. 428",
      "category": "reporters:federal",
      "reporter": "F.",
      "opinion_index": -1
    },
    {
      "cite": "10 Gray (Mass.) 310",
      "category": "reporters:state",
      "reporter": "Gray",
      "opinion_index": -1
    },
    {
      "cite": "91 U. S. 56",
      "category": "reporters:federal",
      "reporter": "U.S.",
      "case_ids": [
        5647484
      ],
      "opinion_index": -1,
      "case_paths": [
        "/us/91/0056-01"
      ]
    },
    {
      "cite": "135 U. S. 523",
      "category": "reporters:federal",
      "reporter": "U.S.",
      "opinion_index": -1
    },
    {
      "cite": "172 U. S. 269",
      "category": "reporters:federal",
      "reporter": "U.S.",
      "case_ids": [
        3605228
      ],
      "opinion_index": -1,
      "case_paths": [
        "/us/172/0269-01"
      ]
    },
    {
      "cite": "199 U. S. 228",
      "category": "reporters:federal",
      "reporter": "U.S.",
      "case_ids": [
        3643277
      ],
      "opinion_index": -1,
      "case_paths": [
        "/us/199/0228-01"
      ]
    },
    {
      "cite": "77 Minn. 325",
      "category": "reporters:state",
      "reporter": "Minn.",
      "opinion_index": -1
    },
    {
      "cite": "68 Cal. 353",
      "category": "reporters:state",
      "reporter": "Cal.",
      "case_ids": [
        2208546
      ],
      "opinion_index": -1,
      "case_paths": [
        "/cal/68/0353-01"
      ]
    },
    {
      "cite": "62 Vt. 149",
      "category": "reporters:state",
      "reporter": "Vt.",
      "opinion_index": -1
    },
    {
      "cite": "81 Ga. 383",
      "category": "reporters:state",
      "reporter": "Ga.",
      "case_ids": [
        68307
      ],
      "opinion_index": -1,
      "case_paths": [
        "/ga/81/0383-01"
      ]
    },
    {
      "cite": "60 Md. 39",
      "category": "reporters:state",
      "reporter": "Md.",
      "pin_cites": [
        {
          "page": "122"
        }
      ],
      "opinion_index": -1
    },
    {
      "cite": "107 Pa. St. 352",
      "category": "reporters:state",
      "reporter": "Pa.",
      "case_ids": [
        8857725
      ],
      "opinion_index": -1,
      "case_paths": [
        "/pa/107/0352-01"
      ]
    },
    {
      "cite": "4 Blackf. (Ind.) 77",
      "category": "reporters:state",
      "reporter": "Blackf.",
      "case_ids": [
        1388315
      ],
      "opinion_index": -1,
      "case_paths": [
        "/blackf/4/0077-01"
      ]
    },
    {
      "cite": "87 Miss. 516",
      "category": "reporters:state",
      "reporter": "Miss.",
      "case_ids": [
        1791985
      ],
      "opinion_index": -1,
      "case_paths": [
        "/miss/87/0516-01"
      ]
    },
    {
      "cite": "112 Wis. 614",
      "category": "reporters:state",
      "reporter": "Wis.",
      "case_ids": [
        8704547
      ],
      "opinion_index": -1,
      "case_paths": [
        "/wis/112/0614-01"
      ]
    },
    {
      "cite": "87 Ala. 619",
      "category": "reporters:state",
      "reporter": "Ala.",
      "opinion_index": -1
    },
    {
      "cite": "80 Ala. 159",
      "category": "reporters:state",
      "reporter": "Ala.",
      "case_ids": [
        3386325
      ],
      "opinion_index": -1,
      "case_paths": [
        "/ala/80/0159-01"
      ]
    },
    {
      "cite": "105 U. S. 143",
      "category": "reporters:federal",
      "reporter": "U.S.",
      "case_ids": [
        3496526
      ],
      "opinion_index": -1,
      "case_paths": [
        "/us/105/0143-01"
      ]
    },
    {
      "cite": "36 Minn. 177",
      "category": "reporters:state",
      "reporter": "Minn.",
      "case_ids": [
        563586
      ],
      "opinion_index": -1,
      "case_paths": [
        "/minn/36/0177-01"
      ]
    },
    {
      "cite": "100 Mass. 411",
      "category": "reporters:state",
      "reporter": "Mass.",
      "opinion_index": -1
    },
    {
      "cite": "92 Mass. 488",
      "category": "reporters:state",
      "reporter": "Mass.",
      "opinion_index": -1
    },
    {
      "cite": "62 Md. 198",
      "category": "reporters:state",
      "reporter": "Md.",
      "opinion_index": -1
    },
    {
      "cite": "60 Md. 11",
      "category": "reporters:state",
      "reporter": "Md.",
      "opinion_index": -1
    },
    {
      "cite": "119 Ind. 103",
      "category": "reporters:state",
      "reporter": "Ind.",
      "case_ids": [
        1309132
      ],
      "opinion_index": -1,
      "case_paths": [
        "/ind/119/0103-01"
      ]
    },
    {
      "cite": "28 U. S. 207",
      "category": "reporters:federal",
      "reporter": "U.S.",
      "opinion_index": -1
    },
    {
      "cite": "100 S. W. 662",
      "category": "reporters:state_regional",
      "reporter": "S.W.",
      "opinion_index": 0
    },
    {
      "cite": "74 N. J. L. 145",
      "category": "reporters:state",
      "reporter": "N.J.L.",
      "case_ids": [
        288787
      ],
      "opinion_index": 0,
      "case_paths": [
        "/njl/74/0145-01"
      ]
    },
    {
      "cite": "78 Ark. 246",
      "category": "reporters:state",
      "reporter": "Ark.",
      "case_ids": [
        1497250
      ],
      "weight": 2,
      "opinion_index": 0,
      "case_paths": [
        "/ark/78/0246-01"
      ]
    }
  ],
  "analysis": {
    "cardinality": 569,
    "char_count": 9558,
    "ocr_confidence": 0.657,
    "pagerank": {
      "raw": 4.5828155114230504e-08,
      "percentile": 0.2869651860011916
    },
    "sha256": "c58ea70726d9d9e21b440b30d2e8333e8f18aa21b5449b8e10fea5df1eaf91ce",
    "simhash": "1:e76b7460e0f12300",
    "word_count": 1700
  },
  "last_updated": "2024-02-27T19:30:11.060353+00:00",
  "provenance": {
    "date_added": "2019-08-29",
    "source": "Harvard",
    "batch": "2018"
  },
  "casebody": {
    "judges": [],
    "parties": [
      "Swing v. Arkadelphia Lumber Company."
    ],
    "opinions": [
      {
        "text": "McCulloch, C. J.\nThe Union Mutual Insurance Company, of Cincinnati, Ohio, was an incorporated mutual insurance company, and was disincorporated, on account of its insolvency, by a judgment of the Supreme Court of Ohio on December 18, 1890. The plaintiff, James B. Swing, was, by said court, on that date appointed as trustee for the creditors and policy holders of the company, and he instituted this action in the circuit court of Clark County on June 11, 1904, against the defendant, Arkadelphia Lumber Company, a former policy holder, to recover the amount of an assessment alleged to have been made by said Supreme Court of Ohio on the policy holders, pursuant to terms of the Ohio statute under which said company was chartered, to pay obligations of the company which accrued during the lifetime of the respective policies.\nThe facts are similar to those in the case of Swing v. St. Louis Refrigerator & Wooden Gutter Co., 78 Ark. 246, wherein the same plaintiff sued another policy holder in this State, except that in the former case the policy held by the defendant therein expired May 1, 1890, whereas the policy held hy the defendant in the present case did not expire before the date of the judgment of disincorporation.\nThe defendant in this case pleaded, among other defenses, the statute of limitations in bar of plaintiff\u2019s right to recover the alleged assessment, and on the trial below the court held that the action was barred, and instructed the jury to return a verdict in favor of the defendant, which was done. This appeal therefore raises the sole question whether or not under the undisputed evidence the action was barred.\n' In the former case above cited this court said: \u201cThe insurance campany was disincorporated on the 18th day of December, 1890, by the Supreme Court of Ohio. Its directors, during its life, were authorized by the laws of Ohio to apportion its losses and expenses among its members, and to give notice of such apportionment; and thirty days were allowed in which to pay the amount so apportioned. This could have been done and the statute set in motion before the company was disincorporated. It was therefore necessary for appellant to prove that it was not done, in order to show that his action was not barred. The proceedings of the Supreme Court of Ohio alone were net sufficient to show that the action was brought within the time prescribed by the statute, because the statute might, in the manner indicated, have been set in motion before such proceedings were instituted.\u201d The statement of facts in the opinion in that case shows that the assessment or apportionment of liability was made by the Ohio court on June 11, 1901, the same as in this case.\nThe proof in the present case establishes the fact that the directors of the company made monthly assessments or apportionments of liability against policy holders up to the time of its disincorporation, but does not show the amounts of such apportionments. It also establishes the fact that the Supreme Court of Ohio made such an apportionment in March, 1896, but the amount is not shown.\nIt devolved upon the plaintiff to prove the several amounts of these prior apportionments and to prove that they were not included in the last apportionment made by the court, in order to show that the statute of limitations had not already been set in motion and the cause of action barred before the suit was instituted, for the statute was set in motion by the prior apportionment as to the amount so assessed or apportioned.\nIt is contended by counsel for plaintiff that, even if the directors made such assessments, and the Supreme Court of Ohio had made an assessment prior to the one which forms the basis of this action, this did not impair the power of that court to make the last assessment; and that to refuse to enforce the last assessment made by the Supreme Court of Ohio' would be to fail to give full faith and credit to the judgment of that court. The case of Swing v. St. Louis Refrigerator & Wooden Gutter Co., supra, is decisive against that contention. The defendant was not a party to the Ohio proceedings, except constructively so through its representative, the insurance company which was disincorporated. No judgment was rendered against defendant except one fixing the amount of the assessment and declaring the necessity therefor. No other question was adjudicated,- and the question of the liability for such assessment was left open for adjudication in any suit brought against an individual policy holder. Swing v. Consolidated Fruit Jar Co., 74 N. J. L. 145; Swing v. Karges Furniture Co. (Mo.), 100 S. W. 662.\nHaving failed to show that the action was instituted within the statutory period of limitations, the plaintiff is not entitled to recover.\nJudgment affirmed.",
        "type": "majority",
        "author": "McCulloch, C. J."
      }
    ],
    "attorneys": [
      "Hardage & Wilson and Patterson A. Reece, for appellant.",
      "John H. Crawford, for appellee."
    ],
    "corrections": "",
    "head_matter": "Swing v. Arkadelphia Lumber Company.\nOpinion delivered May 10, 1909.\n1. Limitation of actions \u2014 burden of proof. \u2014 In a suit by the trustee of a defunct mutual insurance company to recover from a policy holder an assessment duly levied upon the latter, the burden of proof is on the plaintiff to prove that the assessment was not barred by the statute of limitations. (Page 397.)\n2. Foreign judgment \u2014 conceusiveness.\u2014An adjudication by a superior court of another State, whereby the amount of an assessment to be \u25a0declared by a mutual insurance company was fixed, is conclusive upon policy holders, who were not parties, as to the amount of such assessment and the necessity therefor, but does not preclude them from litigating their liability for such assessment. (Page 398.)\nAppeal from Clark Circuit Court; Jacob M. Carter, Judge;\naffirmed.\nHardage & Wilson and Patterson A. Reece, for appellant.\n1. The presumption of law is in favor of the jurisdiction of the Supreme Court of Ohio in making the decree of assessment against the policy holders of the insurance company and in appointing the trustee for its creditors. 28 U. S. 207; 5 McLean (U. S. Cir.), 167; 18 111. 133; 119 Ind. 103; iS La. Ann. 682; 60 Md. 11; 62 Md. 198; 92 Mass. 488; 100 Mass. 411; 36 Minn. 177.\n2. The statute of limitations dods not begin to run against an assessment decreed by a court of competent jurisdiction until that decree has been made. A plea that such an assessment was barred before such decree was made is a collateral ittack upon the validity of the decree itself, and a court\u2019s sustaining such a plea is a refusal to give full faith and credit to the judgment and decree of another State, and is in violation of the Federal Constitution, art 4, \u00a7 i and 14th Amendment, \u00a7 1. 105 U. S. 143; 80 Ala. 159; 87 Ala. 619; 112 Wis. 614; 36 Fed. S24; 87 Miss. 516; 19 Fed. Cas. 23; 122 111. 630; 4 Blackf. (Ind.) 77; 107 Pa. St. 352; 60 Md. 39, 122; 81 Ga. 383; 62 Vt. 149; 13 Va. L. J. yi; 68 Cal. 353; 77 Minn. 325; 199 U. S. 228.\n3. An assessment adequate for the payment of the liabilities of'an insolvent corporation should be made by the court having jurisdiction to wind up its affairs, and such assessment is a new cause of action, independent of any assessment previously made by the directors ot the corporation, or by the trustee for its creditors. Ohio R. S. \u00a7 \u00a7 3650, 3634, 3651; 172 U. S. 269; 135 U. S. 523; 91 U. S. 56; 10 Gray (Mass.) 310; 9 Allen (Mass.) 319; 47 Fed. 428; 52 Fed. 529; 43 N. J. Eq. 522; 25 How. (N. Y.) 91; 44 Barb. (N. Y.) 155; Id. 117: 2 Ohio Dec. 197; 9 Id. 279; 172 Pa. 91.\n4. The defense of the statute of limitations is an affirmative defense, and the burden of proving the facts that go to make up such defense lies upon the party pleading it.\nJohn H. Crawford, for appellee.\n\u2022 1. The constitutional provision that full faith and credit shall be given in each State to the judicial proceedings of another does not preclude inquiry into the jurisdiction of the court in which the judgment is rendered over the subject-matter or the parties affected by it, or into the facts necessary to give such jurisdiction. 176 U. S. 356. It was incumbent on appellant to prove, not only the pleadings in the Ohio court, but also all the subsequent proceedings. 78 Ark. 246; 70 'Ark. 343, 345; 47 Ark. 120.\n2. Appellant is not authorized to sue to recover the liability involved in this action. No method is provided for the enforcement of the Ohio statute after the dissolution of a mutual company. Therefore, since the creditors were the real parties in interest, it devolved upon them, and not upon the trustee, to enforce their rights in an action in their own names. Cook on Stock & Stockholders, I Ed., \u00a7 216; Rev. Stat. Ohio, \u00a7 3650. The statutory obligation to pay, on the part of the policy holder in this company, being immediate and primary, would be barred in three years after maturity of the obligations held by creditors against the company. Cook on Stock & Stockholders, 1st Ed., \u00a7 227 (g). In a suit upon a liability of a stockholder created by a statute, the bar is three years. Kirby\u2019s Dig. \u00a7 5064; 68 Ark. 433; 74 Cal. 167; 15 Pac. 670; 82 Cal. 653; 23 Pac. 62; 92 U. S. 509; 103 U. S. 442; 97 U. S. 171; 95 U. S. 628. Further, on the point that no interest in liability here passed to the trustee, see 12 Blatchf. 435; Id. 341; 12 Fed. 454; 69 Ark. 62; 4 Edw. Ch. 97.\n3. If notice is necessary to set the statute in motion, then that requirement was complied with, as appears by the former secretary\u2019s admission that notices of assessments were given appellee each month. The burden was not on appellee to prove that the statute had run in its favor. 6 Ark. 382; 27 Ark. 343; Id. 500; 53 Ark. 96; 64 Ark. 20; 78 Ark. 246."
  },
  "file_name": "0394-01",
  "first_page_order": 418,
  "last_page_order": 422
}
