{
  "id": 1513841,
  "name": "Boqua v. Brady",
  "name_abbreviation": "Boqua v. Brady",
  "decision_date": "1909-05-24",
  "docket_number": "",
  "first_page": "512",
  "last_page": "514",
  "citations": [
    {
      "type": "official",
      "cite": "90 Ark. 512"
    }
  ],
  "court": {
    "name_abbreviation": "Ark.",
    "id": 8808,
    "name": "Arkansas Supreme Court"
  },
  "jurisdiction": {
    "id": 34,
    "name_long": "Arkansas",
    "name": "Ark."
  },
  "cites_to": [
    {
      "cite": "70 Ark. 512",
      "category": "reporters:state",
      "reporter": "Ark.",
      "case_ids": [
        1509543
      ],
      "opinion_index": -1,
      "case_paths": [
        "/ark/70/0512-01"
      ]
    },
    {
      "cite": "60 Ark. 83",
      "category": "reporters:state",
      "reporter": "Ark.",
      "opinion_index": -1
    },
    {
      "cite": "40 Ark. 144",
      "category": "reporters:state",
      "reporter": "Ark.",
      "case_ids": [
        1897152
      ],
      "opinion_index": -1,
      "case_paths": [
        "/ark/40/0144-01"
      ]
    },
    {
      "cite": "108 Ind. 324",
      "category": "reporters:state",
      "reporter": "Ind.",
      "opinion_index": -1
    },
    {
      "cite": "38 Kan. 36",
      "category": "reporters:state",
      "reporter": "Kan.",
      "case_ids": [
        1097256
      ],
      "opinion_index": -1,
      "case_paths": [
        "/kan/38/0036-01"
      ]
    },
    {
      "cite": "55 Vt. 451",
      "category": "reporters:state",
      "reporter": "Vt.",
      "opinion_index": -1
    },
    {
      "cite": "75 Ark. 55",
      "category": "reporters:state",
      "reporter": "Ark.",
      "case_ids": [
        1502493
      ],
      "opinion_index": -1,
      "case_paths": [
        "/ark/75/0055-01"
      ]
    },
    {
      "cite": "67 Ark. 66",
      "category": "reporters:state",
      "reporter": "Ark.",
      "opinion_index": -1
    },
    {
      "cite": "64 Ark. 466",
      "category": "reporters:state",
      "reporter": "Ark.",
      "case_ids": [
        1907401
      ],
      "opinion_index": -1,
      "case_paths": [
        "/ark/64/0466-01"
      ]
    },
    {
      "cite": "42 Ark. 22",
      "category": "reporters:state",
      "reporter": "Ark.",
      "case_ids": [
        8720560
      ],
      "opinion_index": -1,
      "case_paths": [
        "/ark/42/0022-01"
      ]
    },
    {
      "cite": "49 Ark. 508",
      "category": "reporters:state",
      "reporter": "Ark.",
      "case_ids": [
        1310168
      ],
      "opinion_index": -1,
      "case_paths": [
        "/ark/49/0508-01"
      ]
    },
    {
      "cite": "65 Ga. 221",
      "category": "reporters:state",
      "reporter": "Ga.",
      "case_ids": [
        52467
      ],
      "opinion_index": -1,
      "case_paths": [
        "/ga/65/0221-01"
      ]
    },
    {
      "cite": "60 Ark. 250",
      "category": "reporters:state",
      "reporter": "Ark.",
      "case_ids": [
        1903724
      ],
      "opinion_index": 0,
      "case_paths": [
        "/ark/60/0250-01"
      ]
    },
    {
      "cite": "86 Ark. 82",
      "category": "reporters:state",
      "reporter": "Ark.",
      "case_ids": [
        1521545
      ],
      "opinion_index": 0,
      "case_paths": [
        "/ark/86/0082-01"
      ]
    },
    {
      "cite": "63 Ark. 604",
      "category": "reporters:state",
      "reporter": "Ark.",
      "case_ids": [
        8724786
      ],
      "opinion_index": 0,
      "case_paths": [
        "/ark/63/0604-01"
      ]
    }
  ],
  "analysis": {
    "cardinality": 303,
    "char_count": 4302,
    "ocr_confidence": 0.642,
    "pagerank": {
      "raw": 3.439927948749333e-07,
      "percentile": 0.8796039846338531
    },
    "sha256": "c66c3ed25441660f274ad2da58a4445d1e2d3389c79fa733d7fa758107599292",
    "simhash": "1:39eecc697dedb869",
    "word_count": 775
  },
  "last_updated": "2024-02-27T19:30:11.060353+00:00",
  "provenance": {
    "date_added": "2019-08-29",
    "source": "Harvard",
    "batch": "2018"
  },
  "casebody": {
    "judges": [],
    "parties": [
      "Boqua v. Brady."
    ],
    "opinions": [
      {
        "text": "Hart, J.\nThis is a suit brought by James-Brady against A. E. Boqua, Jr., in the Sebastian Circuit Court, Fort Smith District, for an amount alleged to be due upon an open account.\nBoqua answered, admitting that he was indebted to Brady in the sum of $283.17 on open acount; but pleaded as a set-off that Brady was indebted to him in the sum of $1,080, as evidenced by a promissory note of said Brady for the sum of $1,000 and the accrued interest.\nBrady pleaded want of consideration, and averred that he executed the note for accommodation merely.\nThe cause was tried before the court, sitting, as a jury. The court found that there was no consideration .for the note, and rendered judgment in favor of the plaintiff, Brady. The defendant, Boqua,'Jf-, has duly prosecuted an appeal to this court.\nThe court below, having found that there was no consideration for the note and that it was executed for accommodation merely, denied Boqua\u2019s plea of set-off.\nThe only question presented for our review is as to the correctness of the finding and holding of the circuit court in this respect.\nMr. Joyce in his work of Defenses to Commercial Paper, par. 269, says: \u201cAs between the original or immediate parties, the want of consideration of an accommodation note may be shown; that is, as between such parties, the maker may set up as a defense that he signed the note for accommodation merely.\u201d\nMr. Daniel defines an accommodation bill or note to be \u201cone to which the accommodating party has put his name without consideration, for the purpose, of accommodating some other party who is to use it and is expected to pay it;\u201d and says that between the accommodating and accommodated parties the consideration may be shown to be wanting. I Daniel on Negotiable Instruments, 5th Ed., \u00a7 189.\nThis rule has been recognized by this court in the case of Bertrand v. Barkman, 13 Ark. at p. 159, and in the later case of Bank of Commerce v. Wright, 63 Ark. 604. See, also, Johnston v. Schnabaum, 86 Ark. 82.\nBrady testified unequivocally that there was no consideration whatever for the note, and that he signed it merely for the accommodation of Boqua, Jr., and the circuit court, sitting as a jury, so found. The' weight of the evidence was a question for the trial court.\nIt has been repeatedly held by this court that the findings of fact by a court sitting as a jury are as conclusive as the verdict of a jury, and will not be disturbed if there be evidence to support them. Dunnington v. Frick Co., 60 Ark. 250; Mason v. Gates, ante p. 375, and cases cited.\nFinding no prejudicial error in the record, the judgment is affirmed.",
        "type": "majority",
        "author": "Hart, J."
      }
    ],
    "attorneys": [
      "Robert L. Rogers, for appellant.",
      "P. A. Youmans, for appellee."
    ],
    "corrections": "",
    "head_matter": "Boqua v. Brady.\nOpinion delivered May 24, 1909.\n1. Birrs and notes \u2014 accommodation paper- \u2014 defense.\u2014As between the original parties to a note, the maker may set up as- a defense that he signed the note for accommodation merely. (Page 513.)\n2. Appeae and error \u2014 coNCrusivENEss of findings of fact. \u2014 Findings of fact -by a court sitting as a jury are as conclusive as the verdict of a jury, and will not be disturbed if there .be evidence to support them. (Page SI4-)\nAppeal from Sebastian Circuit Court, Fort Smith \u2022 District ; Daniel Hon, Judge;\naffirmed.\nRobert L. Rogers, for appellant.\nThe note here is an unconditional promise to pay a stipulated sum, executed by the appellee, and in possession of the appellant. The presumption is that it has not been paid, and the burden of proving payment would rest on the maker. 4 Am. & Eng. Enc. of L. 77; 65 Ga. 221; 49 Ark. 508; 42 Ark. 22. The holder of a bill ,or note is presumed to be a holder for value, and the consideration is also presumed. The burden is upon the defendant to prove want of consideration, -as also the want of bona tides in the holding, x Am. & Eng. Enc. of Law, 368; Norton on Bills & Notes, 310, \u00a7 128; 64 Ark. 466; Daniel, Neg. Inst. 304. The instrument itself is the best evidence of the drawer\u2019s obligation, and parol evidence of an agreement made contemporaneously is inadmissible to qualify it. 4 Am. & Eng. Enc. of L. 4\u00a74 and cases cited; 67 Ark. 66; 75 Ark. 55; 30 Eed. 38; 55 Vt. 451; 38 Kan. 36; 108 Ind. 324; no Ind. 408.\nP. A. Youmans, for appellee.\nThe trial court\u2019s finding as to the consideration of the note upon the evidence introduced is conclusive. 40 Ark. 144; 60 Ark. 83; 70 Ark. 512."
  },
  "file_name": "0512-01",
  "first_page_order": 536,
  "last_page_order": 538
}
