{
  "id": 1892065,
  "name": "Elmore v. The State",
  "name_abbreviation": "Elmore v. State",
  "decision_date": "1885-05",
  "docket_number": "",
  "first_page": "243",
  "last_page": "246",
  "citations": [
    {
      "type": "official",
      "cite": "45 Ark. 243"
    }
  ],
  "court": {
    "name_abbreviation": "Ark.",
    "id": 8808,
    "name": "Arkansas Supreme Court"
  },
  "jurisdiction": {
    "id": 34,
    "name_long": "Arkansas",
    "name": "Ark."
  },
  "cites_to": [
    {
      "cite": "110 Ill., 627",
      "category": "reporters:state",
      "reporter": "Ill.",
      "case_ids": [
        5374188
      ],
      "opinion_index": 0,
      "case_paths": [
        "/ill/110/0627-01"
      ]
    }
  ],
  "analysis": {
    "cardinality": 290,
    "char_count": 5223,
    "ocr_confidence": 0.746,
    "pagerank": {
      "raw": 1.778972945756858e-07,
      "percentile": 0.7131946688783786
    },
    "sha256": "7f8a9c226a9038558bbe849e953bb486fa8eb43811803efb04b6f6b5a57d00a3",
    "simhash": "1:b8db5a9678e74c54",
    "word_count": 899
  },
  "last_updated": "2024-02-27T16:26:05.122015+00:00",
  "provenance": {
    "date_added": "2019-08-29",
    "source": "Harvard",
    "batch": "2018"
  },
  "casebody": {
    "judges": [],
    "parties": [
      "Elmore v. The State."
    ],
    "opinions": [
      {
        "text": "Smith, J.\nFrom the agreed statement of facts, it appears that the prisoner stole a horse in this state and fled to the Indian Territory, taking the horse with him. A commissioner of the United States issued a warrant, charging him with said crime, and upon this he was arrested by the marslial in the Territory and brought before the commissioner at Fort Smith. Upon his examination the prisoner stated that he was guilty of' the offense charged against him, and he was committed to jail for trial in the district court of the United States for the western district of Arkansas\u2014a court having exclusive jurisdiction over offenses committed in the Territory.\nAfterwards, and before any indictment had been returned into the federal court, or other proceedings had for his punishment, a warrant was issued by a justice of the peace of the county where the crime was committed, for the apprehension of the prisoner, and the judge of the western district, by his order in writing, granted at chambers, directed the surrender of the prisoner to the state authorities. He was taken by the sheriff to the jail of the proper county and there confined until, the next term of court, when he was indicted for the larceny. He interposed a plea to the jurisdiction, alleging that the federal court, having first acquired possession of the case, had exclusive jurisdiction. And his plea being overruled, he went, to trial upon the plea of not guilty, and was duly convicted and sentenced to imprisonment in the penitentiary.\nAlthough the theft was complete in Arkansas, yet the carrying of the stolen horse into the Territory, with the continuing intent to appropriate the property to the prisoner\u2019s own use, might be treated as a new trespass and larceny. And in this view he might be indicted and punished by the courts of either jurisdiction. And in cases of concurrent jurisdiction, the tribunal which first obtains possession of a cause will not be interfered with.\nBut no trial has been had in the federal court, and no prosecution is pending there. The confession of his guilt in the preliminary investigation before the commissioner amounted to no more than a waiver of examination. By the delivery of the prisoner to our officers, the United States has sufficiently manifested its election not to prosecute for this offense. The case is the same as if the prisoner had been released before the trial, and had then been re-arrested for the same offense by a peace officer of this state.\nThe court trying a party for crime committed within its jurisdiction will not stop to inquire into the manner or circumstances of his capture in a foreign country. The legality or illegality of his arrest does not affect the' jurisdiction of the court, nor the guilt or innocence of the prisoner. Ex parte Scott, 9 Barn. & Cress., 446; Kerr v. People, 110 Ill., 627; and cases cited.\nBut there is no reason to suppose, from anything contained in the record, that the prisoner\u2019s arrest in the Indian country was an abuse of the process of the courts of the United States\u2014a mere pretense or trick to bring his person within the jurisdiction of the courts of Arkansas, in the absence of a l\u00e1w of* treaty for the extradition of fugitives from justice. He was arrested by a duly authorized officer, upon a lawful writ, and for a crime of which the United States district court for the western district of Arkansas might have, taken cognizance. That for any cause it has chosen not to take such cognizance, but to leave the prisoner to be dealt with by the courts of that state whose laws he has violated, is no reason why he should go unwhipt of justice. He is manifestly guilty, and there is no danger that he will be twice punished for the same offense.\nAffirmed.",
        "type": "majority",
        "author": "Smith, J."
      }
    ],
    "attorneys": [
      "Thos. Marcum for Appellant.",
      "Dan W. Jones, Attorney General, for the State."
    ],
    "corrections": "",
    "head_matter": "Elmore v. The State.\n1. Criminal Jurisdiction\u2014State and Federal: Thief escaping with stolen property to tho Indian Territory.\nWhen a thief takes property stolen in Arkansas into the Indian Territoiy, with continuing intent to appropriate it to his own use, the federal court at Fort Smith and the state court of the county in which the property is stolen have concurrent jurisdiction to try him for the larceny; and the court first obtaining possession of the case will not be interfered with by the other. But if the federal court, or the judge at chambers, after making the arrest releases him before trial to tire state officers, the state court may proceed to trial and convictionj \u25a0\n2. Same : Not affected by the legality or illegality of the arrest.\nThe court trying a party for crime committed in its jurisdiction will not stop to inquire into the manner or circumstances of his arrest in a foreign country. The legality or illegality of the arrest does not affect the jurisdiction of the court, or th\u00e9 guilt or innocence of the prisoner.\nAPPEAL from Franklin Circuit Court.\nHon. G. L. Cunningham, Circuit Judge.\nThos. Marcum for Appellant.\nThe state court had no jurisdiction, because the federal \u25a0court first obtained jurisdiction of the case.\nDan W. Jones, Attorney General, for the State.\nThere was no conflict of jurisdiction between the courts, as. the federal court had released appellant, and the commissioner acted merely as an examining court. 8 Blatchjord, 250."
  },
  "file_name": "0243-01",
  "first_page_order": 257,
  "last_page_order": 260
}
