{
  "id": 1891998,
  "name": "Cunningham v. Burk, et. al.",
  "name_abbreviation": "Cunningham v. Burk",
  "decision_date": "1885-05",
  "docket_number": "",
  "first_page": "267",
  "last_page": "271",
  "citations": [
    {
      "type": "official",
      "cite": "45 Ark. 267"
    }
  ],
  "court": {
    "name_abbreviation": "Ark.",
    "id": 8808,
    "name": "Arkansas Supreme Court"
  },
  "jurisdiction": {
    "id": 34,
    "name_long": "Arkansas",
    "name": "Ark."
  },
  "cites_to": [
    {
      "cite": "22 Ark., 372",
      "category": "reporters:state",
      "reporter": "Ark.",
      "case_ids": [
        8726844
      ],
      "weight": 2,
      "opinion_index": -1,
      "case_paths": [
        "/ark/22/0372-01"
      ]
    },
    {
      "cite": "36 Tex., 282",
      "category": "reporters:state",
      "reporter": "Tex.",
      "case_ids": [
        2135275
      ],
      "opinion_index": -1,
      "case_paths": [
        "/tex/36/0282-01"
      ]
    },
    {
      "cite": "12 Ark., 321",
      "category": "reporters:state",
      "reporter": "Ark.",
      "case_ids": [
        8727878
      ],
      "opinion_index": -1,
      "case_paths": [
        "/ark/12/0321-01"
      ]
    },
    {
      "cite": "33 Cal., 163",
      "category": "reporters:state",
      "reporter": "Cal.",
      "opinion_index": -1
    },
    {
      "cite": "16 Ark., 103",
      "category": "reporters:state",
      "reporter": "Ark.",
      "opinion_index": -1
    },
    {
      "cite": "33 Mo., 128",
      "category": "reporters:state",
      "reporter": "Mo.",
      "case_ids": [
        991995
      ],
      "opinion_index": -1,
      "case_paths": [
        "/mo/33/0128-01"
      ]
    },
    {
      "cite": "8 Conn., 336",
      "category": "reporters:state",
      "reporter": "Conn.",
      "case_ids": [
        6753430
      ],
      "opinion_index": -1,
      "case_paths": [
        "/conn/8/0336-01"
      ]
    },
    {
      "cite": "33 Iowa, 281",
      "category": "reporters:state",
      "reporter": "Iowa",
      "opinion_index": -1
    },
    {
      "cite": "32 Ark., 306",
      "category": "reporters:state",
      "reporter": "Ark.",
      "opinion_index": -1
    },
    {
      "cite": "18 Iowa, 333",
      "category": "reporters:state",
      "reporter": "Iowa",
      "opinion_index": -1
    },
    {
      "cite": "13 Md., 121",
      "category": "reporters:state",
      "reporter": "Md.",
      "opinion_index": -1
    },
    {
      "cite": "33 Miss., 382",
      "category": "reporters:state",
      "reporter": "Miss.",
      "case_ids": [
        1652317
      ],
      "opinion_index": -1,
      "case_paths": [
        "/miss/33/0382-01"
      ]
    },
    {
      "cite": "10 Ark., 331",
      "category": "reporters:state",
      "reporter": "Ark.",
      "opinion_index": -1
    },
    {
      "cite": "19 Ark., 376",
      "category": "reporters:state",
      "reporter": "Ark.",
      "case_ids": [
        8726523
      ],
      "weight": 2,
      "pin_cites": [
        {
          "page": "392"
        }
      ],
      "opinion_index": 0,
      "case_paths": [
        "/ark/19/0376-01"
      ]
    },
    {
      "cite": "9 Ark., 487",
      "category": "reporters:state",
      "reporter": "Ark.",
      "case_ids": [
        8727572,
        8727564
      ],
      "opinion_index": 0,
      "case_paths": [
        "/ark/9/0487-02",
        "/ark/9/0487-01"
      ]
    },
    {
      "cite": "13 Ill., 307",
      "category": "reporters:state",
      "reporter": "Ill.",
      "opinion_index": 0
    },
    {
      "cite": "4 How., 58",
      "category": "reporters:scotus_early",
      "reporter": "How.",
      "case_ids": [
        1503940
      ],
      "opinion_index": 0,
      "case_paths": [
        "/us/45/0058-01"
      ]
    }
  ],
  "analysis": {
    "cardinality": 498,
    "char_count": 7230,
    "ocr_confidence": 0.742,
    "pagerank": {
      "raw": 1.4721315442517866e-07,
      "percentile": 0.6594764791306366
    },
    "sha256": "cd1e73d5649abbacf6e9b838dbf8ca3ae572cbb7c617524742fa2ae9a39db150",
    "simhash": "1:71ea87b3f6286f9b",
    "word_count": 1273
  },
  "last_updated": "2024-02-27T16:26:05.122015+00:00",
  "provenance": {
    "date_added": "2019-08-29",
    "source": "Harvard",
    "batch": "2018"
  },
  "casebody": {
    "judges": [],
    "parties": [
      "Cunningham v. Burk, et. al."
    ],
    "opinions": [
      {
        "text": "Smith, J.\nCunningham brought unlawful detainer against Burk for the possession of certain lands. But as no change in the possession had taken place, he was allowed to convert the form of the action into an ejectment to try title. The answer set up an equitable defense and the cause was transferred to chancery. Here the defendant filed a cross-bill against the plaintiffs and others praying that his title and possession might be quieted.\nAt the hearing the court dismissed the complaint and entered a decree for Burk, upon his cross-bill; Cunningham alone has appealed, and the scope of our review is limited to the inquiry whether the decree does him an injustice, without pausing to consider whether the relief administered was warranted by the proofs against parties who have not appealed.\nBoth parties derive their title mediately from Lorenzo D. Bryant. This man, being charged with a crime, and a reward for his apprehension having been ' offered by the governor of the state, fled from justice in the year 1868, and disappeared from Fulton county, where he had previously been well known. Cunningham\u2019s chain of title, as stated by himself, is as follows: In 1869 one Allen Brown sued Bryant in the Fulton circuit court upon a contract, and took out an attachment which was levied upon the lands in controversy. In 1872 Brown obtained judgment and his attachment was sustained. On the 3d of March, 1874, Brown\u2019s judgment still remaining unpaid in part, he ordered a general execution, under which the lands were sold to Cunningham, who afterwards received a conveyance from the sheriff.\nNow the testimony shows that Bryant died in Louisiana on the 10th of February, 1874. And this puts an end to the plaintiff\u2019s case. For, whatever rights he may have acquired by reason of having paid his money to the sheriff, and whatever remedies he may have to recover that money, or to subject the lands to sale in satisfaction of the judgment lien, or the attachment lien, to which he may possibly be subrogated by the transaction, it is certain that no title, legal or equitable, passed to him by virtue of his purchase. A writ of execution, issued and bearing teste after the death of the judgment defendant, without a revivor of the judgment against his representatives, is absolutely void, and confers no authority on the ministerial officer, to whom it is directed, to execute it. And a sale and conveyance under it are nullities, which may be attacked either directly or collaterally. Freeman on Executions, Sec. 35; Rorer on Judicial Sales, (Ed. of 1873,) Sec. 667; Mitchell v. St. Marent's Lessee, 4. Wall, 237; Erwin\u2019s Lessee, v. Dundas, 4 How., 58; Brown v. Perker, 13 Ill., 307; Woodcock v. Bennett, 1 Cowen, 740.\nThis is a rule of the common law, and there is no statute which changes it. And it has been frequently applied by this court. Bently v. Cummins, 9 Ark., 487; State Bank v. Etter, 13 Id., 268; Blanks v. Rector, 24 Id., 496.\nIt is agreed that the levy of the attachment in the lifetime \u25a0of Bryant constituted a specific inchoate lien upon the lands, which was-consummated by the rendition of judgment; and that the lien was not cut off by his subsequent death. This is true, but does not affect the main question, namely, that the \u25a0death of a defendant, before the issue of execution, compels the plaintiff to sue out a scire facias. Doubtless by a revivor \u25a0of the judgment, the creditor might have had the benefit of the lien. Trellson v. Green, 19 Ark., 376; Barber v. Peay, 31 Id., 392.\nLastly, it is contended that in any event Cunningham is -entitled to have his money back, because he has discharged a valid lien. We have nothing to do in this proceeding with his \u2022claim for reimbursement. No issue of that sort was raised by the pleadings; and if it had been, we should not allow him to do indirectly what could not be done directly. All we decide is, that Bryant\u2019s death before the issue of final process, and the failure to give those interested in his estate, or in this property, .an opportunity to show cause why such process should not go, are fatal to Cunningham\u2019s title. And there is no occasion to .inquire into the validity of Burk\u2019s title. He is in possession, and the nature of his title, or whether he has any, does not concern Cunningham.\nAffirmed.",
        "type": "majority",
        "author": "Smith, J."
      }
    ],
    "attorneys": [
      "W. F. Henderson for Appellant.",
      "Clark & Williams and Butler & Neill for Appellee."
    ],
    "corrections": "",
    "head_matter": "Cunningham v. Burk, et. al.\n1. Writs and Process: Execution after death of defendant.\nA writ of execution issued and bearing teste after the death of the judgment defendant, without a revivor of the judgment against his representatives, is void, and a sale and conveyance under it are nullities, and may be attacked either directly or collaterally.\n2. Attachment Lien : How enforced after death of defendant.\nAn attachment lien upon land, perfected by a judgment in the life of the defendant, is not cut off by his death, but can be enforced only by revivor of the judgment against his representatives.\nAPPEAL from Fulton Circuit Court in Chancery.\nHon. R. H. Powell, Circuit Judge.\nW. F. Henderson for Appellant.\nThe fact that Bryant was dead when the execution was sued out does not render the sale void; at most it is only voidable. 10 Ark., 331; 33 Miss., 382; 23 Td., 382-396; 13 How., (U. S.) 283; 13 Md., 121; Rorer on Judgment Sales, Sec. 663; 18 Iowa, 333; 3 Green, (Iowa;) 383; Freeman on Judgments, Secs. 130, 133.\nWhen a specific lien is- created in the lifetime of the debtor, the creditor need not resort to general assets or- go into the probate court to enforce his claim. 32 Ark., 306; 23 Id., 288; 28 Id., 306; 31 Id., 392; 18 Id.; 313-321. An attachment is a specific lien. Drake on Attach., Sec. 239; 33 Iowa, 281; 8 Conn., 336. A general execution, when it should be special, is only an irregularity and can be cured. 33 Mo., 128. And is good if only the attached property is sold. 16 Ark., 103; 33 Cal., 163. An irregular execution not void is amendable, and in a collateral attack will be considered amended. 12 Ark., 321.\nIn any aspect of the case appellant is entitled at least to his money back with interest. He discharged a valid lien on the property, and. to that extent he is entitled to reimbursement. Sheldon on Subrogation, Sec. 38; 10 Ark., 3\u20211, 554; 36 Tex., 282; 22 Ark., 372.\nClark & Williams and Butler & Neill for Appellee.\nAn execution issued and bearing teste after the death of the judgment debtor is irregular and void. 24. Ark., q.g6, and authorities cited; Gantt\u2019s Dig., Sec. 201\u2021; Rorer on Judgment Sales, (Ed. 1873,) Sec. 667; \u2021 Howard, U. S., 36; \u2022 22 Ark., 372; 13 III., 307. The execution being void the sale under it was a nullity, and appellant took nothing by it. There was no revivor after Bryant\u2019s death. The execution was not amendable.; the defect was not in matter of form but of substance. 2\u2021 Ark., \u00bff.g\u00f3.\nOur statutes forbid an execution, except there be a living party to represent the other side, even in case of specific liens. Gantt's Dig., Sec. 201\u2021.\nThe claim of appellant to reimbursement is a virtual abandonment of the case, which was an action for land under claim of ownership. There is no prayer for such relief, and no such issue was made or tendered below. This suit was not brought to enforce a lien, and courts of equity do not grant relief unasked. \u20213 Ark., 317."
  },
  "file_name": "0267-01",
  "first_page_order": 281,
  "last_page_order": 285
}
