{
  "id": 1892057,
  "name": "Pettigrew Machine Co. v. Harmon",
  "name_abbreviation": "Pettigrew Machine Co. v. Harmon",
  "decision_date": "1885-05",
  "docket_number": "",
  "first_page": "290",
  "last_page": "294",
  "citations": [
    {
      "type": "official",
      "cite": "45 Ark. 290"
    }
  ],
  "court": {
    "name_abbreviation": "Ark.",
    "id": 8808,
    "name": "Arkansas Supreme Court"
  },
  "jurisdiction": {
    "id": 34,
    "name_long": "Arkansas",
    "name": "Ark."
  },
  "cites_to": [
    {
      "cite": "44 Ark., 349",
      "category": "reporters:state",
      "reporter": "Ark.",
      "case_ids": [
        1893429
      ],
      "pin_cites": [
        {
          "page": "338"
        }
      ],
      "opinion_index": -1,
      "case_paths": [
        "/ark/44/0349-01"
      ]
    },
    {
      "cite": "18 Pick., 416",
      "category": "reporters:state",
      "reporter": "Pick.",
      "weight": 2,
      "pin_cites": [
        {
          "page": "444"
        }
      ],
      "opinion_index": -1
    },
    {
      "cite": "21 Wend., 424",
      "category": "reporters:state",
      "reporter": "Wend.",
      "case_ids": [
        2151898
      ],
      "opinion_index": -1,
      "case_paths": [
        "/wend/21/0424-01"
      ]
    },
    {
      "cite": "20 Conn., 339",
      "category": "reporters:state",
      "reporter": "Conn.",
      "opinion_index": -1
    },
    {
      "cite": "8 Iowa, 304",
      "category": "reporters:state",
      "reporter": "Iowa",
      "case_ids": [
        2275164
      ],
      "opinion_index": 0,
      "case_paths": [
        "/iowa/8/0304-01"
      ]
    },
    {
      "cite": "7 Ark., 328",
      "category": "reporters:state",
      "reporter": "Ark.",
      "case_ids": [
        8727411
      ],
      "opinion_index": 0,
      "case_paths": [
        "/ark/7/0328-01"
      ]
    },
    {
      "cite": "44 Ill., 405",
      "category": "reporters:state",
      "reporter": "Ill.",
      "case_ids": [
        5220749
      ],
      "weight": 2,
      "opinion_index": 0,
      "case_paths": [
        "/ill/44/0405-01"
      ]
    },
    {
      "cite": "63 Cal., 155",
      "category": "reporters:state",
      "reporter": "Cal.",
      "opinion_index": 0
    },
    {
      "cite": "29 Iowa, 448",
      "category": "reporters:state",
      "reporter": "Iowa",
      "case_ids": [
        2281571
      ],
      "opinion_index": 0,
      "case_paths": [
        "/iowa/29/0448-01"
      ]
    },
    {
      "cite": "50 Wis., 138",
      "category": "reporters:state",
      "reporter": "Wis.",
      "case_ids": [
        8703456
      ],
      "opinion_index": 0,
      "case_paths": [
        "/wis/50/0138-01"
      ]
    },
    {
      "cite": "48 Penn. St., 168",
      "category": "reporters:state",
      "reporter": "Pa.",
      "case_ids": [
        422157
      ],
      "opinion_index": 0,
      "case_paths": [
        "/pa/48/0168-01"
      ]
    },
    {
      "cite": "22 Pick., 205",
      "category": "reporters:state",
      "reporter": "Pick.",
      "opinion_index": 0
    },
    {
      "cite": "44 Ark., 356",
      "category": "reporters:state",
      "reporter": "Ark.",
      "opinion_index": 0
    },
    {
      "cite": "16 Ark., 331",
      "category": "reporters:state",
      "reporter": "Ark.",
      "case_ids": [
        8725140
      ],
      "opinion_index": 0,
      "case_paths": [
        "/ark/16/0331-01"
      ]
    },
    {
      "cite": "44 Ark., 349",
      "category": "reporters:state",
      "reporter": "Ark.",
      "case_ids": [
        1893429
      ],
      "opinion_index": 0,
      "case_paths": [
        "/ark/44/0349-01"
      ]
    }
  ],
  "analysis": {
    "cardinality": 524,
    "char_count": 9211,
    "ocr_confidence": 0.723,
    "pagerank": {
      "raw": 3.2433594488036974e-07,
      "percentile": 0.8684585471971532
    },
    "sha256": "07675a8b299fb3cb07a3dfa8bfe4532d06bce8cc62241918b2dfa8de70525a6b",
    "simhash": "1:dcc4432d7af7fb57",
    "word_count": 1653
  },
  "last_updated": "2024-02-27T16:26:05.122015+00:00",
  "provenance": {
    "date_added": "2019-08-29",
    "source": "Harvard",
    "batch": "2018"
  },
  "casebody": {
    "judges": [],
    "parties": [
      "Pettigrew Machine Co. v. Harmon."
    ],
    "opinions": [
      {
        "text": "Cockrill, C. J.\nThe appellant sued Reynolds, Doughty, Chase, Owens and Harmon on a promissory note executed by Reynolds, Doughty & Co., alleging that the parties sued were partners doing business under that style when the note was executed. The court tried the case without the intervention of a jury, after the issues were made, and found the facts to be that Reynolds, Doughty and Harmon, alone, composed the firm of Reynolds, Doughty & Co., and that they had executed the note sued on; that afterwards Reynolds .and Doughty failed in business and made an assignment to one Hunt for the benefit of their creditors; that Hunt accepted the trust, and while acting as assignee, and also as agent for Reynolds and Doughty to obtain their discharge from appellant\u2019s claim, he paid the appellant twenty cents in the dollar on their, debt out of the assets held by him as assignee, and took from them the following instrument in writing, viz :\n\u201c Received of J. B. Hunt, assignee of Reynolds & Doughty, thirty-three and 87-iooth dollars ($33.87) in full of my claim (note) against them for one hundred and sixty-nine and 37-1 ooth dollars, principal and interest. This receipt is not to be construed as releasing any other party whomsoever, responsible on the said note as partners or otherwise.\u201d\nThe court declared the effect of this to be a release to Reynolds and Doughty of the debt, and that the release of them enured to the benefit of their co-obligor, Harmon, and accordingly gave judgment for the appellees.\nIt is very clear that the mere payment by a debtor to his creditor of a less sum than the amount of the debt due, though received as full satisfaction, is not an extinguishment of the demand. An agreement to accept from a third person, in behalf of the debtor, however, a less amount for the whole, is binding upon the creditor, and will discharge the debt. Gordon v. Moore, 44 Ark., 349.\nIn the case before us the payment was made at the instance of Reynolds and Doughty, but by a third person, and out of a fund over which they had no control. The assignment to Hunt vested the title to their assets in him, subject to the trust, and placed the same beyond their reach. There was no hope of a surplus remaining after the debts were paid,- and until that was done they had no legal or equitable interest in the proceeds, that they could control or dispose of in any manner. Bartlett, et al., v. Tea, 1 McCrea, 176. The assignment had not been closed, and it was not known what percentage of their debts the creditors would receive. It was not believed that it would exceed twenty per cent on a final distribution. The appellant accepted this percentage before the distribution was made. It is immaterial that the assignee may have exceeded his authority in making the payment. No one has complained of this; the appellant enjoys the benefit and must stand to his agreement to discharge Reynolds and Doughty. Does this also relieve Harmon, the third partner ?\nThe general rule is, that the release by a creditor of one of several persons who are jointly, or jointly and severally, bound to him, is a discharge of all. Vandever v. Clark, 16 Ark., 331; Gordon v. Moore, 44 Ark., 356. And a release to one partner is a release to all.\nThe reasons given for the rule are, that there is but one debt, and that being once received by the party entitled to it, he has no further claim; or that the debtors have the right of contribution among themselves, and that the releasing creditor ought not to be allowed to enforce his claim against one whose remedy he has taken away. A release to have this effect, however, must contain a plain and distinct remission of the claim, and in that event parol testimony cannot be heard to show a contrary intention. Shaw v. Pratt, 22 Pick., 205; Burk v. Noble, 48 Penn. St., 168; Ellis v. Essen, 50 Wis., 138.\nIf the parties to the instrument cannot reasonably be supposed to have intended a release it will be construed only as an agreement not to charge the person to whom the release is given, and will not be permitted to have the effect of a technical release. 1 Pars. Cont., 23, 162; 1 Whart. Cont., Sec. 1037; 1 Lindley Part., 433-4; Addison on Cont., 1076; McAllister v. Sprague, 34 Maine, 296; Bonney v. Bonney, 29 Iowa, 448.\nIt is manifest from the terms of the instrument relied upon as a release here that the appellant did not intend to discharge the debt. . It expressly reserves the right of the appellant to proceed against any other person whose liability for its payment could be shown. Reynolds and Doughty accepted the discharge subject to this qualification. Their assent to the reservation of the creditor\u2019s rights against their co-debtor, raises an implied agreement on their part that the right of the co-debtor to contribution against them, if it existed at all, should remain unimpaired. Bennett v. Pardieu, 63 Cal., 155; Parmelee v. Lawrence, 44 Ill., 405; Solly v. Forbes, 6 Eng. Com. Law, 27; North v. Wakefield, 13 Q. B., 541.\nSince the instrument does not release the debt or impair the obligation of the co-obligors among themselves, the reason of the rule, that a discharge of one is a discharge of all, fails and the rule itself ceases. The instrument, in effect, is only a covenant to discharge the parties named, and the general rule again is that this does not release their co-obligors. Bozeman v. State Bank, 7 Ark., 328; 2 Whart. Cont., Sec. 1033.\nThe following cases are authorities to the effect that a discharge of one partner is not a release of others when the instrument of discharge was not so intended. Bennett v. Pardieu, 63 Cal., sup.; Parmelee v Lawrence, 44 Ill., 405; Seymour v. Butler, 8 Iowa, 304; Solly v. Forbes, 6 Eng. Com. Law, 27; See 1 Lindl. Part., 434-5.\nThe payment made by Reynolds and Doughty enured, of course, to the benefit of Harmon, because the debt, to that extent, was extinguished, but he can take no other benefit from the transaction.\nLet the judgment be affirmed as to all the appellees except Harmon; as to him let the judgment be reversed and the case remanded for a new trial.",
        "type": "majority",
        "author": "Cockrill, C. J."
      }
    ],
    "attorneys": [
      "Carroll & Pemberton and J. H. Woods for Appellant."
    ],
    "corrections": "",
    "head_matter": "Pettigrew Machine Co. v. Harmon.\n1. Payment. Of part in discharge of the whole debt.\nPayment to a creditor of part of a debt in satisfaction of the whole will not discharge the debt; but an agreement by the creditor to accept from a third per- ' son in behalf of the debtor, a part for the whole, will discharge it; and payment of part in- satisfaction of the whole by an assignee, to whom the debtor has assigned his assets for payment of his debts, and who is acting as his agent to procure his discharge from them, is payment by a third person and discharges the debt.\n2. Release : Of one debtor: Effect as to co-debtors: Evidence.\nThe general rule is that a release by a creditor of one of several joint, or joint and several debtors, discharges all; but to have this effect it must contain a plain and distinct remission of the claim; and, in that event, parol evidence of a contrary intention is inadmissible.\n3. Same: Intention of the parties to.\nIf the parties to the instrument cannot' reasonably be supposed to have intended a release, it will not be permitted to have the effect of a technical release, but only as an agreement not to charge the party to whom it is given.\n4. Same : Intention: Effect as to creditor.\nA debtor who accepts a release from his creditor which expressly retains the liability of his co-debtor, thereby agrees that the right of the creditor to contribution shall remain unimpaired: and such release does not effect the discharge of . the co-debtor.\nAPPEAL from Izard Circuit Court.\nHon. R. H. Powell, Circuit Judge.\nCarroll & Pemberton and J. H. Woods for Appellant.\n1. The receipt did not release Reynolds and Doughty. It was nothing more than a covenant not to sue Reynolds and Doughty; and a promise by a creditor to receive part of his -debt in payment of the whole, is nudum pactum and void. Pinnell's case, 5 Coke, nj; 2 Gr. E., Sec. 28; Chitty on Cont.\\ 6\u20215! 33 Ark., ffj2. The receipt of a part of a debt as a discharge of the whole is, in' general, no satisfaction of the remainder, though the receipt express that the sum is received as a compensation, iy Johns., 169; 3 Id., 2yi; 9 Id.,333; 20 Conn., 339; 2 Mete., 283; 1 Smith Lead. Cases, p. 393; 3 East., 230. The debt here was liquidated and due, was not paid by a third party or by chattel, or in a different place or time from that appointed.\n2. But if it released Reynolds and Doughty, it did not enure to the benefit of Harmon, and release him also. It was not intended as a technical release, for it expressly reserves all right to sue any and all other persons whomsoever, responsible, etc. 1 Lindley on Part., 433-4; 6 Johns. Chy., 242; 3 Gill & J.,351; 8 Paige, 229; 21 Wend., 424; 18 Pick., 416; 23 Id., 444; iy Mass., 623. The intent governs. 1 Lindley on Part., 433; Addison on Cont., {Ed. 183y) ioy6; Parsons on Cont., p. 24; also, Gordon v. Moore, 44 Ark., 349, 338; Sally v. Forbes, 2 Brod. & Bing., 46; 1 Pothier on Obi., 234; Burge on Stir., 411; 66 E. C. L., 336. All that Harmon can claim is that the debt, as to him, be diminished to the extent of the payment made by Reynolds and Doughty."
  },
  "file_name": "0290-01",
  "first_page_order": 304,
  "last_page_order": 308
}
