{
  "id": 1891993,
  "name": "Sibley, Rec'v'r, etc., v. Leek",
  "name_abbreviation": "Sibley v. Leek",
  "decision_date": "1885-11",
  "docket_number": "",
  "first_page": "346",
  "last_page": "346",
  "citations": [
    {
      "type": "official",
      "cite": "45 Ark. 346"
    }
  ],
  "court": {
    "name_abbreviation": "Ark.",
    "id": 8808,
    "name": "Arkansas Supreme Court"
  },
  "jurisdiction": {
    "id": 34,
    "name_long": "Arkansas",
    "name": "Ark."
  },
  "cites_to": [
    {
      "cite": "44 Ark., 100",
      "category": "reporters:state",
      "reporter": "Ark.",
      "case_ids": [
        1893365
      ],
      "opinion_index": 0,
      "case_paths": [
        "/ark/44/0100-01"
      ]
    }
  ],
  "analysis": {
    "cardinality": 116,
    "char_count": 1147,
    "ocr_confidence": 0.727,
    "pagerank": {
      "raw": 3.647966184126983e-07,
      "percentile": 0.8899453211364833
    },
    "sha256": "34ca8672e1710a9c52558e7f16420999c48838b7230b21ba2964bfbff34e05c1",
    "simhash": "1:dfb338e37f67a756",
    "word_count": 201
  },
  "last_updated": "2024-02-27T16:26:05.122015+00:00",
  "provenance": {
    "date_added": "2019-08-29",
    "source": "Harvard",
    "batch": "2018"
  },
  "casebody": {
    "judges": [],
    "parties": [
      "Sibley, Rec\u2019v\u2019r, etc., v. Leek."
    ],
    "opinions": [
      {
        "text": "Smith, J.\nThe cause of action was the killing of' live stock by the train of a railroad operated by a receiver. The action was begun before a justice of the peace, and damages were laid at $130. The'question of jurisdiction has not been raised, but cannot be overlooked. As the damages claimed exceeded $100, and arose out of an injury to personal property, the justice had no jurisdiction over the subject matter of the controversy. Constitution of 1874, Art. 7, Sec. 40; L. R., M. R. & Tex. R'y v. Manees, 44 Ark., 100.\nThe judgment of the Pulaski circuit court is vacated and the cause dismissed.",
        "type": "majority",
        "author": "Smith, J."
      }
    ],
    "attorneys": [
      "Brown and Rose for Appellant.",
      "Kimball, contra."
    ],
    "corrections": "",
    "head_matter": "Sibley, Rec\u2019v\u2019r, etc., v. Leek.\n1. Jurisdiction : Practice in stipreme court.\nThis court will not overlook the want of jurisdiction of a cause in the trial court, though the question has not been raised.\n2. Same : Of J. P. for injury to personal property.\nUnder the Constitution of 1874, a justice of tbe peace has no jurisdiction in an action for injury to personal property where the damages claimed exceed one hundred dollars.\nAPPEAL from Pulaski Circuit Court.\nHon. F. T. Vaughan, Circuit Judge.\nBrown and Rose for Appellant.\nKimball, contra."
  },
  "file_name": "0346-01",
  "first_page_order": 360,
  "last_page_order": 360
}
