{
  "id": 1892005,
  "name": "Foster v. State",
  "name_abbreviation": "Foster v. State",
  "decision_date": "1885-11",
  "docket_number": "",
  "first_page": "361",
  "last_page": "368",
  "citations": [
    {
      "type": "official",
      "cite": "45 Ark. 361"
    }
  ],
  "court": {
    "name_abbreviation": "Ark.",
    "id": 8808,
    "name": "Arkansas Supreme Court"
  },
  "jurisdiction": {
    "id": 34,
    "name_long": "Arkansas",
    "name": "Ark."
  },
  "cites_to": [
    {
      "cite": "18 Ark,, 198",
      "category": "reporters:state",
      "reporter": "Ark.",
      "case_ids": [
        8725683
      ],
      "opinion_index": -1,
      "case_paths": [
        "/ark/18/0198-01"
      ]
    },
    {
      "cite": "6 Ark., 131",
      "category": "reporters:state",
      "reporter": "Ark.",
      "case_ids": [
        8726731
      ],
      "opinion_index": -1,
      "case_paths": [
        "/ark/6/0131-01"
      ]
    },
    {
      "cite": "3 Ark., 390",
      "category": "reporters:state",
      "reporter": "Ark.",
      "opinion_index": -1
    },
    {
      "cite": "36 Ark., 60",
      "category": "reporters:state",
      "reporter": "Ark.",
      "opinion_index": -1
    },
    {
      "cite": "120 Mass., 385",
      "category": "reporters:state",
      "reporter": "Mass.",
      "case_ids": [
        738822
      ],
      "opinion_index": 0,
      "case_paths": [
        "/mass/120/0385-01"
      ]
    },
    {
      "cite": "11 Gray, 460",
      "category": "reporters:state",
      "reporter": "Gray",
      "case_ids": [
        2084871
      ],
      "opinion_index": 0,
      "case_paths": [
        "/mass/77/0460-01"
      ]
    },
    {
      "cite": "44 Ark., 564",
      "category": "reporters:state",
      "reporter": "Ark.",
      "case_ids": [
        1893390
      ],
      "opinion_index": 0,
      "case_paths": [
        "/ark/44/0564-01"
      ]
    },
    {
      "cite": "97 Mass., 303",
      "category": "reporters:state",
      "reporter": "Mass.",
      "case_ids": [
        707200
      ],
      "opinion_index": 0,
      "case_paths": [
        "/mass/97/0303-01"
      ]
    },
    {
      "cite": "106 Ill., 89",
      "category": "reporters:state",
      "reporter": "Ill.",
      "case_ids": [
        2781205
      ],
      "opinion_index": 0,
      "case_paths": [
        "/ill/106/0089-01"
      ]
    },
    {
      "cite": "83 Ill., 431",
      "category": "reporters:state",
      "reporter": "Ill.",
      "case_ids": [
        2660028
      ],
      "opinion_index": 0,
      "case_paths": [
        "/ill/83/0431-01"
      ]
    },
    {
      "cite": "51 N. H., 361",
      "category": "reporters:state",
      "reporter": "N.H.",
      "case_ids": [
        11250890
      ],
      "weight": 2,
      "opinion_index": 0,
      "case_paths": [
        "/nh/51/0361-01"
      ]
    },
    {
      "cite": "25 Ohio St., 381",
      "category": "reporters:state",
      "reporter": "Ohio St.",
      "case_ids": [
        44736
      ],
      "opinion_index": 0,
      "case_paths": [
        "/ohio-st/25/0381-01"
      ]
    },
    {
      "cite": "62 Ala., 197",
      "category": "reporters:state",
      "reporter": "Ala.",
      "case_ids": [
        5589648
      ],
      "opinion_index": 0,
      "case_paths": [
        "/ala/62/0197-01"
      ]
    },
    {
      "cite": "10 Ark., 378",
      "category": "reporters:state",
      "reporter": "Ark.",
      "case_ids": [
        8727756
      ],
      "opinion_index": 0,
      "case_paths": [
        "/ark/10/0378-01"
      ]
    },
    {
      "cite": "44 Ark., 265",
      "category": "reporters:state",
      "reporter": "Ark.",
      "case_ids": [
        1893434
      ],
      "opinion_index": 0,
      "case_paths": [
        "/ark/44/0265-01"
      ]
    },
    {
      "cite": "58 Ala., 358",
      "category": "reporters:state",
      "reporter": "Ala.",
      "case_ids": [
        8491670
      ],
      "opinion_index": 0,
      "case_paths": [
        "/ala/58/0358-01"
      ]
    }
  ],
  "analysis": {
    "cardinality": 612,
    "char_count": 11583,
    "ocr_confidence": 0.758,
    "pagerank": {
      "raw": 8.13319691048325e-07,
      "percentile": 0.9743456085663682
    },
    "sha256": "97c2b16a58ff5c7275ac00747a48c1ab81e9a540f8d1661367497812cbaff967",
    "simhash": "1:875b79650a4e2594",
    "word_count": 2114
  },
  "last_updated": "2024-02-27T16:26:05.122015+00:00",
  "provenance": {
    "date_added": "2019-08-29",
    "source": "Harvard",
    "batch": "2018"
  },
  "casebody": {
    "judges": [],
    "parties": [
      "Foster v. State."
    ],
    "opinions": [
      {
        "text": "Cockrill, C. J.\nThe appellant was indicted for selling liquor to a minor and was convicted. The proof was that the minor, not wishing to involve the whisky sellers in trouble by making a purchase directly from any of them, gave the appellant, whom he met on the- street in the town of Malvern, fifty cents and requested him to go and purchase whisky for him. Pie took the money, purchased the liquor for the minor with it at a saloon in which he was not employed or interested, returned and delivered it to the minor. The appellant was an old acquaintance of the minor, and was himself an employe in a saloon.\nThe court refused to charge the jury as follows:\n\u201cIf the jury believe from the evidence that Ward, the minor, gave the defendant fifty cents and requested him to buy its worth of whisky, and that defendant took the money and went to Taylor & Peyton\u2019s saloon, it not being the saloon at which the defendant was a salesman, and purchased the whisky and gave it to Ward, it is not such a sale as is contemplated by the statute, and the jury will find for defendant.\u201d\nIt is apparent that the real seller of the liquor in this case was the dealer of whom the whisky was' bought. The minor was the purchaser, and the appellant was his agent to make the purchase. The appellant was not the actor in making the sale to the minor, and to this extent he is not within the words of the statute, which inhibits the sale of liquor to minors. Mansf. Rev. St., Sec. 1878; Young v. State, 58 Ala., 358.\nThe statute makes no mention of persons who aid, abet or procure the sale of liquor to minors, but the rule of construction requires that the common law be taken into account in ascertaining the meaning of the act. State v. Pierson, 44 Ark., 265.\nThe rule of the common law is that all persons concerned in the commission of a crime, less than a felony, if guilty at all, are principals. 4 Black. Com., 36; Hubbard v. State, 10 Ark., 378; Sanders v. State, 18 Ib., 198; Freel v. State, 21 Ib., 219.\nHubbard v. State, sup., was a case of an indictment against one for trespass on the Sixteenth section lands, a statutory offense. There was no evidence that the person indicted had ever been upon the lands, but the acts of his slave, done under such circumstances as warranted the inference that they were done by his command or procurement, were held to be sufficient to establish his guilt.\nIn Sanders' case, sup., a conviction was upheld upon proof that a public highway had been obstructed, not by the defendant in person, but by another who was not indicted, the court, through English, Ch. ]., saying: \u201cIt was not necessary for the defendant to have felled the timber across the road himself, or for it to have been done by his immediate direction, to make him responsible for the offense. In misdemeanors all persons, who procure, participate in, or assent to the commission of a crime, are regarded as principals, and are indicted as such.\u201d\nThis was the rule applicable to statutory offenses, prior to the enactment of the prohibitory liquor law, and one may incur the guilt of a principal in this, as in other misdemeanors, by aiding in or procuring the violation of the law. Walton v. State, 62 Ala., 197; State v. Monson, 25 Ohio St., 381; State v. Rand, 51 N. H., 361; Johnson v. People, 83 Ill., 431; Bish. St. Cr., Sec. 1029.\nThe buyer of liquor, however, is guilty of no offense under this act, although he aids in and\u2019 procures the making of the sale. The statute has marked the seller as the only criminal. \u201cIn cases of mala pr\u00f3hibita, the fact that the penalty is imposed on only one of two parties whose concurrence is requisite to the commission of the offense, and that the statute was made for the protection of the other party, who is generally regarded as the less culpable of the two, has repeatedly been considered good .ground for giving the statute a construction exempting the party not named from criminal liability.\u201d State v. Rand, supra. See too, 1 Bish. Cr. Law, Sec. 657 and note 4; Harney v. State, 8 Lea, Tenn., 113.\nAs the minor was guilty of no offense the appellant cannot be punished for his complicity in the minor\u2019s act of purchase. If he had done nothing more than counsel and advise the minor in getting the whisky, he would not have violated the terms of the statute and could not be held to criminal responsibility. One cannot be punished for violating only the spirit of a penal law. But he has-done more. He aided and abetted the liquor-seller, and procured him to make the sale to the minor. This is the offense the statute' is aimed at. The essence of the offense is a sale to a minor.\nIf the transaction showed a sale of liquor to the appellant and a subsequent gift of it by him to the minor, no offense would have been committed, because there would have been no sale to the minor, and giving liquor to a minor is not inhibited by the statute. That was the case in Ward v. State, ante, where it was held that a dealer, who sold liquor to one treating a minor, could not be convicted of selling to a minor. But the court is careful to say in that case that there was nothing to indicate that the person, who treated the minor, acted as his agent in the transaction. If he had acted as the minor\u2019s agent, and the liquor-dealer had been apprised of that fact, the latter would have been guilty of selling to the minor, Young v. State, 58 Ala., sup.; Seigel v. People, 106 Ill., 89, and the agent would have been guilty as an aider and procurer of the sale.\nThe fact that the minor was absent when the sale was effected cannot alter the case. One may buy through an agent, and when there is no question of agency, although the dealing is with and the delivery to the agent, in legal effect the sale is to the principal. It is true that when the agency is undisclosed the seller may treat the transaction as a sale to the agent, and the agent will be estopped from showing for his benefit a state of facts different from what he has made to appear in the transaction. The principal, in such case, is still bound as such, however, if the agent acted within his authority, and as between agent and principal, the principal is always the contractor and purchaser. Seigel v. People, 106 Ill., sup.; Wharton Agency, 496, 431; 2 Kent\u2019s Com., *631; Winchester v. Howard, 97 Mass., 303; Caldwell v. Mesherd, 44 Ark., 564.\nThat the state, in a criminal prosecution, can elect to treat it as .a sale to the principal, instead of a sale to the agent who actually procured the liquor,'is sustained by adjudicated cases. See Com. v. McGuire, 11 Gray, 460; Com. v. Very, 12 Ib., 124; Com. v. Latinville, 120 Mass., 385.\nTaylor & Peyton\u2019s guilt is immaterial. The guilt or innocence of the actor or principal in the first degree, even in felonies, does not affect the guilt of the principal in the second degree, to make use of a common law term, Mansf. Rev. St., Sec. 1511, and it is immaterial whether the person who was the chief actor in making the sale might or might not have been convicted. \u201cHowever men combine, each one is criminally responsible for what he personally does, . . . for the whole of what he assists others in doing, and for all that the others do through his procurement.\u201d Bish. St. Cr., Sec. 1024. The appellant had the evil design of procuring a sale of liquor to a minor, and his act directly and immediately led to the commission of the offense. This made him a principal in the offense.\nThe instruction asked by the appellant would have authorized his acquittal, if he did not sell, although he may have aided and abetted and procured the sale to be made, and was properly refused.\nThe court\u2019s charge to the jury was not inconsistent with the views here expressed, and the judgment is affirmed.",
        "type": "majority",
        "author": "Cockrill, C. J."
      }
    ],
    "attorneys": [
      "Hugh McCalhmi for Appellant.",
      "Dan W. Jones, Attorney General, for the State."
    ],
    "corrections": "",
    "head_matter": "Foster v. State.\nI. LIQUOR: Purchaser for minor liable as seller.\nWhere a party, with the money of a minor, purchases liquor for him, he is not only an agent of the minor for the purchase, which is not punishable, but he is also an aider and procurer of the sale, and therefore punishable as a principal \\ in violating the statute inhibiting sales to minors. In misdemeanors all persons who procure, participate in, or assent to the commission of a crime, are , regarded as principals and indictable as such.\nAPPEAL from Hot Springs Circuit Court.\nHon. J. B. Wood, Circuit Judge.\nHugh McCalhmi for Appellant.\nTo convict on this charge the proof must sustain the allegations.\nGantt's Digest, Section z\u00f3op, is in part as follows :\n\u201c If any person shall sell to or buy for any minor, intoxicating spirits of any kind, without,\u201d etc.\nUnder this section the defendant would, from , the evidence, be guilty beyond a doubt.\nThis section was repealed by implication by Act of March 8, z8pp, Sec. zp. Redmond v. State, 36 Ark., 60.\nThe defendant was indicted under said last named act. Mansfield's Digest, Section z8j8. It is in part as follows:\n\u201cAny person who shall sell, either by himself, or another, or be interested in the sale of any ardent, malt, vinous or fermented liquors,\u201d etc., \u201c to any minor, without the written consent or order,\u201d etc.\nThe evidence is clear that defendant bought the whisky at Peyt.on & Taylqr\u2019s saloon as a matter of favor to Ward. (Trans.., pp. z6-zy.)\nHe was not salesman in that saloon. He was not interested in the sale. Defendant had no whisky at that saloon to sell. He simply gave his time and trouble \u25a0 without any reward or remuneration.\nLooney v. State, 4.3 Ark., 390, has no application here, for in that case'it was a complete sale of turpentine, a name used by the painters for whisky in fact.\nThe true intent of the legislature in passing the Act of 8th of March, 1839, Sec. 19, is found in the fact that the act left out of it the words, \u201cbuy for.\u201d To convict under the act there must be a sale.\nIt is a rule founded alike on humanity and public policy, designed for the protection of the citizen, and never to be departed from, that penal statutes must be strictly construed. Hughs v. State, 6 Ark., 131.\nA sale of a chattel is an exchange thereof for money. 1 Pars, on Cont., p. 322.\nThe defendant could not exchange Peyton & Taylor\u2019s whisky for money. He did not own any of it. He received nothing from Ward for himself. He could not sell it.\nThe instruction given by the court assumes that defendant sold the whisky to Ward. The evidence is clear it was not a sale.\n. It assumes also that defendant knew Ward was a minor. There is no evidence to sustain this. The instruction is erroneous.\nThe instruction asked by the defendant and refused by the court is clearly the law; and it is fully sustained by the evidence. It was error to refuse it.\nThe verdict is against the law and -the evidence.\nThe language of said act, Mansfield's Digest, Section 1838, is so plain it needs no construction. If it were not so, I have shown that the intent was to hold criminally, only when there was a sale, which is a term well understood in law.\nDan W. Jones, Attorney General, for the State.\nIt was immaterial whether appellant knew that Ward was a minor. Redmond v. State, j\u00f3 Ark., j8; Crampton v. State, jy lb., 108; Edgar v. State, lb., 219; Pounders v. State, Ib., J99.\nBut the appellant virtually admits that he knew that said Ward was not of age, and that he bought for him as a matter of favor, {Trans., 16.) By this means he became an accessory before the fact to the commission of an offense, which, being a misdemeanor, makes him a principal. Hubbard v. State, 10 Ark., jy8; Sanders v. State, 18 Ark,, 198.\nAt best his act was merely a subterfuge to violate the law, and cannot excuse him."
  },
  "file_name": "0361-01",
  "first_page_order": 375,
  "last_page_order": 382
}
