{
  "id": 1892010,
  "name": "Burgess v. Poole",
  "name_abbreviation": "Burgess v. Poole",
  "decision_date": "1885-11",
  "docket_number": "",
  "first_page": "373",
  "last_page": "376",
  "citations": [
    {
      "type": "official",
      "cite": "45 Ark. 373"
    }
  ],
  "court": {
    "name_abbreviation": "Ark.",
    "id": 8808,
    "name": "Arkansas Supreme Court"
  },
  "jurisdiction": {
    "id": 34,
    "name_long": "Arkansas",
    "name": "Ark."
  },
  "cites_to": [
    {
      "cite": "33 Ark., 475",
      "category": "reporters:state",
      "reporter": "Ark.",
      "case_ids": [
        8724753
      ],
      "opinion_index": 0,
      "case_paths": [
        "/ark/33/0475-01"
      ]
    },
    {
      "cite": "28 Ark., 151",
      "category": "reporters:state",
      "reporter": "Ark.",
      "case_ids": [
        1884424
      ],
      "opinion_index": 0,
      "case_paths": [
        "/ark/28/0151-01"
      ]
    },
    {
      "cite": "24 Ark., 216",
      "category": "reporters:state",
      "reporter": "Ark.",
      "case_ids": [
        8726713
      ],
      "opinion_index": 0,
      "case_paths": [
        "/ark/24/0216-01"
      ]
    },
    {
      "cite": "29 Ark., 80",
      "category": "reporters:state",
      "reporter": "Ark.",
      "case_ids": [
        1882941
      ],
      "opinion_index": 0,
      "case_paths": [
        "/ark/29/0080-01"
      ]
    },
    {
      "cite": "1 Ark., 144",
      "category": "reporters:state",
      "reporter": "Ark.",
      "case_ids": [
        8728450
      ],
      "opinion_index": 0,
      "case_paths": [
        "/ark/1/0144-01"
      ]
    }
  ],
  "analysis": {
    "cardinality": 339,
    "char_count": 5395,
    "ocr_confidence": 0.742,
    "pagerank": {
      "raw": 2.939716488227127e-07,
      "percentile": 0.8480235720306474
    },
    "sha256": "817485ab2e0e551ca9f3f69bd705a3e27b43ea5b232005b64f9ab9e74b98b100",
    "simhash": "1:8e8fb7b5c69c448c",
    "word_count": 954
  },
  "last_updated": "2024-02-27T16:26:05.122015+00:00",
  "provenance": {
    "date_added": "2019-08-29",
    "source": "Harvard",
    "batch": "2018"
  },
  "casebody": {
    "judges": [],
    "parties": [
      "Burgess v. Poole."
    ],
    "opinions": [
      {
        "text": "Smith, J.\nBurgess and Poole held separate mortgages upon the crop of cotton to be produced by Merrick Williams in the year 1880, in Union county. In December of that year Williams, the mortgagor, brought replevin before a justice of the peace, against Burgess, for four bales of that crop. On the day of trial, Poole appeared before the justice and expressed his desire to intervene for the property. He was informed that the law had made no provision for an interplea in this class of actions, but that he could make himself a party. He was accordingly, upon his own application, admitted as a co-plaintiff, but did not, it appears, offer any evidence in support of his claim. Judgment having been given for Burgess, Poole appealed to the circuit' court, making and filing the customary affidavit for that purpose, in which he is described as a party to the proceeding.\nSubsequently, and before any disposition had been made of this appeal, Poole instituted a cross-replevin against Burgess before another justice of the peace for this identical lot of cotton. This last-mentioned action also found its way into the circuit court by appeal, and was there determined in favor of Poole. This last judgment is the one we have to deal with,\nThe record does- not show what became of the first appeal; but, from the statements of counsel on both sides, it is probable it was dismissed, either upon.Poole\u2019s own motion or for want of prosecution, before the trial of the second appeal. If this be so, the obvious effect was to leave the judgment of the justice of the peace in full force, the same as if no appeal had been taken. Ashley v. Brazil, 1 Ark., 144.\nBut whether dismissed or not, the judgment of the justice stands until it is set aside by a superior court. The grant of an appeal did not impair it. No^d\u00bfd it revive Poole\u2019s original cause of action, which had been destroyed by merger, so as to enable him to maintain an independent suit upon it. Burgess, if sued again for the same matter, during the pendency of the appeal, might plead the former judgment in bar. Cloud v. Wiley, 29 Ark., 80; Biscoe v. Butts, 5 Id., 305; Beers v. Weerpul, 24 Id., 272.\nIt was an issue in the present action that the matter in controversy was res judicata. Burgess filed in the circuit court a plea of former suit pending between the same parties and involving the same subject matter. And on the trial he read in evidence the docket entries of the justice in the first action, showing the facts above recited.\nIf Poole had kept aloof from the litigation between Williams and Burgess, he would not have been concluded by any judgment therein. Being a stranger to the proceeding, he might have sued out his writ of replevin for the same property without waiting for the determination of that suit. Hagan v. Deuell, 24 Ark., 216. But, having voluntarily come in, he is bound by the result, as much as if he had been an original party.\nSection 4946 of Mansfield\u2019s Digest expressly authorized his admission as a party. And he could have effectively asserted in that action any claim he may h\u00e1ve had which was derived from Merrick Williams, the common source of title. Files v. Watt, 28 Ark., 151. The justice, then, has jurisdiction over the subject matter and the parties. And his judgment, until vacated in some mode known to the law, is as conclusive as that of a court of record. Gates v. Bennett, 33 Ark., 475.\nOtherwise, we should have two courts of concurrent jurisdiction, making contradictory orders about the possession and ownership of the same chattels. The court which first' obtained possession of the case had the exclusive right to proceed to a final-determination.' If Poole's first appeal has been dismissed the controversy is at an end.^ He could not abandon his appeal without forfeiting all his rights in the property. If that appeal is still pending and undetermined in the court below, a trial anew on the merits may still be had.\nReversed, and remanded for a new trial.",
        "type": "majority",
        "author": "Smith, J."
      }
    ],
    "attorneys": [
      "The Appellant pro se.",
      "W. H. Langford and Geo. W. Williams for Appellee."
    ],
    "corrections": "",
    "head_matter": "Burgess v. Poole.\n1. Appeal : Effect of dismissal of.\nThe dismissal of an appeal in the circuit court leaves the judgment of the justice of the peace in full force.\n2. Res Judicata: New action before J. P. pending appeal.\nA judgment of a justice of the peace is not impaired by the grant of an appeal to the circuit court; and if, pending the appeal, the plaintiff brings a new action against the defendant for the same matter, he may plead the former judgment of the justice in his favor, as res judicata, in bar of the suit.\n3. Party : New, bound by judgment.\nBy voluntarily becoming a party to a pending suit one becomes bound by the result as much as if he had been an original party.\nAPPEAL from Union Circuit Court.\nHon. B. F. Askew, Circuit Judge.\nThe Appellant pro se.\nThe appelle\u00e9, by voluntarily making himself a party to the first suit, became bound by the result, and on the dismissal of his appeal in the circuit court the judgment of the justice, which was against him, stood affirmed and in full force until reversal.\nIn the second suit the plea of res adjudicata or former recovery should have been sustained. The appellee was a party to the first suit in the manner prescribed by law. He appealed,- dismissed his appeal, and the justice\u2019s judgment thereby became conclusive.\nW. H. Langford and Geo. W. Williams for Appellee.\nArgue upon the merits, as to which mortgage should take precedence, etc."
  },
  "file_name": "0373-01",
  "first_page_order": 387,
  "last_page_order": 390
}
