{
  "id": 1892037,
  "name": "Roth & Co. v. Williams",
  "name_abbreviation": "Roth & Co. v. Williams",
  "decision_date": "1885-11",
  "docket_number": "",
  "first_page": "447",
  "last_page": "450",
  "citations": [
    {
      "type": "official",
      "cite": "45 Ark. 447"
    }
  ],
  "court": {
    "name_abbreviation": "Ark.",
    "id": 8808,
    "name": "Arkansas Supreme Court"
  },
  "jurisdiction": {
    "id": 34,
    "name_long": "Arkansas",
    "name": "Ark."
  },
  "cites_to": [
    {
      "cite": "31 Ark., 420",
      "category": "reporters:state",
      "reporter": "Ark.",
      "opinion_index": -1
    },
    {
      "cite": "36 Ark., 323",
      "category": "reporters:state",
      "reporter": "Ark.",
      "opinion_index": -1
    },
    {
      "cite": "4 Pet., 83",
      "category": "reporters:scotus_early",
      "reporter": "Pet.",
      "opinion_index": -1
    },
    {
      "cite": "7 Conn., 214",
      "category": "reporters:state",
      "reporter": "Conn.",
      "case_ids": [
        6753398
      ],
      "opinion_index": -1,
      "case_paths": [
        "/conn/7/0214-01"
      ]
    },
    {
      "cite": "31 Ark., 4",
      "category": "reporters:state",
      "reporter": "Ark.",
      "opinion_index": -1
    },
    {
      "cite": "36 Ark., 525",
      "category": "reporters:state",
      "reporter": "Ark.",
      "case_ids": [
        1872426
      ],
      "opinion_index": 0,
      "case_paths": [
        "/ark/36/0525-01"
      ]
    },
    {
      "cite": "39 Ark., 344",
      "category": "reporters:state",
      "reporter": "Ark.",
      "case_ids": [
        1898698
      ],
      "opinion_index": 0,
      "case_paths": [
        "/ark/39/0344-01"
      ]
    },
    {
      "cite": "31 Ark., 411",
      "category": "reporters:state",
      "reporter": "Ark.",
      "case_ids": [
        1879287
      ],
      "opinion_index": 0,
      "case_paths": [
        "/ark/31/0411-01"
      ]
    }
  ],
  "analysis": {
    "cardinality": 340,
    "char_count": 5614,
    "ocr_confidence": 0.735,
    "pagerank": {
      "raw": 2.389510896595414e-07,
      "percentile": 0.7977152335908387
    },
    "sha256": "f9fc2c5d6a8758e3686725307e0b5cac815bbec5522b35667640371fc2f2e7b0",
    "simhash": "1:3714783b62c346ae",
    "word_count": 997
  },
  "last_updated": "2024-02-27T16:26:05.122015+00:00",
  "provenance": {
    "date_added": "2019-08-29",
    "source": "Harvard",
    "batch": "2018"
  },
  "casebody": {
    "judges": [],
    "parties": [
      "Roth & Co. v. Williams."
    ],
    "opinions": [
      {
        "text": "Cockrill, C. J.\nOn the trial the appellee was allowed to introduce testimony tending to prove that the rent reserved for the land was much less than the amount recited in the contracts of lease between the appellants and their tenants. The contention was that the appellants had added store accounts, due them for a previous year by their tenants, to the amount actually reserved- as rents, and called the whole amount rent. The appellee claimed under a mortgage, executed before the written contracts of lease, and as his title was thus anterior to the date of the reciting deeds, he was not bound,by their terms. For this reason, if no other, the court was right in permitting him to show the true consideration of the leases. Talbot v. Wilkins, 31 Ark., 411; Carver v. Jackson, 4 Pet., U. S., 4, 82; 1 Greenl. Ev., Sec. 21, n. 1.\nIt was not competent for the landlord and tenant to bind a prior mortgagee of the crop, by an agreement between themselves to include in their rent contracts an amount due the landlord on another and different account, merely by designating the whole amount \u201crent.\u201d Varner v. Rice, 39 Ark., 344. What was actually due as rent took precedence over the mortgage by virtue of the statutory lien, and the mortgagee could not recover possession of the crop from the landlord without paying him what was due him on this account. Buck v. Lee, 36 Ark., 525.\nBefore suit the appellee tendered the amount he believed ..to be due on account of the lien, but the appellants declined it, saying they would accept nothing less than the amounts recited in their leases. Pending the trial the.appellee paid the appellants, in the presence of the jury, a sum which they by their verdict have found to be all that was due for rent and gin charges. The appellants cannot claim precedence over the mortgage for more, and the judgment must be affirmed.",
        "type": "majority",
        "author": "Cockrill, C. J."
      }
    ],
    "attorneys": [
      "N. T. White for Appellants.",
      "Martin & Taylor for Appellee."
    ],
    "corrections": "",
    "head_matter": "Roth & Co. v. Williams.\ni. Landlord\u2019s Lien : Contract for rent, including other indebtedness.\nA rent contract which includes other indebtedness in the amount expressed as rent, is a lien on the tenant\u2019s crop for only the amount of the rent; and in a contest between the landlord and another incumbrancer on the ciop, the latter may show the true amount due the landlord for rent.\n2. Same: Replevin by mortgagee of crop.\nA mortgagee of a tenant\u2019s crop cannot replevy it from the landlord without first paying to him the amount due him for rent.\nAPPEAL from Jefferson Circuit Court.\nHon. John A. Williams, Circuit Judge.\nOn the 7th of February, 1882, Francis Aiken and Narcissus Rubens, tenants on the land of Roth & Co., executed to Williams separate mortgages on their crops to be produced on the lands that year, to secure their indebtedness to him and for supplies to be furnished them during the year. The mortgages were filed for record March 17, 1882. On the 30th of March, 1882, the same parties executed to Roth & Co. contracts for the 'rent, Aiken\u2019s contract agreeing to pay $204.35 rent for about twenty-five acres, and Reubens\u2019 agreeing to pay $193.19 for twenty acres. After the cotton had been gathered- and ginned, and while it was in possession of Roth & Co., Williams, claiming that the rent contracts included other indebtedness to them besides rents, tendered to them the amounts he believed to be due for rent, and demanded the cotton under his mortgages; but they /efused to deliver it to him, unless he would pay the whole amount stipulated in the contracts. He thereupon brought replevin, and on the trial was permitted to prove, against the objections of the appellants, the true amount of the rents, and that the amounts expressed in the contracts included other indebtedness; and, pending the trial, he paid to appellants, in the presence of the jury, the true amount due for the rents. The verdict and judgment were for Williams, and Roth & Co. appealed.\nN. T. White for Appellants.\nThe court erred in permitting testimony to go to the jury to contradict and explain the terms of the written contracts between appellants and his tenants. Appellee derived his title to the cotton through the tenants, and he stands in the same relation as the mortgagors. They were estopped to deny the terms of the lease, and he, being a privy in estate to them, is also es-topped. 31 Ark., 4.20; 1 Gr. Ev., Sec. 279; lb., Sec. 23 and notes 1 and 2; Bouv. L. Die., \u201cPrivies\" & \u201cPrivity;\" lb., Sec. i8g; Taylor Land. & T, Sec. gi; 7 Conn., 214; 4 Pet., 83; g Wend., 2og; 13 Ark., pg3; 13 Id., 343; 16 Id., 3ig; 20 Id., 273; 21 Id., 6g.\nAppellants were in possession of the cotton with the consent of the tenants, and, therefore in legal possession, having a lien for rent, and that lien was superior to appellee\u2019s under his mortgages; 23 Ark., 6og; 31 Id., 337; 33 Id., 707; lb., 737; and no suit could be brought until such rent was paid. 36 Ark., 323.\nMartin & Taylor for Appellee.\nAppellee\u2019s title to the cotton was anterior to that of appellants, and he was in no way bound by the recitals in the leases. He had a right to show that other amounts, besides rent, were included in them. He claimed adversely to appellants, and was a third party, in no way bound by the recitals, not being privy in any way. 2 Starkie Ev., Sec. 333; 1 Gr. Ev., Sec. 2yg; 2 Starkie Ev., Sec. 376; 31 Ark., 420; Bigelow on Estoppel, p. 284.\nA landlord and tenant cannot bind a prior mortgagee, by-including other accounts and calling the whole rent, and the mortgagee has the right to show what the true amount of rent was. jp Ark., 344.\nAppellee paid all that was due for rent, ginning, hauling, etc., all lawful charges, and was then entitled to the cotton."
  },
  "file_name": "0447-01",
  "first_page_order": 461,
  "last_page_order": 464
}
