{
  "id": 1310057,
  "name": "Widner v. State",
  "name_abbreviation": "Widner v. State",
  "decision_date": "1887-05",
  "docket_number": "",
  "first_page": "172",
  "last_page": "174",
  "citations": [
    {
      "type": "official",
      "cite": "49 Ark. 172"
    }
  ],
  "court": {
    "name_abbreviation": "Ark.",
    "id": 8808,
    "name": "Arkansas Supreme Court"
  },
  "jurisdiction": {
    "id": 34,
    "name_long": "Arkansas",
    "name": "Ark."
  },
  "cites_to": [
    {
      "cite": "48 Ark., 355",
      "category": "reporters:state",
      "reporter": "Ark.",
      "case_ids": [
        1887773
      ],
      "opinion_index": 0,
      "case_paths": [
        "/ark/48/0355-01"
      ]
    },
    {
      "cite": "19 Ark., 308",
      "category": "reporters:state",
      "reporter": "Ark.",
      "case_ids": [
        8726401
      ],
      "pin_cites": [
        {
          "page": "318"
        }
      ],
      "opinion_index": 0,
      "case_paths": [
        "/ark/19/0308-01"
      ]
    }
  ],
  "analysis": {
    "cardinality": 209,
    "char_count": 2763,
    "ocr_confidence": 0.666,
    "pagerank": {
      "raw": 2.85803305547481e-07,
      "percentile": 0.8411959538953816
    },
    "sha256": "d7fd1aa9ee8ed6c868ba11b24759b8579c83b6a4549df7224971e3870641e990",
    "simhash": "1:83a34cdda383593b",
    "word_count": 498
  },
  "last_updated": "2024-02-27T22:10:25.288799+00:00",
  "provenance": {
    "date_added": "2019-08-29",
    "source": "Harvard",
    "batch": "2018"
  },
  "casebody": {
    "judges": [],
    "parties": [
      "Widner v. State."
    ],
    "opinions": [
      {
        "text": "Cockrill, C. J.\nThe appellant cut timber on the sixteenth section or school land and converted it to his own use under an agreement with the school directors of the school district in which the land was situated, to pay them the value of it.. The State sued him for the trespass and recovered judgment. He has appealed and relies upon the consent obtained from the school directors as a defense to the action.\nThe statute authorizes the collector of taxes to sell the school lands subject to certain conditions and regulations, but no power in reference thereto has been conferred upon the school boards. It is for the State to determine how and by whom these lands shall be managed and sold, and until she has conferred the authority upon the school boards, they can confer no right upon any one to cut the timber, or commit any other trespass upon the land.\nThe legal title to the land is in the State. It is held in trust for the support of schools for tne inhabitants of the township in which it is situated. Mayers v. Byrne, 19 Ark., 308, 318. The right of the State to sue for the injury is therefore clear (Dickenson v. Harris, 48 Ark., 355,) independent of the provisions of the act of March 17, 1883 (Acts 1883, p. 140), and the questions mooted by counsel under that act are not presented by the record.\nThe appellant cannot be regarded otherwise than as a tres.passer and the recovery was right.\nLet the judgment be affirmed.",
        "type": "majority",
        "author": "Cockrill, C. J."
      }
    ],
    "attorneys": [
      "Geo. h. Sanders for appellants.",
      "Dan W. Jones, Attorney-General, for appellee."
    ],
    "corrections": "",
    "head_matter": "Widner v. State.\nSchool Lands: limbers on, cantiot be cut by authority of school board.\nThe directors of a school district can confer no authority to cut timber on the school lands of their district. And one who cuts such timber -and converts it to his own use, under an agreement with the directors to pay them its value, commits a trespass, for which he may be sued by the Slate.\nAPPEAL from St. Francis Circuit Court.\nM. T. Sanders, Judge.\nGeo. h. Sanders for appellants.\n1. The act of March 17, 1883, is unconstitutional. Art. ig, sec. g, Const. The Legislature could not create the office of State timber inspector, and second, could not impose the duties on the State Land Commissioner.\n2. The act was not intended to apply to school lands. The school directors had charge of the school affairs, etc., of the State. Sec. 6213, Mansf. Dig. Their authority over the sixteenth section was recognized in \u2021\u2021 Ark., 210.\nThe timber inspector has no power under the act to seize .the timber as the property of the State after it had been sold by the directors.\nDan W. Jones, Attorney-General, for appellee.\n1. The act is constitutional.\n2. The school lands belong to the State, in trust for the inhabitants of the township, ig Ark., 318, and it is made the duty of the timber inspector to sue for all trespasses on State lands."
  },
  "file_name": "0172-01",
  "first_page_order": 180,
  "last_page_order": 182
}
