{
  "id": 1309346,
  "name": "Pratt v. State",
  "name_abbreviation": "Pratt v. State",
  "decision_date": "1887-05",
  "docket_number": "",
  "first_page": "179",
  "last_page": "182",
  "citations": [
    {
      "type": "official",
      "cite": "49 Ark. 179"
    }
  ],
  "court": {
    "name_abbreviation": "Ark.",
    "id": 8808,
    "name": "Arkansas Supreme Court"
  },
  "jurisdiction": {
    "id": 34,
    "name_long": "Arkansas",
    "name": "Ark."
  },
  "cites_to": [
    {
      "cite": "60 Cal., 8",
      "category": "reporters:state",
      "reporter": "Cal.",
      "opinion_index": -1
    },
    {
      "cite": "31 Tex., 170",
      "category": "reporters:state",
      "reporter": "Tex.",
      "case_ids": [
        569479
      ],
      "opinion_index": 0,
      "case_paths": [
        "/tex/31/0170-01"
      ]
    },
    {
      "cite": "8 Ind., 524",
      "category": "reporters:state",
      "reporter": "Ind.",
      "case_ids": [
        1465125
      ],
      "opinion_index": 0,
      "case_paths": [
        "/ind/8/0524-01"
      ]
    },
    {
      "cite": "78 Ala., 463",
      "category": "reporters:state",
      "reporter": "Ala.",
      "case_ids": [
        5570182
      ],
      "opinion_index": 0,
      "case_paths": [
        "/ala/78/0463-01"
      ]
    },
    {
      "cite": "43 Mich., 521",
      "category": "reporters:state",
      "reporter": "Mich.",
      "case_ids": [
        1409884
      ],
      "opinion_index": 0,
      "case_paths": [
        "/mich/43/0521-01"
      ]
    },
    {
      "cite": "3 Sm. & M., 553",
      "category": "reporters:state",
      "reporter": "S. & M.",
      "case_ids": [
        8840777
      ],
      "opinion_index": 0,
      "case_paths": [
        "/miss/11/0553-01"
      ]
    },
    {
      "cite": "110 Mass., 407",
      "category": "reporters:state",
      "reporter": "Mass.",
      "case_ids": [
        2109531
      ],
      "opinion_index": 0,
      "case_paths": [
        "/mass/110/0407-01"
      ]
    },
    {
      "cite": "10 Iowa, 126",
      "category": "reporters:state",
      "reporter": "Iowa",
      "case_ids": [
        8664152
      ],
      "opinion_index": 0,
      "case_paths": [
        "/iowa/10/0126-01"
      ]
    }
  ],
  "analysis": {
    "cardinality": 455,
    "char_count": 6373,
    "ocr_confidence": 0.696,
    "pagerank": {
      "raw": 3.228628563600037e-07,
      "percentile": 0.8675606183989878
    },
    "sha256": "3032343f19286dca335cd8b91771dcb239471830cb96bf557cb191aca1b5a0ff",
    "simhash": "1:2a849f65365b67c6",
    "word_count": 1156
  },
  "last_updated": "2024-02-27T22:10:25.288799+00:00",
  "provenance": {
    "date_added": "2019-08-29",
    "source": "Harvard",
    "batch": "2018"
  },
  "casebody": {
    "judges": [],
    "parties": [
      "Pratt v. State."
    ],
    "opinions": [
      {
        "text": "Smith, J.\nThe defendant was indicted for an assault upon the person of one Oxford, with intent to kill him, and was convicted of a simple assault. The evidence tended to prove that there was some ill-feeling between the parties; that they met at a country store, the defendant standing on a platform raised thirty inches above the ground and Oxford being on the ground at the distance of four or five feet from the edge of the platform; that the defendant cursed and abused Oxford, brandishing a barlow knife and threatening to cut out his heart; that Oxford was not at all alarmed, but invited the defendant to come down from the platform and fight it out; that this the defendant declined to do, but advancing to the end of the platform struck at Oxford, who did not move out of his tracks, although he inclined his body.\nWe have some doubt whether the defendant had either the intention or the ability to do Oxford any bodily hurt. Nevertheless, we should not think of interfering with the judgment, if the jury had been properly charged.\nThe defendant preferred the following requests :\n\u201cI. Before the defendant could be found guilty of even a simple assault, you must be satisfied from the evidence beyond a reasonable doubt that the defendant attempted to thrust or cut the said Oxford with a knife and that he possessed a present ability with the knife as used to inflict said injury.\n\u201c2. Although you may believe from the evidence that the defendant cut or thrust at Oxford with a knife with the intent to kill him, you must find him not guilty of any offense unless you find beyond a reasonable doubt that he possessed the ability to inflict on the said Oxford an injury with the knife as used.\n\u201c3. An assault is an unlawful attempt coupled with present ability to commit a violent injury on the person of another.\u201d\nThe court refused these prayers, modifying the first two by-charging that the jury must be satisfied that the defendant possessed the real or apparent ability to inflict injury and explaining the last, which is our statutory definition of a criminal assault, to include the idea of an apparent as well as a real ability. Whether the power to do the bodily hurt that was attempted was a necessary element in the crime of assault at common law is a question upon which text-writers and judges are much divided. In 2 Comyn\u2019s Dig., Battery (C), it is said to be no assault if a man strike at another at such a distance that he cannot touch him, or put him in fear. This implies that the apparent attempt to strike under such circumstances amounts only to a menace. In 2 Bishop\u2019s Cr. Law, 6th ed., sec. 23, an assault is defined to be any unlawful physical force, partly or fully put in motion, creating reasonable apprehension of immediate physical injury to a human being. And Dr. Wharton\u2019s definition is in terms similar. Cr. Law, 9th ed., sec. 603. This view leaves out of the question the ability or inability of the assailant to commit the battery, making the offense to depend on the outward demonstration. According to this view, if A. menacingly point at B. an unloaded gun, which, however, B. believes to be loaded and is thereby put in fear of immediate bodily injury, A. is guilty of an indictable assault. Regina v. St. George, 9 C. & P., 483 (38 E. C. L. R., 285; a dictum of Mr. Baron Parke on a trial at nisi prius); State v. Smith, 2 Humphries, 459; State v. Sims, 3 Strobhart, 137; State v. Shepherd, 10 Iowa, 126; State v. Davis, 1 Iredell Law, 125; S. C., 35, Am. Dec., 735; Commonwealth v. White, 110 Mass., 407; S. C., 2 Green Cr. Law Rep., 269, and note where cases on this subject are reviewed.\nOther courts have combatted this view as incorrect, holding that the prisoner must have intended and have had the power to carry his menace into effect. Vaughan v. State, 3 Sm. & M., 553; People v. Lilley, 43 Mich., 521; S. C., 5 Cr. Defences, 783; Chapman v. State, 78 Ala., 463; S. C., 56 Amer. Rep., 42.\nWe are not called upon to decide between these conflicting views, for the language of our statute has settled the question. The intention and the ability to commit the battery must both be shown, before an assault of any kind can be made out. Indiana and Texas at one time had the same statute; and it was upiformlv held, we believe, that the intent and the present ability to execute must be conjoined. State v. Swails, 8 Ind., 524; S. C., 65 Amer. Dec., 772, and note, where the later Indiana cases are collated; Robinson v. State, 31 Tex., 170; McKay v. State, 44 id., 43; Jarnigan v. State, 6 Texas Court of Appeals, 465.\nIt follows that the qualification of the defendant\u2019s prayers to the effect that apparent power to do bodily harm was sufficient was liable to mislead the jury. And for this error the judgment is reversed.",
        "type": "majority",
        "author": "Smith, J."
      }
    ],
    "attorneys": [
      "O. W. Watkins for appellant. \u25a0",
      "Dan W. Jones, Attorney General, for appellee."
    ],
    "corrections": "",
    "head_matter": "Pratt v. State.\n1. Assault: Elements of.\nUnder sec. 1562 of Mansf. Dig., both the intention and the ability to commit a battery are necessary to constitute an assault.\n2. Same : Instructions as to.\nUpon the trial of an indictment for an assault the defendant is entitled to have the statutory definition of a criminal assault given in charge to the jury; and it is error to so modify his prayer to that effect as to convey to the jury the idea that jt is sufficient to prove an apparent without showing a real ability to commit the bodily injury that was attempted.\nAPPEAL from Boone Circuit Court.\nJ. M. Pittman, Judge.\nO. W. Watkins for appellant. \u25a0\nOur statute defines an assault to be an unlawful attempt coupled with a present ability to commit a violent injury, etc. Mansf. Dig., sec. 1562.\nPresent ability is necessary at common law to constitute the crime. Roscoe Cr. Ev., 2g6; Russell on Cr., loig; 2 East P. C., J12; Mich., 521; g Ala., ?g; \u20213 id., 33\u2021; j8 id, \u202163; 56 Am. Rep., \u20212.\nOur statute is clear, and was evidently enacted in view of the conflicting views as to what constituted an assault. Bish. St. Cr., 3i3, et seq.\nSee, also, 2 Dillon, 2ig; 6 Tex. Ct._ App., \u202163; \u2021\u2021 Tex., \u20213; 3i Tex., iyo.\nDan W. Jones, Attorney General, for appellee.\nThe question in this case is not whether, under our statute, present ability is a necessary element' in the crime of an assault, but what constitutes the \u201cpresent ability.\u201d\nAs to definitions of assault, see Wharton Cr. Law, par. 606, 8p N. C., 508; 81 id., pip; Bishop Cr. Law, vol. 2, par. p2; 60 Cal., 8; ig Ark., igp; p Iredell, 186."
  },
  "file_name": "0179-01",
  "first_page_order": 187,
  "last_page_order": 190
}
