{
  "id": 1545332,
  "name": "Bradley Lumber Company v. Miller",
  "name_abbreviation": "Bradley Lumber Co. v. Miller",
  "decision_date": "1910-02-28",
  "docket_number": "",
  "first_page": "118",
  "last_page": "119",
  "citations": [
    {
      "type": "official",
      "cite": "94 Ark. 118"
    }
  ],
  "court": {
    "name_abbreviation": "Ark.",
    "id": 8808,
    "name": "Arkansas Supreme Court"
  },
  "jurisdiction": {
    "id": 34,
    "name_long": "Arkansas",
    "name": "Ark."
  },
  "cites_to": [
    {
      "cite": "82 Ark. 51",
      "category": "reporters:state",
      "reporter": "Ark.",
      "case_ids": [
        1529051
      ],
      "opinion_index": 0,
      "case_paths": [
        "/ark/82/0051-01"
      ]
    },
    {
      "cite": "76 Ark. 426",
      "category": "reporters:state",
      "reporter": "Ark.",
      "case_ids": [
        1500988
      ],
      "opinion_index": 0,
      "case_paths": [
        "/ark/76/0426-01"
      ]
    }
  ],
  "analysis": {
    "cardinality": 214,
    "char_count": 2537,
    "ocr_confidence": 0.68,
    "pagerank": {
      "raw": 9.720778233978542e-08,
      "percentile": 0.5302884453881288
    },
    "sha256": "0488086db710964890878ebf39f7f305fea940437e27bd6359f802372a0b406d",
    "simhash": "1:c97b88458aeb29d8",
    "word_count": 430
  },
  "last_updated": "2024-02-27T21:56:12.833791+00:00",
  "provenance": {
    "date_added": "2019-08-29",
    "source": "Harvard",
    "batch": "2018"
  },
  "casebody": {
    "judges": [],
    "parties": [
      "Bradley Lumber Company v. Miller."
    ],
    "opinions": [
      {
        "text": "McCuleoci-i, C. J.\nThere is involved in this case the title to a tract of land in Bradley County, described as the southwest quarter of section 36, township 12 south, range 9. west, containing 160 acres. Appellant\u2019s claim is based on color of title and payment of taxes for seven years in succession, the turning point in the case being whether or not the continuity of appellant\u2019s possession was broken before payment had been made seven times in succession by failing to pay the taxes assessed for the year 1900. The case was heard on an agreed statement of facts recited in the decree and copies of tax receipts introduced in evidence by agreement of the parties. The chancellor found against appellant\u2019s claim of title, and we discover no evidence in the record establishing the fact that appellant paid the taxes for the year 1900. \u25a0 Neither the agreed statement of facts nor the copies of tax receipts show such payment. Appellant contends that there is a clerical error in the tax receipt for that year in-failing to properly describe the tract; but this is not proved, and there is no entry on the tax receipt which can be construed as describing the tract in controversy. The entry referred to by counsel, which is in the following letters and figures, \u201cSW qr. 12, 9, 9,\u201d plainly refers to another tract, if it be held to be a sufficient description of any tract at all.\nThe burden was on appellant to bring itself within the terms of the act of 1899 providing that uninclosed and unimproved-lands shall be deemed to be in possession of the person who pays taxes thereon under color of title. Price v. Greer, 76 Ark. 426; Gaither v. Gage, 82 Ark. 51.\nOn the record presented, the decree of the chancellor was correct, and the same is therefore affirmed.",
        "type": "majority",
        "author": "McCuleoci-i, C. J."
      }
    ],
    "attorneys": [
      "D. A. Bradham, Austin '& Danaher, and John B. Jones, for appellant.",
      "Williamson & Williamson, for appellees."
    ],
    "corrections": "",
    "head_matter": "Bradley Lumber Company v. Miller.\nOpinion delivered February 28, 1910.\nAdverse possession \u2014 burden or prooe. \u2014 Where plaintiff relies on the seven-years statute of limitation of March 18, 1899, providing that uninclosed and unimproved lands shall be deemed to be in possession of the person who pays taxes thereon under color of title, it must sustain the burden of bringing itself within the terms of such act.\nAppeal from Bradley Chancery Court; Zachariah T. Wood, Chancellor;\naffirmed.\nAppellant sued Miller & Daniels to recover timber cut from a certain tract of land. The cause was transferred to equity. The decree quieted title in Miller.\nPlaintiff appealed.\nD. A. Bradham, Austin '& Danaher, and John B. Jones, for appellant.\nWilliamson & Williamson, for appellees."
  },
  "file_name": "0118-01",
  "first_page_order": 140,
  "last_page_order": 141
}
