{
  "id": 1545420,
  "name": "Maxey v. Coffin",
  "name_abbreviation": "Maxey v. Coffin",
  "decision_date": "1910-03-14",
  "docket_number": "",
  "first_page": "214",
  "last_page": "215",
  "citations": [
    {
      "type": "official",
      "cite": "94 Ark. 214"
    }
  ],
  "court": {
    "name_abbreviation": "Ark.",
    "id": 8808,
    "name": "Arkansas Supreme Court"
  },
  "jurisdiction": {
    "id": 34,
    "name_long": "Arkansas",
    "name": "Ark."
  },
  "cites_to": [
    {
      "cite": "26 Ark. 237",
      "category": "reporters:state",
      "reporter": "Ark.",
      "case_ids": [
        8726712
      ],
      "opinion_index": -1,
      "case_paths": [
        "/ark/26/0237-01"
      ]
    },
    {
      "cite": "33 Ark. 568",
      "category": "reporters:state",
      "reporter": "Ark.",
      "case_ids": [
        8725234
      ],
      "opinion_index": -1,
      "case_paths": [
        "/ark/33/0568-01"
      ]
    },
    {
      "cite": "35 Ark. 565",
      "category": "reporters:state",
      "reporter": "Ark.",
      "case_ids": [
        1873860
      ],
      "opinion_index": -1,
      "case_paths": [
        "/ark/35/0565-01"
      ]
    },
    {
      "cite": "45 Ark. 121",
      "category": "reporters:state",
      "reporter": "Ark.",
      "case_ids": [
        1892051
      ],
      "opinion_index": -1,
      "case_paths": [
        "/ark/45/0121-01"
      ]
    },
    {
      "cite": "43 Ark. 62",
      "category": "reporters:state",
      "reporter": "Ark.",
      "case_ids": [
        1894551
      ],
      "opinion_index": -1,
      "case_paths": [
        "/ark/43/0062-01"
      ]
    },
    {
      "cite": "28 Ark. 294",
      "category": "reporters:state",
      "reporter": "Ark.",
      "case_ids": [
        1884382
      ],
      "opinion_index": 0,
      "case_paths": [
        "/ark/28/0294-01"
      ]
    },
    {
      "cite": "77 Ark. 101",
      "category": "reporters:state",
      "reporter": "Ark.",
      "case_ids": [
        1499084
      ],
      "opinion_index": 0,
      "case_paths": [
        "/ark/77/0101-01"
      ]
    },
    {
      "cite": "80 Ark. 61",
      "category": "reporters:state",
      "reporter": "Ark.",
      "case_ids": [
        1491143
      ],
      "opinion_index": 0,
      "case_paths": [
        "/ark/80/0061-01"
      ]
    },
    {
      "cite": "82 Ark. 483",
      "category": "reporters:state",
      "reporter": "Ark.",
      "case_ids": [
        1529084
      ],
      "opinion_index": 0,
      "case_paths": [
        "/ark/82/0483-01"
      ]
    },
    {
      "cite": "85 Ark. 499",
      "category": "reporters:state",
      "reporter": "Ark.",
      "case_ids": [
        1523276
      ],
      "opinion_index": 0,
      "case_paths": [
        "/ark/85/0499-01"
      ]
    }
  ],
  "analysis": {
    "cardinality": 261,
    "char_count": 3435,
    "ocr_confidence": 0.664,
    "pagerank": {
      "raw": 1.1359666939738713e-07,
      "percentile": 0.5773014179591165
    },
    "sha256": "1d2549deb0ce413bdbfc83fbb7d16f396d8c2911ef40ef1cd0b820d4cca2b4f2",
    "simhash": "1:4367d7f257308ea2",
    "word_count": 622
  },
  "last_updated": "2024-02-27T21:56:12.833791+00:00",
  "provenance": {
    "date_added": "2019-08-29",
    "source": "Harvard",
    "batch": "2018"
  },
  "casebody": {
    "judges": [],
    "parties": [
      "Maxey v. Coffin."
    ],
    "opinions": [
      {
        "text": "Hart, J.\nThis is a petition for mandamus directed against the Hon. Charles Coffin, Judge of the Third Judicial Circuit.\nThe facts relied upon to obtain it are as follows: R. E. L. Maxey was convicted' in the Stone Circuit Court for the crime of obtaining money under false pretenses. He appealed to this court, where the judgment was reversed on the ground that the evidence was not sufficient to support the verdict, and the case was remanded for a new trial. See Maxey v. State, 85 Ark. 499.\nAfter the mandate from this court was filed in the circuit court Maxey moved the court to dismiss the case because more than one year had elapsed since the reversal of the case and the filing of the mandate in the circuit court. In the same motion he asked the court to retax the costs, claiming that he had expended $12.30 for printing briefs for the Supreme Court, and $50 for a transcript of the stenographer\u2019s notes to be used in his bill of exceptions on appeal. His motion was overruled by the court, and upon motion of the State the indictment was quashed, and the case resubmitted to the grand jury. Maxey has filed a petition in this court, setting out substantially the above facts, and asking the court to compel the circuit judge, through a writ of mandamus, to retax the costs as asked by him, or to certify down to the county judge of Stone County the sum of $62.50, the amount claimed by him, as costs against the county in said case. The writ .will be denied. Jt is well settled that mandamus will lie against judicial officers to compel them to act, but not to control their decisions. McBride v. Hon, 82 Ark. 483; Branch v. Winfield, 80 Ark. 61; Collins v. Hawkins, 77 Ark. 101; Coit v. Elliott, 28 Ark. 294.\nHere the court did not refuse to act, but on the contrary did act by overruling Maxey\u2019s motion to retax the costs. In ruling on this motion the court did not act in a ministerial capacity, but exercised judicial functions. In determining the motion the circuit judge was called upon to decide two questions of law. First, whether rule 23 of this court, providing that the cost of printing the abstract and brief required by rule 9 shall be taxed against the losing party, applies to felony cases. Second, whether Maxey was entitled, under the act of March 16, 1897, to recover the amount paid by him to the court stenographer for transcribing his notes. The ruling of the court upon these questions was a judicial act; and if Maxey felt aggrieved by the judgment of the court, his remedy was by appeal.\nMandamus denied.",
        "type": "majority",
        "author": "Hart, J."
      }
    ],
    "attorneys": [
      "Petition for mandamus; Charles Coffin, Judge; writ denied.",
      "Petitioner, pro se."
    ],
    "corrections": "",
    "head_matter": "Maxey v. Coffin.\nOpinion delivered March 14, 1910.\n1. Mandamus \u2014 judicial discretion. \u2014 While mandamus will lie against judicial officers to compel them to act, it will not lie to control their decisions. (Page 214.)\n2. Same \u2014 aeeowancE op costs. \u2014 Where the circuit judge denied a motion to retax the costs in a case, the remedy of the aggrieved party is by appeal, and not by mandamus to compel the judge to allow the costs. (Page 215.)\nPetition for mandamus; Charles Coffin, Judge; writ denied.\nPetitioner, pro se.\nThere was no occasion for the exercise of discretion or official judgment, and mandamus is the proper remedy. 43 Ark. 62. The writ will issue whenever the refusal of an officer 10\" act in a matter in which it is his plain duty to act may deprive one of his legal rights. 45 Ark. 121; Kirby\u2019s Dig., \u00a7 \u00a7 5156 to 5161, inclusive ; 35 Ark. 565; Id. 298; 33 Ark. 568; 26 Ark. 237."
  },
  "file_name": "0214-01",
  "first_page_order": 236,
  "last_page_order": 237
}
