{
  "id": 1545380,
  "name": "State v. Lester",
  "name_abbreviation": "State v. Lester",
  "decision_date": "1910-03-21",
  "docket_number": "",
  "first_page": "242",
  "last_page": "246",
  "citations": [
    {
      "type": "official",
      "cite": "94 Ark. 242"
    }
  ],
  "court": {
    "name_abbreviation": "Ark.",
    "id": 8808,
    "name": "Arkansas Supreme Court"
  },
  "jurisdiction": {
    "id": 34,
    "name_long": "Arkansas",
    "name": "Ark."
  },
  "cites_to": [
    {
      "cite": "133 Ind. 297",
      "category": "reporters:state",
      "reporter": "Ind.",
      "case_ids": [
        1403298
      ],
      "opinion_index": -1,
      "case_paths": [
        "/ind/133/0297-01"
      ]
    },
    {
      "cite": "105 la. 169",
      "category": "reporters:state",
      "reporter": "Iowa",
      "case_ids": [
        8646332
      ],
      "opinion_index": -1,
      "case_paths": [
        "/iowa/105/0169-01"
      ]
    },
    {
      "cite": "116 Mass. 89",
      "category": "reporters:state",
      "reporter": "Mass.",
      "opinion_index": -1
    },
    {
      "cite": "34 La. Ann. 1219",
      "category": "reporters:state",
      "reporter": "La. Ann.",
      "opinion_index": -1
    },
    {
      "cite": "17 Tex. App. 213",
      "category": "reporters:state",
      "reporter": "White & W.",
      "opinion_index": -1
    },
    {
      "cite": "88 Ark. 203",
      "category": "reporters:state",
      "reporter": "Ark.",
      "opinion_index": -1
    },
    {
      "cite": "115 Mass. 481",
      "category": "reporters:state",
      "reporter": "Mass.",
      "case_ids": [
        718036
      ],
      "opinion_index": -1,
      "case_paths": [
        "/mass/115/0481-01"
      ]
    },
    {
      "cite": "34 N. Y. 351",
      "category": "reporters:state",
      "reporter": "N.Y.",
      "case_ids": [
        16525
      ],
      "opinion_index": -1,
      "case_paths": [
        "/ny/34/0351-01"
      ]
    },
    {
      "cite": "67 Ark. 308",
      "category": "reporters:state",
      "reporter": "Ark.",
      "case_ids": [
        1152515
      ],
      "opinion_index": 0,
      "case_paths": [
        "/ark/67/0308-01"
      ]
    },
    {
      "cite": "38 Ark. 519",
      "category": "reporters:state",
      "reporter": "Ark.",
      "case_ids": [
        1900464
      ],
      "opinion_index": 0,
      "case_paths": [
        "/ark/38/0519-01"
      ]
    },
    {
      "cite": "43 Ark. 93",
      "category": "reporters:state",
      "reporter": "Ark.",
      "case_ids": [
        1894447
      ],
      "opinion_index": 0,
      "case_paths": [
        "/ark/43/0093-01"
      ]
    },
    {
      "cite": "29 Ark. 68",
      "category": "reporters:state",
      "reporter": "Ark.",
      "case_ids": [
        1882923
      ],
      "opinion_index": 0,
      "case_paths": [
        "/ark/29/0068-01"
      ]
    }
  ],
  "analysis": {
    "cardinality": 425,
    "char_count": 7311,
    "ocr_confidence": 0.7,
    "pagerank": {
      "raw": 1.215541288304772e-07,
      "percentile": 0.5970342286364958
    },
    "sha256": "d1335761e1fbfb63c308a676cfb07a0d5b9d0b096cd2d2232efaa392366c2912",
    "simhash": "1:777714639035a408",
    "word_count": 1143
  },
  "last_updated": "2024-02-27T21:56:12.833791+00:00",
  "provenance": {
    "date_added": "2019-08-29",
    "source": "Harvard",
    "batch": "2018"
  },
  "casebody": {
    "judges": [],
    "parties": [
      "State v. Lester."
    ],
    "opinions": [
      {
        "text": "Wood, J.,\n(after stating the facts). Section 1689 of Kirby\u2019s Digest is as follows: \u201cEvery person who, with intent to defraud or cheat another, shall designedly, by color of any false token or writing, or by any other false pretense, * * * obtain from any person any money, * * * upon conviction thereof shall be deemed guilty of larceny and punished accordingly.\u201d\nNo allegation is contained in the indictment showing that appellee or the Lester Vehicle & Implement Company was in any manner connected with the \u201cArkansas corporation,\u201d for whose shares of stock O\u2019Melia subscribed and paid $1,500. There is no allegation that the Lester Vehicle & Implement Company was the Arkansas Company whose stock it is alleged O\u2019Melia subscribed for and obtained by the payment of $1,500 to appellee. It is not alleged that appellee owned any shares of stock in the \u201cArkansas corporation,\u201d that he was an officer or agent of the corporation, or in any manner authorized to represent it in the sale of its stock. Without some such connection being alleged, the indictment does not charge the offense of obtaining money under false pretense. A general allegation is not sufficient. The facts constituting in law the offense must be alleged. If not alleged, they cannot be proved. In the absence of an allegation showing the connection between the Lester Vehicle & Implement Company, appellee, and the \u201cArkansas corporation,\u201d it is impossible to see how any false representation of appellee with reference to the financial standing of the Lester Vehicle & Implement Company was calculated to and did induce O\u2019Melia to purchase stock in some Arkansas corporation unnamed in the indictment. Nothing can be taken by intendment to supply the acts and facts necessary to constitute the crime with which it is sought to charge the accused. Barton v. State, 29 Ark. 68; State v. Ellis, 43 Ark. 93; State v. Graham, 38 Ark. 519. See also Gage v. State, 67 Ark. 308.\nThe ruling of the court sustaining the demurrer was correct.\nAffirm.",
        "type": "majority",
        "author": "Wood, J.,"
      }
    ],
    "attorneys": [
      "Hal L. Norwood, Attorney General, and William H. Rector, Assistant, for appellant.",
      "Read & McDonough, and Hill, Brizzolara & Fitzhugh, for appellee."
    ],
    "corrections": "",
    "head_matter": "State v. Lester.\nOpinion delivered March 21, 1910.\n1. Faese pretenses \u2014 sufficiency of indictment. \u2014 An indictment for obtaining money under false pretenses which alleges that defendant, who was doing business as the Lester Vehicle & Implement Company, falsely pretended to the prosecuting witness that he was worth $68,000, and thereby induced such witness to purchase certain shares of stock \u201cin an Arkansas corporation,\u201d without showing any connection between defendant or the Lester Vehicle & Implement Company and the unnamed Arkansas corporation, fails to state an offense. (Page 245.)\n2. Indictment \u2014 sufficiency.\u2014Nothing can be taken by intendment in an indictment to supply the acts and facts necessary to constitute the crime sought to be charged, (.tage 246.)\nAppeal from Sebastian Circuit Court, Fort Smith District: Daniel Hon, Judge;\naffirmed.\nSTATEMENT BY THE COURT.\nThe appellee was indicted as follows: \u201cThe grand jury of Sebastian County, for the Fort Smith District thereof, in the name and by the authority of the State of Arkansas, accuse the defendant, R. A. Lester, of the crime of false pretense, a felony, committed as follows, towit: the said defendant, in the county and district aforesaid, on the 10th day of January, 1907, designedly and with the fraudulent and felonious intent to cheat and defraud one J. F. O\u2019Melia, falsely, fraudulently, designedly and feloniously pretend and represent unto the said J. F. O\u2019Melia that the said R. A. Lester, who was then doing business as the Lester Vehicle & Implement Company, was solvent and had a net worth of $68,000, which said representation and statement was in writing and signed by said R. A. Lester, and is in words and figures following, towit:\n\u201c \u2018Resources and liabilities of the Lester Vehicle & Implement Company at the close of business December X, 1906:\n\u201c \u2018Resources.\nReal Estate ...................................$ 20,000.00\nMdse.......................................... 7L433-39\nBills Rec...................................... 37)489-59\nAccts. Rec.................... 11,391.59\nProp. A-cct. (consisting of cattle, horses, mules,\nwagons, harness and office fixtures)........... 19,404.80\nCash .......................................... 577-41\n\u201c \u2018Total ...................................$160,896.78\n\u201c \u2018Liabilities.\nAccts. pay. $ 25,908.17\nBills pay. . 65,421.14\nNet worth 68,967.47\n\u201c \u2018Total $160,896.78\n\u201c \u2018Bills payable as shown above, payable about as follow's:\nBills pay. to bank...............................$ 9,500.00\nMdse, notes from Jan. 1, 1907 to Sept. 1, 1907...... 20,000.00\nFrom Sept. 1, 1907, to Jan. 1, 1908.............. 15,000.00\nFrom Jan. 1, 1908, to March 1, 1908............... 8,500.00\nFrom March x, 1908, to Jan. 1, 1909.............. 6,421.14\nBorrowed from B. & L. Ass\u2019n. on real estate...... 6,000.00\n\u201c \u2018Total ...................................$ 65,421.14\n\u201c\u2018Total amount mdse, sold during year 1906.......$250,271.38\n\u201c \u2018The bills rec. mentioned above are title installment interest bearing notes taken for balance on farm machinery, buggies, wagons and live stock. All merchandise notes given without interest.\n\u201c \u2018The above invoice taken and statement made by the undersigned, and is correct to the best of our knowledge and ability.\n(Signed) \u201c\u2018R. A. Lester.\n\u201c \u2018T. B. Maris.\n\u201c \u2018C. S. Lugenbed.\u201d\n\u201cThereby inducing the said J. F. O\u2019Melia, he, the said J. F. O\u2019Melia, relying on said statement and representations as true, to subscribe for and pay the sum of $1,500.00 for certain shares of stock in an Arkansas corporation, by means of which false and fraudulent representations so designedly made by the said R. A. Lester, he, the said R. A. Lester, did then and there designedly, fraudulently and feloniously obtain from him, the said J. F. O\u2019Melia, gold, silver and paper money of the value of $1,500, the money and property of said J. F. O\u2019Melia, then and there being, when in truth and in fact the said R. A. Lester, doing business as the Lester Vehicle & Implement Company, was not solvent, and did not have a net worth of $68,000, and that above written statement was not true and correct, and which said statement and representations were false, and the defendant well knew them to be false when he made them, against the peace and dignity of the State of Arkansas.\u201d\nAppellee demurred to the indictment upon the grounds that the facts set forth therein did not constitute a public offense. The said demurrer was sustained by the court over the objections of the appellant, who prayed an appeal. The appeal was granted, and the cause is now before this court to review the action of the lower court in passing upon the demurrer to the indictment.\nHal L. Norwood, Attorney General, and William H. Rector, Assistant, for appellant.\nAll of the material elements -comprising the offense were alleged in the indictment. \u2019 It is not necessary in an indictment for false pretense to allege all of the facts and circumstances of the transaction. 1 Cox, Crim. Rep. 244; 34 N. Y. 351; 115 Mass. 481; 88 Ark. 203; 17 Tex. App. 213; 25 O. St. 2x7; 34 La. Ann. 1219; 116 Mass. 89; 105 la. 169; 133 Ind. 297.\nRead & McDonough, and Hill, Brizzolara & Fitzhugh, for appellee.\nThe indictment is deficient in that it does not set out the three constituent elements of the crime. Kirby\u2019s Dig., \u00a7 1689."
  },
  "file_name": "0242-01",
  "first_page_order": 264,
  "last_page_order": 268
}
