{
  "id": 1545353,
  "name": "Koons v. Markle",
  "name_abbreviation": "Koons v. Markle",
  "decision_date": "1910-04-25",
  "docket_number": "",
  "first_page": "572",
  "last_page": "575",
  "citations": [
    {
      "type": "official",
      "cite": "94 Ark. 572"
    }
  ],
  "court": {
    "name_abbreviation": "Ark.",
    "id": 8808,
    "name": "Arkansas Supreme Court"
  },
  "jurisdiction": {
    "id": 34,
    "name_long": "Arkansas",
    "name": "Ark."
  },
  "cites_to": [
    {
      "cite": "31 Ark. 534",
      "category": "reporters:state",
      "reporter": "Ark.",
      "opinion_index": -1
    },
    {
      "cite": "32 Ark. 450",
      "category": "reporters:state",
      "reporter": "Ark.",
      "opinion_index": -1
    },
    {
      "cite": "27 Ark. 369",
      "category": "reporters:state",
      "reporter": "Ark.",
      "case_ids": [
        1885677
      ],
      "opinion_index": -1,
      "case_paths": [
        "/ark/27/0369-01"
      ]
    },
    {
      "cite": "39 N. E. 443",
      "category": "reporters:state_regional",
      "reporter": "N.E.",
      "opinion_index": -1
    },
    {
      "cite": "140 Ind. 158",
      "category": "reporters:state",
      "reporter": "Ind.",
      "case_ids": [
        1631540
      ],
      "opinion_index": -1,
      "case_paths": [
        "/ind/140/0158-01"
      ]
    },
    {
      "cite": "49 N. E. 455",
      "category": "reporters:state_regional",
      "reporter": "N.E.",
      "opinion_index": -1
    },
    {
      "cite": "149 Ind. 554",
      "category": "reporters:state",
      "reporter": "Ind.",
      "case_ids": [
        1567572
      ],
      "opinion_index": -1,
      "case_paths": [
        "/ind/149/0554-01"
      ]
    },
    {
      "cite": "48 N. E. 642",
      "category": "reporters:state_regional",
      "reporter": "N.E.",
      "opinion_index": -1
    },
    {
      "cite": "149 Ind. 363",
      "category": "reporters:state",
      "reporter": "Ind.",
      "case_ids": [
        1567601
      ],
      "opinion_index": -1,
      "case_paths": [
        "/ind/149/0363-01"
      ]
    },
    {
      "cite": "52 N. E. 991",
      "category": "reporters:state_regional",
      "reporter": "N.E.",
      "opinion_index": -1
    },
    {
      "cite": "152 Ind. 197",
      "category": "reporters:state",
      "reporter": "Ind.",
      "case_ids": [
        1549654
      ],
      "opinion_index": -1,
      "case_paths": [
        "/ind/152/0197-01"
      ]
    },
    {
      "cite": "35 Ark. 470",
      "category": "reporters:state",
      "reporter": "Ark.",
      "case_ids": [
        1873848
      ],
      "opinion_index": -1,
      "case_paths": [
        "/ark/35/0470-01"
      ]
    },
    {
      "cite": "53 Ark. 479",
      "category": "reporters:state",
      "reporter": "Ark.",
      "opinion_index": -1
    },
    {
      "cite": "33 Ark. 593",
      "category": "reporters:state",
      "reporter": "Ark.",
      "case_ids": [
        8725360
      ],
      "weight": 2,
      "opinion_index": -1,
      "case_paths": [
        "/ark/33/0593-01"
      ]
    },
    {
      "cite": "34 Ark. 534",
      "category": "reporters:state",
      "reporter": "Ark.",
      "case_ids": [
        1875674
      ],
      "opinion_index": -1,
      "case_paths": [
        "/ark/34/0534-01"
      ]
    },
    {
      "cite": "37 Ark. 542",
      "category": "reporters:state",
      "reporter": "Ark.",
      "case_ids": [
        1870972
      ],
      "weight": 2,
      "opinion_index": -1,
      "case_paths": [
        "/ark/37/0542-01"
      ]
    },
    {
      "cite": "32 Ark. 131",
      "category": "reporters:state",
      "reporter": "Ark.",
      "case_ids": [
        1877189
      ],
      "opinion_index": -1,
      "case_paths": [
        "/ark/32/0131-01"
      ]
    },
    {
      "cite": "38 Ark. 128",
      "category": "reporters:state",
      "reporter": "Ark.",
      "opinion_index": -1
    },
    {
      "cite": "56 Ark. 37",
      "category": "reporters:state",
      "reporter": "Ark.",
      "case_ids": [
        1326181
      ],
      "opinion_index": -1,
      "case_paths": [
        "/ark/56/0037-01"
      ]
    },
    {
      "cite": "22 Ark. 10",
      "category": "reporters:state",
      "reporter": "Ark.",
      "case_ids": [
        8725455
      ],
      "opinion_index": -1,
      "case_paths": [
        "/ark/22/0010-01"
      ]
    },
    {
      "cite": "82 Ark. 455",
      "category": "reporters:state",
      "reporter": "Ark.",
      "case_ids": [
        1529024
      ],
      "opinion_index": -1,
      "case_paths": [
        "/ark/82/0455-01"
      ]
    },
    {
      "cite": "41 Ark. 42",
      "category": "reporters:state",
      "reporter": "Ark.",
      "case_ids": [
        1896153
      ],
      "opinion_index": -1,
      "case_paths": [
        "/ark/41/0042-01"
      ]
    },
    {
      "cite": "44 Ark. 56",
      "category": "reporters:state",
      "reporter": "Ark.",
      "case_ids": [
        1893438
      ],
      "opinion_index": -1,
      "case_paths": [
        "/ark/44/0056-01"
      ]
    },
    {
      "cite": "107 S. W. 179",
      "category": "reporters:state_regional",
      "reporter": "S.W.",
      "weight": 2,
      "opinion_index": -1
    },
    {
      "cite": "56 Am. Rep. 371",
      "category": "reporters:state_regional",
      "reporter": "Am. Rep.",
      "opinion_index": -1
    },
    {
      "cite": "76 Ark. 261",
      "category": "reporters:state",
      "reporter": "Ark.",
      "case_ids": [
        1501015
      ],
      "opinion_index": -1,
      "case_paths": [
        "/ark/76/0261-01"
      ]
    },
    {
      "cite": "29 Ark. 444",
      "category": "reporters:state",
      "reporter": "Ark.",
      "case_ids": [
        1882934
      ],
      "opinion_index": 0,
      "case_paths": [
        "/ark/29/0444-01"
      ]
    },
    {
      "cite": "33 Ark. 722",
      "category": "reporters:state",
      "reporter": "Ark.",
      "case_ids": [
        8726017
      ],
      "opinion_index": 0,
      "case_paths": [
        "/ark/33/0722-01"
      ]
    },
    {
      "cite": "68 Ark. 263",
      "category": "reporters:state",
      "reporter": "Ark.",
      "case_ids": [
        1334054
      ],
      "weight": 2,
      "opinion_index": 0,
      "case_paths": [
        "/ark/68/0263-01"
      ]
    },
    {
      "cite": "44 Ark. 56",
      "category": "reporters:state",
      "reporter": "Ark.",
      "case_ids": [
        1893438
      ],
      "opinion_index": 0,
      "case_paths": [
        "/ark/44/0056-01"
      ]
    }
  ],
  "analysis": {
    "cardinality": 332,
    "char_count": 5547,
    "ocr_confidence": 0.632,
    "pagerank": {
      "raw": 1.4617634281585482e-07,
      "percentile": 0.657477520890214
    },
    "sha256": "7cd1efd2645221e767dfddc8fff8fabc0af00d64696edaa51392ab0f6becd71d",
    "simhash": "1:4489bcf5089c4f97",
    "word_count": 970
  },
  "last_updated": "2024-02-27T21:56:12.833791+00:00",
  "provenance": {
    "date_added": "2019-08-29",
    "source": "Harvard",
    "batch": "2018"
  },
  "casebody": {
    "judges": [],
    "parties": [
      "Koons v. Markle."
    ],
    "opinions": [
      {
        "text": "Hart, J.,\n(after stating the facts). \u201cThe only question for the consideration of the Supreme Court, upon a defendant\u2019s appeal from a default decree duly rendered against him, is, whether the allegations of the complaint are sufficient to authorize the relief granted by the decree.\u201d Benton v. Holliday, 44 Ark. 56; American Freehold Land & Mortgage Co. v. McManus, 68 Ark. 263.\nThe complaint alleges that appellant contracted and agreed to sell and convey \u201cto appellee certain lands for a consideration of $700, which contract and agreement is evidenced and ratified by certain correspondence between the parties hereto, copies of which are attached as exhibits and asked to be made parts hereof.\u201d Thus it will be seen that the complaint alleges that whatever contract was had between the parties was contained in the exhibits, which were made a part of the complaint and became a part' of the record. Hence the exhibits, being the alleged contract, were the foundation of the action, and, according to the well established rule in equity, will control the averments of the complaint. Beavers v. Baucum, 33 Ark. 722; Buckner v. Davis, 29 Ark. 444; American Freehold Land & Mortgage Co. v. McManus, supra.\nWe have not set out the exhibits, as they are somewhat voluminous. It is sufficient to say that we have carefully considered them, and that they do not show that an agreement for the sale of the land in question was entered into between the parties to the suit, but on the contrary negative the idea that such contract was made. The letters of appellee were merely offers to purchase on his part; and the letters of appellant show that he merely considered the offer, but they do not show that such offer to purchase was ever accepted by him. Therefore, the allegations of the complaint do not establish a contract between the parties for the purchase or sale of the land in question, and do not authorize the relief granted by the court.\nThe decree will be reversed, and the cause remanded with directions to grant appellee leave to amend his complaint so as to entitle him to the relief prayed for, if he is advised that he can do so; or in default thereof that the complaint be dismissed for want of equity.",
        "type": "majority",
        "author": "Hart, J.,"
      }
    ],
    "attorneys": [
      "Basil Baker, for appellant.",
      "Charles D. Brierson, for appellee."
    ],
    "corrections": "",
    "head_matter": "Koons v. Markle.\nOpinion delivered April 25, 1910.\n1. Appeal and error \u2014 decree pro coneesso. \u2014 Upon a defendant\u2019s appeal from a decree rendered by default the only question is whether the allegations of the complaint are sufficient to authorize the relief granted by the decree. (Page 574.)\n2. Equity \u2014 when exhibits control averments oe pleading. \u2014 Where a bill in equity for specific performance of a sale of land alleges that the contract is contained in exhibits to the complaint, the averments of such exhibits will control the allegations of the complaint; and where the exhibits show that no contract of sale was entered into, a judgment by default on the complaint will be reversed. (Page 574.)\nAppeal from Craighead Chancery Court; Bdward D. Robertson, Chancellor;\nreversed.\nstatement by the court.\nThis suit was instituted by the appellee, Minor M. Markle, in the Craighead Chancery Court for the Western District, against the appellant, J. A. Koons.\nThe appellee in his complaint alleges that the appellant was the owner of the southwest quarter of the northeast quarter and the southeast quarter of the northwest quarter of section 8, township 13 north, range 3 east; and that on or about the 25th day of July, 1909, the appellant, Koons, contracted and agreed to sell and convey to the appellee the said land at and for the consideration of $700, the conveyance to be made by deed with covenants of warranty; and that the said contract was evidenced and ratified by certain correspondence between appellant and appellee; and that the copies of said correspondence were attached as exhibits to the complaint. The appellee says further in his complaint that he had agreed and contracted to sell the said lands to other parties; says that he had tendered to the appellant the said $700, and demanded deed conveying to him the said lands; and that the said appellant failed, neglected and refused to excute the said deed and convey the land.\nThe prayer of the complaint was for specific performance of the alleged contract. The exhibits referred to in the complaint are certain letters written by Koons to Markle and the replies thereto. Service of summons was duly had upon appellant. Appellant failed to answer, but made default.\nWhen the cause was reached upon the call of the calendar, the court found the issues in favor of appellee, and a decree was entered in accordance with the prayer of the complaint. The.case is here on appeal.\nBasil Baker, for appellant.\nNo contract to convey was made. 76 Ark. 261; 56 Am. Rep. 371.\nCharles D. Brierson, for appellee.\nThe only question is, does the complaint sustain the decree? It does. 107 S. W. 179; 44 Ark. 56; 41 Ark. 42; 82 Ark. 455. It is not necessary for plaintiff to file with his complaint papers which are mere instruments of evidence. 22 Ark. 10; 107 S. W. 179; 56 Ark. 37; 38 Ark. 128; 32 Ark. 131; 37 Ark. 542; 34 Ark. 534; 33 Ark. 593; Id. 543; 53 Ark. 479; 35 Ark. 470. If such papers are filed, they must, in determining the sufficiency of the pleadings, be disregarded. 152 Ind. 197; 52 N. E. 991; 149 Ind. 363; 48 N. E. 642; 149 Ind. 554; 49 N. E. 455; 140 Ind. 158; 39 N. E. 443. . The objection to the failure to file a copy of the deed with the complaint cannot be reached by demurrer. 27 Ark. 369; 32 Ark. 450; 31 Ark. 534; 33 Ark. 593; 37 Ark. 542."
  },
  "file_name": "0572-01",
  "first_page_order": 594,
  "last_page_order": 597
}
