{
  "id": 1383885,
  "name": "Clemmons v. Davis",
  "name_abbreviation": "Clemmons v. Davis",
  "decision_date": "1924-04-07",
  "docket_number": "",
  "first_page": "452",
  "last_page": "455",
  "citations": [
    {
      "type": "official",
      "cite": "163 Ark. 452"
    }
  ],
  "court": {
    "name_abbreviation": "Ark.",
    "id": 8808,
    "name": "Arkansas Supreme Court"
  },
  "jurisdiction": {
    "id": 34,
    "name_long": "Arkansas",
    "name": "Ark."
  },
  "cites_to": [
    {
      "cite": "151 Ark. 377",
      "category": "reporters:state",
      "reporter": "Ark.",
      "case_ids": [
        1366058
      ],
      "opinion_index": -1,
      "case_paths": [
        "/ark/151/0377-01"
      ]
    },
    {
      "cite": "47 Ark. 120",
      "category": "reporters:state",
      "reporter": "Ark.",
      "case_ids": [
        1888708
      ],
      "opinion_index": -1,
      "case_paths": [
        "/ark/47/0120-01"
      ]
    },
    {
      "cite": "57 Ark. 459",
      "category": "reporters:state",
      "reporter": "Ark.",
      "case_ids": [
        1324645
      ],
      "opinion_index": -1,
      "case_paths": [
        "/ark/57/0459-01"
      ]
    },
    {
      "cite": "57 Ark. 229",
      "category": "reporters:state",
      "reporter": "Ark.",
      "case_ids": [
        1324583
      ],
      "opinion_index": -1,
      "case_paths": [
        "/ark/57/0229-01"
      ]
    },
    {
      "cite": "138 Ark. 10",
      "category": "reporters:state",
      "reporter": "Ark.",
      "case_ids": [
        1566890
      ],
      "opinion_index": -1,
      "case_paths": [
        "/ark/138/0010-01"
      ]
    },
    {
      "cite": "62 Ark. 401",
      "category": "reporters:state",
      "reporter": "Ark.",
      "case_ids": [
        1905663
      ],
      "opinion_index": -1,
      "case_paths": [
        "/ark/62/0401-01"
      ]
    },
    {
      "cite": "92 N. E. 384",
      "category": "reporters:state_regional",
      "reporter": "N.E.",
      "opinion_index": -1
    },
    {
      "cite": "130 S. W. 122",
      "category": "reporters:state_regional",
      "reporter": "S.W.",
      "opinion_index": -1
    },
    {
      "cite": "47 Ark. 120",
      "category": "reporters:state",
      "reporter": "Ark.",
      "case_ids": [
        1888708
      ],
      "opinion_index": 0,
      "case_paths": [
        "/ark/47/0120-01"
      ]
    }
  ],
  "analysis": {
    "cardinality": 332,
    "char_count": 5244,
    "ocr_confidence": 0.484,
    "pagerank": {
      "raw": 1.3901477939784153e-07,
      "percentile": 0.6426038738165816
    },
    "sha256": "c78aa8498395daa22d5f9f7a678177657db2a0eeb80b9d6c7c670f9d6ae8b15e",
    "simhash": "1:8eee6d2adf6ce40c",
    "word_count": 892
  },
  "last_updated": "2024-02-27T17:39:01.002135+00:00",
  "provenance": {
    "date_added": "2019-08-29",
    "source": "Harvard",
    "batch": "2018"
  },
  "casebody": {
    "judges": [],
    "parties": [
      "Clemmons v. Davis."
    ],
    "opinions": [
      {
        "text": "McCulloch, C. J.\nAppellant instituted this action at law against appellee, as 'agent of the United States Government, under the act of Congress approved February 28,1920, commonly known as the Transportation Act (41 U. S. Statutes at Large, 446), to recover property damage alleged to have been sustained by negligence of employee's of the Director General of Railroads in operating the line of railroad of the St. Louis Southwestern Railway Company. It is alleged in the complaint that servants' of the Director General, while operating. the railroad under government control, caused or permitted fire to be communicated from a locomotive to the property of appellant, situated near the right-of-way, and that appellant\u2019s property was destroyed 'by fire.\nThe complaint of appellant was filed on February 27, 1922, but summons was not issued by the clerk until March 10, 1922. Appellee answered, pleading the bar of the statute of limitations in the statute referred to above, which reads as follows:\n\u201cActions at law, suits in equity and proceedings in admiralty, based on causes of action arising\u2019 out of the possession, use, or operation by the president of the railroad or system of transportation of any carrier (under the provisions of the Federal Control Act, or of the act of August 29, 1916), of such character as, prior to Federal control, could have been brought against such carrier, may, after the termination of Federal control, be brought against an agent designated by the President for such purpose, which agent shall be designated by the President within thirty days after the passage of this act. Such acts, suits or proceedings may, within the periods of limitation now prescribed by State or Federal statutes, but not later than two years from the date of the passage of this act, be brought in any court which, but for Federal control, would have had jurisdiction of the cause of action had it arisen against such carrier.\u201d\nThe cause was heard as a preliminary matter by agreement of parties, and the court sustained appellee\u2019s plea, and rendered final judgment against appellant.\nIt is conceded by counsel for appellant that the action is barred unless it was commenced within the two-year period of limitation prescribed by the Transportation Act. It is contended that the filing of the complaint with the clerk of the circuit court constituted a commencement of the action, and decisions of courts in other States are cited in support of that contention. The question has been put at rest by decisions of this court to the contrary. In the case of Hallum v. Dickinson, 47 Ark. 120, it was decided that the filing of a complaint does not constitute a commencement of an action, but that process must also be issued, .and that \u201cuntil then the running of the statute of limitations is not arrested.\u201d There are later decisions to the same effect. In fact, our statute contains an express provision defining what shall constitute the commencement of an action, which reads as follows: \u201cA civil action is commenced by filing in the office of the clerk of the proper court a complaint and causing a summons to be issued thereon.\u201d Crawford & Moses\u2019 Digest, \u00a7 1049. The statute itself is too plain for doubt, and the decisions of our court on the subject merely declare its plain terms.\nThe court was therefore correct in sustaining appellee\u2019s plea, and the judgment is affirmed.",
        "type": "majority",
        "author": "McCulloch, C. J."
      }
    ],
    "attorneys": [
      "J. W. Warren, for appellant.",
      "J. B. Turney and Gaughan db Sifford, for appellee."
    ],
    "corrections": "",
    "head_matter": "Clemmons v. Davis.\nOpinion delivered April 7, 1924.\nLimitation of actions \u2014 time of commencement. \u2014 Under Crawford & Moses\u2019 Dig., \u00a7 1049, declaring a civil action to be commenced by filing a complaint and causing a summons to be issued, an action against the Federal Agent was barred by the two-year limitation in the Transportation Act (41 U. S. Stat. at L. 456), though the complaint was filed within that period, if the summons was not issued until after its expiration. .\nAppeal from Calhoun Circuit Court; L. S. Britt, Judge;\naffirmed.\nJ. W. Warren, for appellant.\nUnder our statute a suit is not commenced until a complaint has been filed and a summons has been issued, is appellee\u2019s contention; but this legislative definition of the commencement of a suit is not intended as a declaration of conditions precedent to the status of a litigant as one having brought a suit, but to define the state of facts which would constitute conclusive evidence that, the plaintiff, in good faith, had submitted his cause to the court and intended to prosecute it. This having (been done, the question of the plaintiff\u2019s real purpose passes beyond controversy by excluding inquiry as to his good faith. The good faith is the fact essential to the status of the litigant and the intent with which the complaint is filed is the controlling test. 130 S. W. 122, and cases cited; 92 N. E. 384; 62 Ark. 401; 25 Cyc. 1292.\nJ. B. Turney and Gaughan db Sifford, for appellee.\nIn view of the statute, C. & M. Digest, \u00a7 1049, and this court\u2019s decisions construing the same, it appears that it is no longer open to question that, in this State at least, whatever may be the holding in Missouri or other States on similar statutes, a suit, is not commenced until complaint is filed and summons issued. 138 Ark. 10; 57 Ark. 229; 57 Ark. 459; 47 Ark. 120; 151 Ark. 377."
  },
  "file_name": "0452-01",
  "first_page_order": 494,
  "last_page_order": 497
}
