{
  "id": 1879302,
  "name": "Peet et al. vs. Burr et al.",
  "name_abbreviation": "Peet v. Burr",
  "decision_date": "1876-05",
  "docket_number": "",
  "first_page": "34",
  "last_page": "35",
  "citations": [
    {
      "type": "official",
      "cite": "31 Ark. 34"
    }
  ],
  "court": {
    "name_abbreviation": "Ark.",
    "id": 8808,
    "name": "Arkansas Supreme Court"
  },
  "jurisdiction": {
    "id": 34,
    "name_long": "Arkansas",
    "name": "Ark."
  },
  "cites_to": [],
  "analysis": {
    "cardinality": 153,
    "char_count": 1874,
    "ocr_confidence": 0.467,
    "pagerank": {
      "raw": 2.1717122219658586e-07,
      "percentile": 0.7713009522949021
    },
    "sha256": "f3ac3cbd9138a667ab4f2dc0b07ae2d99a628651567ec9a3b1e694ed70b2d037",
    "simhash": "1:606ebc8a1834473c",
    "word_count": 315
  },
  "last_updated": "2023-07-14T18:38:42.897988+00:00",
  "provenance": {
    "date_added": "2019-08-29",
    "source": "Harvard",
    "batch": "2018"
  },
  "casebody": {
    "judges": [],
    "parties": [
      "Peet et al. vs. Burr et al."
    ],
    "opinions": [
      {
        "text": "Harrison, J.:\nBurr, Hill & Co., on the 7th day of October, 1874, commenced suit against Powell & Hamilton by attachment, and the writ was levied upon, besides other personal property, four gin stands.\nPeet, Yale & Bowling filed an interplea, claiming the gin \u2022stands as a pledge delivered to them by the defendants, on the 1st day of April, 1874, for the payment of three promissory notes for $318.17 each, payable September 1st, October 1st, and November 1st, 1874, respectively, still unpaid; and which had remained in their possession until attached.\nThe plaintiff demurred to the interplea, as showing no right of property or of possession in the interpleaders against the plaintiffs:\nThe court sustained the demurrer; and judgment being rendered in favor of the plaintiffs, and for a sale of the gin stands as well as the other property attached, Peet, Yale & Bowling appealed.\nA pledge is a bailment of goods by a debtor to his creditor, to be kept till the debt is discharged; and a .special property in them passes to the creditor, and he may hold them against the pledgor, and, of course, the creditors, who can have no better right until redeemed by the payment of the debt.\nThe judgment of the court below is reversed, and the cause remanded to it with instructions to overrule the demurrer, and proceed according to law.",
        "type": "majority",
        "author": "Harrison, J.:"
      }
    ],
    "attorneys": [
      "Rose, for appellant."
    ],
    "corrections": "",
    "head_matter": "Peet et al. vs. Burr et al.\nBailment: Rights acquired, by a pledge.\nIn a proceeding by attachment, and levy on personal property, an interpiea was filed by parties claiming- that the property had been pledged to them by the defendants, to secure indebtedness due them, etc., held, that the pledge created a special property in the interpleaders, which was good as against the pledger or his creditors, and the interplea should have been sustained.\nAPPEAL from Ouachita Circuit Court.\nHon. James K. Young, Circuit Judge.\nRose, for appellant."
  },
  "file_name": "0034-01",
  "first_page_order": 34,
  "last_page_order": 35
}
