{
  "id": 8723131,
  "name": "Payne v. Payne",
  "name_abbreviation": "Payne v. Payne",
  "decision_date": "1883-11",
  "docket_number": "",
  "first_page": "235",
  "last_page": "236",
  "citations": [
    {
      "type": "official",
      "cite": "42 Ark. 235"
    }
  ],
  "court": {
    "name_abbreviation": "Ark.",
    "id": 8808,
    "name": "Arkansas Supreme Court"
  },
  "jurisdiction": {
    "id": 34,
    "name_long": "Arkansas",
    "name": "Ark."
  },
  "cites_to": [],
  "analysis": {
    "cardinality": 149,
    "char_count": 1636,
    "ocr_confidence": 0.459,
    "pagerank": {
      "raw": 1.6343475431493036e-07,
      "percentile": 0.6896259202756608
    },
    "sha256": "b6c29be0b624a278b898ae07d1ffd76c8b9b7a030bb08e7644d8aa49e24b47a0",
    "simhash": "1:89a93f3f35f64879",
    "word_count": 275
  },
  "last_updated": "2023-07-14T15:26:49.915053+00:00",
  "provenance": {
    "date_added": "2019-08-29",
    "source": "Harvard",
    "batch": "2018"
  },
  "casebody": {
    "judges": [],
    "parties": [
      "Payne v. Payne."
    ],
    "opinions": [
      {
        "text": "English, C. J.\nThis was a bill for divorce, brought in the Nevada Circuit Court by George S. Payne against his wife Mary Ann Payne. The bill alleged as cause for divorce that the wife had committed adultery with one Benjamin E. Snodgrass.\nThe plaintiff proved by Snodgrass that he had had carnal intercourse with defendant, but his testimony was not only uncorroborated, but he admitted, on cross-examination, that he had stated to one Grayson that he believed that plaintiff had used him as a tool or instrument for the purpose of getting a divorce.\nThe court below refused to grant a divorce on his testimony, and we shall decline to disturb the decree.\nWhere the charge is adultery, the courts are reluctant to grant a divorce on the uncorroborated testimony of a particeps criminis. Abbott\u2019s Trial Evidence, p. 747; Banta v. Banta, 3 Edw., ch. 295; Turney v. Turney, 4 Ib., 566; 2 Greenleaf Ev. (Rev. Ed.), sec. 47 and note 2; Simmons v. Simmons, 13 Texas, 558.\nAffirmed.\n(On a petition for reconsideration in this ease, which was denied, the court ordered that the decree dismissing the bill be so modified that the bill be dismissed at the cost of appellant, without prejudice.)",
        "type": "majority",
        "author": "English, C. J."
      }
    ],
    "attorneys": [
      "Smoote McRae for appellant."
    ],
    "corrections": "",
    "head_matter": "Payne v. Payne.\nDi vouch: Adultery: Evidence of adulterer.\n\"Where the charge for divorce is adultery courts are reluctant to grant it upon the uncorroborated testimony of a partieeps criminis.\nAPPEAL from Nevada Circuit Court, in Chancery.\nlion. C. E. Mitoiiell, Circuit Judge.\nSmoote McRae for appellant.\nThe allegation of adultery is clearly sustained by the depositions, and the divorce should have been granted. Gantt\u2019s Dig., sec. 2195, clause 3."
  },
  "file_name": "0235-01",
  "first_page_order": 233,
  "last_page_order": 234
}
