{
  "id": 8723519,
  "name": "Statham v. The State",
  "name_abbreviation": "Statham v. State",
  "decision_date": "1883-11",
  "docket_number": "",
  "first_page": "273",
  "last_page": "275",
  "citations": [
    {
      "type": "official",
      "cite": "42 Ark. 273"
    }
  ],
  "court": {
    "name_abbreviation": "Ark.",
    "id": 8808,
    "name": "Arkansas Supreme Court"
  },
  "jurisdiction": {
    "id": 34,
    "name_long": "Arkansas",
    "name": "Ark."
  },
  "cites_to": [],
  "analysis": {
    "cardinality": 231,
    "char_count": 3521,
    "ocr_confidence": 0.441,
    "pagerank": {
      "raw": 1.30049470959475e-07,
      "percentile": 0.6220453393228718
    },
    "sha256": "2495c161c9bd0b31148be583f136f8620ac52c6c939020b31a40339e1cc94595",
    "simhash": "1:0f17a23b98ba9837",
    "word_count": 602
  },
  "last_updated": "2023-07-14T15:26:49.915053+00:00",
  "provenance": {
    "date_added": "2019-08-29",
    "source": "Harvard",
    "batch": "2018"
  },
  "casebody": {
    "judges": [],
    "parties": [
      "Statham v. The State."
    ],
    "opinions": [
      {
        "text": "ENGLISH, C. J.\nThe indictment in this case charged, in substance, that Prank Statham, on the twenty-eighth of November, 1882, in the county of Franklin, and within three miles of the church and school house situated in the town of Ozark, unlawfully did sell to'one T. L. Bolinger one pint of spirituous and intoxicating liquors, when the county court of said county had made an order in compliance with the act of the twenty-first of March, 1881, prohibiting the sale, etc., o\u00ed such liquors within three miles of said church and school house.\nDefendant moved for a continuance on account of the absence of one Anderson Gage, a material witness for him. The State admitted that if Gage was present he would testify as stated in the motion, and thereupon the court overruled the motion for a continuance.\nOn the trial, after the State had closed, defendant offered to read in evidence from the motion for contin nance his statement of what-Anderson Gage would swear'if present, under the admission made by the State to avoid a continuance. The court ruled that the testimony of Gage -was incompetent, and excluded it from the jury, and defendant excepted.\nThe defendant was convicted, refused a n\u00e9w trial, took a bill of exceptions and appealed.\nThe only error complained of here, which has any plausibility in it, is the exclusion of the testimony of Gage.\nIf the testimony of Gage was incompetent, the motion for a continuance should have been overruled on that ground, and not upon the admission made by the State.\nThe Attorney General does not insist that the testimony of Gage was wholly incompetent, but submits that, if admitted, the State would nevertheless have been entitled to a verdict upon the-whole of the evidence, and therefore its exclusion was an error without prejudice.\nThe testimony of Gage would have tended to prove that he, and not appellant, made the alleged unlawful sale to Bolinger. \"What influence it might have had upon the jury, if admitted, we do not know. We can not undertake to say that they would have convicted appellant, if the excluded evidence had been admitted. It is deemed safer to award a new trial.\nReversed and remanded for a new trial.",
        "type": "majority",
        "author": "ENGLISH, C. J."
      }
    ],
    "attorneys": [
      "Ed. H. Math.es for appellant.",
      "C. B. Moore, Attorney General, for appellee."
    ],
    "corrections": "",
    "head_matter": "Statham v. The State.\n\u2022CRIMINAL Practice : On motion for continuance.\nStatham, indicted for selling liquor in violation of the three mile law, filed a motion for continuance for want of testimony of an absent witness, stating what the witness would testify. The State admitted that the witness would testify if present, as stated in the motion, and thereupon the motion was overruled. On the trial the court excluded the alleged testimony as incompetent. The testimony would have tended to prove that the witness, and not the defendant, sold the liquor. Held. error. The testimony was competent, but if incompetent the motion for continuance should have been refused on that ground, and not on the admission of the State.\nAPPEAL from Franklin Circuit Court.\nHon. G. S. Cunhingham, Circuit Judge.\nEd. H. Math.es for appellant.\nGage\u2019s testimony was clearly admissible and it was error to exclude it. This is such a palpable error, and the verdict is such a departure from the law and evidence as to shock one\u2019s sense of justice. 30 Ark., IfiS; 33 lb., 757.\nC. B. Moore, Attorney General, for appellee.\n1. The indictment is good, substantially in the words of the one in Witt v. The State, 39 Ark., S16.\n2. Though the court may have erred in excluding Gage\u2019s testimony, yet the verdict was right on the whole case. State v. Lawson, 1J\u00a1. Ark.,"
  },
  "file_name": "0273-01",
  "first_page_order": 271,
  "last_page_order": 273
}
