{
  "id": 8724134,
  "name": "Smith, Adx., v. Feltz",
  "name_abbreviation": "Smith v. Feltz",
  "decision_date": "1883-11",
  "docket_number": "",
  "first_page": "355",
  "last_page": "357",
  "citations": [
    {
      "type": "official",
      "cite": "42 Ark. 355"
    }
  ],
  "court": {
    "name_abbreviation": "Ark.",
    "id": 8808,
    "name": "Arkansas Supreme Court"
  },
  "jurisdiction": {
    "id": 34,
    "name_long": "Arkansas",
    "name": "Ark."
  },
  "cites_to": [],
  "analysis": {
    "cardinality": 271,
    "char_count": 3621,
    "ocr_confidence": 0.501,
    "pagerank": {
      "raw": 2.6532430315085264e-07,
      "percentile": 0.8242416835885027
    },
    "sha256": "991d1e6140e30a8208ba9824e9140e2ee8d0434203dfd50dc7df17827b1b99e9",
    "simhash": "1:36c9a4f6d2c7b44d",
    "word_count": 626
  },
  "last_updated": "2023-07-14T15:26:49.915053+00:00",
  "provenance": {
    "date_added": "2019-08-29",
    "source": "Harvard",
    "batch": "2018"
  },
  "casebody": {
    "judges": [],
    "parties": [
      "Smith, Adx., v. Feltz."
    ],
    "opinions": [
      {
        "text": "Smith, J.\nThere are two cases between the same parties ahd involving substantially the same issues. One is a scire facias to revive a judgment rendered November 4, 18G7, by the Circuit Court of Arkansas County against Eeltz in favor of John Eloyd Smith, appellant\u2019s intestate, for the sum of $4,518.91 and costs. The other is a motion to quash and recall two executions issued on the same judgment.\nOne of the causes shown against the revivor of said judgment, and for staying final process for the satisfaction thereof, is, that the judgment debtor was, on the first day of March, 1870, discharged from all of his debts by the consideration and judgment of the District Court of the United States for the Eastern District of Arkansas, sitting as a court of bankruptcy.\nEor the judgment creditors it was contended that the debt was created while the debtor was acting in a fiduciary character, and therefore not discharged by the proceedings in bankruptcy.\nThis issue of fact, was determined adversely to the creditor, and judgment given accordingly.\nThe evidence showed that Feltz was, in' the year 1860, appointed guardian for John Floyd Smith, then a minor; that upon the final settlement of his accounts in the probate court, he was found to be indebted to his ward in the sum of $31,279.34, which he was directed outlie fourteenth of October, 1863, to pay over, the ward being now of full age, and that the guardian did, in 1865, file in said court his ward\u2019s receipt for the above mentioned sum.\nThe judgment of November'4,1867, was founded upon a promissory note, made by Feltz to John Floyd Smith, on the twenty-fourth of November, 1863. But it does not appear what was the consideration of said note, and while it is quite possible that it was made in the settlement of the balance due by the guardian, yet it can not be presumed in the absence of ^competent evidence on that point.\nIJjJlpyd Smith died after the commencement of these proceedings, but before -\u00bfrial.\nWhile they were pending he made an affidavit before a notary public that the note upon which judgnaent was rendered was given in settlement of the amount due him by his guardian.\nEx parte affidavit not admissible as evidence.\nThis affidavit wa~ offered in evidence, but excluded by the court. A statement or declaration, though made under the sanction of an oath, and reduced to writing, is not allowable as evidence on the ti~ial of an issue raised by the pleading, unless an opportunity has been afforded the adverse party to eros~-examine the witness.\nAffirmed.",
        "type": "majority",
        "author": "Smith, J."
      }
    ],
    "attorneys": [
      "Gibson Holt for appellant.",
      "L. A. Bindall for appellee.",
      "J. W. Beliz, -pro se."
    ],
    "corrections": "",
    "head_matter": "Smith, Adx., v. Feltz.\nEvidence: Ex parte affidavit.\nA statement or declaration, though made under the sanction of an oath and reduced to writing, is not allowable as evidence on the trial of an issue raised by the pleadings, unless an opportunity has been afforded the adverse party to cross-examine the witness.\nAPPEAL from Arkansas Circuit Court.\nHon. R. W. CROCKETT, Special Judge.\nGibson Holt for appellant.\nThe writ of scire facias is a provisional remedy, and the affidavit of Eloyd Smith should have been admitted. /SWi 2536 Gantt\u2019s Dig.\nThe discharge in bankruptcy was no answer to the scire facias, as the debt was a fiduciary one. Sec. S3, Bank. Act of 1867; In re Jas. W. Seymour, Int. Ben. Bee., 60; S. G., 1 B. G. B., 25.\nL. A. Bindall for appellee.\nSmith\u2019s affidavit was properly excluded, and there was no evidence whatever that it was a fiduciary debt. If it was originally, the settlement and note novated his liability as guardian.\nJ. W. Beliz, -pro se.\nMakes same points as his counsel, and argues that be was discharged from all liability, by his bankruptcy."
  },
  "file_name": "0355-01",
  "first_page_order": 353,
  "last_page_order": 355
}
