{
  "id": 1379815,
  "name": "Hardy v. Cloe",
  "name_abbreviation": "Hardy v. Cloe",
  "decision_date": "1924-07-14",
  "docket_number": "",
  "first_page": "253",
  "last_page": "257",
  "citations": [
    {
      "type": "official",
      "cite": "165 Ark. 253"
    }
  ],
  "court": {
    "name_abbreviation": "Ark.",
    "id": 8808,
    "name": "Arkansas Supreme Court"
  },
  "jurisdiction": {
    "id": 34,
    "name_long": "Arkansas",
    "name": "Ark."
  },
  "cites_to": [
    {
      "cite": "130 Ark. 406",
      "category": "reporters:state",
      "reporter": "Ark.",
      "case_ids": [
        8720974
      ],
      "opinion_index": 0,
      "case_paths": [
        "/ark/130/0406-01"
      ]
    },
    {
      "cite": "122 Ark. 28",
      "category": "reporters:state",
      "reporter": "Ark.",
      "case_ids": [
        1558222
      ],
      "opinion_index": 0,
      "case_paths": [
        "/ark/122/0028-01"
      ]
    }
  ],
  "analysis": {
    "cardinality": 408,
    "char_count": 9046,
    "ocr_confidence": 0.498,
    "pagerank": {
      "raw": 2.0446031217563963e-07,
      "percentile": 0.7496491108168855
    },
    "sha256": "f463b7b0cda164c4b8090518ff13ff52a5144cb1900501361c5208e012af84bb",
    "simhash": "1:fce6c496d81ca1e5",
    "word_count": 1563
  },
  "last_updated": "2024-02-27T22:22:17.884402+00:00",
  "provenance": {
    "date_added": "2019-08-29",
    "source": "Harvard",
    "batch": "2018"
  },
  "casebody": {
    "judges": [],
    "parties": [
      "Hardy v. Cloe."
    ],
    "opinions": [
      {
        "text": "\u25a0Smith, J.\nAppellee alleged and offered testimony tending to show that he was driving a wagon loaded with hay, drawn by a team of mules, on one of the public roads of Benton County, and that appellantj who was driving an automobile at an excessive speed, going in the same direction, passed him by going to his right and so near the wagon as to frighten his team. That he lost control of the team, and some of the bales of hay were thrown from the wagon, and he fell in front of the wagon, which ran over him and broke his leg. That appellant gave no warning of his approach, and, when he discovered appellant\u2019s presence, he attempted to drive over on the right-hand side of the road to allow appellant to pass, but, before he could do so, appellant flashed by so close to the wagon and at such speed as to frighten the mules and to cause them to become unmanageable.\nAppellant denied that he was driving rapidly, and testified that his car was under complete control, but that appellee was driving in the middle of the road, but nearer the right than the left side of the road, and that he blew his horn for appellee to pull over to the right to allow him to pass on the left, and, when appellee failed or refused to give him space to pass on the left, he drove by on the right, where there was more space for passing. That the team did not appear to be frightened, and that he drove by without knowing that they had become so, and that he knew nothing of appellee\u2019s injury until he was told about it later.\nThe court gave, over appellant\u2019s objection, an instruction numbered-2, reading as follows: '\u201cThe court charges the jury that \u00a7 12 of act 134, Acts of 1911, reads as follows: 'Whenever it shall appear that any horse, ridden or driven by any person upon any of said streets, roads and highways, is about to become frightened by the approach of any such motor vehicle, it shall be the duty of the person driving or conducting such motor vehicle to cause the same to come to a full stop until such horse or horses shall have passed, and, if necessary, assist in preventing accident. Any person convicted of violating this section shall be fined in any sum not to exceed two hundred dollars.\u2019 \u201d\nUpon objection being made to this instruction, the court added the following modification: \"But, before the defendant in this case could be held to be liable under this section, it must appear to him as his reasonable belief that the team driven by the plaintiff in this case was about to become frightened by the approach of defendant\u2019s motor vehicle, or had become frightened.\u201d\nThe instruction as thus modified was also objected to, and an exception was saved to the action of the court in giving it.\nThe giving of this instruction was error, for the reason stated in the case of Fleming v. Oates, 122 Ark. 28, where the same instruction was given, it being copied from \u00a7 12 of act 134, of the Acts of 1911, found as \u00a7 7428, C. & M. Digest.\nIn that case, as in this, the automobile had passed a slower vehicle, both going in the same direction, and we there said: \"The purpose of that statute was to require drivers of automobiles to come to a full stop when they observe that an approaching horse, ridden or driven by another traveler, is about to become frightened. The statute imposes an absolute duty on the driver of the automobile to stop, and liability for damages arises from a violation of that statute. We think, however, that the statute was not intended to impose the absolute duty upon the driver of an automobile to stop his machine because a team in front, going in the same direction, appears to be frightened, bnt, under those circumstances, it is left to a trial jury to say whether, under all the circumstances of the case, the driver of the automobile had been guilty of negligence. \u2019 \u2019\nAgain construing this statute in the case of Russ v. Strickland, 130 Ark. 406, we said1: \u2018 \u2018Since the enactment of this statute, the driver of a car cannot determine for himself whether it is as safe or safer to proceed than it is to stop (where he is meeting a frightened team). The law has decreed that he must stop his car, and he is under the duty to do so, although, in his opinion, some other course may be safer. His failure to stop the car under these circumstances is therefore negligence, and renders him liable for any injury of which it is the proximate cause, provided the party injured is not himself guilty of negligence contributing to his injury. \u2019 \u2019\nThis section of the statute does not undertake to define what action the driver of the automobile shall take when he passes an animal being driven in the same direction, and the statute therefore has no application under the facts of this case. The driver of the automobile must, of course, exercise ordinary care in doing so, but the measure of this care has not been defined by the statute, except where one meets a frightened team, so that it is a question of fact in such cases as the instant one for the jury to decide what the driver of the car should have done in the exercise of ordinary, care, and this conclusion should be reached without considering the statutory requirement applicable to a different situation.\nThe modification or addition to the instruction did not cure this error because, as we have said, the statute did not apply to the facts of this case.\nInstruction numbered 3, given at the request of the appellee, is substantially to the same effect, and was erroneous for the same reason.\nOther instructions given properly submitted to the jury the question whether appellant was driving at an unreasonable speed, and, if so, whether this was the proximate cause of the injury, and whether also, under the circumstances, it was negligence for appellant to have passed, the wagon on the right side instead of passing it on the left.\nAppellant may have been negligent in driving at an unreasonable speed, or in passing on the wrong side, or in driving unnecessarily close to the team; but these were questions of fact to be passed upon by the jury, without reference to the statute copied into instruction numbered 2, and, if appellant was guilty- of negligence in any of these respects, appellee would have the right to recover, unless he was himself guilty of negligence contributing to his injury.\nAn instruction asked by appellant on the subject of contributory negligence was refused by the court. This instruction was based upon testimony that appellee had been previously and recently injured in an automobile accident, and had not fully recovered his strength, and the requested instruction would, if given, have told the jury that this constituted contributory negligence. This instruction was properly refused, for the reason that it constituted a charge upon the weight of testimony. It was, of course, proper for the jury, in passing upon the question of appellee\u2019s contributory negligence, to con-, sider whether his physical condition was such that he was unable to exercise that control over his team which another traveler on the road had the right to expect; but this was a question of fact for the jury, and not one of law for the court.\nExcept in the particulars indicated the case appears to have been submitted under correct instructions, but, for the errors indicated', the judgment is reversed, and the cause is remanded for a new trial.",
        "type": "majority",
        "author": "\u25a0Smith, J."
      }
    ],
    "attorneys": [
      "Rice & Rice, for appellant.",
      "Vol T. Lindsey, for appellee."
    ],
    "corrections": "",
    "head_matter": "Hardy v. Cloe.\nOpinion delivered July 14, 1924.\n1. Highways \u2014 duty of driver of automobile passing team. \u2014 In an action for damages caused by plaintiff\u2019s team becoming frightened by defendant\u2019s automobile, it was error to instruct the jury upon the duty of defendant to stop his automobile, under the statute (Crawford & Moses\u2019 Dig., \u00a7 7428), which had no application where both vehicles were going in the same direction.\n2. Highways \u2014 care in passing team \u2014 jury question. \u2014 In an action for damages for injuries sustained when defendant\u2019s automobile passing plaintiff\u2019s team made them unmanageable, what defendant should have done in the exercise of ordinary care held for the jury.\n3. Highways \u2014 negligence\u2014jury question. \u2014 In an action for injuries sustained when defendant\u2019s automobile in passing plaintiff\u2019s team made them unmanageable, whether defendant was negligent in driving at an unreasonable speed, or in passing on the wrong side, or in driving unnecessarily close to the plaintiff\u2019s team, held for the jury, without reference to Crawford & Moses\u2019 Dig., \u00a7 7428.\n4. Negligence \u2014 refusal of instruction on contributory negligence. \u2014 In an action for damages for injuries sustained when defendant\u2019s automobile frightened plaintiff\u2019s team in passing and made them unmanageable, an instruction to the effect that plaintiff was guilty of contributory negligence if he had recently been injured and had not fully recovered his strength, was properly refused, though such fact could be considered by the jury in determining whether plaintiff was negligent.\nAppeal from Benton Circuit Court; W. A. Dickson, Judge;\nreversed.\nRice & Rice, for appellant.\nVol T. Lindsey, for appellee."
  },
  "file_name": "0253-01",
  "first_page_order": 277,
  "last_page_order": 281
}
