{
  "id": 1379811,
  "name": "Buron v. Little River County",
  "name_abbreviation": "Buron v. Little River County",
  "decision_date": "1924-10-06",
  "docket_number": "",
  "first_page": "482",
  "last_page": "486",
  "citations": [
    {
      "type": "official",
      "cite": "165 Ark. 482"
    }
  ],
  "court": {
    "name_abbreviation": "Ark.",
    "id": 8808,
    "name": "Arkansas Supreme Court"
  },
  "jurisdiction": {
    "id": 34,
    "name_long": "Arkansas",
    "name": "Ark."
  },
  "cites_to": [
    {
      "cite": "155 Ark. 402",
      "category": "reporters:state",
      "reporter": "Ark.",
      "case_ids": [
        1360470
      ],
      "opinion_index": -1,
      "case_paths": [
        "/ark/155/0402-01"
      ]
    },
    {
      "cite": "84 Ark. 539",
      "category": "reporters:state",
      "reporter": "Ark.",
      "opinion_index": -1
    },
    {
      "cite": "122 Ark. 119",
      "category": "reporters:state",
      "reporter": "Ark.",
      "opinion_index": -1
    },
    {
      "cite": "122 Ark. 124",
      "category": "reporters:state",
      "reporter": "Ark.",
      "opinion_index": -1
    },
    {
      "cite": "76 Ark. 265",
      "category": "reporters:state",
      "reporter": "Ark.",
      "opinion_index": -1
    },
    {
      "cite": "107 U. S. 356",
      "category": "reporters:federal",
      "reporter": "U.S.",
      "opinion_index": -1
    },
    {
      "cite": "72 Ark. 334",
      "category": "reporters:state",
      "reporter": "Ark.",
      "case_ids": [
        1505618
      ],
      "opinion_index": -1,
      "case_paths": [
        "/ark/72/0334-01"
      ]
    },
    {
      "cite": "122 Ark. 114",
      "category": "reporters:state",
      "reporter": "Ark.",
      "case_ids": [
        1558141
      ],
      "opinion_index": -1,
      "case_paths": [
        "/ark/122/0114-01"
      ]
    },
    {
      "cite": "61 Ark. 76",
      "category": "reporters:state",
      "reporter": "Ark.",
      "weight": 2,
      "opinion_index": -1
    },
    {
      "cite": "79 Ark. 263",
      "category": "reporters:state",
      "reporter": "Ark.",
      "case_ids": [
        1495692
      ],
      "opinion_index": 0,
      "case_paths": [
        "/ark/79/0263-01"
      ]
    },
    {
      "cite": "122 Ark. 114",
      "category": "reporters:state",
      "reporter": "Ark.",
      "case_ids": [
        1558141
      ],
      "opinion_index": 0,
      "case_paths": [
        "/ark/122/0114-01"
      ]
    },
    {
      "cite": "61 Ark. 76",
      "category": "reporters:state",
      "reporter": "Ark.",
      "opinion_index": 0
    }
  ],
  "analysis": {
    "cardinality": 519,
    "char_count": 10003,
    "ocr_confidence": 0.475,
    "pagerank": {
      "raw": 4.03580807328026e-08,
      "percentile": 0.05189086313526387
    },
    "sha256": "b5ccebdbea7a7da952a53f3b189104d79a31524cf250fae4386f047957991c6d",
    "simhash": "1:877d8ee8c257e6c0",
    "word_count": 1681
  },
  "last_updated": "2024-02-27T22:22:17.884402+00:00",
  "provenance": {
    "date_added": "2019-08-29",
    "source": "Harvard",
    "batch": "2018"
  },
  "casebody": {
    "judges": [],
    "parties": [
      "Buron v. Little River County."
    ],
    "opinions": [
      {
        "text": "Smith, J.\nIn the year 1922 appellant entered into a contract with Little Biver County, through its county judge, to audit the books and accounts of Boad Improvement District No. 7 of that county. Appellant performed the service called for by the contract, and filed a claim for the compensation agreed upon, and the same was allowed. A citizen of the county made himself a party to the proceeding, and prayed and perfected an appeal to the circuit court, where he appeared and filed a demurrer, which was sustained and the cause dismissed, and this appeal is from that order of the circuit court.\nThe claim filed by appellant was not a mere statement of his demand. On the contrary, it contained a detailed history of the circumstances of his employment. He alleged there was disaffection among the taxpayers over the management of the affairs of the road improvement district, and that the grand jury undertook an investigation of its affairs, and caused the records and files of the district to be brought before the grand jury, but the investigation thus made was not satisfactory, and the grand jury, in its final report to the circuit court, recommended that the county court employ an expert accountant to make an audit of the books and affairs of the district, and that a copy of this'report be\u2019filed -with the county 'c\u00f3\u00fcrt and another copy with the pr\u00f3secritirig attorney of the' judicial district of which. Little, River County was a part.'' The statement of appellant\u2019.s demand further - recited that the report, of the grand'\u2019 'jury',was transmitted t\u00f3 the\" county Court \" and' there filed,' and, pursuant to this recommendation, the cbuhty ' court entered into the contract here sued on. This contract was copied in full and made a part of the demand, and there- was also attached a detailed stateihent of' \u2019the set-vices which appellant _ had rendered1 under the contract and the expense, which he h.ad incurred which\u2019the contract required\u2019\u2019-the county to. reimburse. \u2019 .\nV 'For the reversal of the judgment in the circuit court it Is first insisted that' a demurrer will not lie to a claim filed \u00e1gainst a county,'and the cases of Wiegel v. Pulaski County, 61 Ark. 76, and Hempstead County v. Phillips, 79 Ark. 263, are cited in support this contention.\nIn those cases it was said\u2019that a demurrer .would not lie to a. claim filed against the- county/'. But those deck, sions must be read ih the.light .of the facts to which the decisions apply.- .In both of-those cases there was a mere statement, of the\u2019claim; against the county, verified,.as the statute , required. \u2022 There .was. up attempt in either case -'tp state the facts on which ,the .county\u2019s-liability depended.-; but. the-cause-of.-action was-held hot. ,tp ..be. demurrable.'on that .account, for the. re\u00e1s-on .that the.stah ute did not require formal pleadings, in, presenting demands against counties, and it. Was theref ore not necessary that a formal cause of action be stated. ,/7'l1\n\u2019. . .Here, however, .the\u2019claimant.lias .set out in.full, the-facts..upon, which he .predicates-' .liability .against , the county. ..If the .c\u00e1se\u2019had been-frilly, heard in .the,'court, below,-'.he . wouldk no' dbub.t, have proved The/hiatf\u00e9fs alleged.,./There is n.o-contention - that,.-he.--would-/have offered'to prove any fact-not alleged.- Thp-idenrifrer concedes .the truth of. these-allegations, but rquesiiqn-s, their sufficiency to sustain liability against the'county.. \u2019.\nThis is-the real question in the case, and one-which both parties, have fully argued and desire us to .decide, and we proceed therefore to consider it.\n' ; We think the facts recited fail to show a valid claim which the county should be called upon to pay, and the demurrer was therefore properly sustained.\nThe -case of Leathem & Co. v. Jackson County, 122 Ark. 114, is cited as authorizing\u2019 the county court t\u00f3 employ an accountant t\u00f3 audit the books of an improvement district. But we do not think that case upholds that authority. There the accountant was employed to audit the books and accounts of certain county 'officers. \"\u2022These were officers who were required to report to and to settle with the county court. The matters audited related to the fiscal affairs of the county, and the purpose of the audit was to enable the county court t\u00f3 more \u2022intelligently exercise a jurisdiction conferred upon it by law. No such duty or jurisdiction is conferred upon the county court in regard to the affairs of the improvement \u2022district. The officers of the district were not required t\u00f3 report to or make settlement with the county court, and that court had no function to perform in this behalf, -and the -court had therefore no authority to incur this expense as an obligation to be paid by the county.\nThe right of the grand jury to inspect the records of the district is not questioned, and as much time could have been consumed by that body as was required for that purpose; but the recommendation of the grand jury added nothing to the jurisdiction of the county court.\nIt is insisted that the authority to have this audit made is necessarily implied to make effective the provisions of act 494 of the Acts of 1921, page 490. This act provides for the registration of motor vehicles, and fixes the fees for registering and licensing such vehicles, and \u00a7 11 thereof apportions the revenue so derived. This section provides that seventy per cent, of such money shall be paid by the -collector thereof into the treasury of the county in which the collections were made, to the credit of a fund to be known as the county highway improvement fund, and that the same shall be expended by the county court upon the public highways of said county, and that the county court shall apportion these funds among the various road districts and the road improvement districts for the purpose of constructing- and maintaining roads, the apportionment to be made by the county -court after taking into account the relative importance of said roads. The argument is made that, having thus apportioned funds to a particular improvement district, the county court has the inherent right to audit the affairs of such district to ascertain the uses of the money so apportioned.\nIt appears, however, that such was not the real purpose of the audit, as the information desired related to the disbursement of the proceeds derived from the sale of bonds of the district. Moreover, act 494 does not contemplate that the funds derived pursuant to these provisions shall be turned over to the improvement districts. They are paid into the county treasury, and are disbursed by the' county treasurer. The county court itself has control of these funds and their apportionment, and we think there is nothing in this act 494 which confers authority on the county court to have a general audit of the improvement district\u2019s affairs made at the expense of the county.\nThe claim presented seeks to impose a liability on the county not authorized by law, and the demurrer was therefore properly sustained, and the judgment of the circuit court is affirmed.",
        "type": "majority",
        "author": "Smith, J."
      }
    ],
    "attorneys": [
      "DuLaney & Steel, for appellant.",
      "Shaver, Shaver \u2022& Williams,' for appellee."
    ],
    "corrections": "",
    "head_matter": "Buron v. Little River County.\nOpinion delivered October 6, 1924.\n1. Counties \u2014 demurrer to claim. \u2014 While ordinarily a demurrer does not lie to a claim filed against a county, since the statute does not require formal proceedings in presenting demands against counties, it was not error to sustain a demurrer to a claim against a county which sets out fully the facts upon which the claim is based, and such facts are insufficient to sustain the claim.\n2. Counties \u2014 liability for audit of books of improvement district. \u2014 The county court has no authority to employ an accountant to audit the books of an improvement district.\nAppeal from Little River Circuit Court; B. E: Isbell, Judge;\naffirmed.\nDuLaney & Steel, for appellant.\n1. The original claim filed by the appellant in the county court, and the amendment thereto filed in the circuit court, stated a cause of action, and the court erred in sustaining a demurrer thereto. The facts pleaded should have been investigated and the law applicable thereto should have been put into effect. 61 Ark. 76.\n2. It is within the province and the power of the county court to pay out of the county general funds for the' expense of auditing the books and finances of this road improvement district, under the contract made with the appellant, and under the facts shown and admitted by the demurrer. Art. 7, \u00a7 28, Constitution; C. & M. Dig., \u00a7\u00a7 5301, 2982, 2984; act 494, Acts 1921, $ 11; 122 Ark. 114; 72 Ark. 334; 107 U. S. 356. \u25a0\nShaver, Shaver \u2022& Williams,' for appellee.\n1. The court was correct in sustaining the demurrer. Having- elected to formally plead, and having- specifically pleaded all the facts, and the contract on which he relied, appellant subjected himself to the rule of pleading that his cause of action could be tested on demurrer. There is a clear distinction between the' rule announced in Wiegel v. Pulaski County, 61 Ark. 76, where no formal pleadings are filed, and that in a case where such pleadings are filed. See also 76 Ark. 265. Moreover, the contract relied on by appellant is pleaded, yet there are no allegatiohs to show that any amount had. been previously appropriated for the purpose evidenced by such contract. Act 192, approved March 9, 1917, \u00a7 9.\n2. Act 292, Acts 1919, creating Boad Improvement District No. 7 of Little Biver County, gave such district a separate, distinct and corporate existence, with full power to.manage and control its fiscal affairs, and the right to sue and be sued, but nowhere does the act confer any jurisdiction on the county court to control or in any manner interfere with the fiscal affairs of said district. The attempt by the county court to audit the books and accounts of the district was therefore without authority of law, and the county cannot be held to pay the expense thereof. Leathern & Co. v. Jackson County, 122 Ark. 124, has no application here. See 122 Ark. 119; 84 Ark. 539; 155 Ark. 402."
  },
  "file_name": "0482-01",
  "first_page_order": 506,
  "last_page_order": 510
}
