{
  "id": 1548608,
  "name": "American Jobbing Association v. Wesson",
  "name_abbreviation": "American Jobbing Ass'n v. Wesson",
  "decision_date": "1909-11-15",
  "docket_number": "",
  "first_page": "287",
  "last_page": "289",
  "citations": [
    {
      "type": "official",
      "cite": "92 Ark. 287"
    }
  ],
  "court": {
    "name_abbreviation": "Ark.",
    "id": 8808,
    "name": "Arkansas Supreme Court"
  },
  "jurisdiction": {
    "id": 34,
    "name_long": "Arkansas",
    "name": "Ark."
  },
  "cites_to": [
    {
      "cite": "108 Fed. 179",
      "category": "reporters:federal",
      "reporter": "F.",
      "opinion_index": -1
    },
    {
      "cite": "154 Fed. 826",
      "category": "reporters:federal",
      "reporter": "F.",
      "opinion_index": -1
    },
    {
      "cite": "92 Pac. 1087",
      "category": "reporters:state_regional",
      "reporter": "P.",
      "opinion_index": -1
    },
    {
      "cite": "32 N. E. 411",
      "category": "reporters:state_regional",
      "reporter": "N.E.",
      "opinion_index": -1
    },
    {
      "cite": "88 Ark. 343",
      "category": "reporters:state",
      "reporter": "Ark.",
      "case_ids": [
        1517063
      ],
      "opinion_index": 0,
      "case_paths": [
        "/ark/88/0343-01"
      ]
    },
    {
      "cite": "78 Ark. 123",
      "category": "reporters:state",
      "reporter": "Ark.",
      "case_ids": [
        1497330
      ],
      "opinion_index": 0,
      "case_paths": [
        "/ark/78/0123-01"
      ]
    }
  ],
  "analysis": {
    "cardinality": 314,
    "char_count": 4700,
    "ocr_confidence": 0.673,
    "pagerank": {
      "raw": 6.66735737029152e-08,
      "percentile": 0.4060200034828285
    },
    "sha256": "dbdb4415cd812f8dce209147520cae5352113ec2346a8b1965141c9e6aa100cf",
    "simhash": "1:1991f6ad88d0614f",
    "word_count": 809
  },
  "last_updated": "2024-02-27T21:03:07.572577+00:00",
  "provenance": {
    "date_added": "2019-08-29",
    "source": "Harvard",
    "batch": "2018"
  },
  "casebody": {
    "judges": [],
    "parties": [
      "American Jobbing Association v. Wesson."
    ],
    "opinions": [
      {
        "text": "Hart, J.\nThis suit was instituted by the American Jobbing Association against Mrs. E. V. Wesson, doing business under the name of the Evadale Grocery Company, to recover the sum of $115.92 alleged to be due- on a contract for the sale of jewelry. - \u25a0 :\nThe court, sitting as a jury, made the following finding of fact: \u201cIn this case the court finds the fact to be that the plaintiff failed to comply with the terms and conditions of contract and sale upon which it sued, and that the defendant, by reason of such breach upon the part of plaintiff, was released from liability thereunder.\u201d\nAccordingly, judgment was rendered by the court dismissing the action. The plaintiff has appealed to this court.\nThe abstract of plaintiff shows the facts to be as follows:\nPlaintiff entered into a written contract to sell defendant certain jewelry. It was claimed by defendant that the agent of the plaintiff who made the sale agreed that plaintiff would take certain old jewelry of defendant\u2019s and credit her account with the sum of $99.22. After exchanging a few letters, plaintiff, on February 2, 1906, wrote defendant, agreeing to accept the old jewelry according to hen contention. Upon receipt of this letter defendant wrote the plaintiff February 16, 1906, as follows: \u201cSince you agreed to abide by the arrangements made here by your Mr. ITargis, we will take the case and jewelry out of the office, and open up the first of March.\u201d\nFebruary 19, 1906, defendant wrote plaintiff as follows: \u201cWe ship today the jewelry taken up by your Mr. Hargis. Give us credit for $99.22. We will now take the goods out of the office.\u201d\nFebruary 22, 1906, plaintiff wrote defendant as follows:\n\u201cWe are in receipt of your esteemed favor of the 19th, and beg to state that we will accept the goods you have returned to us. We have already given your account credit for $99.22, which leaves a balance of $116.37.\u201d\nOn the 12th day of March, 1906, plaintiff wrote defendant that the old jewelry had been received, examined and found worthless. That the same had been returned to defendant and said: \u201cWe supposed that you were acting in good faith with us when you made your claim as to an alleged agreement with Mr. Hargis, and when you made your statement as to the amount of goods to be sent to 11s for credit on account under this alleged agreement, but' you know yourself that the goods you shipped to us did not at. the original invoice price begin to figure up to the amount of credit that you insisted upon.\u201d\nThe defendant then repudiated the whole contract.\nThe theory upon which plaintiff seeks to recover is that the contract was executed before the letter of March 12, 1906, was written; but this contention is not borne out by plaintiff\u2019s abstract of the record. It' is not shown that the jewelry was ever delivered to defendant. In' her letter of February 19 defendant states that she would take the goods out of the office, but it does not appear that 'she did so. It is true .that a delivery to a responsible carrier for transport\u00e1tion consigned to the defendant would have been a delivery to her. Gottlieb v. Rinaldo, 78 Ark. 123. But from aught'that appears from the abstract of the record the goods may have been consigned to shipper\u2019s order. In which event there was' no delivery, arid the contract would be \u25a0 executory. \u2018 It is well settled that an' executory contract may be discharged by one party reriouncing his liabilities under it. Plaintiff\u2019s letter of March' 12 amounted to a refusal to abide by its contract as made, and so relieved the defendant from the obligation on her part; Cochran v. Chetopa Mill & Elevator Co., 88 Ark. 343.\nThe judgment is therefore affirmed.",
        "type": "majority",
        "author": "Hart, J."
      }
    ],
    "attorneys": [
      "J. T. Coston, for appellant."
    ],
    "corrections": "",
    "head_matter": "American Jobbing Association v. Wesson.\nOpinion delivered November 15, 1909.\n1. Sale oe chattels. \u2014 when executory. \u2014 Proof that goods sold were delivered to .a responsible carrier for transportation, without showing to whom they were consigned, is insufficient to show delivery to the purchaser. (Page 289.)\n2. Same \u2014 rescission.\u2014A party to an executory contract is discharged therefrom where the other party has renounced liability thereunder. (Page 289.)\nAppeal from Mississippi Circuit Court; Frank Smith, Judge;\naffirmed.\nJ. T. Coston, for appellant.\nWhen the letter of February 22, 1906, -was deposited in the postoffice, appellant became the owner of the old jewelry, and appellee then owed appellant the balance, $116.37. Appellee was not prejudiced by the shipment back to her of the old jewelry\u2014 she. still owed the balance stated and no more. The contract was not thereby rescinded. She was then the owner of the new jewelry, and owed the balance. 32 N. E. 411; 92 Pac. 1087; 154 Fed. 826; 108 Fed. 179; 9 Cyc. 635."
  },
  "file_name": "0287-01",
  "first_page_order": 309,
  "last_page_order": 311
}
