{
  "id": 1548622,
  "name": "Hardy v. Samuels",
  "name_abbreviation": "Hardy v. Samuels",
  "decision_date": "1909-11-15",
  "docket_number": "",
  "first_page": "289",
  "last_page": "291",
  "citations": [
    {
      "type": "official",
      "cite": "92 Ark. 289"
    }
  ],
  "court": {
    "name_abbreviation": "Ark.",
    "id": 8808,
    "name": "Arkansas Supreme Court"
  },
  "jurisdiction": {
    "id": 34,
    "name_long": "Arkansas",
    "name": "Ark."
  },
  "cites_to": [
    {
      "cite": "45 Ark. 81",
      "category": "reporters:state",
      "reporter": "Ark.",
      "case_ids": [
        1892003
      ],
      "opinion_index": -1,
      "case_paths": [
        "/ark/45/0081-01"
      ]
    },
    {
      "cite": "38 Ark. 181",
      "category": "reporters:state",
      "reporter": "Ark.",
      "case_ids": [
        1900516
      ],
      "opinion_index": -1,
      "case_paths": [
        "/ark/38/0181-01"
      ]
    },
    {
      "cite": "34 Ark. 598",
      "category": "reporters:state",
      "reporter": "Ark.",
      "case_ids": [
        1875705
      ],
      "opinion_index": -1,
      "case_paths": [
        "/ark/34/0598-01"
      ]
    },
    {
      "cite": "42 N. W. 915",
      "category": "reporters:state_regional",
      "reporter": "N.W.",
      "opinion_index": -1
    },
    {
      "cite": "6 So. 634",
      "category": "reporters:state_regional",
      "reporter": "So.",
      "opinion_index": -1
    },
    {
      "cite": "51 Ark. 26",
      "category": "reporters:state",
      "reporter": "Ark.",
      "case_ids": [
        8719760
      ],
      "opinion_index": 0,
      "case_paths": [
        "/ark/51/0026-01"
      ]
    },
    {
      "cite": "48 Ark. 362",
      "category": "reporters:state",
      "reporter": "Ark.",
      "case_ids": [
        1887722
      ],
      "opinion_index": 0,
      "case_paths": [
        "/ark/48/0362-01"
      ]
    },
    {
      "cite": "34 Ark. 762",
      "category": "reporters:state",
      "reporter": "Ark.",
      "case_ids": [
        1875640
      ],
      "opinion_index": 0,
      "case_paths": [
        "/ark/34/0762-01"
      ]
    }
  ],
  "analysis": {
    "cardinality": 258,
    "char_count": 3296,
    "ocr_confidence": 0.687,
    "pagerank": {
      "raw": 6.770845263994211e-08,
      "percentile": 0.4112465630235585
    },
    "sha256": "bd7d7cd6bd80c3aa91a9c62544ac5c6fd1002f2f8fb82798fa096d8e6787135a",
    "simhash": "1:90ff76cc43b8f67f",
    "word_count": 587
  },
  "last_updated": "2024-02-27T21:03:07.572577+00:00",
  "provenance": {
    "date_added": "2019-08-29",
    "source": "Harvard",
    "batch": "2018"
  },
  "casebody": {
    "judges": [],
    "parties": [
      "Hardy v. Samuels."
    ],
    "opinions": [
      {
        "text": "Battle, J.\nMary Hardy and Ellen Hardy brought suit in the Pulaski Chancery Court against Richard Samuels and S. N. Tanner .to recover a certain tract of land. They allege in their complaint that they are the owners of the land, but that the legal title is vested in Richard Samuels. They ask that the title be divested out of Samuels and vested in them.\nUpon a final hearing the court dismissed their complaint for want of equity; and plaintiffs appealed..\nThe cause was beard by the chancery court upon an agreed statement of facts, of which the following is a part: \u201c2. That the father of the plaintiff Mary Hardy and the defendant Richard Samuels immigrated from Georgia to Arlca\u00f1s'as, in 1883, donated this same land, and set apart this five-acre homestead for himself and family, and .he lived there until it was agreed between him and his family, on account of his old age, to give up the land and let his youngest son, the defendant, donate the same land as a homestead for the benefit of the whole family in 1889, which was done, and the defendant obtained his patent for said land .in 1896, which the defendant has now, by which he claims title to said whole tract of land, including said five-acre homestead. That the defendant has sold the east 40 acres, and told the plaintiff that he owned the west 40.\u201d\n\u201c4. That plaintiff says she has had and lived in open adverse possession on said land, especially the five-acre homestead, described in her complaint, enclosed with a rail fence, with the two houses built thereon, for about 30 years next prior to this suit, and she is corroborated by all her witnesses in their evidence, namely, Ellen Hardy, Wesley Collier, Mary Collier, Jane Means and Alex Samuels, as well as all the witnesses for the defendant, and himself, in their testimony.\u201d\nThe lands were entered under the laws of the United States as a homestead. The agreement of Samuels to enter the land for a homestead for the benefit of others was a violation of the statute, and is illegal and void. Cox v. Donnelly, 34 Ark. 762; Marshall v. Cowles, 48 Ark. 362; Nichols v. Council, 51 Ark. 26.\nPlaintiffs have held open adverse possession of five acres of the land, without color of title, but by actual possession within an enclosure, and have thereby acquired title to the- same, and are entitled to a decree quieting their title to the same as against the defendants.\nThe decree of the court as to the five acres is reversed, and as to the remainder it is affirmed, and the cause is remanded with directions to the court to enter a decree in accordance with this opinion.",
        "type": "majority",
        "author": "Battle, J."
      }
    ],
    "attorneys": [
      "C. T. Lindsey, for appellants."
    ],
    "corrections": "",
    "head_matter": "Hardy v. Samuels.\nOpinion delivered November 15, 1909.\nHomestead \u2014 agreement to aeienate. \u2014 An agreement made before entering a homestead upon land of the United States that the enterer will hold the homestead for the benefit of others is illegal and void.\nAppeal from Pulaski Chancery Court; John E. Martineau, Chancellor;\nreversed in part.\nC. T. Lindsey, for appellants.\nAppellant acquired title to the five acres by her continuous adverse possession of and residence upoon the same for the period of thirty years, claiming the same as her own. Kirby\u2019s Dig., \u00a7 5056; 36 N. W. (Minn.) 551; 22 N. E. (Ind.) 725; 6 So. 634; 42 N. W. 915; 34 Ark. 598; 38 Ark. 181; 45 Ark. 81; 9 So. (Ala.) 537; Id. 368."
  },
  "file_name": "0289-01",
  "first_page_order": 311,
  "last_page_order": 313
}
