{
  "id": 1548599,
  "name": "Snyder v. Slatton",
  "name_abbreviation": "Snyder v. Slatton",
  "decision_date": "1909-11-29",
  "docket_number": "",
  "first_page": "530",
  "last_page": "534",
  "citations": [
    {
      "type": "official",
      "cite": "92 Ark. 530"
    }
  ],
  "court": {
    "name_abbreviation": "Ark.",
    "id": 8808,
    "name": "Arkansas Supreme Court"
  },
  "jurisdiction": {
    "id": 34,
    "name_long": "Arkansas",
    "name": "Ark."
  },
  "cites_to": [
    {
      "cite": "21 N. E. 735",
      "category": "reporters:state_regional",
      "reporter": "N.E.",
      "opinion_index": -1
    },
    {
      "cite": "119 Ind. 273",
      "category": "reporters:state",
      "reporter": "Ind.",
      "case_ids": [
        1308788
      ],
      "opinion_index": -1,
      "case_paths": [
        "/ind/119/0273-01"
      ]
    },
    {
      "cite": "18 Ark. 248",
      "category": "reporters:state",
      "reporter": "Ark.",
      "opinion_index": -1
    },
    {
      "cite": "5 Ark. 193",
      "category": "reporters:state",
      "reporter": "Ark.",
      "case_ids": [
        8726803,
        8726789
      ],
      "opinion_index": -1,
      "case_paths": [
        "/ark/5/0193-02",
        "/ark/5/0193-01"
      ]
    },
    {
      "cite": "4 Ark. 526",
      "category": "reporters:state",
      "reporter": "Ark.",
      "case_ids": [
        8729138
      ],
      "opinion_index": -1,
      "case_paths": [
        "/ark/4/0526-01"
      ]
    },
    {
      "cite": "9 Ark. 62",
      "category": "reporters:state",
      "reporter": "Ark.",
      "case_ids": [
        8726954
      ],
      "opinion_index": -1,
      "case_paths": [
        "/ark/9/0062-01"
      ]
    },
    {
      "cite": "19 Ark. 194",
      "category": "reporters:state",
      "reporter": "Ark.",
      "case_ids": [
        8725668
      ],
      "opinion_index": -1,
      "case_paths": [
        "/ark/19/0194-01"
      ]
    },
    {
      "cite": "17 Ark. 71",
      "category": "reporters:state",
      "reporter": "Ark.",
      "case_ids": [
        8724942
      ],
      "opinion_index": -1,
      "case_paths": [
        "/ark/17/0071-01"
      ]
    },
    {
      "cite": "6 Ark. 264",
      "category": "reporters:state",
      "reporter": "Ark.",
      "case_ids": [
        8727125
      ],
      "opinion_index": -1,
      "case_paths": [
        "/ark/6/0264-01"
      ]
    },
    {
      "cite": "83 Ark. 360",
      "category": "reporters:state",
      "reporter": "Ark.",
      "case_ids": [
        1527097
      ],
      "opinion_index": 0,
      "case_paths": [
        "/ark/83/0360-01"
      ]
    },
    {
      "cite": "70 Ark. 68",
      "category": "reporters:state",
      "reporter": "Ark.",
      "case_ids": [
        1509521
      ],
      "opinion_index": 0,
      "case_paths": [
        "/ark/70/0068-01"
      ]
    },
    {
      "cite": "78 Ark. 569",
      "category": "reporters:state",
      "reporter": "Ark.",
      "case_ids": [
        1497225
      ],
      "opinion_index": 0,
      "case_paths": [
        "/ark/78/0569-01"
      ]
    },
    {
      "cite": "54 Ark. 30",
      "category": "reporters:state",
      "reporter": "Ark.",
      "case_ids": [
        1320443
      ],
      "weight": 2,
      "opinion_index": 0,
      "case_paths": [
        "/ark/54/0030-01"
      ]
    },
    {
      "cite": "52 Ark. 164",
      "category": "reporters:state",
      "reporter": "Ark.",
      "case_ids": [
        1913324
      ],
      "opinion_index": 0,
      "case_paths": [
        "/ark/52/0164-01"
      ]
    },
    {
      "cite": "48 Ark. 160",
      "category": "reporters:state",
      "reporter": "Ark.",
      "case_ids": [
        1887736
      ],
      "opinion_index": 0,
      "case_paths": [
        "/ark/48/0160-01"
      ]
    },
    {
      "cite": "63 Ark. 268",
      "category": "reporters:state",
      "reporter": "Ark.",
      "case_ids": [
        8722170
      ],
      "opinion_index": 0,
      "case_paths": [
        "/ark/63/0268-01"
      ]
    }
  ],
  "analysis": {
    "cardinality": 396,
    "char_count": 7352,
    "ocr_confidence": 0.684,
    "pagerank": {
      "raw": 1.397977285531516e-07,
      "percentile": 0.6441390984570915
    },
    "sha256": "a5117602a3a25dfd96ffb282a06b35f21f158c443713357d5f9ecd93f516bf8f",
    "simhash": "1:627700ec18c3b42d",
    "word_count": 1349
  },
  "last_updated": "2024-02-27T21:03:07.572577+00:00",
  "provenance": {
    "date_added": "2019-08-29",
    "source": "Harvard",
    "batch": "2018"
  },
  "casebody": {
    "judges": [],
    "parties": [
      "Snyder v. Slatton."
    ],
    "opinions": [
      {
        "text": "Frauenthal, J.\nThe plaintiff below, D. W. Slat-ton, instituted this suit against the defendant, Wm. Snyder, to recover for the service of a stallion, and to enforce a lien upon the mare, which was then in possession of the defendant J. P. Stepp; alleging that she had been traded since the service. The contract of service provided that a colt was insured, and that the debt was due when the fact was ascertained that the mare was in foal or the mare traded. The right to recover and to the lien was denied upon the ground that the -mare was not with foal, and that she had not been traded; that the mare had only been taken back by Stepp from Snyder, who held her under a conditional sale. The uncontroverted testimony shows that J. P. Stepp sold the mare to Wm. Snyder on April 3, 1908, for $65, taking a note therefor due November 1, 1908, in which the title to the mare was reserved in -him until payment of the note. The service sued for was performed in May, 1908. Thereafter Snyder paid to Stepp on the note in money and property the sum of $23. When the note matured, Snyder was preparing to haul some logs, and Stepp suggested that the mare was too light to do the work. Stepp was the owner of a mule at the time; and it\u2019 was agreed between them that Stepp would sell the mule to Snyder, and in payment therefor Snyder would turn back the mare to Stepp and pay him an additional sum. This was done. The testimony also tended to prove .that before the service was performed Stepp told Snyder to have the mare bred to a stallion. This suit was instituted after the time that it is alleged that the mare was traded to Stepp, and during the period of gestation; and neither at that time nor at the time of the trial was it definitely known whether the mare was in foal.\nAt the conclusion of the evidence each of the parties asked for a peremptory instruction. The court thereupon submitted to the jury the following interrogatory: \u201cDid Stepp authorize the service?\u201d and said to the jury: \u201cYou will answer yes or no; and this will be your verdict.\u201d Upon the return of the verdict of the jury answering the above interrogatory in the affirmative, the defendants .asked for judgment in their favor notwithstanding the verdict; and also that the issues be'submitted to the jury as to whether or not the mare was with foal, and whether or not the mare had been traded, exchanged, sold or disposed of by Snyder. The court refused their requests, and thereupon entered judgment in favor of the plaintiff, and against defendant Snyder for the amount of the debt, and sustained the attachment upon the mare.\nIt is contended by the appellants that by the reservation of the title in the mare Stepp remained the owner thereof, and that, upon the maturity of the note and the same being unpaid, he only took back the mare, and that Snyder did not trade, exchange or otherwise dispose of the mare. But under the contract of sale made by Stepp to Snyder of the mare Snyder obtained an interest in the mare. He had paid a part of the purchase money on the note, and he. had an interest in the mare which he could mortgage (Sunny South Lumber Co. v. Neimeyer Lumber Co., 63 Ark. 268), or sell (McRae v. Merrifield, 48 Ark. 160), or exchange for other property (Dedman v. Earle, 52 Ark. 164). Under a contract of sale of a chattel with reservation of title in the vendor until the payment of the purchase money, the mere omission of the purchaser to pay the purchase money at maturity would not operate as a forfeiture of his rights. Nattin v. Riley, 54 Ark. 30.\nUpon the maturity of the debt under such a contract the vendor of the chattel, upon default in the payment thereof, may retake the property and thus in effect cancel the debt; or he may still affirm the sale and thus waive the reservation of title. He may do this by suing to recover the debt or by any act by which he recognizes the interest of the vendee in the property; for until a demand for the property is made the vendee has still the right to pay the purchase money and thus obtain entire title thereto. Butler v. Dodson, 78 Ark. 569; Nattin v. Riley, supra.\nIn this case the defendant Stepp still recognized that Snyder had an interest in the mare when he let him have the mule therefor. At that time a substantial payment had been made upon the purchase money of the mare; and in effect Snyder traded to Stepp the mare for the mule, and Stepp exchanged with Snyder the mule for his interest in the mare and the payment of an additional sum. In this way Stepp affirmed the sale of the mare to Snyder, and dealt with him as the owner thereof, and did not take back same under his reservation of title. This amounted to a trade, within the terms of the contract for the service, so as to make the debt due; and was such an exchange and disposition of the mare under the provisions of the statute as to entitle the plaintiff to sustain his attachment thereon. Pitchcock v. Donnahoo, 70 Ark. 68.\nUnder the undisputed evidence in the case, therefore, the mare was traded, and the debt was due. Under the further evidence it was found that, prior to the performance of the service, Stepp authorized the same. Where a vendor, under a conditional sale of a chattel reserving title in the vendor, has authorized or consented to the vendee executing a mortgage on the chattel, this court has held that, such vendor was not entitled to recover the chattel as against the mortgagee. Hyatt v. Bell, 83 Ark. 360. And .so in this case by authorizing the service Stepp has waived any superior claim or right that he may have had in the mare by reason of the reservation of title thereto. Under the uncontroverted testimony and the finding of the jury in this case, the court was correct in entering a judgment in favor of the appellee.\nThe judgment is affirmed.",
        "type": "majority",
        "author": "Frauenthal, J."
      }
    ],
    "attorneys": [
      "Huddleston & Taylor, for appellant."
    ],
    "corrections": "",
    "head_matter": "Snyder v. Slatton.\nOpinion delivered November 29, 1909.\n1. Animals \u2014 service FEE of stallion \u2014 effect of trade. \u2014 A mare was sold with reservation of title in the vendor until the purchase money should be paid, and the vendor consented that the vendee should have the mare bred to a stallion; the .contract for such stallion\u2019s service provided that the service should become due whenever the mare became in foal or was traded; the vendee, while part of the purchase price was unpaid, and during the period of gestation, exchanged the mare for a mule belonging to the vendor, and paid the balance due on the price. Held, that this amounted to a \u201ctrade,\u201d and that the service fee was due. (Page 532.)\n2. Same \u2014 lien for stallion\u2019s service \u2014 priority.\u2014Where the vendor of a mare sold conditionally with reservation of title until the price is paid authorized the vendee to have the ma're bred, he will be held, so far as the lien for the stallion\u2019s services is concerned to have waived any superior title to the mare. (Page 533.)\nAppeal from Greene Circuit Court; Frank Smith, Judge;\naffirmed.\nHuddleston & Taylor, for appellant.\nDefendant was entitled to a judgment non obstante veredicto. 6 Ark. 264; Id. 443; 17 Ark. 71; 19 Ark. 194. Where there are more issues than one, and a verdict on only one, there can be no final judgment, but a venire facias de novo will be awarded. 9 Ark. 62; 4 Ark. 526; 5 Ark. 193; 18 Ark. 248. If these motions fail, then the remedy is reached by motion for a new trial. 119 Ind. 273; 21 N. E. 735; 4 D- R- A. 549."
  },
  "file_name": "0530-01",
  "first_page_order": 552,
  "last_page_order": 556
}
