{
  "id": 1548626,
  "name": "St. Louis, Iron Mountain & Southern Railway Company v. Williams",
  "name_abbreviation": "St. Louis, Iron Mountain & Southern Railway Co. v. Williams",
  "decision_date": "1909-11-29",
  "docket_number": "",
  "first_page": "534",
  "last_page": "535",
  "citations": [
    {
      "type": "official",
      "cite": "92 Ark. 534"
    }
  ],
  "court": {
    "name_abbreviation": "Ark.",
    "id": 8808,
    "name": "Arkansas Supreme Court"
  },
  "jurisdiction": {
    "id": 34,
    "name_long": "Arkansas",
    "name": "Ark."
  },
  "cites_to": [
    {
      "cite": "46 Ark. 542",
      "category": "reporters:state",
      "reporter": "Ark.",
      "case_ids": [
        1890442
      ],
      "opinion_index": -1,
      "case_paths": [
        "/ark/46/0542-01"
      ]
    },
    {
      "cite": "44 Ark. 556",
      "category": "reporters:state",
      "reporter": "Ark.",
      "case_ids": [
        1893385
      ],
      "opinion_index": -1,
      "case_paths": [
        "/ark/44/0556-01"
      ]
    },
    {
      "cite": "43 Ark. 296",
      "category": "reporters:state",
      "reporter": "Ark.",
      "case_ids": [
        1894446
      ],
      "opinion_index": -1,
      "case_paths": [
        "/ark/43/0296-01"
      ]
    },
    {
      "cite": "33 Ark. 811",
      "category": "reporters:state",
      "reporter": "Ark.",
      "case_ids": [
        8726393
      ],
      "opinion_index": -1,
      "case_paths": [
        "/ark/33/0811-01"
      ]
    },
    {
      "cite": "19 Ark. 667",
      "category": "reporters:state",
      "reporter": "Ark.",
      "opinion_index": -1
    },
    {
      "cite": "10 Ark. 9",
      "category": "reporters:state",
      "reporter": "Ark.",
      "case_ids": [
        8727225
      ],
      "opinion_index": -1,
      "case_paths": [
        "/ark/10/0009-01"
      ]
    },
    {
      "cite": "78 Ark. 225",
      "category": "reporters:state",
      "reporter": "Ark.",
      "opinion_index": -1
    },
    {
      "cite": "83 Ark. 331",
      "category": "reporters:state",
      "reporter": "Ark.",
      "case_ids": [
        1527154
      ],
      "opinion_index": -1,
      "case_paths": [
        "/ark/83/0331-01"
      ]
    },
    {
      "cite": "86 Ark. 450",
      "category": "reporters:state",
      "reporter": "Ark.",
      "opinion_index": -1
    }
  ],
  "analysis": {
    "cardinality": 233,
    "char_count": 2996,
    "ocr_confidence": 0.672,
    "pagerank": {
      "raw": 7.291804728892106e-08,
      "percentile": 0.4338125504614362
    },
    "sha256": "f8cdf8492664a24b600f0affbad3ced82b7d7d9ffcbea80ff1a6d3630b6a7f50",
    "simhash": "1:e233b61d1884868d",
    "word_count": 535
  },
  "last_updated": "2024-02-27T21:03:07.572577+00:00",
  "provenance": {
    "date_added": "2019-08-29",
    "source": "Harvard",
    "batch": "2018"
  },
  "casebody": {
    "judges": [],
    "parties": [
      "St. Louis, Iron Mountain & Southern Railway Company v. Williams."
    ],
    "opinions": [
      {
        "text": "Hart, J.\nThis is an appeal by the defendant, St. Louis, Iron Mountain & Southern Railway Company\u00bf from a judgment against it in favor of the plaintiff, J. M. Williams, for damages alleged to have been sustained on account of the negligent failure of the defendant to stop its passenger train at a flag station to receive plaintiff as a passenger.\nOnly one assignment of error is asked h> be considered by us. Hence it will be unnecessary to make a statement of the case except such as will properly present the point relied upon for a reversal.\nThe plaintiff was a physician. He testified that, on account of the failure of the defendant to stop its train at the flag station in 'response to' the signal, he was delayed in reaching home about three hours. That when he reached home his wife told him that a Mr. Cunningham had come for him to visit his sick wife in the country, but had gone for another physician when he had found out that plaintiff would be delayed in arriving home. That he would have made ten dollars by making the call. It is contended by counsel for defendant that this evidence was hearsay. Considering this to be true, defendant is in no attitude now to complain.\nThe case was tried before a jury, and a verdict was returned in favor of the plaintiff for $135. The defendant filed a motion for a new trial, and the error now complained of was one of the grounds embraced in its motion.\nUpon hearing the motion for a new trial, the court ordered a remittitur of $67.50, which was agreed to by the plaintiff. The motion for a new trial was then overruled. It will be observed that the error complained of involves an amount less than that ordered remitted.\nIt will be presumed that the court considered the error now complained of in passing upon the motion for a new trial, and eliminated it by ordering the remittitur to be entered.\nThis court will only reverse for errors that are prejudicial to the rights of the complaining party, and, the prejudice having been removed by the action of the court in entering the remittitur, the judgment will be affirmed.",
        "type": "majority",
        "author": "Hart, J."
      }
    ],
    "attorneys": [
      "Kinsworthy & Rhoton and Jas. H. Stevenson, for appellant.",
      "John C. Ross, for appellee."
    ],
    "corrections": "",
    "head_matter": "St. Louis, Iron Mountain & Southern Railway Company v. Williams.\nOpinion delivered November 29, 1909.\nAppeal and error \u2014 excessive damages \u2014 remittitur.\u2014An error in the admission of testimony which might have misled the jury into allowing plaintiff $10 damages more than he was entitled to was cured by a remittitur of a sum exceeding that amount.\nAppeal from Hot Spring Court; W. H. Evans, Judge;\naffirmed.\nKinsworthy & Rhoton and Jas. H. Stevenson, for appellant.\nAppellee should not have been permitted to testify to what his wife had told him. 86 Ark. 450; 83 Ark. 331; 78 Ark. 225.\nJohn C. Ross, for appellee.\nThe evidence was competent because it was the best evidence obtainable. But if the admission of the testimony in question was error, this court will not reverse if the judgment upon the whole case was right. 10 Ark. 9; 19 Ark. 667; 23 Ark. ,115; 33 Ark. 811; 43 Ark. 296; 44 Ark. 556; 46 Ark. 542."
  },
  "file_name": "0534-01",
  "first_page_order": 556,
  "last_page_order": 557
}
